case_id,row_id,objective,query,rank,title,url,domain,date,snippet,relevant,answers_objective,notes
q001-batch,q001,Tamuzimod safety findings and adverse events in Moderately to severely active ulcerative colitis Ulcerative Colitis,Tamuzimod long-term extension safety ulcerative colitis || Tamuzimod maintenance adverse events ulcerative colitis || Tamuzimod UEGW 2024 safety || Tamuzimod open-label extension adverse events,1,Ventyx Biosciences Presents New 52-Week Results from the,https://www.globenewswire.com/news-release/2024/10/15/2963134/0/en/ventyx-biosciences-presents-new-52-week-results-from-the-phase-2-trial-of-vtx002-tamuzimod-in-ulcerative-colitis-at-ueg-week-2024.html,globenewswire.com,2024-10-15,"Ventyx Biosciences Presents New 52-Week Results from the Phase 2 Trial of VTX002 (Tamuzimod) in Ulcerative Colitis at UEG Week 2024 Late-breaking abstract highlights high rates of clinical and endoscopic remission among LTE completers at Week 52 October 15, 2024 08:00 ET | Source: Ventyx Biosciences",,,
q001-batch,q001,Tamuzimod safety findings and adverse events in Moderately to severely active ulcerative colitis Ulcerative Colitis,Tamuzimod long-term extension safety ulcerative colitis || Tamuzimod maintenance adverse events ulcerative colitis || Tamuzimod UEGW 2024 safety || Tamuzimod open-label extension adverse events,2,[PDF] UEG Week 2024 - CONFERENCE REPORTPEER-REVIEWED,https://conferences.medicom-publishers.com/wp-content/uploads/2024/11/E-UEGW-MCR-2024.pdf,conferences.medicom-publishers.com,,"“Further placebo-controlled studies are ongoing.” 24. D’Haens G, et al. Etrasimod for moderately to severely active Crohn’s disease: results from the extension period of a phase 2 study. LB06, UEG Week 2024, 12–15 October, Vienna, Austria. Tamuzimod delivers promising long-term data in UC Tamuzimod ",,,
q001-batch,q001,Tamuzimod safety findings and adverse events in Moderately to severely active ulcerative colitis Ulcerative Colitis,Tamuzimod long-term extension safety ulcerative colitis || Tamuzimod maintenance adverse events ulcerative colitis || Tamuzimod UEGW 2024 safety || Tamuzimod open-label extension adverse events,3,Tamuzimod delivers promising long-term data in ulcerative colitis,https://www.esanum.com/conferences/ueg-week-2024/feeds/today/posts/tamuzimod-delivers-promising-long-term-data-in-ulcerative-colitis,esanum.com,2024-11-08,"By clicking the Configure button, you can select which cookies you wish to allow. For further information, please refer to our privacy policy. Configure Reject Accept Cancel Accept esanum Login Register Conferences UEG Week 2024 Tamuzimod delivers promising long-term data in ulcerative colitis Kongr",,,
q001-batch,q001,Tamuzimod safety findings and adverse events in Moderately to severely active ulcerative colitis Ulcerative Colitis,Tamuzimod long-term extension safety ulcerative colitis || Tamuzimod maintenance adverse events ulcerative colitis || Tamuzimod UEGW 2024 safety || Tamuzimod open-label extension adverse events,4,Cardiovascular events observed among patients in the etrasimod clinical programme: an integrated safety analysis of patients with moderately to severely active ulcerative colitis,https://bmjopengastro.bmj.com/content/bmjgast/12/1/e001516.full.pdf,bmjopengastro.bmj.com,,"1 Vermeire S, et al . BMJ Open Gastroenterol 2025; 12 :e001516. doi:10.1136/bmjgast-2024-001516 Cardiovascular events observed among patients in the etrasimod clinical programme: an integrated safety analysis of patients with moderately to severely active ulcerative colitis a The All UC cohort compr",,,
q001-batch,q001,Tamuzimod safety findings and adverse events in Moderately to severely active ulcerative colitis Ulcerative Colitis,Tamuzimod long-term extension safety ulcerative colitis || Tamuzimod maintenance adverse events ulcerative colitis || Tamuzimod UEGW 2024 safety || Tamuzimod open-label extension adverse events,5,Tamuzimod in patients with moderately-to-severely active ...,https://www.sciencedirect.com/science/article/abs/pii/S2468125324003868,sciencedirect.com,,"by BE Sands · 2025 · Cited by 17 — Importantly, endoscopic remission (a macroscopically normal mucosa) occurred in 29% of patients in the tamuzimod 60 mg group at week 13 compared with 7% of by BE Sands · 2025 · Cited by 17 — Importantly, endoscopic remission (a macroscopically normal mucosa) occurr",,,
q002-batch,q002,"C. difficile Infection Episode: Receipt of SOC Antibacterial Therapy (Fidaxomicin, Vancomycin, Metronidazole) With Planned Duration 10–25 Days at Time of IMP Administration competing agents in the same mechanistic class as AZD5148, including Monoclonal Antibody targeting Clostridioides Difficile Toxin B TcdB",AZD5148 competing anti-TcdB monoclonal antibodies Phase 2 2026 || AZD5148 TcdB antibody competitors licensing || AZD5148 RePreve comparator anti-toxin antibody || AZD5148 TcdB epitope binding mechanism || AZD5148 clinical pipeline TcdB antibody 2026,1,Facile Therapeutics,https://platform.tracxn.com/a/d/company/588b3eefe4b0e69a9c6a1273/facile%20therapeutics?utm_source=parallel&utm_medium=ai#a:about,platform.tracxn.com,,Name: Facile Therapeutics | Website Url: http://faciletx.com | Primary Sector: Life Sciences | Primary Subsector: Infectious Diseases | Stage: Deadpooled | Founded Year: 2017 | Location Country: United States | Location State: California | Location City: San Mateo | Acquisitions As Acquirer Count: 0,,,
q002-batch,q002,"C. difficile Infection Episode: Receipt of SOC Antibacterial Therapy (Fidaxomicin, Vancomycin, Metronidazole) With Planned Duration 10–25 Days at Time of IMP Administration competing agents in the same mechanistic class as AZD5148, including Monoclonal Antibody targeting Clostridioides Difficile Toxin B TcdB",AZD5148 competing anti-TcdB monoclonal antibodies Phase 2 2026 || AZD5148 TcdB antibody competitors licensing || AZD5148 RePreve comparator anti-toxin antibody || AZD5148 TcdB epitope binding mechanism || AZD5148 clinical pipeline TcdB antibody 2026,2,Ombetoxabart (AZD-5148) | Anti-TcdB Monoclonal Antibody | MedChemExpress,https://www.medchemexpress.com/ombetoxabart.html,medchemexpress.com,,Delivery of temperature sensitive items including proteins and kits will be paused on 6/19 for the Juneteenth holiday. For urgent orders please contact customer service. * Anti-infection * Bacterial * Ombetoxabart Cat. No.: HY-P992123 Copy Link Print Information Biologically Validated Ombetoxabart (,,,
q002-batch,q002,"C. difficile Infection Episode: Receipt of SOC Antibacterial Therapy (Fidaxomicin, Vancomycin, Metronidazole) With Planned Duration 10–25 Days at Time of IMP Administration competing agents in the same mechanistic class as AZD5148, including Monoclonal Antibody targeting Clostridioides Difficile Toxin B TcdB",AZD5148 competing anti-TcdB monoclonal antibodies Phase 2 2026 || AZD5148 TcdB antibody competitors licensing || AZD5148 RePreve comparator anti-toxin antibody || AZD5148 TcdB epitope binding mechanism || AZD5148 clinical pipeline TcdB antibody 2026,3,P-1055. Anti-Toxin B Neutralizing Monoclonal Antibody ...,https://academic.oup.com/ofid/article/12/Supplement_1/ofae631.1244/7988549,academic.oup.com,,"P-1055. Anti-Toxin B Neutralizing Monoclonal Antibody ... von C Tkaczyk · 2025 · Zitiert von: 4 — We previously demonstrated that AZD5148 administered at 10, 1 and 0.5 mg/kg prevents severe disease development in a gnotobiotic piglet model, P-1055. Anti-Toxin B Neutralizing Monoclonal Antibody ...  ",,,
q002-batch,q002,"C. difficile Infection Episode: Receipt of SOC Antibacterial Therapy (Fidaxomicin, Vancomycin, Metronidazole) With Planned Duration 10–25 Days at Time of IMP Administration competing agents in the same mechanistic class as AZD5148, including Monoclonal Antibody targeting Clostridioides Difficile Toxin B TcdB",AZD5148 competing anti-TcdB monoclonal antibodies Phase 2 2026 || AZD5148 TcdB antibody competitors licensing || AZD5148 RePreve comparator anti-toxin antibody || AZD5148 TcdB epitope binding mechanism || AZD5148 clinical pipeline TcdB antibody 2026,4,Comparative Efficacy of Vancomycin and Fidaxomicin ...,https://www.medrxiv.org/content/10.64898/2026.07.14.26358112v1.full.pdf,medrxiv.org,,"82 All rights reserved. No reuse allowed without permission. (which was not certified by peer review) is the author/funder, who has granted medRxiv a license to display the preprint in perpetuity. medRxiv preprint doi: https://doi.org/10.64898/2026.07.14.26358112; this version posted July 17, 2026. ",,,
q002-batch,q002,"C. difficile Infection Episode: Receipt of SOC Antibacterial Therapy (Fidaxomicin, Vancomycin, Metronidazole) With Planned Duration 10–25 Days at Time of IMP Administration competing agents in the same mechanistic class as AZD5148, including Monoclonal Antibody targeting Clostridioides Difficile Toxin B TcdB",AZD5148 competing anti-TcdB monoclonal antibodies Phase 2 2026 || AZD5148 TcdB antibody competitors licensing || AZD5148 RePreve comparator anti-toxin antibody || AZD5148 TcdB epitope binding mechanism || AZD5148 clinical pipeline TcdB antibody 2026,5,The monoclonal antibody AZD5148 confers broad protection against TcdB-diverse Clostridioides difficile strains in mice,https://pubmed.ncbi.nlm.nih.gov/41183070/,pubmed.ncbi.nlm.nih.gov,2025-11-03,"TcdB sequence variation influences receptor tropism and substrate specificity, with three major subtypes-TcdB1, TcdB2, and TcdB3-representing the dominant diversity among clinical isolates. In this study, we evaluated the protective efficacy of AZD5148 in vitro and in vivo against clinically relevan",,,
q003-batch,q003,Distal Ulcerative Colitis competing agents in the same mechanistic class as RpoB Small Molecule,Distal Ulcerative Colitis RpoB inhibitors pipeline || Distal Ulcerative Colitis RpoB competitors Phase 2 || Distal Ulcerative Colitis RpoB mechanism clinical trial,1,Advances in the Treatment of Ulcerative Colitis-From Conventional Therapies to Targeted Biologics and Small Molecules - PubMed,https://pubmed.ncbi.nlm.nih.gov/41683952,pubmed.ncbi.nlm.nih.gov,,"Advances in the Treatment of Ulcerative Colitis-From Conventional Therapies to Targeted Biologics and Small Molecules Aleksandra Wilk 1 , Mateusz Pawłowski 1 , Ewa Balcerczak 1 2 , Agnieszka Jeleń 1 2 , Marek Mirowski 1 , Dagmara Szmajda-Krygier 1 2 Affiliations Expand Affiliations Advances in the T",,,
q003-batch,q003,Distal Ulcerative Colitis competing agents in the same mechanistic class as RpoB Small Molecule,Distal Ulcerative Colitis RpoB inhibitors pipeline || Distal Ulcerative Colitis RpoB competitors Phase 2 || Distal Ulcerative Colitis RpoB mechanism clinical trial,2,Comparative onset of effect of biologics and small molecules in moderate-to-severe ulcerative colitis: a systematic review and network meta-analysis - eClinicalMedicine,https://www.thelancet.com/journals/eclinm/article/PIIS2589-5370(23)00043-3/fulltext,thelancet.com,,Comparative onset of effect of biologics and small molecules in moderate-to-severe ulcerative colitis: a systematic review and network meta-analysis Ulcerative colitis (UC) is the most prevalent entity of inflammatory bowel disease and is associated with an increasing worldwide incidence and prevale,,,
q003-batch,q003,Distal Ulcerative Colitis competing agents in the same mechanistic class as RpoB Small Molecule,Distal Ulcerative Colitis RpoB inhibitors pipeline || Distal Ulcerative Colitis RpoB competitors Phase 2 || Distal Ulcerative Colitis RpoB mechanism clinical trial,3,"a phase 2, multi-center, randomized, double-blind",https://cdn.clinicaltrials.gov/large-docs/16/NCT01647516/Prot_000.pdf,cdn.clinicaltrials.gov,,"A PHASE 2, MULTI-CENTER, RANDOMIZED, DOUBLE-BLIND, PLACEBO-CONTROLLED PARALLEL-GROUP STUDY TO EVALUATE THE CLINICAL EFFICACY AND SAFETY OF INDUCTION THERAPY WITH RPC1063 IN PATIENTS WITH MODERATELY TO SEVERELY ACTIVE ULCERATIVE COLITIS Test Drug: RPC1063 Protocol Number: RPC01-202 Study Phase: Phase",,,
q003-batch,q003,Distal Ulcerative Colitis competing agents in the same mechanistic class as RpoB Small Molecule,Distal Ulcerative Colitis RpoB inhibitors pipeline || Distal Ulcerative Colitis RpoB competitors Phase 2 || Distal Ulcerative Colitis RpoB mechanism clinical trial,4,Advancing therapeutic frontiers: a pipeline of novel drugs for UC management - PubMed,https://pubmed.ncbi.nlm.nih.gov/41822012,pubmed.ncbi.nlm.nih.gov,,Ulcerative colitis is a chronic inflammatory bowel disease with rising global prevalence. The therapeutic pipeline for moderate to severe ulcerative colitis currently encompasses over 100 investigational agents in Phase II and III clinical development. Emerging mechanisms include next-generation Jan,,,
q003-batch,q003,Distal Ulcerative Colitis competing agents in the same mechanistic class as RpoB Small Molecule,Distal Ulcerative Colitis RpoB inhibitors pipeline || Distal Ulcerative Colitis RpoB competitors Phase 2 || Distal Ulcerative Colitis RpoB mechanism clinical trial,5,Oral Ritlecitinib and Brepocitinib for Moderate-to-Severe Ulcerative ...,https://www.sciencedirect.com/science/article/pii/S1542356523000071,sciencedirect.com,, >  Oral Ritlecitinib and Brepocitinib for Moderate-to-Severe Ulcerative ... Ritlecitinib treatment has been associated with significant improvements in rheumatoid arthritis disease scores in an 8-week phase 2 trial. Both ritlecitinib  >  Oral Ritlecitinib and Brepocitinib for Moderate-to-Severe ...,,,
q004-batch,q004,"competing agents in the same mechanistic class for this indication MT501, Mirador Therapeutics, Crohn's Disease, Moderately to Severely Active by CDAI and SES-CD",MT501 mechanism of action mechanistic class || MT501 Crohn's disease target pathway || MT501 inflammatory bowel disease competitors same mechanism,1,Tremfya,https://platform.tracxn.com/a/d/company/58de338be4b01096688e3fc5/tremfya?utm_source=parallel&utm_medium=ai#a:about,platform.tracxn.com,,Name: Tremfya | Website Url: https://www.tremfya.com/ | Primary Sector: Healthcare | Primary Subsector: Pharmaceutical Product Websites | Stage: Unfunded | Acquisitions As Acquirer Count: 0 | Short Description: Provider of medication for inflammatory bowel diseases and psoriasis | Detailed Descripti,,,
q004-batch,q004,"competing agents in the same mechanistic class for this indication MT501, Mirador Therapeutics, Crohn's Disease, Moderately to Severely Active by CDAI and SES-CD",MT501 mechanism of action mechanistic class || MT501 Crohn's disease target pathway || MT501 inflammatory bowel disease competitors same mechanism,2,"

    
        Trial | NCT07113522
    

",https://cdek.pharmacy.purdue.edu/trial/NCT07113522,cdek.pharmacy.purdue.edu,,"| NCT07113522 Report issue participants: Study Overview Title A Phase 2 Study to Evaluate Therapies for Inflammatory Bowel Disease Official Title A Phase 2, Multi-Center, Platform Study to Evaluate the Safety, Efficacy, Pharmacokinetics, and Pharmacodynamics With Multiple Therapies in Participants W",,,
q004-batch,q004,"competing agents in the same mechanistic class for this indication MT501, Mirador Therapeutics, Crohn's Disease, Moderately to Severely Active by CDAI and SES-CD",MT501 mechanism of action mechanistic class || MT501 Crohn's disease target pathway || MT501 inflammatory bowel disease competitors same mechanism,3,Efficacy and Safety of Mirikizumab in a Randomized Phase 2 Study of Patients With Crohn's Disease - PubMed,https://pubmed.ncbi.nlm.nih.gov/34748774,pubmed.ncbi.nlm.nih.gov,,Background: Mirikizumab is a humanized monoclonal antibody targeting interleukin 23p19 with demonstrated efficacy in psoriasis and ulcerative colitis. We investigated the safety and efficacy of mirikizumab in patients with moderate-to-severe Crohn's disease (CD). * Signaling pathways in macrophages:,,,
q004-batch,q004,"competing agents in the same mechanistic class for this indication MT501, Mirador Therapeutics, Crohn's Disease, Moderately to Severely Active by CDAI and SES-CD",MT501 mechanism of action mechanistic class || MT501 Crohn's disease target pathway || MT501 inflammatory bowel disease competitors same mechanism,4,Validation of the Modified Multiplier of SES-CD (MM-SES-CD) to Predict Endoscopic Healing in Crohn's Disease: A Post Hoc Analysis of the SEAVUE Trial - PubMed,https://pubmed.ncbi.nlm.nih.gov/40587369,pubmed.ncbi.nlm.nih.gov,,Validation of the Modified Multiplier of SES-CD (MM-SES-CD) to Predict Endoscopic Healing in Crohn's Disease: A Post Hoc Analysis of the SEAVUE Trial Dhruv Ahuja et al. Inflamm Bowel Dis . 2025 . Show details Display options Display options Format Abstract PubMed PMID Inflamm Bowel Dis Actions Backg,,,
q004-batch,q004,"competing agents in the same mechanistic class for this indication MT501, Mirador Therapeutics, Crohn's Disease, Moderately to Severely Active by CDAI and SES-CD",MT501 mechanism of action mechanistic class || MT501 Crohn's disease target pathway || MT501 inflammatory bowel disease competitors same mechanism,5,"MT-501 - Drug Targets, Indications, Patents  - Synapse",https://synapse.patsnap.com/drug/477311c534e0406d8c27a73fc39e6074,synapse.patsnap.com,,Products Data Feature Plans Request Demo Sign Up for Free Last update 12 Mar 2026 MT-501 Last update 12 Mar 2026 Overview Basic Info * Drug Type Small molecule drug * Synonyms MT-501 * Target - * Action - * Mechanism - * Therapeutic Areas Immune System Diseases Digestive System Disorders * Active In,,,
q005-batch,q005,SOR102 safety findings and adverse events in Crohn's Disease Ulcerative Colitis,SOR102 Crohn's disease safety adverse events || SOR102-101 registry identifier safety || SOR102 ulcerative colitis individual adverse events infections deaths || SOR102 Grade 3 adverse events 810 mg || SOR102 900 mg 42-day safety results,1,"[PDF] SOR102, an anti-TNFα/anti-IL-23 antibody in",https://sorrisopharma.com/app/uploads/DDW-2024-poster.pdf,sorrisopharma.com,2024-04-26,"ID2A SOR103 SOR101 Combo Combination systemic TNF/IL-23 inhibition recently demonstrated encouraging clinical efficacy in patients with ulcerative colitis (UC) suggesting additive benefit of inhibiting these two pathways simultaneously, although safety and efficacy of long- term systemic combination",,,
q005-batch,q005,SOR102 safety findings and adverse events in Crohn's Disease Ulcerative Colitis,SOR102 Crohn's disease safety adverse events || SOR102-101 registry identifier safety || SOR102 ulcerative colitis individual adverse events infections deaths || SOR102 Grade 3 adverse events 810 mg || SOR102 900 mg 42-day safety results,2,"First In Human Study Of SOR102, A Novel, Orally Delivered ...",https://sorrisopharma.com/app/uploads/UEG-2024-presentation.pdf,sorrisopharma.com,2024-11-13,"SOR102-101 (NCT06080048) is a Phase 1, first in human study that consists of 3 parts. Parts 1 and 2 enrolled healthy subjects (HS) age 18-55 years and evaluated single ascending (SAD) and multiple doses (MD) of SOR102, respectively. SRC=safety review committee 1. PK method: antigen-binding ELISA (de",,,
q005-batch,q005,SOR102 safety findings and adverse events in Crohn's Disease Ulcerative Colitis,SOR102 Crohn's disease safety adverse events || SOR102-101 registry identifier safety || SOR102 ulcerative colitis individual adverse events infections deaths || SOR102 Grade 3 adverse events 810 mg || SOR102 900 mg 42-day safety results,3,"Safety and pharmacokinetics of SOR102, an oral ... - ScienceDirect",https://www.sciencedirect.com/science/article/pii/S2468125325002961,sciencedirect.com,,"Safety and pharmacokinetics of SOR102, an oral ... - ScienceDirect 1 de ene de 2026 · Two patients in the SOR102 twice-daily group had TEAEs of worsening of ulcerative colitis (one of which was severe [the only serious TEAE reported] but not deemed treatment related),  >  Safety and pharmacokinetics",,,
q005-batch,q005,SOR102 safety findings and adverse events in Crohn's Disease Ulcerative Colitis,SOR102 Crohn's disease safety adverse events || SOR102-101 registry identifier safety || SOR102 ulcerative colitis individual adverse events infections deaths || SOR102 Grade 3 adverse events 810 mg || SOR102 900 mg 42-day safety results,4,Safely targeting combination TNF and IL-23 using a gut ... - PMC,https://pmc.ncbi.nlm.nih.gov/articles/PMC13263963,pmc.ncbi.nlm.nih.gov,," >  Safely targeting combination TNF and IL-23 using a gut ... - PMC by I Faggiani · 2026 — Overall, SOR102 was well tolerated in both healthy participants and patients with UC, with a low incidence of treatment-emergent adverse events (TEAEs), most of  >  Safely targeting combination TNF and IL-23 ",,,
q005-batch,q005,SOR102 safety findings and adverse events in Crohn's Disease Ulcerative Colitis,SOR102 Crohn's disease safety adverse events || SOR102-101 registry identifier safety || SOR102 ulcerative colitis individual adverse events infections deaths || SOR102 Grade 3 adverse events 810 mg || SOR102 900 mg 42-day safety results,5,SOR102 / Sorriso Pharma - Gastroenterology,https://delta.larvol.com/Products?ProductId=f4d4f2dd-16fc-4e98-b7ec-f3a34272a168,delta.larvol.com,,"SOR102 / Sorriso Pharma - Gastroenterology SOR102 exhibited a favorable safety profile, with adverse events predominantly mild to moderate in severity; no new safety signals were observed....Efficacy:",,,
q006-batch,q006,"Moderately to Severely Active Crohn's Disease Moderately to Severely Active Crohn’s Disease Refractory to Systemic Therapies Moderately to Severely Active Ulcerative Colitis Refractory to Systemic Therapies Moderately to Severely Active Ulcerative Colitis with inadequate response, loss of response, or intolerance to ≥1 biologic or novel oral with biologic-like activity competing agents in the same mechanistic class as JNJ-4804 Co Antibody Therapy, including Antibody Cocktail Monoclonal Antibody and IL-23 IL23A TNF-α Tumor Necrosis Factor Alpha therapies",JNJ-4804 guselkumab golimumab IL-23 TNF-α competitors IBD || JNJ-4804 IL-23 TNF-α dual antibody competing agents IBD || JNJ-4804 same mechanistic class IBD pipeline || JNJ-4804 competing IL-23 TNF-α antibody Crohn's disease ulcerative colitis,1,Entyviohcp,https://platform.tracxn.com/a/d/company/586f5c4de4b0095fefa7c9ee/entyviohcp?utm_source=parallel&utm_medium=ai#a:about,platform.tracxn.com,,Name: Entyviohcp | Website Url: https://www.entyviohcp.com/ | Primary Sector: Healthcare | Primary Subsector: Pharmaceutical Product Websites | Stage: Unfunded | Acquisitions As Acquirer Count: 0 | Short Description: Provider of therapies for moderately to severely active ulcerative colitis and Croh,,,
q006-batch,q006,"Moderately to Severely Active Crohn's Disease Moderately to Severely Active Crohn’s Disease Refractory to Systemic Therapies Moderately to Severely Active Ulcerative Colitis Refractory to Systemic Therapies Moderately to Severely Active Ulcerative Colitis with inadequate response, loss of response, or intolerance to ≥1 biologic or novel oral with biologic-like activity competing agents in the same mechanistic class as JNJ-4804 Co Antibody Therapy, including Antibody Cocktail Monoclonal Antibody and IL-23 IL23A TNF-α Tumor Necrosis Factor Alpha therapies",JNJ-4804 guselkumab golimumab IL-23 TNF-α competitors IBD || JNJ-4804 IL-23 TNF-α dual antibody competing agents IBD || JNJ-4804 same mechanistic class IBD pipeline || JNJ-4804 competing IL-23 TNF-α antibody Crohn's disease ulcerative colitis,2,"
	Johnson & Johnson investigational co-antibody therapy JNJ-4804 shows potential to raise the bar for clinical efficacy in treating refractory inflammatory bowel disease | Johnson & Johnson
",https://www.investor.jnj.com/investor-news/news-details/2026/Johnson--Johnson-investigational-co-antibody-therapy-JNJ-4804-shows-potential-to-raise-the-bar-for-clinical-efficacy-in-treating-refractory-inflammatory-bowel-disease/default.aspx?_sp=4c25450d-73d4-40cf-9e4c-f0f2e7580611,investor.jnj.com,,Johnson & Johnson investigational co-antibody therapy JNJ-4804 shows potential to raise the bar for clinical efficacy in treating refractory inflammatory bowel disease 05/05/2026 Download (opens in new window) PDF 362 KB JNJ-4804 demonstrated highest rates of clinical and endoscopic outcomes compare,,,
q006-batch,q006,"Moderately to Severely Active Crohn's Disease Moderately to Severely Active Crohn’s Disease Refractory to Systemic Therapies Moderately to Severely Active Ulcerative Colitis Refractory to Systemic Therapies Moderately to Severely Active Ulcerative Colitis with inadequate response, loss of response, or intolerance to ≥1 biologic or novel oral with biologic-like activity competing agents in the same mechanistic class as JNJ-4804 Co Antibody Therapy, including Antibody Cocktail Monoclonal Antibody and IL-23 IL23A TNF-α Tumor Necrosis Factor Alpha therapies",JNJ-4804 guselkumab golimumab IL-23 TNF-α competitors IBD || JNJ-4804 IL-23 TNF-α dual antibody competing agents IBD || JNJ-4804 same mechanistic class IBD pipeline || JNJ-4804 competing IL-23 TNF-α antibody Crohn's disease ulcerative colitis,3,[PDF] Efficacy of Guselkumab in Moderately to Severely Active Ulcerative ...,https://www.jnjmedicalconnect.com/media/attestation/congresses/immunology/2025/acg/efficacy-of-guselkumab-in-moderately-to-severely-active-ulcerative-colitis-by-extent-of-disease-and.pdf,jnjmedicalconnect.com,,"Guselkumab (GUS) is a dual-acting IL-23p19 subunit inhibitor that potently neutralizes IL-23 and binds to CD64, a receptor on cells that produce IL-23 1 The QUASAR clinical development program evaluated GUS intravenous (IV) induction and subcutaneous (SC) maintenance dose regimens in participants wi",,,
q006-batch,q006,"Moderately to Severely Active Crohn's Disease Moderately to Severely Active Crohn’s Disease Refractory to Systemic Therapies Moderately to Severely Active Ulcerative Colitis Refractory to Systemic Therapies Moderately to Severely Active Ulcerative Colitis with inadequate response, loss of response, or intolerance to ≥1 biologic or novel oral with biologic-like activity competing agents in the same mechanistic class as JNJ-4804 Co Antibody Therapy, including Antibody Cocktail Monoclonal Antibody and IL-23 IL23A TNF-α Tumor Necrosis Factor Alpha therapies",JNJ-4804 guselkumab golimumab IL-23 TNF-α competitors IBD || JNJ-4804 IL-23 TNF-α dual antibody competing agents IBD || JNJ-4804 same mechanistic class IBD pipeline || JNJ-4804 competing IL-23 TNF-α antibody Crohn's disease ulcerative colitis,4,"
	Johnson & Johnson investigational co-antibody therapy JNJ-4804 shows potential to raise the bar for clinical efficacy in treating refractory inflammatory bowel disease | Johnson & Johnson
",https://www.investor.jnj.com/investor-news/news-details/2026/Johnson--Johnson-investigational-co-antibody-therapy-JNJ-4804-shows-potential-to-raise-the-bar-for-clinical-efficacy-in-treating-refractory-inflammatory-bowel-disease/default.aspx?_sp=f8a74b84-a89e-4a0f-9f3d-5bd527af4f2f,investor.jnj.com,,Products Oncology Immunology Neuroscience Cardiopulmonary Medical devices & technology Products Cardiovascular Orthopaedics Surgery Vision Do not sell or share my personal information Limit the use of my sensitive personal information © Johnson & Johnson and its affiliates 2025 Powered By Q4 Inc. 5.,,,
q006-batch,q006,"Moderately to Severely Active Crohn's Disease Moderately to Severely Active Crohn’s Disease Refractory to Systemic Therapies Moderately to Severely Active Ulcerative Colitis Refractory to Systemic Therapies Moderately to Severely Active Ulcerative Colitis with inadequate response, loss of response, or intolerance to ≥1 biologic or novel oral with biologic-like activity competing agents in the same mechanistic class as JNJ-4804 Co Antibody Therapy, including Antibody Cocktail Monoclonal Antibody and IL-23 IL23A TNF-α Tumor Necrosis Factor Alpha therapies",JNJ-4804 guselkumab golimumab IL-23 TNF-α competitors IBD || JNJ-4804 IL-23 TNF-α dual antibody competing agents IBD || JNJ-4804 same mechanistic class IBD pipeline || JNJ-4804 competing IL-23 TNF-α antibody Crohn's disease ulcerative colitis,5,Johnson & Johnson investigational co-antibody therapy JNJ-4804 shows potential to raise the bar for clinical efficacy in treating refractory inflammatory bowel disease,https://www.jnj.com/media-center/press-releases/johnson-johnson-investigational-co-antibody-therapy-jnj-4804-shows-potential-to-raise-the-bar-for-clinical-efficacy-in-treating-refractory-inflammatory-bowel-disease,jnj.com,,"May 5, 2026 ""There is a major unmet need for patients who either don't respond or are no longer responding to current UC treatments,"" said Dr. **About the DUET-UC and DUET-CD studies** The DUET-UC (ulcerative colitis) and DUET-CD (Crohn's disease) studies are randomized, double-blind, dose-ranging P",,,
q007-batch,q007,Ulcerative Colitis competing agents in the same mechanistic class as FN1 IL-10RB IL10RA Interleukin-10 Antibody-Cytokine Conjugate Fusion Protein Biologic,Dekavil ulcerative colitis IL-10 fusion competitors || Dekavil ulcerative colitis antibody-cytokine fusion pipeline || Dekavil PF-06687234 sponsor ownership || Dekavil ulcerative colitis current development status,1,"Study Details | NCT02711462 | Study in Healthy Subjects to Evaluate the Safety, Tolerability, Pharmacokinetics and Pharmacodynamics of PF-06687234 | ClinicalTrials.gov",https://clinicaltrials.gov/study/NCT02711462,clinicaltrials.gov,,"PF-06687234 will be administered via the SC or the IV route and in either single dose or multiple doses Other Names: Dekavil Drug : Placebo In Cohorts 1 and 2, up to 1 subject will receive placebo. In all other Cohorts (Cohorts 3 to 11), up to 2 subjects will receive placebo. Participant Group/Arm |",,,
q007-batch,q007,Ulcerative Colitis competing agents in the same mechanistic class as FN1 IL-10RB IL10RA Interleukin-10 Antibody-Cytokine Conjugate Fusion Protein Biologic,Dekavil ulcerative colitis IL-10 fusion competitors || Dekavil ulcerative colitis antibody-cytokine fusion pipeline || Dekavil PF-06687234 sponsor ownership || Dekavil ulcerative colitis current development status,2,View PDF,https://www.pfizer.com/print/pdf/node/556321,pfizer.com,2026-10-06,"Philogen S.p.A., a privately held clinical?stage biopharmaceutical company, today announced that it has entered into a strategic worldwide license agreement with Pfizer for Dekavil, a novel investigational therapy for autoimmune diseases. Philogen will receive an upfront payment and will be eligible",,,
q007-batch,q007,Ulcerative Colitis competing agents in the same mechanistic class as FN1 IL-10RB IL10RA Interleukin-10 Antibody-Cytokine Conjugate Fusion Protein Biologic,Dekavil ulcerative colitis IL-10 fusion competitors || Dekavil ulcerative colitis antibody-cytokine fusion pipeline || Dekavil PF-06687234 sponsor ownership || Dekavil ulcerative colitis current development status,3,Pfizer Pipeline,https://cdn.pfizer.com/pfizercom/product-pipeline/Q4%202025%20Pipeline%20Update_vFinal3.pdf?VersionId=XSLcQ04JnYn3Py.PPsUP_5lAboV.fDPh,cdn.pfizer.com,2026-02-02,JAK3/TEC inhibitor Ulcerative Colitis Phase 2 Product Enhancement LITFULO TM (ritlecitinib) JAK3/TEC inhibitor Crohn's Disease Phase 2 Product Enhancement ►LITFULO TM (ritlecitinib) JAK3/TEC inhibitor Chronic Spontaneous Urticaria Phase 2 Product Enhancement ►LITFULO TM (ritlecitinib) p40/TL1a bispe,,,
q007-batch,q007,Ulcerative Colitis competing agents in the same mechanistic class as FN1 IL-10RB IL10RA Interleukin-10 Antibody-Cytokine Conjugate Fusion Protein Biologic,Dekavil ulcerative colitis IL-10 fusion competitors || Dekavil ulcerative colitis antibody-cytokine fusion pipeline || Dekavil PF-06687234 sponsor ownership || Dekavil ulcerative colitis current development status,4,"Efficacy and safety of the interleukin-10–fragment F8 fusion protein PF-06687234 as add-on therapy to infliximab in patients with active ulcerative colitis: a randomized, phase IIa clinical trial - Stefan Schreiber, Silvio Danese, Séverine Vermeire, Rupert W. Leong, Vivek Pradhan, Ravi Shankar P. Singh, Dahong Yu, Dean Messing, Hendrik Neubert, Joe Palandra, Christopher Tehlirian, Jeremy D. Gale, 2026 ",https://journals.sagepub.com/doi/10.1177/17562848251410784,journals.sagepub.com,,"Efficacy and safety of the interleukin-10–fragment F8 fusion protein PF-06687234 as add-on therapy to infliximab in patients with active ulcerative colitis: a randomized, phase IIa clinical trial PF-06687234 is a novel, human, single-chain variable fragment cytokine fusion protein comprising the ant",,,
q007-batch,q007,Ulcerative Colitis competing agents in the same mechanistic class as FN1 IL-10RB IL10RA Interleukin-10 Antibody-Cytokine Conjugate Fusion Protein Biologic,Dekavil ulcerative colitis IL-10 fusion competitors || Dekavil ulcerative colitis antibody-cytokine fusion pipeline || Dekavil PF-06687234 sponsor ownership || Dekavil ulcerative colitis current development status,5,"Dekavil (F8-IL10) / Pfizer, Philogen",https://delta.larvol.com/Products?ProductId=38609b33-9fa9-4d28-ad56-2b75573a091a,delta.larvol.com,,"Dekavil (F8-IL10) / Pfizer, Philogen Efficacy and safety of the interleukin-10-fragment F8 fusion protein PF-06687234 as add-on therapy to infliximab in patients with active ulcerative colitis:",,,
q008-batch,q008,"Clostridioides Difficile Colitis competing agents in the same mechanistic class as LMN-201, including Antibody Fragment Enzyme Biological Biologic Cocktail and Clostridioides Difficile Toxin B TcdB therapies",LMN-201 TcdB antitoxin competitors Phase 2 clinical || LMN-201 PA-41 development phase || LMN-201 BL5-6.2 clinical development || LMN-201 AZD5148 clinical trial regulatory status || LMN-201 bezlotoxumab withdrawal current status,1,"Lumen Bioscience Releases Data on Potent, Orally Delivered Biologic Drug Cocktail for Preventing C. difficile Infection.",https://www.lumen.bio/news/2021/12/22/lumen-reversed-logo-science-pipeline-news-about-careers-contact-news-lumen-bioscience-releases-data-on-potent-orally-delivered-biologic-drug-cocktail-for-preventing-c-difficile-infection,lumen.bio,,"December 22, 2021 Preclinical data demonstrate LMN-201’s potential for preventing disease in at-risk patients. Lumen also announces successful Cohort 1 results in Phase 1 clinical trial Seattle, WA, December 23, 2021 – Lumen Bioscience , a clinical-stage biopharmaceutical company developing biologic",,,
q008-batch,q008,"Clostridioides Difficile Colitis competing agents in the same mechanistic class as LMN-201, including Antibody Fragment Enzyme Biological Biologic Cocktail and Clostridioides Difficile Toxin B TcdB therapies",LMN-201 TcdB antitoxin competitors Phase 2 clinical || LMN-201 PA-41 development phase || LMN-201 BL5-6.2 clinical development || LMN-201 AZD5148 clinical trial regulatory status || LMN-201 bezlotoxumab withdrawal current status,2,[PDF] An oral protein cocktail therapeutic for C. difficile infection - bioRxiv,https://www.biorxiv.org/content/10.1101/2021.12.21.473715v4.full.pdf,biorxiv.org,,"Here we show that transgenic spirulina may solve key challenges of developing effective monoclonal 22 protein therapeutics for diseases afflicting gastrointestinal ( GI ) tissues. We describe, as a paradigm for this 23 novel approach, LMN-201: an investigational four-component treatment for Clostrid",,,
q008-batch,q008,"Clostridioides Difficile Colitis competing agents in the same mechanistic class as LMN-201, including Antibody Fragment Enzyme Biological Biologic Cocktail and Clostridioides Difficile Toxin B TcdB therapies",LMN-201 TcdB antitoxin competitors Phase 2 clinical || LMN-201 PA-41 development phase || LMN-201 BL5-6.2 clinical development || LMN-201 AZD5148 clinical trial regulatory status || LMN-201 bezlotoxumab withdrawal current status,3,Study Details | NCT03829475 | ICON-2: FMT and Bezlotoxumab Compared to FMT and Placebo for Patients With IBD and CDI | ClinicalTrials.gov,https://clinicaltrials.gov/study/NCT03829475,clinicaltrials.gov,,* Certification/extension first submitted that met QC criteria * Clinical study * Clinical trial * ClinicalTrials.gov identifier (NCT number) * Collaborator * Condition/disease * Contact * Cross-over assignment * Data Monitoring Committee (DMC) * Early Phase 1 (formerly listed as Phase 0) * Eligibil,,,
q008-batch,q008,"Clostridioides Difficile Colitis competing agents in the same mechanistic class as LMN-201, including Antibody Fragment Enzyme Biological Biologic Cocktail and Clostridioides Difficile Toxin B TcdB therapies",LMN-201 TcdB antitoxin competitors Phase 2 clinical || LMN-201 PA-41 development phase || LMN-201 BL5-6.2 clinical development || LMN-201 AZD5148 clinical trial regulatory status || LMN-201 bezlotoxumab withdrawal current status,4,The monoclonal antibody AZD5148 confers broad protection against TcdB-diverse Clostridioides difficile strains in mice,https://journals.plos.org/plospathogens/article/file?id=10.1371%2Fjournal.ppat.1013651&type=printable,journals.plos.org,2025-11-05,"TcdB sequence variation influences receptor tropism and substrate specificity, with three major subtypes—TcdB1, TcdB2, and TcdB3—rep- resenting the dominant diversity among clinical isolates. In this study, we evaluated the protective efficacy of AZD5148 in vitro and in vivo against clinically relev",,,
q008-batch,q008,"Clostridioides Difficile Colitis competing agents in the same mechanistic class as LMN-201, including Antibody Fragment Enzyme Biological Biologic Cocktail and Clostridioides Difficile Toxin B TcdB therapies",LMN-201 TcdB antitoxin competitors Phase 2 clinical || LMN-201 PA-41 development phase || LMN-201 BL5-6.2 clinical development || LMN-201 AZD5148 clinical trial regulatory status || LMN-201 bezlotoxumab withdrawal current status,5,Using antibody synergy to engineer a high potency biologic cocktail against C. difficile,https://www.lumen.bio/news/2026/09/01/using-antibody-synergy-to-engineer-a-high-potency-biologic-cocktail-against-c-difficile-1,lumen.bio,,"September 1, 2026 ABSTRACT We applied a mathematical framework originally used to model the effects of multiple inhibitors on enzyme activity to guide the development a therapeutic antibody cocktail, LMN-201, to prevent and treat C. difficile infection (CDI). CDI causes hundreds of thousands of case",,,
q009-batch,q009,Inflammatory Bowel Disease competing agents in the same mechanistic class as CHRM1 CHRM3 CHRM4 CHRM5 Small Molecule,Dicyclomine inflammatory bowel disease muscarinic competitors || Dicyclomine IBD CHRM pipeline || Dicyclomine inflammatory bowel disease clinical development,1,"DailyMed - DICYCLOMINE HYDROCHLORIDE- dicyclomine hydrochloride capsule
",https://dailymed.nlm.nih.gov/dailymed/drugInfo.cfm?setid=600f3b80-0303-4f2d-929b-edb689b5b357,dailymed.nlm.nih.gov,,INDICATIONS AND USAGE Dicyclomine hydrochloride capsules are an antispasmodic and anticholinergic (antimuscarinic) agent indicated for the treatment of functional bowel/irritable bowel syndrome ( 1 ) DOSAGE AND ADMINISTRATION DOSAGE FORMS AND STRENGTHS • Dicyclomine hydrochloride capsules 10 mg ( 3 ,,,
q009-batch,q009,Inflammatory Bowel Disease competing agents in the same mechanistic class as CHRM1 CHRM3 CHRM4 CHRM5 Small Molecule,Dicyclomine inflammatory bowel disease muscarinic competitors || Dicyclomine IBD CHRM pipeline || Dicyclomine inflammatory bowel disease clinical development,2,DICYCLOMINE HYDROCHLORIDE capsule - DailyMed - NIH,https://dailymed.nlm.nih.gov/dailymed/lookup.cfm?setid=4f6f4402-865b-44fb-9bfe-4e224d57e6dc,dailymed.nlm.nih.gov,,DICYCLOMINE HYDROCHLORIDE capsule - DailyMed - NIH Dicyclomine hydrochloride is an antispasmodic and anticholinergic agent indicated for the treatment of functional bowel/irritable bowel syndrome  >  DICYCLOMINE HYDROCHLORIDE capsule - DailyMed - NIH Dicyclomine hydrochloride capsules are indicated ,,,
q009-batch,q009,Inflammatory Bowel Disease competing agents in the same mechanistic class as CHRM1 CHRM3 CHRM4 CHRM5 Small Molecule,Dicyclomine inflammatory bowel disease muscarinic competitors || Dicyclomine IBD CHRM pipeline || Dicyclomine inflammatory bowel disease clinical development,3,"These highlights do not include all the information needed to use dicyclomine hydrochloride safely and effectively. See full prescribing information for dicyclomine hydrochloride.
 
      
Dicyclomine hydrochloride oral solution
 
      
Initial U.S. Approval: 1950",https://dailymed.nlm.nih.gov/dailymed/fda/fdaDrugXsl.cfm?setid=bb099db9-f635-4a64-8892-6236971dec45,dailymed.nlm.nih.gov,,"DICYCLOMINE HYDROCHLORIDE- dicyclomine hydrochloride solution Par Health USA, LLC INDICATIONS AND USAGE Dicyclomine hydrochloride is an antispasmodic and anticholinergic (antimuscarinic) agent indicated for the treatment of functional bowel/irritable bowel syndrome ( 1 ) DOSAGE AND ADMINISTRATION DI",,,
q009-batch,q009,Inflammatory Bowel Disease competing agents in the same mechanistic class as CHRM1 CHRM3 CHRM4 CHRM5 Small Molecule,Dicyclomine inflammatory bowel disease muscarinic competitors || Dicyclomine IBD CHRM pipeline || Dicyclomine inflammatory bowel disease clinical development,4,Innovative pipeline therapeutics in inflammatory bowel disease,https://www.ovid.com/journals/copha/fulltext/10.1016/j.coph.2025.102596~innovative-pipeline-therapeutics-in-inflammatory-bowel,ovid.com,," >  Innovative pipeline therapeutics in inflammatory... : Current ... This narrative review presents the latest evidence evaluating TL1A inhibition and bispecific antibodies, including the development pipeline for these molecules as innovative approaches for the next generation of IBD treatments.  >",,,
q009-batch,q009,Inflammatory Bowel Disease competing agents in the same mechanistic class as CHRM1 CHRM3 CHRM4 CHRM5 Small Molecule,Dicyclomine inflammatory bowel disease muscarinic competitors || Dicyclomine IBD CHRM pipeline || Dicyclomine inflammatory bowel disease clinical development,5,CHRM1 gene Cholinergic Receptor Muscarinic 1,https://www.genecards.org/card/CHRM1,genecards.org,,"CHRM1 gene Cholinergic Receptor Muscarinic 1 CHRM1 is directly targeted by drugs including aceclidine , amitriptyline , an isotropine methylbromide , benzatropine , biperiden , and clidinium , underscoring its clinical relevance in muscarinic receptor pharmacology. Gene Families Aliases & Identifier",,,
q010-batch,q010,"competing agents in the same mechanistic class for this indication LY4395089, Eli Lilly & Company, Crohn''s Disease",LY4395089 mechanism target Crohn’s disease || LY4395089 competing agents Crohn’s disease same mechanism,1,Eli Lilly,https://platform.tracxn.com/a/d/company/66d5f6eb3652a42ad90ded04/eli%20lilly?utm_source=parallel&utm_medium=ai#a:about,platform.tracxn.com,,"Name: Eli Lilly | Website Url: https://ucdsag.com | Primary Sector: Life Sciences | Primary Subsector: Gastroenterology | Stage: Unfunded | Acquisitions As Acquirer Count: 0 | Other Taxonomy Tags: [""Life Sciences"",""Biopharmaceuticals""] | Short Description: Provider of site resources for an ulcerativ",,,
q010-batch,q010,"competing agents in the same mechanistic class for this indication LY4395089, Eli Lilly & Company, Crohn''s Disease",LY4395089 mechanism target Crohn’s disease || LY4395089 competing agents Crohn’s disease same mechanism,2,[PDF] 761072Orig1s000 - accessdata.fda.gov,https://www.accessdata.fda.gov/drugsatfda_docs/nda/2017/761072Orig1s000SumR.pdf,accessdata.fda.gov,,CENTER FOR DRUG EVALUATION AND RESEARCH APPLICATION NUMBER: 761072Orig1s000 SUMMARY REVIEW Cross Discipline Team Leader Review 351(k) BLA 761072: PF-06438179 Division Director Summary Pfizer DHHS/FDA/CDER/ODEII/DPARP 2 351(k) BLA. Pfizer is seeking licensure of PF-06438179 for the same indications a,,,
q010-batch,q010,"competing agents in the same mechanistic class for this indication LY4395089, Eli Lilly & Company, Crohn''s Disease",LY4395089 mechanism target Crohn’s disease || LY4395089 competing agents Crohn’s disease same mechanism,3,LY4395089 - Crohn Disease | Phase 2 | Eli Lilly and ...,https://www.biopharmawatch.com/company/LLY/drug/LY4395089,biopharmawatch.com,,"Screener / LLY / LY4395089 LY4395089 Phase 2 Crohn Disease | Small molecule | Gastrointestinal | Eli Lilly and Company | Last Updated: Sep 8, 2026 Success Probability Approval Probability TA Base Rate Adjusted LOA ML Risk Subscribe to view Unlock Market & Valuation rNPV Market Size Revenue Basis Com",,,
q010-batch,q010,"competing agents in the same mechanistic class for this indication LY4395089, Eli Lilly & Company, Crohn''s Disease",LY4395089 mechanism target Crohn’s disease || LY4395089 competing agents Crohn’s disease same mechanism,4,Network Meta-Analysis: Comparative Efficacy of Biologics and Small Molecules in the Induction and Maintenance of Remission in Crohn's Disease - PubMed,https://pubmed.ncbi.nlm.nih.gov/40717455,pubmed.ncbi.nlm.nih.gov,,Network Meta-Analysis: Comparative Efficacy of Biologics and Small Molecules in the Induction and Maintenance of Remission in Crohn's Disease Affiliations Expand Affiliations Network Meta-Analysis: Comparative Efficacy of Biologics and Small Molecules in the Induction and Maintenance of Remission in,,,
q010-batch,q010,"competing agents in the same mechanistic class for this indication LY4395089, Eli Lilly & Company, Crohn''s Disease",LY4395089 mechanism target Crohn’s disease || LY4395089 competing agents Crohn’s disease same mechanism,5,Eli Lilly Targets Crohn’s Disease With New Combo Trial That Could Extend Its IBD Franchise - The Globe and Mail,https://www.theglobeandmail.com/investing/markets/stocks/LLY/pressreleases/867585/eli-lilly-targets-crohns-disease-with-new-combo-trial-that-could-extend-its-ibd-franchise,theglobeandmail.com,,Find clarity in the chaos. Subscribe now and save 70% SUBSCRIBE FROM $0.99/WEEK This section contains press releases and other materials from third parties (including paid content). The Globe and Mail has not reviewed this content. Please see disclaimer . Eli Lilly Targets Crohn’s Disease With New C,,,
q011-batch,q011,Inflammatory Bowel Disease competing agents in the same mechanistic class as Small Molecule targeting ITGA4 ITGB7 Integrin Alpha-4 Beta-7,α4β7 Inhibitor etrolizumab mechanism IBD || α4β7 Inhibitor vedolizumab current development status 2026 || α4β7 Inhibitor abrilumab current status IBD || α4β7 Inhibitor Phase 2 Phase 3 Crohn's disease competitors || α4β7 Inhibitor AJM300 natalizumab class comparison,1,ABRILUMAB profile page,https://platform.opentargets.org/drug/CHEMBL3137351,platform.opentargets.org,,"Open Targets Platform Search... Ctrl+K ABRILUMAB ChEMBL: CHEMBL3137351 Profile Description Antibody drug with a maximum clinical stage of Phase 2 (across all indications), with 2 investigational indications. Molecule type: Antibody Max stage: Phase II Synonyms: Open Targets Platform Abrilumab AMG 18",,,
q011-batch,q011,Inflammatory Bowel Disease competing agents in the same mechanistic class as Small Molecule targeting ITGA4 ITGB7 Integrin Alpha-4 Beta-7,α4β7 Inhibitor etrolizumab mechanism IBD || α4β7 Inhibitor vedolizumab current development status 2026 || α4β7 Inhibitor abrilumab current status IBD || α4β7 Inhibitor Phase 2 Phase 3 Crohn's disease competitors || α4β7 Inhibitor AJM300 natalizumab class comparison,2,"ontamalimab (TAK-647) / Takeda, Pfizer",https://delta.larvol.com/Products?ProductId=12a167df-2e24-4b9c-9e9d-59d49c024d63,delta.larvol.com,,"review the current landscape of α4β7-targeting therapeutics, including vedolizumab, etrolizumab, ontamalimab, and small-molecule antagonists, highlighting their clinical applications and limitations. [Old and New Biologics and Small Molecules in Inflammatory Bowel Disease: Anti Integrins](https://de",,,
q011-batch,q011,Inflammatory Bowel Disease competing agents in the same mechanistic class as Small Molecule targeting ITGA4 ITGB7 Integrin Alpha-4 Beta-7,α4β7 Inhibitor etrolizumab mechanism IBD || α4β7 Inhibitor vedolizumab current development status 2026 || α4β7 Inhibitor abrilumab current status IBD || α4β7 Inhibitor Phase 2 Phase 3 Crohn's disease competitors || α4β7 Inhibitor AJM300 natalizumab class comparison,3,Polpharma Biologics Announces FDA and EMA Acceptance for Review of PB016 Vedolizumab Biosimilar Candidate - BioSpace,https://www.biospace.com/press-releases/polpharma-biologics-announces-fda-and-ema-acceptance-for-review-of-pb016-vedolizumab-biosimilar-candidate,biospace.com,2026-07-31,"Food and Drug Administration (FDA) and the European Medicines Agency (EMA) have accepted for review the Biologics License Application (BLA) and Marketing Authorisation Application (MAA), respectively, for PB016, a proposed vedolizumab biosimilar candidate to Takeda’s reference product Entyvio®* (ved",,,
q011-batch,q011,Inflammatory Bowel Disease competing agents in the same mechanistic class as Small Molecule targeting ITGA4 ITGB7 Integrin Alpha-4 Beta-7,α4β7 Inhibitor etrolizumab mechanism IBD || α4β7 Inhibitor vedolizumab current development status 2026 || α4β7 Inhibitor abrilumab current status IBD || α4β7 Inhibitor Phase 2 Phase 3 Crohn's disease competitors || α4β7 Inhibitor AJM300 natalizumab class comparison,4,Vedolizumab: an α4β7 integrin inhibitor for inflammatory bowel diseases - PubMed,https://pubmed.ncbi.nlm.nih.gov/25186623,pubmed.ncbi.nlm.nih.gov,,"Vedolizumab: an α4β7 integrin inhibitor for inflammatory bowel diseases Michael A Smith 1 , Rima A Mohammad 2 Affiliations Expand Affiliations * 1 University of the Sciences, Philadelphia, PA, USA mic.smith@usciences.edu. * 2 University of Michigan College of Pharmacy, University of Michigan Health ",,,
q011-batch,q011,Inflammatory Bowel Disease competing agents in the same mechanistic class as Small Molecule targeting ITGA4 ITGB7 Integrin Alpha-4 Beta-7,α4β7 Inhibitor etrolizumab mechanism IBD || α4β7 Inhibitor vedolizumab current development status 2026 || α4β7 Inhibitor abrilumab current status IBD || α4β7 Inhibitor Phase 2 Phase 3 Crohn's disease competitors || α4β7 Inhibitor AJM300 natalizumab class comparison,5,Frontiers | Cellular Mechanisms of Etrolizumab Treatment in Inflammatory Bowel Disease,https://www.frontiersin.org/journals/pharmacology/articles/10.3389/fphar.2019.00039/full,frontiersin.org,2019-02-01,Background: Anti-integrin therapy is a new frontline strategy in the treatment of inflammatory bowel diseases (IBD). The anti-β7 integrin antibody etrolizumab is currently being investigated for safety and efficacy in Crohn’s disease (CD) and ulcerative colitis (UC) in several phase III trials. More,,,
q012-batch,q012,"Lenvatinib + Nofazinlimab pivotal, registrational, or Phase 3 trial in Unresectable or Metastatic Hepatocellular Carcinoma: planned or initiated status and expected start date",Lenvatinib + Nofazinlimab NCT04194775 first patient enrollment date || Lenvatinib + Nofazinlimab NCT04194775 current trial status,1,clinicaltrials.gov,https://clinicaltrials.gov/api/v2/studies/NCT04194775,clinicaltrials.gov,,"{""protocolSection"":{""identificationModule"":{""nctId"":""NCT04194775"",""orgStudyIdInfo"":{""id"":""CS1003-305""},""organization"":{""fullName"":""CStone Pharmaceuticals"",""class"":""INDUSTRY""},""briefTitle"":""A Study of Nofazinlimab (CS1003) in Subjects With Advanced Hepatocellular Carcinoma"",""officialTitle"":""A Multi-C",,,
q012-batch,q012,"Lenvatinib + Nofazinlimab pivotal, registrational, or Phase 3 trial in Unresectable or Metastatic Hepatocellular Carcinoma: planned or initiated status and expected start date",Lenvatinib + Nofazinlimab NCT04194775 first patient enrollment date || Lenvatinib + Nofazinlimab NCT04194775 current trial status,2,Study Details | NCT04194775 | A Study of Nofazinlimab (CS1003) in Subjects With Advanced Hepatocellular Carcinoma | ClinicalTrials.gov,https://clinicaltrials.gov/ct2/show/NCT04194775,clinicaltrials.gov,,A Study of Nofazinlimab (CS1003) in Subjects With Advanced Hepatocellular Carcinoma ClinicalTrials.gov ID NCT04194775 Sponsor CStone Pharmaceuticals Information provided by CStone Pharmaceuticals (Responsible Party) Last Update Posted 2025-12-11 Download Save Expand all content Collapse all content ,,,
q012-batch,q012,"Lenvatinib + Nofazinlimab pivotal, registrational, or Phase 3 trial in Unresectable or Metastatic Hepatocellular Carcinoma: planned or initiated status and expected start date",Lenvatinib + Nofazinlimab NCT04194775 first patient enrollment date || Lenvatinib + Nofazinlimab NCT04194775 current trial status,3,"Clinical Protocol CS1003-305 ClinicalTrials.gov Document Cover Page Clinical Protocol -305 Study CS1003 Study Title: A Mu lti-Center, Double-Blind, Randomized, Phase",https://cdn.clinicaltrials.gov/large-docs/75/NCT04194775/Prot_000.pdf,cdn.clinicaltrials.gov,2026-05-18,"in Combination with Lenvatinib as First-Line Therapy in Subjects with Advanced Hepatocellular Carcinoma (HCC) Document Date: 24-Nov-2022 NCT Number: NCT04194775 CS1003-305, Version: 5.0/ 24-Nov-2022 CStone 1  To assess the disease/treatment- related patient-reported outcome (PRO), Health related Qu",,,
q012-batch,q012,"Lenvatinib + Nofazinlimab pivotal, registrational, or Phase 3 trial in Unresectable or Metastatic Hepatocellular Carcinoma: planned or initiated status and expected start date",Lenvatinib + Nofazinlimab NCT04194775 first patient enrollment date || Lenvatinib + Nofazinlimab NCT04194775 current trial status,4,NCT04194775: A reported trial by CStone Pharmaceuticals,https://fdaaa.trialstracker.net/trial/NCT04194775,fdaaa.trialstracker.net,,"An AllTrials project Toggle navigation * Single trials * Ranked sponsors * FAQ * Blog * Fund this work! * @FDAAATracker NCT04194775: A reported trial by CStone Pharmaceuticals This trial has reported on time, in line with the regulations. Full data * Full entry on ClinicalTrials.gov | NCT04194775 * ",,,
q012-batch,q012,"Lenvatinib + Nofazinlimab pivotal, registrational, or Phase 3 trial in Unresectable or Metastatic Hepatocellular Carcinoma: planned or initiated status and expected start date",Lenvatinib + Nofazinlimab NCT04194775 first patient enrollment date || Lenvatinib + Nofazinlimab NCT04194775 current trial status,5,Nofazinlimab (CS1003)+Lenvatinib in Hepatocellular Carcinoma - Clinical Trials Registry - ICH GCP,https://ichgcp.net/clinical-trials-registry/NCT04194775,ichgcp.net,2019-12-10,"Study Plan This section provides details of the study plan, including how the study is designed and what the study is measuring. How is the study designed? Design Details Primary Purpose : Treatment Allocation : Randomized Interventional Model : Parallel Assignment Masking : Quadruple Arms and Inter",,,
q013-batch,q013,SD-133 in vivo single-agent monotherapy tumour growth inhibition TGI tumour regression or shrinkage in Pancreatic ductal adenocarcinoma animal models,SD-133 pancreatic ductal adenocarcinoma monotherapy xenograft TGI || SD-133 tumour regression pancreatic cancer animal model,1,"
        Patient-derived xenograft model of pancreatic cancer
      -  UT MD Anderson Cancer Center",https://mdanderson.elsevierpure.com/en/publications/patient-derived-xenograft-model-of-pancreatic-cancer,mdanderson.elsevierpure.com,,Pancreatic cancer is the eighth most common cancer and one of the most deadly. Eighty-five percent of pancreatic cancers are classified as pancreatic ductal adenocarcinoma (PDAC). Challenges in treating PDACs include advanced stage at the time of diagnosis and chemoresistance. Keywords * PDAC * PDOX,,,
q013-batch,q013,SD-133 in vivo single-agent monotherapy tumour growth inhibition TGI tumour regression or shrinkage in Pancreatic ductal adenocarcinoma animal models,SD-133 pancreatic ductal adenocarcinoma monotherapy xenograft TGI || SD-133 tumour regression pancreatic cancer animal model,2,Preclinical mouse models for immunotherapeutic and non-immunotherapeutic drug development for pancreatic ductal adenocarcinoma - He - Annals of Pancreatic Cancer,https://apc.amegroups.org/article/view/5558/html,apc.amegroups.org,2020-07-22,* Home / * Vol 3 (July 2020) / * Preclinical mouse models for immunotherapeutic and non-immunotherapeutic drug development for pancreatic ductal adenocar...   Preclinical mouse models for immunotherapeutic and non-immunotherapeutic drug development for pancreatic ductal adenocarcinoma   Review Artic,,,
q013-batch,q013,SD-133 in vivo single-agent monotherapy tumour growth inhibition TGI tumour regression or shrinkage in Pancreatic ductal adenocarcinoma animal models,SD-133 pancreatic ductal adenocarcinoma monotherapy xenograft TGI || SD-133 tumour regression pancreatic cancer animal model,3,Patient-Derived Xenograft Models of Pancreatic Cancer: Overview and Comparison with Other Types of Models,https://www.mdpi.com/2072-6694/12/5/1327,mdpi.com,2020-05-22,"Pancreatic cancer (PC) is anticipated to be second only to lung cancer as the leading cause of cancer-related deaths in the United States by 2030. Surgery remains the only potentially curative treatment for patients with pancreatic ductal adenocarcinoma (PDAC), the most common form of PC. Establishe",,,
q013-batch,q013,SD-133 in vivo single-agent monotherapy tumour growth inhibition TGI tumour regression or shrinkage in Pancreatic ductal adenocarcinoma animal models,SD-133 pancreatic ductal adenocarcinoma monotherapy xenograft TGI || SD-133 tumour regression pancreatic cancer animal model,4,SD 133 - AdisInsight - Springer,https://adisinsight.springer.com/drugs/800060087,adisinsight.springer.com,," >  SD 133 - AdisInsight Sep 28, 2024 — SD 133 is a small molecule inhibitor of a novel susbstance (designated as STT 011) being developed by STCube Pharmaceuticals. Pancreatic cancer  >  SD 133 - AdisInsight Sep 28, 2024 — Preclinical trials in Pancreatic cancer in South Korea (unspecified route) (",,,
q013-batch,q013,SD-133 in vivo single-agent monotherapy tumour growth inhibition TGI tumour regression or shrinkage in Pancreatic ductal adenocarcinoma animal models,SD-133 pancreatic ductal adenocarcinoma monotherapy xenograft TGI || SD-133 tumour regression pancreatic cancer animal model,5,"SD-133 - Drug Targets, Indications, Patents  - Synapse",https://synapse.patsnap.com/drug/6d452d877fa9489abe8ffffa61a06de3,synapse.patsnap.com,,Products Data Feature Plans Request Demo Sign Up for Free Last update 09 Jun 2025 SD-133 Last update 09 Jun 2025 Overview Basic Info * Drug Type Small molecule drug * Synonyms STT011 * Target - * Action modulators * Mechanism Immunomodulators * Therapeutic Areas Neoplasms Digestive System Disorders ,,,
q014-batch,q014,Sirpiglenastat in vivo single-agent monotherapy tumour growth inhibition TGI tumour regression or shrinkage in Pancreatic ductal adenocarcinoma animal models,Sirpiglenastat PDAC monotherapy TGI xenograft || DRP-104 pancreatic cancer single-agent tumour regression || Sirpiglenastat pancreatic PDX monotherapy tumour volume || DRP-104 PDAC xenograft dose response || Sirpiglenastat pancreatic cancer in vivo monotherapy,1,AACR Poster 2022,https://www.dracenpharma.com/wp-content/uploads/2022/07/AACR-Poster-2022_YY.pdf,dracenpharma.com,2022-07-07,"Treatment with the glutamine antagonist DRP-104 (sirpiglenastat), which irreversibly inhibits all known enzymes involved in glutamine metabolism within the tumor, resulted in metabolically halted cell growth in vitro and in vitro in a large panel of allogenic and syngeneic cell lines (n=8) represent",,,
q014-batch,q014,Sirpiglenastat in vivo single-agent monotherapy tumour growth inhibition TGI tumour regression or shrinkage in Pancreatic ductal adenocarcinoma animal models,Sirpiglenastat PDAC monotherapy TGI xenograft || DRP-104 pancreatic cancer single-agent tumour regression || Sirpiglenastat pancreatic PDX monotherapy tumour volume || DRP-104 PDAC xenograft dose response || Sirpiglenastat pancreatic cancer in vivo monotherapy,2,Progress in Animal Models of Pancreatic Ductal Adenocarcinoma,https://www.jcancer.org/v11p1555.htm,jcancer.org,2020-01-14,"A large number of animal models of pancreatic cancer are currently available, including a cancer cell line-based xenograft, a patient-derived xenograft, several mouse models (including transgenic mice), and organoid models. PDAC model by TGFBR2 knockout with Kras (Prf1a-Cre,LSL-Kras G12D ,Tgfbr2 lox",,,
q014-batch,q014,Sirpiglenastat in vivo single-agent monotherapy tumour growth inhibition TGI tumour regression or shrinkage in Pancreatic ductal adenocarcinoma animal models,Sirpiglenastat PDAC monotherapy TGI xenograft || DRP-104 pancreatic cancer single-agent tumour regression || Sirpiglenastat pancreatic PDX monotherapy tumour volume || DRP-104 PDAC xenograft dose response || Sirpiglenastat pancreatic cancer in vivo monotherapy,3,Head-to-head comparison of the dual-MEK inhibitor IMM-1-104 versus sotorasib or adagrasib in KRAS mutant pancreatic tumors. - ASCO,https://www.asco.org/abstracts-presentations/210970,asco.org,,"Peter J. King Immuneering Corporation, San Diego, CA Download media arrow_drop_down Abstract Background: KRAS mutations are common in pancreatic ductal adenocarcinoma (PDAC). While 90% of PDAC tumors display activating mutations in KRAS, only ̃2% are G12C, a specific KRAS mutation targeted by inhibi",,,
q014-batch,q014,Sirpiglenastat in vivo single-agent monotherapy tumour growth inhibition TGI tumour regression or shrinkage in Pancreatic ductal adenocarcinoma animal models,Sirpiglenastat PDAC monotherapy TGI xenograft || DRP-104 pancreatic cancer single-agent tumour regression || Sirpiglenastat pancreatic PDX monotherapy tumour volume || DRP-104 PDAC xenograft dose response || Sirpiglenastat pancreatic cancer in vivo monotherapy,4,"Dracen Pharmaceuticals, Inc. - Drug pipelines, Patents, Clinical trials - Synapse",https://synapse.patsnap.com/organization/6cd7db3ff219cb7c110f9e3a43dd83aa,synapse.patsnap.com,,"The purpose of this study is to characterize the safety, tolerability, pharmacokinetics, pharmaco-dynamics and preliminary anti-tumor activity of DRP-104 (sirpiglenastat) administered via intravenous infusion or via subcutaneous injection as a single agent and in combination with atezolizumab in pat",,,
q014-batch,q014,Sirpiglenastat in vivo single-agent monotherapy tumour growth inhibition TGI tumour regression or shrinkage in Pancreatic ductal adenocarcinoma animal models,Sirpiglenastat PDAC monotherapy TGI xenograft || DRP-104 pancreatic cancer single-agent tumour regression || Sirpiglenastat pancreatic PDX monotherapy tumour volume || DRP-104 PDAC xenograft dose response || Sirpiglenastat pancreatic cancer in vivo monotherapy,5,"Sirpiglenastat (DRP-104) Induces Antitumor Efficacy through Direct, Broad Antagonism of Glutamine Metabolism and Stimulation of the Innate and Adaptive Immune Systems - PubMed",https://pubmed.ncbi.nlm.nih.gov/35930753,pubmed.ncbi.nlm.nih.gov,2022-07-10,"Sirpiglenastat (DRP-104) Induces Antitumor Efficacy through Direct, Broad Antagonism of Glutamine Metabolism and Stimulation of the Innate and Adaptive Immune Systems Yumi Yokoyama 1 , Thomas M Estok 1 , Robert Wild 1 Affiliations Expand Affiliation * 1 Dracen Pharmaceuticals Inc., San Diego, Califo",,,
q015-batch,q015,GFH375/VS-7375 in vivo monotherapy tumour growth inhibition TGI tumour regression tumour shrinkage in KRAS G12D-Mutated/MTAP-Deleted Pancreatic Ductal Adenocarcinoma animal models,GFH375 VS-7375 quantitative TGI KP4 PDAC monotherapy || GFH375 VS-7375 MTAP-deleted KP4 monotherapy tumour regression || GFH375 VS-7375 MTAP-deleted pancreatic xenograft single-agent TGI || GFH375 VS-7375 AsPC-1 Panc 04.03 monotherapy tumour volume data,1,[PDF] LBA84 Efficacy and safety of GFH375 monotherapy in previously ...,https://s3.eu-central-1.amazonaws.com/m-anage.com.storage.esmo/static/esmo2025_abstracts/LBA84.html.pdf,s3.eu-central-1.amazonaws.com,,"LBA84 Efficacy and safety of GFH375 monotherapy in previously treated advanced KRAS G12D-mutant pancreatic ductal adenocarcinoma (PDAC) Oncogenic KRAS mutations are most common in PDAC with G12D being most frequent (40%) and predicting poorer prognosis. GFH375 is an oral, potent, highly selective in",,,
q015-batch,q015,GFH375/VS-7375 in vivo monotherapy tumour growth inhibition TGI tumour regression tumour shrinkage in KRAS G12D-Mutated/MTAP-Deleted Pancreatic Ductal Adenocarcinoma animal models,GFH375 VS-7375 quantitative TGI KP4 PDAC monotherapy || GFH375 VS-7375 MTAP-deleted KP4 monotherapy tumour regression || GFH375 VS-7375 MTAP-deleted pancreatic xenograft single-agent TGI || GFH375 VS-7375 AsPC-1 Panc 04.03 monotherapy tumour volume data,2,Abstract LB183: Strong durable tumor regressions with the KRASG12D ON/OFF inhibitor VS-7375 in combination with PRMT5 inhibition in MTAP-deleted/KRASG12D-mutant pancreatic cancer | Cancer Research | American Association for Cancer Research,https://aacrjournals.org/cancerres/article/86/8_Supplement/LB183/783418/Abstract-LB183-Strong-durable-tumor-regressions,aacrjournals.org,2026-04-15,"Abstract LB183: Strong durable tumor regressions with the KRAS G12D ON/OFF inhibitor VS-7375 in combination with PRMT5 inhibition in MTAP-deleted/KRAS G12D -mutant pancreatic cancer Free Citation Ryan D. Mouery , Kristina Drizyte-Miller , Clint A. Stalnecker , Adrienne D. Cox , Silvia Coma , Jonatha",,,
q015-batch,q015,GFH375/VS-7375 in vivo monotherapy tumour growth inhibition TGI tumour regression tumour shrinkage in KRAS G12D-Mutated/MTAP-Deleted Pancreatic Ductal Adenocarcinoma animal models,GFH375 VS-7375 quantitative TGI KP4 PDAC monotherapy || GFH375 VS-7375 MTAP-deleted KP4 monotherapy tumour regression || GFH375 VS-7375 MTAP-deleted pancreatic xenograft single-agent TGI || GFH375 VS-7375 AsPC-1 Panc 04.03 monotherapy tumour volume data,3,"Verastem Oncology Announces Updated Data from Partner GenFleet Therapeutics’ Phase 1/2 Monotherapy Study in China of GFH375 (VS-7375) in Advanced KRAS G12D Mutant Pancreatic Ductal Adenocarcinoma | Verastem, Inc.",https://investor.verastem.com/news-releases/news-release-details/verastem-oncology-announces-updated-data-partner-genfleet-0,investor.verastem.com,,"Skip to main navigation Press Release << Back October 19, 2025 at 4:15 AM EDT Verastem Oncology Announces Updated Data from Partner GenFleet Therapeutics’ Phase 1/2 Monotherapy Study in China of GFH375 (VS-7375) in Advanced KRAS G12D Mutant Pancreatic Ductal Adenocarcinoma PDF Version GFH375 resulte",,,
q015-batch,q015,GFH375/VS-7375 in vivo monotherapy tumour growth inhibition TGI tumour regression tumour shrinkage in KRAS G12D-Mutated/MTAP-Deleted Pancreatic Ductal Adenocarcinoma animal models,GFH375 VS-7375 quantitative TGI KP4 PDAC monotherapy || GFH375 VS-7375 MTAP-deleted KP4 monotherapy tumour regression || GFH375 VS-7375 MTAP-deleted pancreatic xenograft single-agent TGI || GFH375 VS-7375 AsPC-1 Panc 04.03 monotherapy tumour volume data,4,"[PDF] VS-7375 (GFH375): An oral, selective KRAS G12D (ON/OFF) inhibitor with ...",https://www.verastem.com/pdf/AACR-VS7375-Poster-Presentation.pdf,verastem.com,2025-04-22,"VS-7375 (GFH375): An oral, selective KRAS G12D (ON/OFF) inhibitor with potent anti-tumor efficacy as single agent and in combination with other anticancer therapies in preclinical models VS-7375 (GFH375) is an oral KRAS G12D-selective small molecule inhibitor (G12Di) that binds KRAS G12D in both the",,,
q015-batch,q015,GFH375/VS-7375 in vivo monotherapy tumour growth inhibition TGI tumour regression tumour shrinkage in KRAS G12D-Mutated/MTAP-Deleted Pancreatic Ductal Adenocarcinoma animal models,GFH375 VS-7375 quantitative TGI KP4 PDAC monotherapy || GFH375 VS-7375 MTAP-deleted KP4 monotherapy tumour regression || GFH375 VS-7375 MTAP-deleted pancreatic xenograft single-agent TGI || GFH375 VS-7375 AsPC-1 Panc 04.03 monotherapy tumour volume data,5,Anti-Tumor Efficacy of the Selective Oral KRAS G12D Dual ON ...,https://www.verastem.com/wp-content/uploads/2026/03/Pachter-AACR-RAS-26-Final.pdf,verastem.com,2026-03-04,Addition of cetuximab with VS-7375 induces strong tumor growth inhibition in KRAS G12D cancer models in vivo DO NOT POST DO NOT POST GFH375/VS-7375 confers single agent anti-tumor activity in patients with previously treated NSCLC and PDAC (GenFleet study in China) DO NOT POST DO NOT POST GFH375 is ,,,
q016-batch,q016,PLM-103 in vivo single-agent monotherapy tumour growth inhibition TGI tumour regression tumour shrinkage in Pancreatic ductal adenocarcinoma (PDAC) animal models,PLM-103 PDAC xenograft monotherapy tumour regression TGI,1,Progress in Animal Models of Pancreatic Ductal Adenocarcinoma,https://www.jcancer.org/v11p1555.htm,jcancer.org,2020-01-14,"A large number of animal models of pancreatic cancer are currently available, including a cancer cell line-based xenograft, a patient-derived xenograft, several mouse models (including transgenic mice), and organoid models. PDAC model by TGFBR2 knockout with Kras (Prf1a-Cre,LSL-Kras G12D ,Tgfbr2 lox",,,
q016-batch,q016,PLM-103 in vivo single-agent monotherapy tumour growth inhibition TGI tumour regression tumour shrinkage in Pancreatic ductal adenocarcinoma (PDAC) animal models,PLM-103 PDAC xenograft monotherapy tumour regression TGI,2,PLM-103: A dual-mechanism YES1/YAP pathway inhibitor ...,https://aacrjournals.org/cancerres/article/86/7_Supplement/4559/781263/Abstract-4559-PLM-103-A-dual-mechanism-YES1-YAP,aacrjournals.org,,"PLM-103: A dual-mechanism YES1/YAP pathway inhibitor ... Apr 3, 2026 — In the KYSE70 ESCC xenograft model, PLM-103 monotherapy exhibited a remarkable antitumor effect, achieving complete tumor regression (CR) in 4  >  PLM-103: A dual-mechanism YES1/YAP pathway inhibitor ... Apr 3, 2026 — PLM-103 is ",,,
q016-batch,q016,PLM-103 in vivo single-agent monotherapy tumour growth inhibition TGI tumour regression tumour shrinkage in Pancreatic ductal adenocarcinoma (PDAC) animal models,PLM-103 PDAC xenograft monotherapy tumour regression TGI,3,Neutralization of p40 Homodimer and p40 Monomer Leads to Tumor Regression in Patient-Derived Xenograft Mice with Pancreatic Cancer,https://www.mdpi.com/2072-6694/15/24/5796,mdpi.com,2023-01-01,clear first_page Download PDF settings Order Article Reprints Font Type: Arial Georgia Verdana Font Size: Aa Aa Aa Line Spacing:    Column Width:    Background: Open Access Article Neutralization of p40 Homodimer and p40 Monomer Leads to Tumor Regression in Patient-Derived Xenograft Mice with ,,,
q016-batch,q016,PLM-103 in vivo single-agent monotherapy tumour growth inhibition TGI tumour regression tumour shrinkage in Pancreatic ductal adenocarcinoma (PDAC) animal models,PLM-103 PDAC xenograft monotherapy tumour regression TGI,4,Tumor growth inhibition (TGI)-monotherapy (a) and ...,https://www.researchgate.net/figure/Tumor-growth-inhibition-TGI-monotherapy-a-and-combination-therapy-b_fig2_6143099,researchgate.net,,"Tumor growth inhibition (TGI)-monotherapy (a) and ... The results indicate that while paclitaxel treatment resulted in >100% TGI and 10 partial regressions (PRs), trastuzumab, capecitabine, and bevacizumab at",,,
q016-batch,q016,PLM-103 in vivo single-agent monotherapy tumour growth inhibition TGI tumour regression tumour shrinkage in Pancreatic ductal adenocarcinoma (PDAC) animal models,PLM-103 PDAC xenograft monotherapy tumour regression TGI,5,TV monotherapy induces tumor regression in xenograft ...,https://www.researchgate.net/figure/TV-monotherapy-induces-tumor-regression-in-xenograft-HNSCC-models-A-Cell-surface-TF_fig2_374705006,researchgate.net,,TV monotherapy induces tumor regression in xenograft ... TV monotherapy induces tumor regression in xenograft HNSCC models. used to establish xenografts in mice. Moderate and high expression in our sample was found,,,
q017-batch,q017,SW-682 in vivo single-agent monotherapy tumour growth inhibition TGI tumour regression or shrinkage in Head and Neck Squamous Cell Carcinoma animal models,SW-682 CAL-33 SCC-25 xenograft tumour growth inhibition monotherapy || SW-682 HNSCC xenograft tumour regression monotherapy || SW-682 CAL-33 SCC-25 tumour volume TGI,1,Inhibition of the chemokine receptors CXCR1 and CXCR2 synergizes... - CiteAb,https://www.citeab.com/publication/39097030-39639338-inhibition-of-the-chemokine-receptors-cxcr1-and-cxc,citeab.com,,Antibodies Biochemicals Experimental Models Instruments Kits Nucleotides Proteins Search Inhibition of the chemokine receptors CXCR1 and CXCR2 synergizes with docetaxel for effective tumor control and remodeling of the immune microenvironment of HPV-negative head and neck cancer models. Abstract Rel,,,
q017-batch,q017,SW-682 in vivo single-agent monotherapy tumour growth inhibition TGI tumour regression or shrinkage in Head and Neck Squamous Cell Carcinoma animal models,SW-682 CAL-33 SCC-25 xenograft tumour growth inhibition monotherapy || SW-682 HNSCC xenograft tumour regression monotherapy || SW-682 CAL-33 SCC-25 tumour volume TGI,2,A phase I clinical and pharmacokinetic study of CS-682 administered orally in advanced malignant solid tumors,https://pubmed.ncbi.nlm.nih.gov/16502355,pubmed.ncbi.nlm.nih.gov,,"A phase I clinical and pharmacokinetic study of CS-682 administered orally in advanced malignant solid tumors Thierry Delaunoit 1 , Patrick A Burch , Joel M Reid , John K Camoriano , Tomowo Kobayash , Theodore A Braich , Judith S Kaur , Joseph Rubin , Charles Erlichman Affiliations Expand Affiliatio",,,
q017-batch,q017,SW-682 in vivo single-agent monotherapy tumour growth inhibition TGI tumour regression or shrinkage in Head and Neck Squamous Cell Carcinoma animal models,SW-682 CAL-33 SCC-25 xenograft tumour growth inhibition monotherapy || SW-682 HNSCC xenograft tumour regression monotherapy || SW-682 CAL-33 SCC-25 tumour volume TGI,3,SX-682 Treatment in Subjects With... | Clinical Trial,https://trial.medpath.com/clinical-trial/4ceafdf492d6ccf9/nct03161431-sx-682-metastatic-melanoma-pembrolizumab,trial.medpath.com,,"This first study will enroll participants with melanoma, as melanoma cancer has been shown to be able to attract MDSCs. The study will begin to determine if SX-682 is a safe and effective treatment of melanoma. It is thought that SX-682 will block MDSCs from going to the cancer, and thus will allow ",,,
q017-batch,q017,SW-682 in vivo single-agent monotherapy tumour growth inhibition TGI tumour regression or shrinkage in Head and Neck Squamous Cell Carcinoma animal models,SW-682 CAL-33 SCC-25 xenograft tumour growth inhibition monotherapy || SW-682 HNSCC xenograft tumour regression monotherapy || SW-682 CAL-33 SCC-25 tumour volume TGI,4,TV monotherapy induces tumor regression in xenograft ...,https://www.researchgate.net/figure/TV-monotherapy-induces-tumor-regression-in-xenograft-HNSCC-models-A-Cell-surface-TF_fig2_374705006,researchgate.net,,TV monotherapy induces tumor regression in xenograft ... TV monotherapy induces tumor regression in xenograft HNSCC models. HNSCC cell lines used to establish xenografts in mice as assessed with flow cytometry … was,,,
q017-batch,q017,SW-682 in vivo single-agent monotherapy tumour growth inhibition TGI tumour regression or shrinkage in Head and Neck Squamous Cell Carcinoma animal models,SW-682 CAL-33 SCC-25 xenograft tumour growth inhibition monotherapy || SW-682 HNSCC xenograft tumour regression monotherapy || SW-682 CAL-33 SCC-25 tumour volume TGI,5,Tumor growth inhibition (TGI)-monotherapy (a) and ...,https://www.researchgate.net/figure/Tumor-growth-inhibition-TGI-monotherapy-a-and-combination-therapy-b_fig2_6143099,researchgate.net,,Tumor growth inhibition (TGI)-monotherapy (a) and ... Capecitabine and bevacizumab have each been shown to inhibit tumor growth. Their combination failed to improve survival in a phase III trial of metastatic,,,
q018-batch,q018,"SPR2015 in vivo animal models and results: cell-line xenograft CDX, patient-derived xenograft PDX, syngeneic, orthotopic, or genetically engineered models",SPR2015 HNSCC in vivo xenograft || SPR2015 PDAC patient-derived xenograft || SPR2015 PDAC syngeneic model || SPR2015 PDAC genetically engineered mouse model || SPR2015 HPAC AsPC-1 tumour volume percentage inhibition,1,Development of gemcitabine-resistant patient-derived xenograft models of pancreatic ductal adenocarcinoma,https://www.oaepublish.com/articles/cdr.2020.35,oaepublish.com,2020-08-07,"* Home * Publish with us * Articles * Special Topics * Volumes * Features   Home Articles Volume 3, Issue 3 Article   Download PDF   Original Article Open Access 6 Aug 2020 Development of gemcitabine-resistant patient-derived xenograft models of pancreatic ductal adenocarcinoma We developed three PD",,,
q018-batch,q018,"SPR2015 in vivo animal models and results: cell-line xenograft CDX, patient-derived xenograft PDX, syngeneic, orthotopic, or genetically engineered models",SPR2015 HNSCC in vivo xenograft || SPR2015 PDAC patient-derived xenograft || SPR2015 PDAC syngeneic model || SPR2015 PDAC genetically engineered mouse model || SPR2015 HPAC AsPC-1 tumour volume percentage inhibition,2,Humanized Anti-Trop-2 IgG-SN-38 Conjugate for Effective Treatment of Diverse Epithelial Cancers: Preclinical Studies in Human Cancer Xenograft Models and Monkeys | Clinical Cancer Research | American Association for Cancer Research,https://aacrjournals.org/clincancerres/article/17/10/3157/11728/Humanized-Anti-Trop-2-IgG-SN-38-Conjugate-for,aacrjournals.org,2011-05-15,Skip to Main Content Skip Nav Destination Close navigation menu Article navigation Article Navigation Cancer Therapy: Preclinical | May 15 2011 Humanized Anti-Trop-2 IgG-SN-38 Conjugate for Effective Treatment of Diverse Epithelial Cancers: Preclinical Studies in Human Cancer Xenograft Models and Mo,,,
q018-batch,q018,"SPR2015 in vivo animal models and results: cell-line xenograft CDX, patient-derived xenograft PDX, syngeneic, orthotopic, or genetically engineered models",SPR2015 HNSCC in vivo xenograft || SPR2015 PDAC patient-derived xenograft || SPR2015 PDAC syngeneic model || SPR2015 PDAC genetically engineered mouse model || SPR2015 HPAC AsPC-1 tumour volume percentage inhibition,3,"
            Tumor-selective effects of active RAS inhibition in pancreatic ductal adenocarcinoma - PMC
        ",https://pmc.ncbi.nlm.nih.gov/articles/PMC10723304,pmc.ncbi.nlm.nih.gov,,"As >90% of human pancreatic ductal adenocarcinoma (PDAC) cases are driven by activating mutations in KRAS , we assessed the therapeutic potential of RMC-7977 in a comprehensive range of PDAC models, including human and murine cell lines, human patient-derived organoids, human PDAC explants, subcutan",,,
q018-batch,q018,"SPR2015 in vivo animal models and results: cell-line xenograft CDX, patient-derived xenograft PDX, syngeneic, orthotopic, or genetically engineered models",SPR2015 HNSCC in vivo xenograft || SPR2015 PDAC patient-derived xenograft || SPR2015 PDAC syngeneic model || SPR2015 PDAC genetically engineered mouse model || SPR2015 HPAC AsPC-1 tumour volume percentage inhibition,4,In vivo efficacy evaluation in AsPC-1 cell-derived xenograft ...,https://www.researchgate.net/figure/In-vivo-efficacy-evaluation-in-AsPC-1-cell-derived-xenograft-mice-model-n6_fig5_367275877,researchgate.net,, >  In vivo efficacy evaluation in AsPC-1 cell-derived xenograft ... In vivo efficacy evaluation in AsPC-1 cell-derived xenograft mice model ・ pancreatic ductal adenocarcinoma ・ investigated for inhibition cellular  >  In vivo efficacy evaluation in AsPC-1 cell-derived xenograft ... Compound 56 (Fig,,,
q018-batch,q018,"SPR2015 in vivo animal models and results: cell-line xenograft CDX, patient-derived xenograft PDX, syngeneic, orthotopic, or genetically engineered models",SPR2015 HNSCC in vivo xenograft || SPR2015 PDAC patient-derived xenograft || SPR2015 PDAC syngeneic model || SPR2015 PDAC genetically engineered mouse model || SPR2015 HPAC AsPC-1 tumour volume percentage inhibition,5,"Clinical, Molecular and Genetic Validation of a Murine Orthotopic Xenograft Model of Pancreatic Adenocarcinoma Using Fresh Human Specimens | PLOS One",https://journals.plos.org/plosone/article?id=10.1371%2Fjournal.pone.0077065,journals.plos.org,,"Here, we describe the establishment and clinical, pathological, molecular and genetic validation of a murine, orthotopic xenograft model of PDAC. The orthotopic xenograft model derived from fresh human PDACs closely recapitulates the clinical, pathologic, genetic and molecular aspects of human disea",,,
q019-batch,q019,"Innovent Biologics Inc. descriptions of IBI-3001's advantage over existing treatments for Head and Neck Squamous Cell Carcinoma in investor materials, earnings calls, investor day presentations, and press releases",IBI-3001 HNSCC investor presentation treatment advantage || IBI3001 recurrent metastatic HNSCC Innovent press release || IBI3001 HNSCC first-line standard of care comparison,1,Innovent Announces 2025 Interim Results and Business Updates,https://www.prnewswire.com/news-releases/innovent-announces-2025-interim-results-and-business-updates-302539881.html,prnewswire.com,2025-08-27,"* SINTBILO ® (tafolecimab injection): First PCSK-9 inhibitor successfully included in the NRDL, received approval by Macau ISAF in May 2025 * SYCUME ® ( teprotumumab N01 injection): First approved anti-IGF-1R monoclonal antibody, ending a 70-year drought of no new treatment options for thyroid eye d",,,
q019-batch,q019,"Innovent Biologics Inc. descriptions of IBI-3001's advantage over existing treatments for Head and Neck Squamous Cell Carcinoma in investor materials, earnings calls, investor day presentations, and press releases",IBI-3001 HNSCC investor presentation treatment advantage || IBI3001 recurrent metastatic HNSCC Innovent press release || IBI3001 HNSCC first-line standard of care comparison,2,/C O R R E C T I O N — Innovent Biologics/ | Morningstar,https://www.morningstar.com/news/pr-newswire/20260521cn65237/c-o-r-r-e-c-t-i-o-n-innovent-biologics,morningstar.com,,"/C O R R E C T I O N -- Innovent Biologics/ ## /C O R R E C T I O N -- Innovent Biologics/ PR Newswire SAN FRANCISCO and SUZHOU, China, May 21, 2026 In the news release, 2026 ASCO Abstract Highlights | Innovent Announces Preliminary PoC data of IBI363 (PD-1/IL-2α-bias bispecific fusion protein) in C",,,
q019-batch,q019,"Innovent Biologics Inc. descriptions of IBI-3001's advantage over existing treatments for Head and Neck Squamous Cell Carcinoma in investor materials, earnings calls, investor day presentations, and press releases",IBI-3001 HNSCC investor presentation treatment advantage || IBI3001 recurrent metastatic HNSCC Innovent press release || IBI3001 HNSCC first-line standard of care comparison,3,Innovent Announces 2025 Annual Results and Business Updates,http://prnewswire.com/news-releases/innovent-announces-2025-annual-results-and-business-updates-302725990.html,prnewswire.com,2026-03-26,"(Innovent) (HKEX: 01801), a world-class biopharmaceutical company that develops, manufactures and commercializes high-quality medicines for the treatment of oncologic, autoimmune, cardiovascular and metabolic, ophthalmologic, and other major diseases, announces its 2025 annual results and long-term ",,,
q019-batch,q019,"Innovent Biologics Inc. descriptions of IBI-3001's advantage over existing treatments for Head and Neck Squamous Cell Carcinoma in investor materials, earnings calls, investor day presentations, and press releases",IBI-3001 HNSCC investor presentation treatment advantage || IBI3001 recurrent metastatic HNSCC Innovent press release || IBI3001 HNSCC first-line standard of care comparison,4,Press Release,https://en.innoventbio.com/InvestorsAndMedia/PressReleaseDetail?key=557,en.innoventbio.com,,"Press Release Oct 22, 2025 — IBI3001, currently in a Phase 1 clinical trial, is a first-in-class bispecific ADC targeting B7-H3 and EGFR. It combines multiple anti-tumor",,,
q019-batch,q019,"Innovent Biologics Inc. descriptions of IBI-3001's advantage over existing treatments for Head and Neck Squamous Cell Carcinoma in investor materials, earnings calls, investor day presentations, and press releases",IBI-3001 HNSCC investor presentation treatment advantage || IBI3001 recurrent metastatic HNSCC Innovent press release || IBI3001 HNSCC first-line standard of care comparison,5,"IBI3001 / Innovent Biologics, Takeda, Fortvita Biologics",https://delta.larvol.com/Products?ProductId=9b437310-e3ab-4b3f-93e2-3f9bb486584c,delta.larvol.com,,[IBI3001: A potentially first-in-class site-specifically conjugated B7-H3/EGFR bispecific ADC for multiple solid tumors](https://delta.larvol.com/NewsItem/NewsItemID/f75aaaba-a6f0-4693-87d6-d4b0b42a2210/IBI3001 3a+A+potentially+first-in-class+site-specifically+conjugated+B7-H3 2fEGFR+bispecific+ADC+,,,
q020-batch,q020,"Inflammatory Bowel Disease competing agents in the same mechanistic class as JTO2, including Monoclonal Antibody and CXCL10 therapies",JTO2 CXCL10 inflammatory bowel disease competitors || JTO2 anti-CXCL10 monoclonal antibody IBD pipeline || JTO2 CXCL10 clinical trial inflammatory bowel disease,1,"
            New treatment options for inflammatory bowel diseases - PMC
        ",https://pmc.ncbi.nlm.nih.gov/articles/PMC5910475,pmc.ncbi.nlm.nih.gov,,"New treatment options for inflammatory bowel diseases Bram Verstockt 1 , Marc Ferrante 1 , Séverine Vermeire 1 , Gert Van Assche 1, ✉ * Author information * Article notes * Copyright and License information   PMCID: PMC5910475  PMID: 29556726 Abstract In the class of anti-cytokine agents, the anti-I",,,
q020-batch,q020,"Inflammatory Bowel Disease competing agents in the same mechanistic class as JTO2, including Monoclonal Antibody and CXCL10 therapies",JTO2 CXCL10 inflammatory bowel disease competitors || JTO2 anti-CXCL10 monoclonal antibody IBD pipeline || JTO2 CXCL10 clinical trial inflammatory bowel disease,2,IBD therapeutics: what is in the pipeline?,https://fg.bmj.com/content/flgastro/13/e1/e35.full.pdf,fg.bmj.com,,© Author(s) (or their employer(s)) 2022. No commercial re- use. See rights and permissions. Published by BMJ. ABSTRACT Inflammatory bowel disease (IBD) is an idiopathic long- term relapsing and remitting disorder including ulcerative colitis and Crohn’s disease. The aim of therapy is to induce and m,,,
q020-batch,q020,"Inflammatory Bowel Disease competing agents in the same mechanistic class as JTO2, including Monoclonal Antibody and CXCL10 therapies",JTO2 CXCL10 inflammatory bowel disease competitors || JTO2 anti-CXCL10 monoclonal antibody IBD pipeline || JTO2 CXCL10 clinical trial inflammatory bowel disease,3,"Eldelumab - Drug Targets, Indications, Patents  - Synapse",https://synapse.patsnap.com/drug/e45a4340e5a041bb979916de7a903dac,synapse.patsnap.com,,"* Drug Type Monoclonal antibody * Synonyms Anti-CXCL10 antibody, Anti-IP10 antibody, Eldelumab (USAN) + [2] * Target CXCL10 * Action antagonists * Mechanism CXCL10 antagonists(C-X-C motif chemokine ligand 10 antagonists) * Therapeutic Areas Immune System Diseases Digestive System Disorders Skin and ",,,
q020-batch,q020,"Inflammatory Bowel Disease competing agents in the same mechanistic class as JTO2, including Monoclonal Antibody and CXCL10 therapies",JTO2 CXCL10 inflammatory bowel disease competitors || JTO2 anti-CXCL10 monoclonal antibody IBD pipeline || JTO2 CXCL10 clinical trial inflammatory bowel disease,4,Innovative pipeline therapeutics in inflammatory bowel disease,https://www.ovid.com/journals/copha/fulltext/10.1016/j.coph.2025.102596~innovative-pipeline-therapeutics-in-inflammatory-bowel,ovid.com,," >  Innovative pipeline therapeutics in inflammatory... : Current ... This narrative review presents the latest evidence evaluating TL1A inhibition and bispecific antibodies, including the development pipeline for these molecules as innovative approaches for the next generation of IBD treatments.  >",,,
q020-batch,q020,"Inflammatory Bowel Disease competing agents in the same mechanistic class as JTO2, including Monoclonal Antibody and CXCL10 therapies",JTO2 CXCL10 inflammatory bowel disease competitors || JTO2 anti-CXCL10 monoclonal antibody IBD pipeline || JTO2 CXCL10 clinical trial inflammatory bowel disease,5,"JT-02(Jyant Technologies) - Drug Targets, Indications, Patents  - Synapse",https://synapse.patsnap.com/drug/b291dac8a0e24306a1bb17fa4b94e798,synapse.patsnap.com,,Products Data Feature Plans Request Demo Sign Up for Free Last update 08 May 2025 JT-02(Jyant Technologies) Last update 08 May 2025 Overview Basic Info * Drug Type Monoclonal antibody * Synonyms * Target CXCL10 * Action antagonists * Mechanism CXCL10 antagonists(C-X-C motif chemokine ligand 10 antag,,,
q021-batch,q021,"Crohn's Disease Ulcerative Colitis competing agents with the same mechanistic class as S1PR S1PR1 Sphingosine-1-phosphate receptor, including Small Molecule",Mocravimod IBD S1PR competitors licensing status || Mocravimod Crohn's disease ulcerative colitis S1PR1 agents || Mocravimod etrasimod ozanimod head-to-head IBD || Mocravimod IBD partnering in-licensing || Mocravimod ClinicalTrials.gov Crohn's ulcerative colitis,1,"Everest Medicines Announces that Licensing Partner Pfizer Reports Positive Topline Results from Yearlong Phase 3 Trial of Etrasimod in Ulcerative Colitis Patients, Underscoring Best-in-Class Potential",https://www.prnewswire.com/news-releases/everest-medicines-announces-that-licensing-partner-pfizer-reports-positive-topline-results-from-yearlong-phase-3-trial-of-etrasimod-in-ulcerative-colitis-patients-underscoring-best-in-class-potential-301513342.html,prnewswire.com,2022-03-30,"Accessibility Statement Skip Navigation Everest Medicines Announces that Licensing Partner Pfizer Reports Positive Topline Results from Yearlong Phase 3 Trial of Etrasimod in Ulcerative Colitis Patients, Underscoring Best-in-Class Potential News provided by Everest Medicines Mar 29, 2022, 20:00 ET S",,,
q021-batch,q021,"Crohn's Disease Ulcerative Colitis competing agents with the same mechanistic class as S1PR S1PR1 Sphingosine-1-phosphate receptor, including Small Molecule",Mocravimod IBD S1PR competitors licensing status || Mocravimod Crohn's disease ulcerative colitis S1PR1 agents || Mocravimod etrasimod ozanimod head-to-head IBD || Mocravimod IBD partnering in-licensing || Mocravimod ClinicalTrials.gov Crohn's ulcerative colitis,2,"
            Targeting the Sphingosine-1-Phosphate Pathway: New Opportunities in Inflammatory Bowel Disease Management - PMC
        ",https://pmc.ncbi.nlm.nih.gov/articles/PMC12057646,pmc.ncbi.nlm.nih.gov,,"Inflammatory bowel diseases (IBD), including Crohn’s disease (CD) and ulcerative colitis (UC) are chronic immune-mediated diseases which primarily target the intestines. Sphingosine-1-phosphate (S1P) is a bioactive metabolite of ceramide, which exerts its functions after binding to five G-protein-co",,,
q021-batch,q021,"Crohn's Disease Ulcerative Colitis competing agents with the same mechanistic class as S1PR S1PR1 Sphingosine-1-phosphate receptor, including Small Molecule",Mocravimod IBD S1PR competitors licensing status || Mocravimod Crohn's disease ulcerative colitis S1PR1 agents || Mocravimod etrasimod ozanimod head-to-head IBD || Mocravimod IBD partnering in-licensing || Mocravimod ClinicalTrials.gov Crohn's ulcerative colitis,3,"[PDF] Mocravimod, a Selective Sphingosine-1-Phosphate Receptor ...",https://www.astctjournal.org/article/S2666-6367(22)01741-9/pdf,astctjournal.org,,"[PDF] Mocravimod, a Selective Sphingosine-1-Phosphate Receptor ... Mocravimod (KRP203) is a novel, synthetic, amino-alcohol, sphingosine-1-phosphate receptor (S1PR) modulator that is phosphorylated in vivo  >  Mocravimod, a Selective Sphingosine-1-Phosphate ... by S Dertschnig · 2023 · Cited by 20 —",,,
q021-batch,q021,"Crohn's Disease Ulcerative Colitis competing agents with the same mechanistic class as S1PR S1PR1 Sphingosine-1-phosphate receptor, including Small Molecule",Mocravimod IBD S1PR competitors licensing status || Mocravimod Crohn's disease ulcerative colitis S1PR1 agents || Mocravimod etrasimod ozanimod head-to-head IBD || Mocravimod IBD partnering in-licensing || Mocravimod ClinicalTrials.gov Crohn's ulcerative colitis,4,The Current Sphingosine 1 Phosphate Receptor Modulators in the Management of Ulcerative Colitis,https://www.mdpi.com/2077-0383/14/10/3475,mdpi.com,2025-01-01,"Sphingosine 1 phosphate receptor (S1PR) modulators are the latest drug class to have received approval for the treatment of ulcerative colitis, and have brought a new mechanism of action to this landscape. This narrative review aims to distil the key trial data on the efficacy and safety of ozanimod",,,
q021-batch,q021,"Crohn's Disease Ulcerative Colitis competing agents with the same mechanistic class as S1PR S1PR1 Sphingosine-1-phosphate receptor, including Small Molecule",Mocravimod IBD S1PR competitors licensing status || Mocravimod Crohn's disease ulcerative colitis S1PR1 agents || Mocravimod etrasimod ozanimod head-to-head IBD || Mocravimod IBD partnering in-licensing || Mocravimod ClinicalTrials.gov Crohn's ulcerative colitis,5,Etrasimod: First Approval - PubMed,https://pubmed.ncbi.nlm.nih.gov/38388871,pubmed.ncbi.nlm.nih.gov,,"Etrasimod (VELSIPITY™) is an orally available, small-molecule selective sphingosine-1-phosphate (S1P) receptor modulator being developed by Pfizer for the treatment of ulcerative colitis and other immune-mediated inflammatory disorders. Etrasimod is selective for S1P receptor subtypes S1P 1 , S1P 4 ",,,
q022-batch,q022,"competing agents in the same mechanistic class for this indication Novel UC Treatment, Cosmo Health, Distal Ulcerative Colitis",Novel UC Treatment mechanism of action ulcerative colitis || Novel UC Treatment target mechanistic class UC || Novel UC Treatment Phase 2 competitor landscape ulcerative colitis,1,Study Details | NCT03341962 | Phase 2 Dose-finding IMU-838 for Ulcerative Colitis | ClinicalTrials.gov,https://clinicaltrials.gov/study/NCT03341962,clinicaltrials.gov,,"Phase 2 Dose-finding IMU-838 for Ulcerative Colitis (CALDOSE-1) Brief Summary This is a phase 2, multicenter, randomized, double-blind, placebo-controlled, dose-finding study to evaluate the efficacy and safety of IMU-838 for induction and maintenance therapy with an option for open-label treatment ",,,
q022-batch,q022,"competing agents in the same mechanistic class for this indication Novel UC Treatment, Cosmo Health, Distal Ulcerative Colitis",Novel UC Treatment mechanism of action ulcerative colitis || Novel UC Treatment target mechanistic class UC || Novel UC Treatment Phase 2 competitor landscape ulcerative colitis,2,"
            Current and Emerging Biologics for Ulcerative Colitis - PMC
        ",https://pmc.ncbi.nlm.nih.gov/articles/PMC4282853,pmc.ncbi.nlm.nih.gov,,"Conventional medical treatment for ulcerative colitis can have limited efficacy or severe adverse reactions requiring additional treatment or colectomy. Hence, different biological agents that target specific immunological pathways are being investigated for treating ulcerative colitis. 3 , 4 Howeve",,,
q022-batch,q022,"competing agents in the same mechanistic class for this indication Novel UC Treatment, Cosmo Health, Distal Ulcerative Colitis",Novel UC Treatment mechanism of action ulcerative colitis || Novel UC Treatment target mechanistic class UC || Novel UC Treatment Phase 2 competitor landscape ulcerative colitis,3,Therapeutic Class Overview Ulcerative Colitis Agents,https://www.medicaid.nv.gov/Downloads/provider/Ulcerative%20colitis%20agents%202014%2011.pdf,medicaid.nv.gov,2014-10-10,"Dosage Form/Strength Generic Availability Balsalazide (Colazal ® *, Giazo ® ) Treatment of mildly to moderately active UC in patients ≥5 years of age (Colazal ® ), treatment of mildly to moderately active UC in male patients ≥18 years of age (Giazo ® ) Capsule: 750 mg (Colazal ® ) Tablet: 1,100 mg (",,,
q022-batch,q022,"competing agents in the same mechanistic class for this indication Novel UC Treatment, Cosmo Health, Distal Ulcerative Colitis",Novel UC Treatment mechanism of action ulcerative colitis || Novel UC Treatment target mechanistic class UC || Novel UC Treatment Phase 2 competitor landscape ulcerative colitis,4,Landscape of new drugs and targets in inflammatory bowel ...,https://onlinelibrary.wiley.com/doi/10.1002/ueg2.12305,onlinelibrary.wiley.com,," >  Landscape of new drugs and targets in inflammatory bowel ... Sep 16, 2022 — Amiselimod, CBP-307, KRP203 and VTX002 are four oral S1P modulators actually under investigation in UC, Other mechanisms of action include anti  >  Landscape of new drugs and targets in inflammatory bowel ... Sep 16, 202",,,
q022-batch,q022,"competing agents in the same mechanistic class for this indication Novel UC Treatment, Cosmo Health, Distal Ulcerative Colitis",Novel UC Treatment mechanism of action ulcerative colitis || Novel UC Treatment target mechanistic class UC || Novel UC Treatment Phase 2 competitor landscape ulcerative colitis,5,"
            Novel treatment options for ulcerative colitis - PMC
        ",https://pmc.ncbi.nlm.nih.gov/articles/PMC3921900,pmc.ncbi.nlm.nih.gov,,"Novel treatment options for ulcerative colitis Byron P Vaughn 1 , Alan C Moss 1, * * Author information * Copyright and License information   PMCID: PMC3921900  NIHMSID: NIHMS550036  PMID: 24533177   The publisher's version of this article is available at Clin Investig (Lond) Abstract The approved t",,,
q023-batch,q023,"Inflammatory Bowel Diseases Mild-to-moderate ulcerative colitis Ulcerative Colitis competing agents with the same mechanistic class as Gut Microbiome Dysbiosis, including Live Biotherapeutic Product",VE202 Phase 2 current status licensing || MB310 Phase 2 Microbiotica licensing || SER-287 ulcerative colitis development status licensing || EXL01 ReMind Phase 2 licensing Crohn's disease,1,Study Details | NCT05684484 | Role of Roflumilast in Ulcerative Colitis | ClinicalTrials.gov,https://clinicaltrials.gov/study/NCT05684484,clinicaltrials.gov,,* Certification/extension first submitted that met QC criteria * Clinical study * Clinical trial * ClinicalTrials.gov identifier (NCT number) * Collaborator * Condition/disease * Contact * Cross-over assignment * Data Monitoring Committee (DMC) * Early Phase 1 (formerly listed as Phase 0) * Eligibil,,,
q023-batch,q023,"Inflammatory Bowel Diseases Mild-to-moderate ulcerative colitis Ulcerative Colitis competing agents with the same mechanistic class as Gut Microbiome Dysbiosis, including Live Biotherapeutic Product",VE202 Phase 2 current status licensing || MB310 Phase 2 Microbiotica licensing || SER-287 ulcerative colitis development status licensing || EXL01 ReMind Phase 2 licensing Crohn's disease,2,Exeliom Biosciences Announces First Patient Enrolled in Phase 1 ...,https://www.exeliombio.com/news/exeliom-biosciences-announces-first-patient-enrolled-in-phase-1-study-for-the-maintenance-in-remission-in-adult-patients-with-mild-to-moderate-crohns-disease,exeliombio.com,,"Mar 21, 2023 Exeliom Biosciences Announces First Patient Enrolled in Phase 1 Study for the Maintenance in Remission in Adult Patients With Mild to Moderate Crohn's Disease PARIS & DIJON, FRANCE, March 21, 2023 (Newswire.com) - Exeliom Biosciences, a biotechnology company, announced today the enrollm",,,
q023-batch,q023,"Inflammatory Bowel Diseases Mild-to-moderate ulcerative colitis Ulcerative Colitis competing agents with the same mechanistic class as Gut Microbiome Dysbiosis, including Live Biotherapeutic Product",VE202 Phase 2 current status licensing || MB310 Phase 2 Microbiotica licensing || SER-287 ulcerative colitis development status licensing || EXL01 ReMind Phase 2 licensing Crohn's disease,3,Microbiotica – Precision Microbiome Medicines,https://microbiotica.com/,microbiotica.com,,"Advancing our pipeline of clinic-ready defined live biotherapeutic products, with known mechanisms of action, for immuno-oncology and inflammatory bowel disease. Our pipeline Platform * Microbiotica Announces Positive Results from its Phase 1b Trial (MELODY-1) of MB097, a Precision Microbiome Co-The",,,
q023-batch,q023,"Inflammatory Bowel Diseases Mild-to-moderate ulcerative colitis Ulcerative Colitis competing agents with the same mechanistic class as Gut Microbiome Dysbiosis, including Live Biotherapeutic Product",VE202 Phase 2 current status licensing || MB310 Phase 2 Microbiotica licensing || SER-287 ulcerative colitis development status licensing || EXL01 ReMind Phase 2 licensing Crohn's disease,4," Microbiotica Announces Impressive Results in its Phase 1b Trial of MB310 in Ulcerative Colitis

 | The Manila Times ",https://www.manilatimes.net/2026/02/11/tmt-newswire/globenewswire/microbiotica-announces-impressive-results-in-its-phase-1b-trial-of-mb310-in-ulcerative-colitis/2275944,manilatimes.net,2026-02-11,"Scroll Up TMT Newswire right arrow GlobeNewswire Microbiotica Announces Impressive Results in its Phase 1b Trial of MB310 in Ulcerative Colitis By GlobeNewswire February 11, 2026 Resize * If confirmed in larger studies, MB310 has the potential to transform the management of ulcerative colitis by res",,,
q023-batch,q023,"Inflammatory Bowel Diseases Mild-to-moderate ulcerative colitis Ulcerative Colitis competing agents with the same mechanistic class as Gut Microbiome Dysbiosis, including Live Biotherapeutic Product",VE202 Phase 2 current status licensing || MB310 Phase 2 Microbiotica licensing || SER-287 ulcerative colitis development status licensing || EXL01 ReMind Phase 2 licensing Crohn's disease,5,MRM Health’s Lead Candidate MH002 Granted Fast Track Designation by U.S. FDA for the Treatment of Mild-to-Moderate Ulcerative Colitis,https://www.businesswire.com/news/home/20260430814717/en/MRM-Healths-Lead-Candidate-MH002-Granted-Fast-Track-Designation-by-U.S.-FDA-for-the-Treatment-of-Mild-to-Moderate-Ulcerative-Colitis,businesswire.com,2026-04-30,"Apr 30, 2026 4:17 PM Eastern Daylight Time MRM Health’s Lead Candidate MH002 Granted Fast Track Designation by U.S. FDA for the Treatment of Mild-to-Moderate Ulcerative Colitis Share GHENT, Belgium--( BUSINESS WIRE )-- MRM Health, a clinical-stage biopharmaceutical company developing therapeutics fo",,,
q024-batch,q024,Ulcerative Colitis competing agents in the same mechanistic class as ITGA4 ITGB7 Integrin Alpha-4 Beta-7 Integrin α4β7 Small Molecule therapies,emvistegrast α4β7 ulcerative colitis Phase 2 competitors || emvistegrast α4β7 ulcerative colitis pipeline Phase 3 || emvistegrast α4β7 ulcerative colitis licensing || emvistegrast integrin alpha-4 beta-7 ulcerative colitis clinical trial,1,"
            Etrolizumab for the Treatment of Ulcerative Colitis and Crohn’s Disease: An Overview of the Phase 3 Clinical Program - PMC
        ",https://pmc.ncbi.nlm.nih.gov/articles/PMC7467434,pmc.ncbi.nlm.nih.gov,,"Etrolizumab for the Treatment of Ulcerative Colitis and Crohn’s Disease: An Overview of the Phase 3 Clinical Program William J Sandborn 1, # , Severine Vermeire 2, # , Helen Tyrrell 3 , Azra Hassanali 4 , Stuart Lacey 3 , Swati Tole 4 , Amanda R Tatro 4, ✉ ; The Etrolizumab Global Steering Committee",,,
q024-batch,q024,Ulcerative Colitis competing agents in the same mechanistic class as ITGA4 ITGB7 Integrin Alpha-4 Beta-7 Integrin α4β7 Small Molecule therapies,emvistegrast α4β7 ulcerative colitis Phase 2 competitors || emvistegrast α4β7 ulcerative colitis pipeline Phase 3 || emvistegrast α4β7 ulcerative colitis licensing || emvistegrast integrin alpha-4 beta-7 ulcerative colitis clinical trial,2,"
        Etrasimod as induction and maintenance therapy for ulcerative colitis (ELEVATE): two randomised, double-blind, placebo-controlled, phase 3 studies
      -  Icahn School of Medicine at Mount Sinai",https://scholars.mssm.edu/en/publications/etrasimod-as-induction-and-maintenance-therapy-for-ulcerative-col,scholars.mssm.edu,,"Etrasimod as induction and maintenance therapy for ulcerative colitis (ELEVATE): two randomised, double-blind, placebo-controlled, phase 3 studies In these two phase 3 trials, we aimed to evaluate the safety and efficacy of etrasimod in adult patients with moderately to severely active ulcerative co",,,
q024-batch,q024,Ulcerative Colitis competing agents in the same mechanistic class as ITGA4 ITGB7 Integrin Alpha-4 Beta-7 Integrin α4β7 Small Molecule therapies,emvistegrast α4β7 ulcerative colitis Phase 2 competitors || emvistegrast α4β7 ulcerative colitis pipeline Phase 3 || emvistegrast α4β7 ulcerative colitis licensing || emvistegrast integrin alpha-4 beta-7 ulcerative colitis clinical trial,3,"Etrolizumab as induction therapy for ulcerative colitis: a randomised, controlled, phase 2 trial - PubMed",https://pubmed.ncbi.nlm.nih.gov/24814090,pubmed.ncbi.nlm.nih.gov,2014-07-26,"Etrolizumab as induction therapy for ulcerative colitis: a randomised, controlled, phase 2 trial Affiliations Expand Affiliations Etrolizumab as induction therapy for ulcerative colitis: a randomised, controlled, phase 2 trial Séverine Vermeire et al. Lancet . 2014 . Free article Show details Displa",,,
q024-batch,q024,Ulcerative Colitis competing agents in the same mechanistic class as ITGA4 ITGB7 Integrin Alpha-4 Beta-7 Integrin α4β7 Small Molecule therapies,emvistegrast α4β7 ulcerative colitis Phase 2 competitors || emvistegrast α4β7 ulcerative colitis pipeline Phase 3 || emvistegrast α4β7 ulcerative colitis licensing || emvistegrast integrin alpha-4 beta-7 ulcerative colitis clinical trial,4,"Emvistegrast - Drug Targets, Indications, Patents  - Synapse",https://synapse.patsnap.com/drug/af89e3ebb252478e983f2263a86ec636,synapse.patsnap.com,,"Products Data Feature Plans Request Demo Sign Up for Free Last update 08 Aug 2026 Emvistegrast Last update 08 Aug 2026 Overview Basic Info * Drug Type Small molecule drug * Synonyms GS 1427, GS-1427 * Target α4β7 * Action antagonists * Mechanism α4β7 antagonists(Integrin alpha-4/beta-7 antagonists) ",,,
q024-batch,q024,Ulcerative Colitis competing agents in the same mechanistic class as ITGA4 ITGB7 Integrin Alpha-4 Beta-7 Integrin α4β7 Small Molecule therapies,emvistegrast α4β7 ulcerative colitis Phase 2 competitors || emvistegrast α4β7 ulcerative colitis pipeline Phase 3 || emvistegrast α4β7 ulcerative colitis licensing || emvistegrast integrin alpha-4 beta-7 ulcerative colitis clinical trial,5,"
            Advancing therapeutic frontiers: a pipeline of novel drugs for UC management - PMC
        ",https://pmc.ncbi.nlm.nih.gov:443/articles/PMC12952356/,pmc.ncbi.nlm.nih.gov:443,,"numbers | Phase 2/3 | Program terminated 2023; failed to show benefit vs comparators α4β7 antagonist | Emvistegrast (GS-1427) | Oral α4β7 integrin inhibitor | NCT06290934 | Phase 2 | Primary completion Oct 2025, final completion Feb 2027 α4β7 antagonist | MORF-057 | Oral small-molecule inhibitor of ",,,
q025-batch,q025,"Ulcerative Colitis competing agents with the same mechanism of action as HEMAY007, targeting TNF-α Tumor Necrosis Factor Alpha",HEMAY007 ulcerative colitis anti-TNF Phase 2 competitors || HEMAY007 ulcerative colitis anti-TNF licensing availability || HEMAY007 TNF-alpha ulcerative colitis clinical development status || HEMAY007 ulcerative colitis anti-TNF biosimilar landscape,1,"Hemay007 - Drug Targets, Indications, Patents  - Synapse",https://synapse.patsnap.com/drug/c6cef31360b74c8b9fd3d4c563740a9e,synapse.patsnap.com,,Products Data Feature Plans Request Demo Sign Up for Free Last update 08 May 2025 Hemay007 Last update 08 May 2025 Overview Basic Info * Drug Type Small molecule drug * Synonyms * Target TNF-α * Action inhibitors * Mechanism TNF-α inhibitors(Tumor necrosis factor α inhibitors) * Therapeutic Areas Im,,,
q025-batch,q025,"Ulcerative Colitis competing agents with the same mechanism of action as HEMAY007, targeting TNF-α Tumor Necrosis Factor Alpha",HEMAY007 ulcerative colitis anti-TNF Phase 2 competitors || HEMAY007 ulcerative colitis anti-TNF licensing availability || HEMAY007 TNF-alpha ulcerative colitis clinical development status || HEMAY007 ulcerative colitis anti-TNF biosimilar landscape,2,Phase II Study of Hemay007 in Patients... | Clinical Trial,https://trial.medpath.com/clinical-trial/344309305b9245a0/nct03977480-multicenter-randomized-double-blind-placebo-controlled-clinical-hemay007-ulcerative-colitis,trial.medpath.com,,"Clinical Trials / NCT03977480 NCT03977480 Terminated Phase 2 A Multicenter, Randomized, Double-blind, Placebo Parallel Controlled Clinical Study on the Effecacy and Safety of Different Dosing Regimens of Hemay007 in Patients With Active Ulcerative Colitis Tianjin Hemay Pharmaceutical Co., Ltd 25site",,,
q025-batch,q025,"Ulcerative Colitis competing agents with the same mechanism of action as HEMAY007, targeting TNF-α Tumor Necrosis Factor Alpha",HEMAY007 ulcerative colitis anti-TNF Phase 2 competitors || HEMAY007 ulcerative colitis anti-TNF licensing availability || HEMAY007 TNF-alpha ulcerative colitis clinical development status || HEMAY007 ulcerative colitis anti-TNF biosimilar landscape,3,"
            Emerging drugs for the treatment of ulcerative colitis - PMC
        ",https://pmc.ncbi.nlm.nih.gov/articles/PMC4563345,pmc.ncbi.nlm.nih.gov,,"Keywords: adhesion molecules, biologic drugs, CD3, CTLA-4, IL-2 receptor, inflammatory bowel disease, MMX, PPAR-γ, probiotics, therapy, TNF-α, treatment, ulcerative colitis Until now, among this constantly expanding therapeutic class, the current market offers infliximab as the only option for the t",,,
q025-batch,q025,"Ulcerative Colitis competing agents with the same mechanism of action as HEMAY007, targeting TNF-α Tumor Necrosis Factor Alpha",HEMAY007 ulcerative colitis anti-TNF Phase 2 competitors || HEMAY007 ulcerative colitis anti-TNF licensing availability || HEMAY007 TNF-alpha ulcerative colitis clinical development status || HEMAY007 ulcerative colitis anti-TNF biosimilar landscape,4,Hemay Pharmaceutical Pty Ltd (Hemay Pharmaceutical Pty Ltd) - 药物管线_专利_临床试验_投融营收_最新药物:Hemay007,https://synapse.zhihuiya.com/organization/89e96363c322c7183ab587d4cba40b4c,synapse.zhihuiya.com,,产品 数据 资源 版本对比 预约演示 免费注册 更新于：2025-05-07 Hemay Pharmaceutical Pty Ltd 私营公司 私营公司 更新于：2025-05-07 概览 管线布局 药物交易 转化医学 营收 科研基金(NIH) 投资 融资 概览 关联 1 项与 Hemay Pharmaceutical Pty Ltd 相关的药物 Hemay007 * 靶点 TNF-α * 作用机制 TNF-α抑制剂 * 在研机构 峡江和美药业有限公司 [+1] * 原研机构 天津和美生物技术有限公司 * 在研适应症 类风湿关节炎 * 非在研适应症 溃疡性结肠炎 [+1] * 最高研发阶段 ,,,
q025-batch,q025,"Ulcerative Colitis competing agents with the same mechanism of action as HEMAY007, targeting TNF-α Tumor Necrosis Factor Alpha",HEMAY007 ulcerative colitis anti-TNF Phase 2 competitors || HEMAY007 ulcerative colitis anti-TNF licensing availability || HEMAY007 TNF-alpha ulcerative colitis clinical development status || HEMAY007 ulcerative colitis anti-TNF biosimilar landscape,5,"Hemay Pharmaceutical Pty Ltd - Drug pipelines, Patents, Clinical trials - Synapse",https://synapse.patsnap.com/organization/89e96363c322c7183ab587d4cba40b4c,synapse.patsnap.com,,Products Data Feature Plans Request Demo Sign Up for Free Last update 08 May 2025 Hemay Pharmaceutical Pty Ltd Private Company Private Company Last update 08 May 2025 Overview Pipeline Deal Translational Medicine Profit Grant & Funding(NIH) Investment Financing Overview Related 1 Drugs associated wi,,,
q026-batch,q026,BM-013 first regulatory approval or market launch year in acute myeloid leukemia,BM-013 acute myeloid leukemia regulatory approval launch || BM-013 BIMINI Biotech approval AML || BM-013 WASP AML clinical development forecast,1,"
            New Targeted Agents in Acute Myeloid Leukemia: New Hope on the Rise - PMC
        ",https://pmc.ncbi.nlm.nih.gov/articles/PMC6515298,pmc.ncbi.nlm.nih.gov,,"Besides, all transretinoic acid (ATRA) for the treatment of retinoic-acid receptor rearranged acute promyelocytic leukemia, midostaurin was the first drug approved in a genetic-specific, non-acute promyelocytic leukemia manner. GO received accelerated FDA approval in 2000 as a novel AML monotherapy ",,,
q026-batch,q026,BM-013 first regulatory approval or market launch year in acute myeloid leukemia,BM-013 acute myeloid leukemia regulatory approval launch || BM-013 BIMINI Biotech approval AML || BM-013 WASP AML clinical development forecast,2,Study Details | NCT04214249 | BLAST MRD AML-1: BLockade of PD-1 Added to Standard Therapy to Target Measurable Residual Disease in Acute Myeloid Leukemia 1- A Randomized Phase 2 Study of Anti-PD-1 Pembrolizumab in Combination With Intensive Chemotherapy as Frontline Therapy in Patients With Acute Myeloid Leukemia | ClinicalTrials.gov,https://clinicaltrials.gov/study/NCT04214249,clinicaltrials.gov,,BLAST MRD AML-1: BLockade of PD-1 Added to Standard Therapy to Target Measurable Residual Disease in Acute Myeloid Leukemia 1- A Randomized Phase 2 Study of Anti-PD-1 Pembrolizumab in Combination With Intensive Chemotherapy as Frontline Therapy in Patients With Acute Myeloid Leukemia Assessment of i,,,
q026-batch,q026,BM-013 first regulatory approval or market launch year in acute myeloid leukemia,BM-013 acute myeloid leukemia regulatory approval launch || BM-013 BIMINI Biotech approval AML || BM-013 WASP AML clinical development forecast,3,"
	Bristol Myers Squibb - U.S. Food and Drug Administration (FDA) Accepts for Priority Review Bristol Myers Squibb’s Application for CC-486 for Maintenance Treatment of Adult Patients in Remission with Acute Myeloid Leukemia
",https://news.bms.com/news/details/2020/US-Food-and-Drug-Administration-FDA-Accepts-for-Priority-Review-Bristol-Myers-Squibbs-Application-for-CC-486-for-Maintenance-Treatment-of-Adult-Patients-in-Remission-with-Acute-Myeloid-Leukemia/default.aspx,news.bms.com,,"May 01, 2020 See all press releases Sign up for email alerts See all press releases ### U.S. Food and Drug Administration (FDA) Accepts for Priority Review Bristol Myers Squibb’s Application for CC-486 for Maintenance Treatment of Adult Patients in Remission with Acute Myeloid Leukemia Download PDF ",,,
q026-batch,q026,BM-013 first regulatory approval or market launch year in acute myeloid leukemia,BM-013 acute myeloid leukemia regulatory approval launch || BM-013 BIMINI Biotech approval AML || BM-013 WASP AML clinical development forecast,4,FDA approves novel treatment for acute myeloid leukemia,https://www.damonrunyon.org/discovery/fda-approves-novel-treatment-acute-myeloid-leukemia,damonrunyon.org,,"FDA approves novel treatment for acute myeloid leukemia Apr 14, 2026 — With this expanded approval, the drug can now reach up to 40% of AML patients. But the path to approval began in 2016, when former Damon",,,
q026-batch,q026,BM-013 first regulatory approval or market launch year in acute myeloid leukemia,BM-013 acute myeloid leukemia regulatory approval launch || BM-013 BIMINI Biotech approval AML || BM-013 WASP AML clinical development forecast,5,"Acute Myeloid Leukemia with Myelodysplasia-Related Changes - Drugs, Targets, Patents - Synapse",https://synapse.patsnap.com/disease/7eb7ab92311b474d85e02269b2edc269,synapse.patsnap.com,,"* Synonyms AML with Myelodysplasia-Related Changes, Acute Myeloid Leukemia with Myelodysplasia-Related Changes, Acute Myeloid Leukemia, Myelodysplasia-Related + [13] * Inactive Indication Acute Myeloid Leukemia with FLT3/ITD Mutation [+9] * Drug Highest Phase Approved * First Approval Ctry. / Loc. U",,,
q027-batch,q027,HQL-79 in vivo single-agent monotherapy tumour growth inhibition TGI tumour regression tumour shrinkage in Pancreatic ductal adenocarcinoma animal models,HQL-79 pancreatic ductal adenocarcinoma in vivo || HQL-79 monotherapy PDAC xenograft || HQL-79 tumour regression animal model || HQL-79 tumour growth inhibition pancreatic cancer,1,Objective assessment of tumor regression in post-neoadjuvant therapy resections for pancreatic ductal adenocarcinoma: comparison of multiple tumor regression grading systems | Scientific Reports,https://www.nature.com/articles/s41598-020-74067-z,nature.com,2020-10-26,"Objective assessment of tumor regression in post-neoadjuvant therapy resections for pancreatic ductal adenocarcinoma: comparison of multiple tumor regression grading systems The annual incidence of pancreatic ductal adenocarcinoma (PDAC) has increased worldwide, and PDAC is a major cause of cancer-r",,,
q027-batch,q027,HQL-79 in vivo single-agent monotherapy tumour growth inhibition TGI tumour regression tumour shrinkage in Pancreatic ductal adenocarcinoma animal models,HQL-79 pancreatic ductal adenocarcinoma in vivo || HQL-79 monotherapy PDAC xenograft || HQL-79 tumour regression animal model || HQL-79 tumour growth inhibition pancreatic cancer,2,"
            Translational Learnings in the Development of Chemo-Immunotherapy Combination to Bypass the Cold Tumor Microenvironment in Pancreatic Ductal Adenocarcinoma - PMC
        ",https://pmc.ncbi.nlm.nih.gov/articles/PMC9159762,pmc.ncbi.nlm.nih.gov,,"Pancreatic ductal adenocarcinoma (PDAC) is among the most lethal cancers, with a 5-year relative survival rate of 5%. The desmoplastic stroma found in the tumor microenvironment of PDAC is suggested to be partly responsible for the resistance to most therapeutic strategies. Pancreatic ductal adenoca",,,
q027-batch,q027,HQL-79 in vivo single-agent monotherapy tumour growth inhibition TGI tumour regression tumour shrinkage in Pancreatic ductal adenocarcinoma animal models,HQL-79 pancreatic ductal adenocarcinoma in vivo || HQL-79 monotherapy PDAC xenograft || HQL-79 tumour regression animal model || HQL-79 tumour growth inhibition pancreatic cancer,3,"Structural and Functional Characterization of HQL-79, an ...",https://www.jbc.org/article/S0021-9258(20)55973-5/fulltext,jbc.org,,"Structural and Functional Characterization of HQL-79, an ... by K Aritake · 2006 · Cited by 139 — Orally administered HQL-79 at doses of 10 and 30 mg/kg decreased the PGD2 content in WT mice to the basal level and that in TG mice to 65 and 40%, respectively,  >  Structural and Functional Characteriz",,,
q027-batch,q027,HQL-79 in vivo single-agent monotherapy tumour growth inhibition TGI tumour regression tumour shrinkage in Pancreatic ductal adenocarcinoma animal models,HQL-79 pancreatic ductal adenocarcinoma in vivo || HQL-79 monotherapy PDAC xenograft || HQL-79 tumour regression animal model || HQL-79 tumour growth inhibition pancreatic cancer,4,Tumour-selective activity of RAS-GTP inhibition in pancreatic ...,https://pubmed.ncbi.nlm.nih.gov/38588697,pubmed.ncbi.nlm.nih.gov,,Tumour-selective activity of RAS-GTP inhibition in pancreatic ... by UN Wasko · 2024 · Cited by 246 — We observed broad and pronounced anti-tumour activity across models following direct RAS inhibition at exposures that were well-tolerated in vivo.,,,
q027-batch,q027,HQL-79 in vivo single-agent monotherapy tumour growth inhibition TGI tumour regression tumour shrinkage in Pancreatic ductal adenocarcinoma animal models,HQL-79 pancreatic ductal adenocarcinoma in vivo || HQL-79 monotherapy PDAC xenograft || HQL-79 tumour regression animal model || HQL-79 tumour growth inhibition pancreatic cancer,5,Pancreatic Ductal Adenocarcinoma: MicroRNAs Affecting ...,https://pmc.ncbi.nlm.nih.gov/articles/PMC6885366,pmc.ncbi.nlm.nih.gov,,Pancreatic Ductal Adenocarcinoma: MicroRNAs Affecting ... by UH WEIDLE · 2019 · Cited by 21 — In this review we have summarized microRNAs and corresponding targets which affect growth and metastasis of pancreatic tumors in preclinical mouse in vivo,,,
q028-batch,q028,HEC234055 in vivo monotherapy tumour growth inhibition TGI tumour regression tumour shrinkage in Pancreatic Ductal Adenocarcinoma animal models,HEC234055 monotherapy HPAC PDAC xenograft regression || HEC234055 PK-59 PDAC monotherapy tumour regression,1,"
            Human pancreatic adenocarcinoma contains a side population resistant to gemcitabine - PMC
        ",https://pmc.ncbi.nlm.nih.gov/articles/PMC3500221,pmc.ncbi.nlm.nih.gov,,"Human PDAC samples were expanded in immunodeficient mice and first-generation xenografts analyzed for the presence of a Hoechst dye-effluxing SP using flow cytometry (FACS). To investigate chemoresistance of the SP, mice bearing PDAC xenografts were treated with gemcitabine and SP proportion determi",,,
q028-batch,q028,HEC234055 in vivo monotherapy tumour growth inhibition TGI tumour regression tumour shrinkage in Pancreatic Ductal Adenocarcinoma animal models,HEC234055 monotherapy HPAC PDAC xenograft regression || HEC234055 PK-59 PDAC monotherapy tumour regression,2,"
            Clinical and Preclinical Targeting of Oncogenic Pathways in PDAC: Targeted Therapeutic Approaches for the Deadliest Cancer - PMC
        ",https://pmc.ncbi.nlm.nih.gov/articles/PMC10932149,pmc.ncbi.nlm.nih.gov,,"No discernible effect was evident in the clinical trials conducted to assess the effectiveness of MEK inhibitors, specifically selumetinib and trametinib, when administered as monotherapies in patients with advanced PDAC (selumetinib HR = 1.03, 80% CI 0.68–1.57, p value = 0.92; trametinib HR = 0.98,",,,
q028-batch,q028,HEC234055 in vivo monotherapy tumour growth inhibition TGI tumour regression tumour shrinkage in Pancreatic Ductal Adenocarcinoma animal models,HEC234055 monotherapy HPAC PDAC xenograft regression || HEC234055 PK-59 PDAC monotherapy tumour regression,3,"
            Recent advances in targeted therapy for pancreatic adenocarcinoma - PMC
        ",https://pmc.ncbi.nlm.nih.gov/articles/PMC10134207,pmc.ncbi.nlm.nih.gov,,"* Hyaluronic acid | mFOLFIRINOX + PEGPH20 | II | Metastatic PDAC | 55 | 4.3 | 7.7 | Ramanathan et al [ 169 ], 2019 * mFOLFIRINOX | 59 | 6.2 | 14.4 * MMP | GEM + Marimastat | NA | Advanced PC | 120 | NA | 5.51 | Bramhall et al [ 172 ], 2002 * GEM + Placebo | 119 | 5.47 * MMPs | Tanomastat | III | Adv",,,
q028-batch,q028,HEC234055 in vivo monotherapy tumour growth inhibition TGI tumour regression tumour shrinkage in Pancreatic Ductal Adenocarcinoma animal models,HEC234055 monotherapy HPAC PDAC xenograft regression || HEC234055 PK-59 PDAC monotherapy tumour regression,4,Molecular alterations and targeted therapy in pancreatic ductal adenocarcinoma | Journal of Hematology & Oncology | Springer Nature Link,https://link.springer.com/article/10.1186/s13045-020-00958-3,link.springer.com,2020-10-02,"``` ibition of EGFR and C-RAF led to complete tumour regression in murine PDAC models and human patient-derived xenografts [ [50](/article/10.1186/s13045-020-00958-3#ref-CR50 ""Blasco T, Navas C, Martı G. Complete Regression of Advanced Pancreatic Ductal Adenocarcinomas upon Combined Inhibition of EG",,,
q028-batch,q028,HEC234055 in vivo monotherapy tumour growth inhibition TGI tumour regression tumour shrinkage in Pancreatic Ductal Adenocarcinoma animal models,HEC234055 monotherapy HPAC PDAC xenograft regression || HEC234055 PK-59 PDAC monotherapy tumour regression,5,TV monotherapy induces tumor regression in xenograft ...,https://www.researchgate.net/figure/TV-monotherapy-induces-tumor-regression-in-xenograft-HNSCC-models-A-Cell-surface-TF_fig2_374705006,researchgate.net,,TV monotherapy induces tumor regression in xenograft ... TV monotherapy induces tumor regression in xenograft HNSCC models. used to establish xenografts in mice. Moderate and high expression in our sample was found,,,
q029-batch,q029,TP-317 in vivo monotherapy tumour growth inhibition TGI tumour regression tumour shrinkage in Pancreatic ductal adenocarcinoma animal models,TP-317 KPC pancreatic cancer tumour regression monotherapy || TP-317 KPC PDAC dose schedule monotherapy,1,"Mechanisms of Tumor Progression and Drug Resistance in Pancreatic Cancer Models (PANC-1, MiaPaCa-2, and BxPC-3 ) – A Review – Biomedical and Pharmacology Journal",https://biomedpharmajournal.org/vol19no2/mechanisms-of-tumor-progression-and-drug-resistance-in-pancreatic-cancer-models-panc-1-miapaca-2-and-bxpc-3-a-review,biomedpharmajournal.org,2026-06-25,"24 With an IC₅₀ of approximately 19.3 µg/mL and up to ~90 % inhibition at 32 µg/Ml, oridonin, a diterpenoid derived from Rabdosiarubescens, effectively inhibited cellular growth in a dose-dependent manner, according to MTT studies.In addition to its cytotoxic effects, oridonin greatly decreased the ",,,
q029-batch,q029,TP-317 in vivo monotherapy tumour growth inhibition TGI tumour regression tumour shrinkage in Pancreatic ductal adenocarcinoma animal models,TP-317 KPC pancreatic cancer tumour regression monotherapy || TP-317 KPC PDAC dose schedule monotherapy,2,"
            Proteolytic pan-RAS cleavage leads to tumor regression in patient-derived pancreatic cancer xenografts - PMC
        ",https://pmc.ncbi.nlm.nih.gov/articles/PMC9933180,pmc.ncbi.nlm.nih.gov,,"* Search in PMC * Search in PubMed * View in NLM Catalog * Add to search Proteolytic pan-RAS cleavage leads to tumor regression in patient-derived pancreatic cancer xenografts Vania Vidimar Vania Vidimar Overall, we report that RRSP-DT B strongly regresses hard-to-treat KRAS -mutant PDX models of pa",,,
q029-batch,q029,TP-317 in vivo monotherapy tumour growth inhibition TGI tumour regression tumour shrinkage in Pancreatic ductal adenocarcinoma animal models,TP-317 KPC pancreatic cancer tumour regression monotherapy || TP-317 KPC PDAC dose schedule monotherapy,3,"
            Genetically Engineered Mouse Models of Pancreatic Cancer: The KPC Model (LSL-KrasG12D/+;LSL-Trp53R172H/+;Pdx-1-Cre), Its Variants and Their Application in Immuno-oncology Drug Discovery - PMC
        ",https://pmc.ncbi.nlm.nih.gov/articles/PMC4915217,pmc.ncbi.nlm.nih.gov,,"Genetically Engineered Mouse Models of Pancreatic Cancer: The KPC Model ( LSL-Kras G12D/+ ;LSL-Trp53 R172H/+ ;Pdx-1-Cre) , Its Variants and Their Application in Immuno-oncology Drug Discovery Jae W Lee 1, 2 , Chad A Komar 1, 2 , Fee Bengsch 1, 2 , Kathleen Graham 1, 2 , Gregory L Beatty 1, 2, * Prec",,,
q029-batch,q029,TP-317 in vivo monotherapy tumour growth inhibition TGI tumour regression tumour shrinkage in Pancreatic ductal adenocarcinoma animal models,TP-317 KPC pancreatic cancer tumour regression monotherapy || TP-317 KPC PDAC dose schedule monotherapy,4,"
            Efficacy and Imaging-Enabled Pharmacodynamic Profiling of KRAS G12C Inhibitors in Xenograft and Genetically Engineered Mouse Models of Cancer - PMC
        ",https://pmc.ncbi.nlm.nih.gov/articles/PMC10320479,pmc.ncbi.nlm.nih.gov,2015-05-23,"Animals were randomized into treatment groups ( n = 10/group) and dosed once daily for 2 weeks with 10 mL/kg of vehicle or Compound A at 1, 5, and 30 mg/kg. We observed dose-dependent tumor growth inhibition (TGI), where 1, 5, and 30 mg/kg achieved 80.8% ( P = 0.15), 123.5% ( P = 0.0002), and 135.9%",,,
q029-batch,q029,TP-317 in vivo monotherapy tumour growth inhibition TGI tumour regression tumour shrinkage in Pancreatic ductal adenocarcinoma animal models,TP-317 KPC pancreatic cancer tumour regression monotherapy || TP-317 KPC PDAC dose schedule monotherapy,5,Preclinical Models of Pancreatic Ductal Adenocarcinoma ...,https://www.mdpi.com/2072-6694/13/3/440,mdpi.com,,"Preclinical Models of Pancreatic Ductal Adenocarcinoma ... by TND Pham · 2021 · Cited by 78 — In the KPC GEMM model, the combination of a CD40 agonist and gemcitabine induced tumor regression in 30% of tumor-bearing mice [74,75], similar",,,
q030-batch,q030,SGR-4174 in vivo single-agent monotherapy tumour growth inhibition TGI tumour regression or shrinkage in Pancreatic ductal adenocarcinoma animal models,SGR-4174 Mia PaCa2 monotherapy tumour regression xenograft || SGR-4174 PDAC xenograft tumour shrinkage single agent,1,Phase I clinical trial repurposing all-trans retinoic acid as a stromal targeting agent for pancreatic cancer | Nature Communications,https://www.nature.com/articles/s41467-020-18636-w,nature.com,2020-09-24,"Here, in a phase Ib, dose escalation and expansion, trial for patients with advanced, unresectable PDAC (n = 27), ATRA is re-purposed as a stromal-targeting agent in combination with gemcitabine-nab-paclitaxel chemotherapy using a two-step adaptive continual re-assessment method trial design. Furthe",,,
q030-batch,q030,SGR-4174 in vivo single-agent monotherapy tumour growth inhibition TGI tumour regression or shrinkage in Pancreatic ductal adenocarcinoma animal models,SGR-4174 Mia PaCa2 monotherapy tumour regression xenograft || SGR-4174 PDAC xenograft tumour shrinkage single agent,2,Z-360 Suppresses Tumor Growth in MIA PaCa-2-bearing Mice via Inhibition of Gastrin-induced Anti-Apoptotic Effects | Anticancer Research,https://ar.iiarjournals.org/content/37/8/4127,ar.iiarjournals.org,,"Background/Aim: The aim of the study was to evaluate the anti-tumor mechanism of Z-360, a gastrin/cholecystokinin-2 receptor (CCK2R) antagonist, in MIA PaCa-2 cells and in a subcutaneous xenograft mice model. Materials and Methods: The anti-tumor effects of Z-360 and/or gemcitabine were monitored us",,,
q030-batch,q030,SGR-4174 in vivo single-agent monotherapy tumour growth inhibition TGI tumour regression or shrinkage in Pancreatic ductal adenocarcinoma animal models,SGR-4174 Mia PaCa2 monotherapy tumour regression xenograft || SGR-4174 PDAC xenograft tumour shrinkage single agent,3,Schrödinger Presents New Preclinical Data at AACR Annual Meeting,https://s203.q4cdn.com/609444515/files/doc_news/Schrdinger-Presents-New-Preclinical-Data-at-AACR-Annual-Meeting-2025.pdf,s203.q4cdn.com,2025-04-28,"2025-04-28 Poster presentations include dose optimization data for novel Wee1/Myt1 co-inhibitor SGR-3515 and the rst characterization of SGR-4174, a novel SOS1 inhibitor CHICAGO--(BUSINESS WIRE)-- Schrödinger, Inc. (Nasdaq: SDGR) presented preclinical data on SGR-3515, its initial data from the ongo",,,
q030-batch,q030,SGR-4174 in vivo single-agent monotherapy tumour growth inhibition TGI tumour regression or shrinkage in Pancreatic ductal adenocarcinoma animal models,SGR-4174 Mia PaCa2 monotherapy tumour regression xenograft || SGR-4174 PDAC xenograft tumour shrinkage single agent,4,SGR-4174 / Schrodinger,https://delta.larvol.com/Products?ProductId=1b3e9eec-7ffe-4dfd-8404-27376217e477,delta.larvol.com,,"SGR-4174 / Schrodinger - LARVOL DELTA Home Next Prev 1 to 6 Of 6 Go to page 1 March 26, 2025 [Preclinical characterization of SGR-4174, a potent and selective SOS1 inhibitor for the treatment of pan KRAS mutant cancers in combination with KRAS pathway inhibitors](https://delta.larvol.com/NewsItem/Ne",,,
q030-batch,q030,SGR-4174 in vivo single-agent monotherapy tumour growth inhibition TGI tumour regression or shrinkage in Pancreatic ductal adenocarcinoma animal models,SGR-4174 Mia PaCa2 monotherapy tumour regression xenograft || SGR-4174 PDAC xenograft tumour shrinkage single agent,5,"Abstract 4376: Preclinical characterization of SGR-4174, a ...",https://www.researchgate.net/publication/390984579_Abstract_4376_Preclinical_characterization_of_SGR-4174_a_potent_and_selective_SOS1_inhibitor_for_the_treatment_of_pan_KRAS_mutant_cancers_in_combination_with_KRAS_pathway_inhibitors,researchgate.net,," >  Abstract 4376: Preclinical characterization of SGR-4174, a ... Apr 25, 2025 — In KRAS G12C tumor xenograft mouse models, SGR-4174 monotherapy demonstrated dose-dependent tumor growth inhibition and a decrease in the tumor  >  Abstract 4376: Preclinical characterization of SGR-4174, a ... Apr 25,",,,
q031-batch,q031,SPR2015 in vivo single-agent monotherapy tumour growth inhibition TGI tumour regression or shrinkage in Pancreatic ductal adenocarcinoma (PDAC) animal models,SPR2015 HPAC xenograft TGI percentage monotherapy || SPR2015 AsPC-1 xenograft tumour regression shrinkage || SPR2015 PDAC monotherapy xenograft tumour growth inhibition || SPR2015 HPAC AsPC-1 xenograft AACR 2026 abstract 5978,1,Extensive preclinical validation of combined RMC-4550 and LY3214996 supports clinical investigation for KRAS mutant pancreatic cancer: Cell Reports Medicine,https://www.cell.com/cell-reports-medicine/fulltext/S2666-3791(22)00374-3,cell.com,,"In vivo , we demonstrate good tolerability and efficacy of the combination, with significant tumor regression in multiple pancreatic ductal adenocarcinoma (PDAC) mouse models. Finally, we show evidence that 18 F-fluorodeoxyglucose (FDG) positron emission tomography (PET) can be used to assess early ",,,
q031-batch,q031,SPR2015 in vivo single-agent monotherapy tumour growth inhibition TGI tumour regression or shrinkage in Pancreatic ductal adenocarcinoma (PDAC) animal models,SPR2015 HPAC xenograft TGI percentage monotherapy || SPR2015 AsPC-1 xenograft tumour regression shrinkage || SPR2015 PDAC monotherapy xenograft tumour growth inhibition || SPR2015 HPAC AsPC-1 xenograft AACR 2026 abstract 5978,2,"
            Human pancreatic adenocarcinoma contains a side population resistant to gemcitabine - PMC
        ",https://pmc.ncbi.nlm.nih.gov/articles/PMC3500221,pmc.ncbi.nlm.nih.gov,,"Human PDAC samples were expanded in immunodeficient mice and first-generation xenografts analyzed for the presence of a Hoechst dye-effluxing SP using flow cytometry (FACS). To investigate chemoresistance of the SP, mice bearing PDAC xenografts were treated with gemcitabine and SP proportion determi",,,
q031-batch,q031,SPR2015 in vivo single-agent monotherapy tumour growth inhibition TGI tumour regression or shrinkage in Pancreatic ductal adenocarcinoma (PDAC) animal models,SPR2015 HPAC xenograft TGI percentage monotherapy || SPR2015 AsPC-1 xenograft tumour regression shrinkage || SPR2015 PDAC monotherapy xenograft tumour growth inhibition || SPR2015 HPAC AsPC-1 xenograft AACR 2026 abstract 5978,3,Preclinical pancreatic cancer mouse models for treatment with small molecule inhibitors: a systematic review and meta-analysis | Scientific Reports,https://www.nature.com/articles/s41598-025-25191-1,nature.com,2025-10-27,"Following a pre-registered PROSPERO protocol (CRD42022314932), literature searches in PubMed and Embase yielded 2972 articles, of which 297 were included for data extraction. Most studies used PDX models or MiaPaCa-2 and PANC-1 cell lines as heterotopic xenografts, with Foxn1 nu mice representing th",,,
q031-batch,q031,SPR2015 in vivo single-agent monotherapy tumour growth inhibition TGI tumour regression or shrinkage in Pancreatic ductal adenocarcinoma (PDAC) animal models,SPR2015 HPAC xenograft TGI percentage monotherapy || SPR2015 AsPC-1 xenograft tumour regression shrinkage || SPR2015 PDAC monotherapy xenograft tumour growth inhibition || SPR2015 HPAC AsPC-1 xenograft AACR 2026 abstract 5978,4,"Abstract 5978: SPR2015, a highly potent and selective KRAS G12D (on) inhibitor, exhibits favorable pharmacokinetic behavior and significant anti-tumor efficacy against colorectal cancer as monotherapy in preclinical models | Cancer Research | American Association for Cancer Research",https://aacrjournals.org/cancerres/article/86/7_Supplement/5978/778768/Abstract-5978-SPR2015-a-highly-potent-and,aacrjournals.org,2026-03-04,"Abstract 5978: SPR2015, a highly potent and selective KRAS G12D (on) inhibitor, exhibits favorable pharmacokinetic behavior and significant anti-tumor efficacy against colorectal cancer as monotherapy in preclinical models Free Although many KRAS G12D (off or on) selective inhibitors are currently i",,,
q031-batch,q031,SPR2015 in vivo single-agent monotherapy tumour growth inhibition TGI tumour regression or shrinkage in Pancreatic ductal adenocarcinoma (PDAC) animal models,SPR2015 HPAC xenograft TGI percentage monotherapy || SPR2015 AsPC-1 xenograft tumour regression shrinkage || SPR2015 PDAC monotherapy xenograft tumour growth inhibition || SPR2015 HPAC AsPC-1 xenograft AACR 2026 abstract 5978,5,Tumor growth inhibition (TGI)-monotherapy (a) and ...,https://www.researchgate.net/figure/Tumor-growth-inhibition-TGI-monotherapy-a-and-combination-therapy-b_fig2_6143099,researchgate.net,,Tumor growth inhibition (TGI)-monotherapy (a) and ... Capecitabine and bevacizumab have each been shown to inhibit tumor growth. Their combination failed to improve survival in a phase III trial of metastatic,,,
q032-batch,q032,PHY-003 in vivo single-agent monotherapy tumour growth inhibition TGI tumour regression tumour shrinkage in Head and Neck Squamous Cell Carcinoma animal models,PHY-003 HNSCC monotherapy xenograft tumour regression || PHY-003 HNSCC in vivo tumour growth inhibition dose || PHY-003 head and neck squamous cell carcinoma animal model efficacy,1,[PDF] Humanized patient-derived xenografts preserve tumour ... - bioRxiv,https://www.biorxiv.org/content/biorxiv/early/2026/06/08/2026.05.15.724697.full.pdf,biorxiv.org,,"head and neck tumours, or renal cell carcinomas that had been previously established as xenografts in NSG mice (Methods). Tumour fragments were engrafted at a mean of 23 weeks (range 22-42 weeks) after humanization (Supplementary Figure 1). Six humanized mice were not engrafted with tumours to serve",,,
q032-batch,q032,PHY-003 in vivo single-agent monotherapy tumour growth inhibition TGI tumour regression tumour shrinkage in Head and Neck Squamous Cell Carcinoma animal models,PHY-003 HNSCC monotherapy xenograft tumour regression || PHY-003 HNSCC in vivo tumour growth inhibition dose || PHY-003 head and neck squamous cell carcinoma animal model efficacy,2,PF-3644022 (CAS Number: 1276121-88-0),https://www.caymanchem.com/product/19185/pf-3644022,caymanchem.com,,Hold up a product vial to scan the data matrix. Log In Register Distributors Contact Us PRODUCTS SERVICES CGMP/APIs FORENSICS RESOURCES LITERATURE ACCOUNT PF-3644022 Item No. 19185 Product Insert (PDF) Safety Data Sheet (SDS) (PDF) Find Certificates of Analysis 1 mg $40 Add 5 mg $158 Add 10 mg $296 ,,,
q032-batch,q032,PHY-003 in vivo single-agent monotherapy tumour growth inhibition TGI tumour regression tumour shrinkage in Head and Neck Squamous Cell Carcinoma animal models,PHY-003 HNSCC monotherapy xenograft tumour regression || PHY-003 HNSCC in vivo tumour growth inhibition dose || PHY-003 head and neck squamous cell carcinoma animal model efficacy,3,Models of head and neck squamous cell carcinoma using bioengineering approaches - ScienceDirect,https://www.sciencedirect.com/science/article/abs/pii/S1040842822001482,sciencedirect.com,2022-07-01,"Critical Reviews in Oncology/Hematology Volume 175 , July 2022, 103724 Critical Reviews in Oncology/Hematology Models of head and neck squamous cell carcinoma using bioengineering approaches * • HNSCC is characterized by early metastasis, rapid progression, and a set of specificities. * • Bioenginee",,,
q032-batch,q032,PHY-003 in vivo single-agent monotherapy tumour growth inhibition TGI tumour regression tumour shrinkage in Head and Neck Squamous Cell Carcinoma animal models,PHY-003 HNSCC monotherapy xenograft tumour regression || PHY-003 HNSCC in vivo tumour growth inhibition dose || PHY-003 head and neck squamous cell carcinoma animal model efficacy,4,TV monotherapy induces tumor regression in xenograft ...,https://www.researchgate.net/figure/TV-monotherapy-induces-tumor-regression-in-xenograft-HNSCC-models-A-Cell-surface-TF_fig2_374705006,researchgate.net,,TV monotherapy induces tumor regression in xenograft ... TV monotherapy induces tumor regression in xenograft HNSCC models. HNSCC cell lines used to establish xenografts in mice as assessed with flow cytometry … was,,,
q032-batch,q032,PHY-003 in vivo single-agent monotherapy tumour growth inhibition TGI tumour regression tumour shrinkage in Head and Neck Squamous Cell Carcinoma animal models,PHY-003 HNSCC monotherapy xenograft tumour regression || PHY-003 HNSCC in vivo tumour growth inhibition dose || PHY-003 head and neck squamous cell carcinoma animal model efficacy,5,Enhanced Inhibition of HNSCC Growth by α-Tomatine and ...,https://www.mdpi.com/1420-3049/31/7/1084,mdpi.com,,"Enhanced Inhibition of HNSCC Growth by α-Tomatine and ... by AR Han · 2026 — These results demonstrate that combined α-tomatine and cisplatin treatment more effectively inhibits tumor growth in vivo than either agent alone,",,,
q033-batch,q033,DXP-007 sponsor development stage indication public source,DXP-007 sponsor || DXP-007 development stage || DXP-007 inflammatory bowel disease,1,"DXC-007 - Drug Targets, Indications, Patents  - Synapse",https://synapse.patsnap.com/drug/334526016cad49249b16618e0471c3c3,synapse.patsnap.com,,"Products Data Feature Plans Request Demo Sign Up for Free Last update 24 May 2025 DXC-007 Last update 24 May 2025 Overview Basic Info * Drug Type Antibody drug conjugate (ADC) * Synonyms DXC 007, DXC-007, DXC007 * Target CD33 x Tubulin * Action inhibitors * Mechanism CD33 inhibitors(Myeloid cell sur",,,
q033-batch,q033,DXP-007 sponsor development stage indication public source,DXP-007 sponsor || DXP-007 development stage || DXP-007 inflammatory bowel disease,2,Study Details | NCT07113522 | A Phase 2 Study to Evaluate Therapies for Inflammatory Bowel Disease | ClinicalTrials.gov,https://clinicaltrials.gov/study/NCT07113522,clinicaltrials.gov,,Show glossary Search for terms Hide glossary Study record managers: refer to the Data Element Definitions if submitting registration or results information.,,,
q033-batch,q033,DXP-007 sponsor development stage indication public source,DXP-007 sponsor || DXP-007 development stage || DXP-007 inflammatory bowel disease,3,Study Details | NCT06721962 | Treatment of Moderate to Severe Refractory Crohn's Disease | ClinicalTrials.gov,https://clinicaltrials.gov/study/NCT06721962,clinicaltrials.gov,,* Certification/extension first submitted that met QC criteria * Clinical study * Clinical trial * ClinicalTrials.gov identifier (NCT number) * Collaborator * Condition/disease * Contact * Cross-over assignment * Data Monitoring Committee (DMC) * Early Phase 1 (formerly listed as Phase 0) * Eligibil,,,
q033-batch,q033,DXP-007 sponsor development stage indication public source,DXP-007 sponsor || DXP-007 development stage || DXP-007 inflammatory bowel disease,4,Current scenario in inflammatory bowel disease: Drug development ...,https://link.springer.com/content/pdf/10.1016/j.pharep.2014.09.005.pdf?pdf=button,link.springer.com,," >  Current scenario in inflammatory bowel disease: Drug development ... The current status of different therapeutic drugs in Phase I, II and III clinical trials for the treatment of IBD. NCT number. Study drug. Sponsors. CT phase/",,,
q033-batch,q033,DXP-007 sponsor development stage indication public source,DXP-007 sponsor || DXP-007 development stage || DXP-007 inflammatory bowel disease,5,产品管线,https://singlomics.com/pipeline,singlomics.com,,产品管线 DXP-007 是一款靶向TREM-1 的单克隆拮抗剂抗体。TREM-1 是髓系免疫驱动炎症反应的重要放大器。 TREM-1 在炎症性肠病（,,,
q034-batch,q034,Compound 18l first regulatory approval or market launch year for acute myeloid leukemia,Compound 18l ALKBH5 AML regulatory approval launch year,1,"Acute Myeloid Leukemia (AML) Medication: Antineoplastics, Antimetabolites, Antineoplastics, Anthracyclines, Antineoplastics, Tyrosine Kinase Inhibitor, Antineoplastics, Hedgehog Pathway Inhibitor, Bcl-2 Inhibitor, IDH Inhibitors, Menin Inhibitors, Antineoplastics, Alkylating, Antineoplastics, DNA Methylation Inhibitors, Antineoplastics, Anthracenediones",https://emedicine.medscape.com/article/197802-medication,emedicine.medscape.com,2026-06-11,"Cytarabine (Cytosar U, DepoCyt) > Midostaurin (Rydapt) It is indicated in combination with standard cytarabine and daunorubicin induction and cytarabine consolidation chemotherapy, for adults with newly diagnosed acute myeloid leukemia (AML) who are FLT3 mutation-positive, as detected by an FDA-appr",,,
q034-batch,q034,Compound 18l first regulatory approval or market launch year for acute myeloid leukemia,Compound 18l ALKBH5 AML regulatory approval launch year,2,RNA demethylase ALKBH5 - Homo sapiens (Human),https://www.uniprot.org/uniprotkb/Q6P6C2/entry,uniprot.org,,* Protein RNA demethylase ALKBH5 * Gene ALKBH5 * Status UniProtKB reviewed (Swiss-Prot) * Organism Homo sapiens (Human) * Amino acids 394 (go to sequence) * Protein existence Evidence at protein level * Annotation score 5/5 Tools Download Add Add a publication Entry feedback Entry Variant viewer Fea,,,
q034-batch,q034,Compound 18l first regulatory approval or market launch year for acute myeloid leukemia,Compound 18l ALKBH5 AML regulatory approval launch year,3,"Genentech: Press Releases | Wednesday, Nov 21, 2018",https://www.gene.com/media/press-releases/14766/2018-11-21/genentech-announces-fda-grants-venclexta,gene.com,,"Genentech Announces FDA Grants Venclexta Accelerated Approval for People With Newly-Diagnosed Acute Myeloid Leukemia or Those Who Are Ineligible For Intensive Induction Chemotherapy Approval based on two studies that showed durable remissions in people with newly-diagnosed acute myeloid leukemia, wh",,,
q034-batch,q034,Compound 18l first regulatory approval or market launch year for acute myeloid leukemia,Compound 18l ALKBH5 AML regulatory approval launch year,4,FDA approves new drug to treat advanced AML in adults,https://bloodcancerunited.org/resources/newsroom/fda-approves-new-drug-treat-advanced-aml-adults,bloodcancerunited.org,,"FDA approves new drug to treat advanced AML in adults Nov 13, 2025 — The menin inhibitor revumenib recently received a second FDA approval for the treatment of AML. In the early 2000s, Blood Cancer United",,,
q034-batch,q034,Compound 18l first regulatory approval or market launch year for acute myeloid leukemia,Compound 18l ALKBH5 AML regulatory approval launch year,5,FDA approves novel treatment for acute myeloid leukemia,https://www.damonrunyon.org/discovery/fda-approves-novel-treatment-acute-myeloid-leukemia,damonrunyon.org,,"FDA approves novel treatment for acute myeloid leukemia Apr 14, 2026 — In October 2025, the Food and Drug Administration approved a drug known as revumenib for adults and children with NPM1-mutated AML.",,,
q035-batch,q035,BS-HH-002 first regulatory approval or market launch year in acute myeloid leukemia,BS-HH-002 regulatory approval AML || BS-HH-002 market launch AML || BS-HH-002 Bensheng Pharma AML clinical development || BS-HH-002 expected approval year || BS-HH-002 first patient AML,1,"Study Details | NCT04743115 | A Phase I, Open-Label, Dose Escalation and Cohort Expansion Study of BS HH 002.SA in Patients With AML and MDS | ClinicalTrials.gov",https://clinicaltrials.gov/study/NCT04743115,clinicaltrials.gov,,"A Phase I, Open-Label, Dose Escalation and Cohort Expansion Study of BS HH 002.SA in Patients With AML and MDS 1. To determine the maximum tolerated dose (MTD) of BS HH 002.SA administered subcutaneously once per day for 12 days of a 28-day cycle. Secondary Objectives: 2. To provide an initial safet",,,
q035-batch,q035,BS-HH-002 first regulatory approval or market launch year in acute myeloid leukemia,BS-HH-002 regulatory approval AML || BS-HH-002 market launch AML || BS-HH-002 Bensheng Pharma AML clinical development || BS-HH-002 expected approval year || BS-HH-002 first patient AML,2,"
            Novel agents and regimens in acute myeloid leukemia: latest updates from 2022 ASH Annual Meeting - PMC
        ",https://pmc.ncbi.nlm.nih.gov/articles/PMC9983204,pmc.ncbi.nlm.nih.gov,,"Developments in investigational agents and novel regimens in acute myeloid leukemia (AML) were reported in the 2022 American Society of Hematology (ASH) annual meeting. Encouraging efficacy data were presented from first-in-human studies of two investigational menin inhibitors, SNDX-5613 and KO-539,",,,
q035-batch,q035,BS-HH-002 first regulatory approval or market launch year in acute myeloid leukemia,BS-HH-002 regulatory approval AML || BS-HH-002 market launch AML || BS-HH-002 Bensheng Pharma AML clinical development || BS-HH-002 expected approval year || BS-HH-002 first patient AML,3,"A Phase I, Open-Label, Dose Escalation and Cohort Expansion Study of BS HH 002.SA in Patients With AML and MDS | Smart Patients",https://www.smartpatients.com/trials/NCT04743115,smartpatients.com,,"Smart Patients logo * conversations * communities * partners   sign in * trials * NCT04743115 A Phase I, Open-Label, Dose Escalation and Cohort Expansion Study of BS HH 002.SA in Patients With AML and MDS You can join Smart Patients to discuss this trial with other members. Overview * Status | Unkno",,,
q035-batch,q035,BS-HH-002 first regulatory approval or market launch year in acute myeloid leukemia,BS-HH-002 regulatory approval AML || BS-HH-002 market launch AML || BS-HH-002 Bensheng Pharma AML clinical development || BS-HH-002 expected approval year || BS-HH-002 first patient AML,4,Bensheng Pharma Trials,https://sigma.larvol.com/company.php?e1=900195&sourcepg=TZC&tab=OTTtrac,sigma.larvol.com,,"Bensheng Pharma Trials A Phase I, Open-Label, Dose Escalation and Cohort Expansion Study of BS HH 002.SA in Patients With AML and MDS. Shanghai Bensen Pharmaceutical Co., Ltd. Acute",,,
q035-batch,q035,BS-HH-002 first regulatory approval or market launch year in acute myeloid leukemia,BS-HH-002 regulatory approval AML || BS-HH-002 market launch AML || BS-HH-002 Bensheng Pharma AML clinical development || BS-HH-002 expected approval year || BS-HH-002 first patient AML,5,Therapeutic effects of an innovative BS-HH-002 drug on pancreatic cancer cells via induction of complete MCL-1 degradation,https://pubmed.ncbi.nlm.nih.gov/34847421,pubmed.ncbi.nlm.nih.gov,2022-01-01,"Therapeutic effects of an innovative BS-HH-002 drug on pancreatic cancer cells via induction of complete MCL-1 degradation Transl Oncol . 2022 Jan;15(1):101288. doi: 10.1016/j.tranon.2021.101288. Epub 2021 Nov 27. Authors A-Min Wang 1 , Ru Qiu 2 , Duo Zhang 3 , Xiao-Yan Zhao 4 Affiliations BS-HH-002",,,
q036-batch,q036,VAR-101 in vivo monotherapy tumour growth inhibition TGI tumour regression tumour shrinkage in Pancreatic Ductal Carcinoma animal models,VAR-101 pancreatic ductal carcinoma monotherapy xenograft TGI || VAR-101 pancreatic cancer tumour regression animal model || VAR-101 aPKCi PDAC in vivo efficacy monotherapy,1,"
            Recent advances in targeted therapy for pancreatic adenocarcinoma - PMC
        ",https://pmc.ncbi.nlm.nih.gov/articles/PMC10134207,pmc.ncbi.nlm.nih.gov,,"The PubMed database was also queried to search for information about the pathogenesis and molecular pathways of pancreatic cancer using the keywords pancreatic cancer and molecular pathways. Keywords: Pancreatic carcinoma, Targeted therapy, Cancer stem cell, Monoclonal antibody, Epigenetic modifier ",,,
q036-batch,q036,VAR-101 in vivo monotherapy tumour growth inhibition TGI tumour regression tumour shrinkage in Pancreatic Ductal Carcinoma animal models,VAR-101 pancreatic ductal carcinoma monotherapy xenograft TGI || VAR-101 pancreatic cancer tumour regression animal model || VAR-101 aPKCi PDAC in vivo efficacy monotherapy,2,Insights into gemcitabine resistance in pancreatic cancer: association with metabolic reprogramming and TP53 pathogenicity in patient derived xenografts | Journal of Translational Medicine | Springer Nature Link,https://link.springer.com/article/10.1186/s12967-024-05528-6,link.springer.com,2024-08-05,Similar content being viewed by others cNEK6 induces gemcitabine resistance by promoting glycolysis in pancreatic ductal adenocarcinoma via the SNRPA/PPA2c/mTORC1 axis Article Open access 11 October 2024 TPX2 expression as a negative predictor of gemcitabine efficacy in pancreatic cancer Article Ope,,,
q036-batch,q036,VAR-101 in vivo monotherapy tumour growth inhibition TGI tumour regression tumour shrinkage in Pancreatic Ductal Carcinoma animal models,VAR-101 pancreatic ductal carcinoma monotherapy xenograft TGI || VAR-101 pancreatic cancer tumour regression animal model || VAR-101 aPKCi PDAC in vivo efficacy monotherapy,3,"
            Progress in Animal Models of Pancreatic Ductal Adenocarcinoma - PMC
        ",https://pmc.ncbi.nlm.nih.gov/articles/PMC6995380,pmc.ncbi.nlm.nih.gov,2014-01-20,"A large number of animal models of pancreatic cancer are currently available, including a cancer cell line-based xenograft, a patient-derived xenograft, several mouse models (including transgenic mice), and organoid models. Specifically, pancreatic ductal adenocarcinoma (PDAC) mostly develops from p",,,
q036-batch,q036,VAR-101 in vivo monotherapy tumour growth inhibition TGI tumour regression tumour shrinkage in Pancreatic Ductal Carcinoma animal models,VAR-101 pancreatic ductal carcinoma monotherapy xenograft TGI || VAR-101 pancreatic cancer tumour regression animal model || VAR-101 aPKCi PDAC in vivo efficacy monotherapy,4,Spontaneous and Induced Animal Models for Cancer ...,https://www.mdpi.com/2075-4418/10/9/660,mdpi.com,,Spontaneous and Induced Animal Models for Cancer ... by A Onaciu · 2020 · Cited by 132 — The laboratory mouse is the most common animal model used in cancer research … irinotecan and temozolomide have contributed to a powerful tumor regression [182,,,
q036-batch,q036,VAR-101 in vivo monotherapy tumour growth inhibition TGI tumour regression tumour shrinkage in Pancreatic Ductal Carcinoma animal models,VAR-101 pancreatic ductal carcinoma monotherapy xenograft TGI || VAR-101 pancreatic cancer tumour regression animal model || VAR-101 aPKCi PDAC in vivo efficacy monotherapy,5,In vivo assessment of treatment response in a xenograft ...,https://www.researchgate.net/figure/n-vivo-assessment-of-treatment-response-in-a-xenograft-and-in-an-orthotopic-PDAC-model_fig2_365978602,researchgate.net,,"In vivo assessment of treatment response in a xenograft ... Notably, apMNKQ2 strongly targeted PDAC CSCs, reducing CD24, CD133, CXCR4 and ALDH expression, clonogenicity and in vivo tumor initiation over 600-fold. Free",,,
q037-batch,q037,IPS-06061 in vivo single-agent monotherapy tumour growth inhibition TGI tumour regression tumour shrinkage in KRAS G12D Mutant Pancreatic Ductal Adenocarcinoma animal models,IPS-06061 AsPC-1 xenograft tumour regression || IPS-06061 30 mg/kg TGI AsPC-1 || IPS-06061 day 28 tumour volume AsPC-1 || IPS-06061 tumour shrinkage pancreatic cancer xenograft,1,Targeted Therapy in Pancreatic Ductal Adenocarcinoma: Current Advances and Challenges,https://www.mdpi.com/1718-7729/33/8/452,mdpi.com,,"New therapies that directly target KRAS and RAS, key cancer-driving proteins found in most pancreatic cancers, represent a major breakthrough and are showing promising results. Results : Pancreatic cancer is driven mainly by somatic changes in KRAS, TP53, CDKN2A, and SMAD4. Globally, pancreatic canc",,,
q037-batch,q037,IPS-06061 in vivo single-agent monotherapy tumour growth inhibition TGI tumour regression tumour shrinkage in KRAS G12D Mutant Pancreatic Ductal Adenocarcinoma animal models,IPS-06061 AsPC-1 xenograft tumour regression || IPS-06061 30 mg/kg TGI AsPC-1 || IPS-06061 day 28 tumour volume AsPC-1 || IPS-06061 tumour shrinkage pancreatic cancer xenograft,2,Efficacy and safety signals from early-phase studies of KRAS inhibition in pancreatic cancer | Scientific Reports,https://www.nature.com/articles/s41598-026-40757-3,nature.com,2026-03-11,1. nature 2. scientific reports 3. articles 4. article   Efficacy and safety signals from early-phase studies of KRAS inhibition in pancreatic cancer   Download PDF   Download PDF * Article * Open access * Published: 11 March 2026 Efficacy and safety signals from early-phase studies of KRAS inhibiti,,,
q037-batch,q037,IPS-06061 in vivo single-agent monotherapy tumour growth inhibition TGI tumour regression tumour shrinkage in KRAS G12D Mutant Pancreatic Ductal Adenocarcinoma animal models,IPS-06061 AsPC-1 xenograft tumour regression || IPS-06061 30 mg/kg TGI AsPC-1 || IPS-06061 day 28 tumour volume AsPC-1 || IPS-06061 tumour shrinkage pancreatic cancer xenograft,3,"
            Reshaping the Tumor Microenvironment of KRASG12D Pancreatic Ductal Adenocarcinoma with Combined SOS1 and MEK Inhibition for Improved Immunotherapy Response - PMC
        ",https://pmc.ncbi.nlm.nih.gov/articles/PMC11191876,pmc.ncbi.nlm.nih.gov,,"KRAS mutations are one of the most prevalent oncogenic alterations in cancer, occurring in roughly 30% of all cancer types ( 1 ). In pancreatic ductal adenocarcinoma (PDAC), nearly 90% of all patients harbor a KRAS mutation ( 2 ) and these mutations are implicated in the initiation, maintenance, and",,,
q037-batch,q037,IPS-06061 in vivo single-agent monotherapy tumour growth inhibition TGI tumour regression tumour shrinkage in KRAS G12D Mutant Pancreatic Ductal Adenocarcinoma animal models,IPS-06061 AsPC-1 xenograft tumour regression || IPS-06061 30 mg/kg TGI AsPC-1 || IPS-06061 day 28 tumour volume AsPC-1 || IPS-06061 tumour shrinkage pancreatic cancer xenograft,4,"Quarterly Report for Quarter Ending September 30, 2025 (Form ...",https://www.publicnow.com/view/24C11F6F52AF490DE9F61C46E1B4B22A67C29E6E,publicnow.com,,"Quarterly Report for Quarter Ending September 30, 2025 (Form ... ... TGI ... mg/kg in an AsPC-1 KRASG12Dtumor-bearing mouse model. In the same model, CGT9109 also demonstrated robust tumor regression when dosed PO BID at 30 mg/kg.",,,
q037-batch,q037,IPS-06061 in vivo single-agent monotherapy tumour growth inhibition TGI tumour regression tumour shrinkage in KRAS G12D Mutant Pancreatic Ductal Adenocarcinoma animal models,IPS-06061 AsPC-1 xenograft tumour regression || IPS-06061 30 mg/kg TGI AsPC-1 || IPS-06061 day 28 tumour volume AsPC-1 || IPS-06061 tumour shrinkage pancreatic cancer xenograft,5,"Abstract 384: IPS-06061, a novel TPD molecular glue degrader ...","https://www.semanticscholar.org/paper/Abstract-384:-IPS-06061,-a-novel-TPD-molecular-glue-Kang-Seo/4f2bcf78c924979bc6307109217d45ba8c3f04e4",semanticscholar.org,,"Abstract 384: IPS-06061, a novel TPD molecular glue degrader ... This work has discovered a novel KRAS G12D-degrading Molecular Glue using IPS's cutting-edge ProGlu AI-based drug discovery platform and PPIExplorer,  >  Abstract 384: IPS-06061, a novel TPD molecular glue degrader ... One such degrade",,,
q038-batch,q038,KRAS G12D drugs approved against the target and their regulatory approval status,ZE980277 KRAS G12D approval status FDA EMA || ZE980277 KRAS G12D regulatory approval || ZE980277 KRAS G12D approved therapy status,1,"
            Dual Inhibition of KRAS G12D and PI3K/BRD4 signaling overcomes therapeutic resistance in pancreatic cancer - PMC
        ",https://pmc.ncbi.nlm.nih.gov/articles/PMC13207627/,pmc.ncbi.nlm.nih.gov,,"Dual Inhibition of KRAS G12D and PI3K/BRD4 signaling overcomes therapeutic resistance in pancreatic cancer Yashwardhan Ghanwatkar 1 , Sohan Mahto 1 , Ajaykumar Chittipolu 1 , Raghu Ramanathan 1 , Prakash Shrestha 1 , Ram I Mahato 1, * Oncogenic KRAS G12D mutations drive pancreatic ductal adenocarcin",,,
q038-batch,q038,KRAS G12D drugs approved against the target and their regulatory approval status,ZE980277 KRAS G12D approval status FDA EMA || ZE980277 KRAS G12D regulatory approval || ZE980277 KRAS G12D approved therapy status,2,Abbreviated Title: mTCR Targeting KRAS G12D NIH Protocol Number: 19C0017 IBC Number: RD-17-VI-12 NCT Number: NCT03745326 Version Date: 02/21/2025 PROTOCOL,https://cdn.clinicaltrials.gov/large-docs/26/NCT03745326/Prot_SAP_000.pdf,cdn.clinicaltrials.gov,2025-02-21,o Phase I: Determine the safety of administering PBL transduced with anti-KRAS G12D mTCR in concert with preparative lymphodepletion and high-dose interleukin- 2 (IL-2; aldesleukin). o Phase II: Determine if anti-KRAS G12D mTCR-transduced PBL can mediate the regression of tumors harboring the RAS G1,,,
q038-batch,q038,KRAS G12D drugs approved against the target and their regulatory approval status,ZE980277 KRAS G12D approval status FDA EMA || ZE980277 KRAS G12D regulatory approval || ZE980277 KRAS G12D approved therapy status,3,CENTER FOR DRUG EVALUATION AND RESEARCH - Food and Drug ...,https://www.accessdata.fda.gov/drugsatfda_docs/nda/2023/216340Orig1s000Approv.pdf,accessdata.fda.gov,,"CENTER FOR DRUG EVALUATION AND RESEARCH Approval Package for: APPLICATION NUMBER: 216340Orig1s000 Trade Name: KRAZATI tablets, for oral use Generic or Proper Name: (adagrasib) Sponsor: Mirati Therapeutics, Inc. Approval Date: December 12, 2022 Indication: Provides for the use of for Krazati (adagras",,,
q038-batch,q038,KRAS G12D drugs approved against the target and their regulatory approval status,ZE980277 KRAS G12D approval status FDA EMA || ZE980277 KRAS G12D regulatory approval || ZE980277 KRAS G12D approved therapy status,4,KRAS G12C and G12D Inhibitors: Three Regulatory Milestones in ...,https://www.patsnap.com/resources/blog/articles/kras-g12c-g12d-pipeline-2026,patsnap.com,,"KRAS G12C and G12D Inhibitors: Three Regulatory Milestones in ... In a single month, February 2026 delivered three KRAS-targeted regulatory events: one full approval (Sosimerasib, China), one Breakthrough Therapy designation for a G12C inhibitor (Calderasib, China), and the first-ever Breakthrough T",,,
q038-batch,q038,KRAS G12D drugs approved against the target and their regulatory approval status,ZE980277 KRAS G12D approval status FDA EMA || ZE980277 KRAS G12D regulatory approval || ZE980277 KRAS G12D approved therapy status,5,"KRAS G12D - Drugs, Indications, Patents - Synapse",https://synapse-patsnap-com.sutd.idm.oclc.org/target/51a0d0165ef849378242597918b3755b,synapse-patsnap-com.sutd.idm.oclc.org,,"* Drug Highest Phase Phase 2 * First Approval Ctry. / Loc. - * First Approval Date 20 Jan 1800 DN-022150 * Target KRAS G12D * Mechanism KRAS G12D inhibitors * Active Org. Jiangxi Kerui Pharmaceutical Co., Ltd * Originator Org. Piistech Piistech * Active Indication KRAS G12D mutation Solid Tumors * I",,,
q039-batch,q039,"Inflammatory Bowel Disease competing agents in the same mechanistic class as KPG-818, including Small Molecule and Aiolos CRBN Ikaros therapies",KPG-818 Aiolos CRBN Ikaros inflammatory bowel disease competitors || KPG-818 CELMoD IBD clinical pipeline || KPG-818 CRBN degrader inflammatory bowel disease,1,Kangpu Biopharmaceuticals Successfully Completed Phase I Study of Novel CRL4-CRBN Modulator KPG-818 in the U.S.,https://www.prnewswire.com/news-releases/kangpu-biopharmaceuticals-successfully-completed-phase-i-study-of-novel-crl4-crbn-modulator-kpg-818-in-the-us-300937030.html,prnewswire.com,2019-10-11,"Accessibility Statement Skip Navigation Kangpu Biopharmaceuticals Successfully Completed Phase I Study of Novel CRL4-CRBN Modulator KPG-818 in the U.S. News provided by Kangpu Biopharmaceuticals Oct 11, 2019, 01:00 ET Share this article Share to X Share this article Share to X SHANGHAI , Oct. 11, 20",,,
q039-batch,q039,"Inflammatory Bowel Disease competing agents in the same mechanistic class as KPG-818, including Small Molecule and Aiolos CRBN Ikaros therapies",KPG-818 Aiolos CRBN Ikaros inflammatory bowel disease competitors || KPG-818 CELMoD IBD clinical pipeline || KPG-818 CRBN degrader inflammatory bowel disease,2,Kangpu Biopharmaceuticals Received CDE Approval for Phase IIb Clinical Trial of KPG-818 in Moderate to Severe Cutaneous Manifestations of SLE,https://www.prnewswire.com/news-releases/kangpu-biopharmaceuticals-received-cde-approval-for-phase-iib-clinical-trial-of-kpg-818-in-moderate-to-severe-cutaneous-manifestations-of-sle-302439526.html,prnewswire.com,2025-04-28,"Accessibility Statement Skip Navigation Kangpu Biopharmaceuticals Received CDE Approval for Phase IIb Clinical Trial of KPG-818 in Moderate to Severe Cutaneous Manifestations of SLE News provided by Kangpu Biopharmaceuticals Apr 28, 2025, 08:00 ET Share this article Share to X Share this article Sha",,,
q039-batch,q039,"Inflammatory Bowel Disease competing agents in the same mechanistic class as KPG-818, including Small Molecule and Aiolos CRBN Ikaros therapies",KPG-818 Aiolos CRBN Ikaros inflammatory bowel disease competitors || KPG-818 CELMoD IBD clinical pipeline || KPG-818 CRBN degrader inflammatory bowel disease,3,Pipeline-Kangpu Biopharmaceuticals,https://www.kangpugroup.com/research_development/pipeline.html,kangpugroup.com,,* PROGRAM | MOA | INDICATION | PRECLINICAL | IND | PHASE I | PHASE II * KPG-818 (Epaldeudomide) | CRL4-CRBN MODULATOR | Cutaneous Manifestation of Systemic Lupus Erythematosus (SLE-CM) | * Systemic Lupus Erythematosus (SLE) | * Inflammatory Bowel Disease (lBD) | * Multiple Myeloma (MM) | * Non-Hodgk,,,
q039-batch,q039,"Inflammatory Bowel Disease competing agents in the same mechanistic class as KPG-818, including Small Molecule and Aiolos CRBN Ikaros therapies",KPG-818 Aiolos CRBN Ikaros inflammatory bowel disease competitors || KPG-818 CELMoD IBD clinical pipeline || KPG-818 CRBN degrader inflammatory bowel disease,4,"KPG-818, a Novel Cereblon (CRBN) Modulator, in Patients with SLE: Results of a Phase Ib Multiple Ascending Dose Study - ACR Meeting Abstracts",https://acrabstracts.org/abstract/kpg-818-a-novel-cereblon-crbn-modulator-in-patients-with-sle-results-of-a-phase-ib-multiple-ascending-dose-study,acrabstracts.org,2022-09-01,"ACR Meeting Abstracts ACR Meeting Abstracts Abstract Number: 0990 KPG-818, a Novel Cereblon (CRBN) Modulator, in Patients with SLE: Results of a Phase Ib Multiple Ascending Dose Study Keywords: autoimmune diseases , B-Cell Targets , Biomarkers , clinical trial , Systemic lupus erythematosus (SLE) Fa",,,
q039-batch,q039,"Inflammatory Bowel Disease competing agents in the same mechanistic class as KPG-818, including Small Molecule and Aiolos CRBN Ikaros therapies",KPG-818 Aiolos CRBN Ikaros inflammatory bowel disease competitors || KPG-818 CELMoD IBD clinical pipeline || KPG-818 CRBN degrader inflammatory bowel disease,5,"Epaldeudomide - Drug Targets, Indications, Patents",https://synapse.patsnap.com/drug/d9e6cffea08e4b19a31bb148c2ddeb00,synapse.patsnap.com,,"Epaldeudomide - Drug Targets, Indications, Patents Systemic Lupus ErythematosusInflammatory Bowel DiseasesAdult T-Cell Leukemia-Lymphoma+ ... Poster Title: KPG-818, a Novel Cereblon (CRBN) Modulator, in Patients",,,
q040-batch,q040,Active Ulcerative Colitis Moderate to Severe Ulcerative Colitis competing agents in the same mechanistic class as CHST15 Oligonucleotide Small Interfering RNA therapies,GUT-1 CHST15 ulcerative colitis competitors || GUT-1 siRNA CHST15 ulcerative colitis || GUT-1 CHST15 moderate to severe ulcerative colitis pipeline,1,"
            Efficacy and Safety of Advanced Therapies in Moderately-to-Severely Active Ulcerative Colitis: a Systematic Review and Network Meta-analysis - PMC
        ",https://pmc.ncbi.nlm.nih.gov/articles/PMC11550281,pmc.ncbi.nlm.nih.gov,,"Efficacy and Safety of Advanced Therapies in Moderately-to-Severely Active Ulcerative Colitis: a Systematic Review and Network Meta-analysis Axel Dignass 1, # , Claire Ainsworth 2, # , Susanne Hartz 3, 6, ✉ , Niels Dunnewind 4 , Isabel Redondo 3 , Christophe Sapin 3 , Sonja Kroep 4 , Nicholas Halfpe",,,
q040-batch,q040,Active Ulcerative Colitis Moderate to Severe Ulcerative Colitis competing agents in the same mechanistic class as CHST15 Oligonucleotide Small Interfering RNA therapies,GUT-1 CHST15 ulcerative colitis competitors || GUT-1 siRNA CHST15 ulcerative colitis || GUT-1 CHST15 moderate to severe ulcerative colitis pipeline,2,Submucosal Injection of the RNA Oligonucleotide GUT-1 in ...,https://pubmed.ncbi.nlm.nih.gov/37777210,pubmed.ncbi.nlm.nih.gov,,"Submucosal Injection of the RNA Oligonucleotide GUT-1 in ... by R Atreya · 2024 · Cited by 5 — Here, we evaluate the efficacy and safety of the double-stranded RNA oligonucleotide GUT-1, a specific blocker of CHST15, as induction therapy.  >  Submucosal Injection of the RNA Oligonucleotide GUT-1 in ",,,
q040-batch,q040,Active Ulcerative Colitis Moderate to Severe Ulcerative Colitis competing agents in the same mechanistic class as CHST15 Oligonucleotide Small Interfering RNA therapies,GUT-1 CHST15 ulcerative colitis competitors || GUT-1 siRNA CHST15 ulcerative colitis || GUT-1 CHST15 moderate to severe ulcerative colitis pipeline,3,Add-on multiple submucosal injections of the RNA ...,https://pubmed.ncbi.nlm.nih.gov/38664814,pubmed.ncbi.nlm.nih.gov,," >  Add-on multiple submucosal injections of the RNA ... by K Suzuki · 2024 · Cited by 2 — We evaluated the efficacy of add-on submucosal injections of GUT-1, the RNA oligonucleotide inhibitor of CHST15, to ongoing anti-tumor necrosis",,,
q040-batch,q040,Active Ulcerative Colitis Moderate to Severe Ulcerative Colitis competing agents in the same mechanistic class as CHST15 Oligonucleotide Small Interfering RNA therapies,GUT-1 CHST15 ulcerative colitis competitors || GUT-1 siRNA CHST15 ulcerative colitis || GUT-1 CHST15 moderate to severe ulcerative colitis pipeline,4,Frontiers | Advancing therapeutic frontiers: a pipeline of novel drugs for UC management,https://www.frontiersin.org/journals/gastroenterology/articles/10.3389/fgstr.2026.1747118/full,frontiersin.org,2026-08-27,"Emerging therapeutic agents for moderate to severe ulcerative colitis: classification, mechanisms, and clinical trial status. View in article Ulcerative colitis is a chronic inflammatory bowel disease with rising global prevalence. The therapeutic pipeline for moderate to severe ulcerative colitis c",,,
q040-batch,q040,Active Ulcerative Colitis Moderate to Severe Ulcerative Colitis competing agents in the same mechanistic class as CHST15 Oligonucleotide Small Interfering RNA therapies,GUT-1 CHST15 ulcerative colitis competitors || GUT-1 siRNA CHST15 ulcerative colitis || GUT-1 CHST15 moderate to severe ulcerative colitis pipeline,5,Repression of intestinal fibrosis by systemic CHST15 ...,https://www.researchgate.net/figure/Repression-of-intestinal-fibrosis-by-systemic-CHST15-siRNA-in-mouse-chronic-colitis-A_fig3_305313157,researchgate.net,,"Repression of intestinal fibrosis by systemic CHST15 ... In a Phase I trial, a single submucosal injection of GUT-1 was well tolerated and showed endoscopic improvement in patients with Crohn's disease (CD)",,,
q041-batch,q041,"competing agents in the same mechanistic class for this indication DB-3Q, Direct Biologics LLC, Medically Refractory Crohn's Disease",DB-3Q MSC-derived extracellular vesicle Crohn's competitors || DB-3Q extracellular vesicle Crohn's disease clinical trials || DB-3Q MSC-derived EV medically refractory Crohn's,1,"Bone Marrow Mesenchymal Stem Cell Derived Extracellular Vesicles (Direct Biologics) - Drug Targets, Indications, Patents  - Synapse",https://synapse.patsnap.com/drug/42aa0a28f8d942cc8d8d0bc6794f9657,synapse.patsnap.com,,11 Clinical Trials associated with Bone Marrow Mesenchymal Stem Cell Derived Extracellular Vesicles (Direct Biologics) NCT05127122 / Withdrawn Phase 1/2 Bone Marrow Mesenchymal Stem Cell Derived Extracellular Vesicles Infusion Treatment for Acute Respiratory Distress Syndrome: A Phase I/II Clinical ,,,
q041-batch,q041,"competing agents in the same mechanistic class for this indication DB-3Q, Direct Biologics LLC, Medically Refractory Crohn's Disease",DB-3Q MSC-derived extracellular vesicle Crohn's competitors || DB-3Q extracellular vesicle Crohn's disease clinical trials || DB-3Q MSC-derived EV medically refractory Crohn's,2,"Search ClinicalTrials.gov for: Other terms: ""direct biologics"" | List Results | ClinicalTrials.gov",https://clinicaltrials.gov/search?term=%22direct%20biologics%22&viewType=Table,clinicaltrials.gov,,"* 1 | Extracellular Vesicle Treatment for Acute Respiratory Distress Syndrome (ARDS) (EXTINGUISH ARDS) | NCT05354141 | Recruiting | * Acute Respiratory Distress Syndrome * ARDS |* Biological : ExoFlo * Other : Intravenous normal saline | Direct Biologics , LLC | Interventional * 2 | Extracellular Ve",,,
q041-batch,q041,"competing agents in the same mechanistic class for this indication DB-3Q, Direct Biologics LLC, Medically Refractory Crohn's Disease",DB-3Q MSC-derived extracellular vesicle Crohn's competitors || DB-3Q extracellular vesicle Crohn's disease clinical trials || DB-3Q MSC-derived EV medically refractory Crohn's,3,Direct Biologics Investigational Site Trials - LARVOL Sigma,https://sigma.larvol.com/facility.php?FacilityId=25076063,sigma.larvol.com,,"* |  |  |  | * | * Diseases * Companies * Products * Productz * Mechanisms of Action * Sites | * Direct Biologics Investigational Site | Welcome, Profile Billing Logout * | 0 Trials | Advanced Filters 8 Trials Active Trials Export Trial + Data / Events Status Ph N Region Interventions Sponsor Condit",,,
q041-batch,q041,"competing agents in the same mechanistic class for this indication DB-3Q, Direct Biologics LLC, Medically Refractory Crohn's Disease",DB-3Q MSC-derived extracellular vesicle Crohn's competitors || DB-3Q extracellular vesicle Crohn's disease clinical trials || DB-3Q MSC-derived EV medically refractory Crohn's,4,"Allogeneic Bone Marrow Mesenchymal Stem Cell Derived Extracellular Vesicle Isolate Product(Direct Biologics) - Drug Targets, Indications, Patents  - Synapse",https://synapse.patsnap.com/drug/76f5bfcac1da44b8ac9629daf1034a48,synapse.patsnap.com,,"Products Data Feature Plans Request Demo Sign Up for Free Last update 18 Aug 2026 Allogeneic Bone Marrow Mesenchymal Stem Cell Derived Extracellular Vesicle Isolate Product(Direct Biologics) Last update 18 Aug 2026 Overview Basic Info * Drug Type Exosomes, Mesenchymal stem cell therapy * Synonyms DB",,,
q041-batch,q041,"competing agents in the same mechanistic class for this indication DB-3Q, Direct Biologics LLC, Medically Refractory Crohn's Disease",DB-3Q MSC-derived extracellular vesicle Crohn's competitors || DB-3Q extracellular vesicle Crohn's disease clinical trials || DB-3Q MSC-derived EV medically refractory Crohn's,5,DB-3Q bmMSC-EVs in Patients With Perianal Fistulizing ...,https://clinicaltrials.gov/study/NCT06918808,clinicaltrials.gov,,"DB-3Q bmMSC-EVs in Patients With Perianal Fistulizing ... Medical events that do not result in death, are not life-threatening, or do not require hospitalization may be considered serious adverse events if they put the",,,
q042-batch,q042,"Moderately to Severely Active Ulcerative Colitis, Duration 3 Months, Modified Mayo Score 5 to 9, With Inadequate Response, Loss of Response, or Intolerance to Prior Standard-of-Care Medications competing agents in the same mechanistic class as TYK2 Small Molecule",D-2570 TYK2 ulcerative colitis competitor Phase 2 status,1,Phase 2 Trial of Anti-TL1A Monoclonal Antibody... : New England Journal of Medicine,https://www.ovid.com/journals/nejm/fulltext/10.1056/nejmoa2314076~phase-2-trial-of-anti-tl1a-monoclonal-antibody-tulisokibart,ovid.com,2024-09-26,Phase 2 Trial of Anti-TL1A Monoclonal Antibody Tulisokibart for Ulcerative Colitis * BruceE.Sands * BrianG.Feagan * LaurentPeyrin-Biroulet * SilvioDanese * DavidT.Rubin * OlivierLaurent * AllisonLuo * DeannaD.Nguyen * JiandongLu * MarkYen * JaroslawLeszczyszyn * RadosławKempiński * DermotP.B.McGover,,,
q042-batch,q042,"Moderately to Severely Active Ulcerative Colitis, Duration 3 Months, Modified Mayo Score 5 to 9, With Inadequate Response, Loss of Response, or Intolerance to Prior Standard-of-Care Medications competing agents in the same mechanistic class as TYK2 Small Molecule",D-2570 TYK2 ulcerative colitis competitor Phase 2 status,2,Study Details | NCT07463183 | A Study to Evaluate Efficacy and Safety of MK-8690 in Participants With Moderately to Severely Active Ulcerative Colitis (MK-8690-002) | ClinicalTrials.gov,https://clinicaltrials.gov/study/NCT07463183?format=json,clinicaltrials.gov,,A Study to Evaluate Efficacy and Safety of MK-8690 in Participants With Moderately to Severely Active Ulcerative Colitis (MK-8690-002) ClinicalTrials.gov ID NCT07463183 Sponsor Merck Sharp & Dohme LLC Information provided by Merck Sharp & Dohme LLC (Responsible Party) Last Update Posted 2026-09-18 R,,,
q042-batch,q042,"Moderately to Severely Active Ulcerative Colitis, Duration 3 Months, Modified Mayo Score 5 to 9, With Inadequate Response, Loss of Response, or Intolerance to Prior Standard-of-Care Medications competing agents in the same mechanistic class as TYK2 Small Molecule",D-2570 TYK2 ulcerative colitis competitor Phase 2 status,3,"
	AMG 181 Phase 2 Study in Subjects with Moderate to Severe Ulcerative Colitis - Mayo Clinic
",https://www.mayo.edu/research/clinical-trials/cls-20118825,mayo.edu,,"Skip to site navigation Skip to Content Clinical Trials Sections * Find Clinical Trials * About Clinical Studies * Volunteering * Diversity * Language Assistance * Resources * Contact   Find trials   By condition, treatment or drug name Search tips AMG 181 Phase 2 Study in Subjects with Moderate to ",,,
q042-batch,q042,"Moderately to Severely Active Ulcerative Colitis, Duration 3 Months, Modified Mayo Score 5 to 9, With Inadequate Response, Loss of Response, or Intolerance to Prior Standard-of-Care Medications competing agents in the same mechanistic class as TYK2 Small Molecule",D-2570 TYK2 ulcerative colitis competitor Phase 2 status,4,Efficacy and Safety of Etrasimod in Patients With Moderately to Severely Active Ulcerative Colitis Stratified by Baseline Modified Mayo Score: A Post Hoc Analysis From the Phase 3 ELEVATE UC Clinical Program - PubMed,https://pubmed.ncbi.nlm.nih.gov/40036804,pubmed.ncbi.nlm.nih.gov,,Efficacy and Safety of Etrasimod in Patients With Moderately to Severely Active Ulcerative Colitis Stratified by Baseline Modified Mayo Score: A Post Hoc Analysis From the Phase 3 ELEVATE UC Clinical Program Affiliations Expand Affiliations Efficacy and Safety of Etrasimod in Patients With Moderatel,,,
q042-batch,q042,"Moderately to Severely Active Ulcerative Colitis, Duration 3 Months, Modified Mayo Score 5 to 9, With Inadequate Response, Loss of Response, or Intolerance to Prior Standard-of-Care Medications competing agents in the same mechanistic class as TYK2 Small Molecule",D-2570 TYK2 ulcerative colitis competitor Phase 2 status,5,IBD Research Resource Center,https://www.biosino.org/ibdkb/clinical_trials/c173,biosino.org,,1. Home 2. Clinical Trials 3. Clinical Trial Details Trial Details RECRUITING Basic Information * Clinical ID | c173 * Identifier | NCT07035041 * Trial Title | A Phase 2 Study of D-2570 in Subjects With Moderately to Severely Active Ulcerative Colitis * Trial URL | Visit Original Page Study Informat,,,
q043-batch,q043,"Inflammatory Bowel Disease competing agents in the same mechanistic class as VNN1, including Small Molecule therapies",MY009 VNN1 inflammatory bowel disease competing agents,1,"
            Management of inflammatory bowel disease beyond tumor necrosis factor inhibitors: novel biologics and small-molecule drugs - PMC
        ",https://pmc.ncbi.nlm.nih.gov/articles/PMC9449214,pmc.ncbi.nlm.nih.gov,,"Management of inflammatory bowel disease beyond tumor necrosis factor inhibitors: novel biologics and small-molecule drugs Soo-Young Na 1 , You Sun Kim 2, ✉ * Author information * Article notes * Copyright and License information   PMCID: PMC9449214  PMID: 35945034 Abstract The incidence and prevale",,,
q043-batch,q043,"Inflammatory Bowel Disease competing agents in the same mechanistic class as VNN1, including Small Molecule therapies",MY009 VNN1 inflammatory bowel disease competing agents,2,"
            Current status of novel biologics and small molecule drugs in the individualized treatment of inflammatory bowel disease - PMC
        ",https://pmc.ncbi.nlm.nih.gov/articles/PMC9827580,pmc.ncbi.nlm.nih.gov,,"Current status of novel biologics and small molecule drugs in the individualized treatment of inflammatory bowel disease Yi-Han Xu 1 , Wei-Ming Zhu 2 , Zhen Guo 3 * Author information * Article notes * Copyright and License information   PMCID: PMC9827580  PMID: 36632311 Abstract Treatment strategie",,,
q043-batch,q043,"Inflammatory Bowel Disease competing agents in the same mechanistic class as VNN1, including Small Molecule therapies",MY009 VNN1 inflammatory bowel disease competing agents,3,TNFα-Inhibitors in Inflammatory Bowel Disease - NCBI - NIH,https://www.ncbi.nlm.nih.gov/books/NBK464916,ncbi.nlm.nih.gov,,"TNFα-Inhibitors in Inflammatory Bowel Disease - NCBI - NIH by T Ringerike · 2008 · Cited by 4 — This report includes knowledge of the TNFα-inhibitors infliximab (Remicade®), adalimumab (Humira®), etanercept (Enbrel®) and certolizumab pegol (Cimzia®).  >  TNFα-Inhibitors in Inflammatory Bowel Disease",,,
q043-batch,q043,"Inflammatory Bowel Disease competing agents in the same mechanistic class as VNN1, including Small Molecule therapies",MY009 VNN1 inflammatory bowel disease competing agents,4,Vanin1 (VNN1) in chronic diseases: Future directions for targeted ...,https://www.sciencedirect.com/science/article/pii/S0014299923007343,sciencedirect.com,,Vanin1 (VNN1) in chronic diseases: Future directions for targeted ... VNN1 is a marker of inflammatory bowel disease. VNN1 inhibitors may have certain clinical significance for the treatment of inflammatory bowel disease.,,,
q043-batch,q043,"Inflammatory Bowel Disease competing agents in the same mechanistic class as VNN1, including Small Molecule therapies",MY009 VNN1 inflammatory bowel disease competing agents,5,"MY-009212A - Drug Targets, Indications, Patents - Patsnap Synapse",https://synapse.patsnap.com/drug/c49892e432464b30b9412d5cb70cce59,synapse.patsnap.com,,"* Drug Type Small molecule drug * Synonyms MY-009, MY009, MY009212A + [1] * Target pantetheinase * Action inhibitors * Mechanism pantetheinase inhibitors(vanin 1 inhibitors) * Therapeutic Areas Immune System Diseases Digestive System Disorders * Active Indication Ulcerative colitis, active moderate ",,,
q044-batch,q044,"Inflammatory Bowel Disease competing agents in the same mechanistic class as GPR52 Prostaglandin E2 Receptor EP4, including Small Molecule therapies",NXE0033744 Phase 2 inflammatory bowel disease || NXE0033744 EP4 agonist clinical trial || NXE0033744 development stage IBD || NXE744 EP4 agonist competitors IBD,1,Presentation title - Nxera Pharma,https://investors.nxera.life/common/pdf/2026.03.25%202026%20AGM%20%28EN%29_v3.pdf,investors.nxera.life,2026-03-25,"Three Clinical-Stage Programs, With a Plan to Transition to New Partners PROGRAMS | PIPELINE NEW PARTNERSHIPS ARE EXPECTED IN 2026 EP4 ag. Inflammatory Bowel Disease Phase 2-ready NXE’744 Ph 1 completed successfully. Ph 2 ready to initiate. Showed early efficacy signals in an indomethacin challenge ",,,
q044-batch,q044,"Inflammatory Bowel Disease competing agents in the same mechanistic class as GPR52 Prostaglandin E2 Receptor EP4, including Small Molecule therapies",NXE0033744 Phase 2 inflammatory bowel disease || NXE0033744 EP4 agonist clinical trial || NXE0033744 development stage IBD || NXE744 EP4 agonist competitors IBD,2,Nxera Pharma Operational Highlights and Consolidated,https://www.globenewswire.com/fr/news-release/2025/02/14/3026423/0/en/nxera-pharma-operational-highlights-and-consolidated-results-for-the-fourth-quarter-and-full-year-2024.html,globenewswire.com,2025-02-14,"* First subject dosed in a Phase 1 trial with NXE0033744 , a novel, potent, selective and gut-restricted EP4 receptor agonist in development for the treatment of Inflammatory Bowel Disease (IBD) * Full ownership of NXE0027477 regained from GSK – NXE-477 is a clinic-ready, highly selective, first-in-",,,
q044-batch,q044,"Inflammatory Bowel Disease competing agents in the same mechanistic class as GPR52 Prostaglandin E2 Receptor EP4, including Small Molecule therapies",NXE0033744 Phase 2 inflammatory bowel disease || NXE0033744 EP4 agonist clinical trial || NXE0033744 development stage IBD || NXE744 EP4 agonist competitors IBD,3,"[PDF] Nxera R&D Day Be Bold, Move Fast.",https://www.net-presentations.com/4565/20241106e/3wtgbwow4/data/00.pdf,net-presentations.com,2024-11-06,"Clinical Programs PR LINK May ‘24 $15M milestone triggered on successful completion of long-term preclinical toxicology of NBI-568, an oral selective muscarinic M4 agonist advancing through Phase 2 PR LINK Apr ‘24 Phase 1 trial start evaluating NXE’744, a potent, selective, gut restricted EP4 agonis",,,
q044-batch,q044,"Inflammatory Bowel Disease competing agents in the same mechanistic class as GPR52 Prostaglandin E2 Receptor EP4, including Small Molecule therapies",NXE0033744 Phase 2 inflammatory bowel disease || NXE0033744 EP4 agonist clinical trial || NXE0033744 development stage IBD || NXE744 EP4 agonist competitors IBD,4,NXE0033744 / Nxera Pharma - LARVOL DELTA,https://delta.larvol.com/Products?ProductId=46ed8e5f-d4e9-4c02-93dc-3f749bfc1024,delta.larvol.com,,"NXE0033744 / Nxera Pharma - LARVOL DELTA HTL0033744, an EP4 Agonist for Inflammatory Bowel Disease. EP4 receptor agonist, HTL0033744 (HTL'744) for the treatment of Inflammatory Bowel Disease (IBD)....The HTL0033744, an EP4 Agonist for Inflammatory Bowel Disease. HTL0033744 (HTL'744) for the treatmen",,,
q044-batch,q044,"Inflammatory Bowel Disease competing agents in the same mechanistic class as GPR52 Prostaglandin E2 Receptor EP4, including Small Molecule therapies",NXE0033744 Phase 2 inflammatory bowel disease || NXE0033744 EP4 agonist clinical trial || NXE0033744 development stage IBD || NXE744 EP4 agonist competitors IBD,5,"Nxera Pharma Korea Co. Ltd. - Drug pipelines, Patents, Clinical trials - Synapse",https://synapse.patsnap.com/organization/ae71b047ac3e6f6cdd2ed136ba94cb9a,synapse.patsnap.com,,"Progress with in-house programs First subject dosed in a Phase 1 trial with NXE0033744, a novel, potent, selective and gut-restricted EP4 receptor agonist discovered by Nxera in development for the treatment of Inflammatory Bowel Disease (IBD) Regained full ownership from GSK of NXE0027477, a clinic",,,
q045-batch,q045,BMF-500 first regulatory approval or market launch year in acute myeloid leukemia,BMF-500 first regulatory approval AML || BMF-500 expected regulatory approval AML || BMF-500 market launch AML || BMF-500 expected launch date AML,1,Investigational Covalent FLT3 Inhibitor BMF-500 in ... - Biomea Fusion,https://investors.biomeafusion.com/static-files/dcd5e553-6077-47ff-88e0-84e6459abda0,investors.biomeafusion.com,,"CONFIDENTIAL Investigational Covalent FLT3 Inhibitor BMF-500 in Relapsed or Refractory (R/R) Acute Leukemia (AL): Preliminary Phase 1 Data from the Ongoing COVALENT-103 Study Presented by: Presented by: Farhad Ravandi, MD, MBBS Janiece and Stephen A. Lasher Professor of Medicine​ Chief, Section of A",,,
q045-batch,q045,BMF-500 first regulatory approval or market launch year in acute myeloid leukemia,BMF-500 first regulatory approval AML || BMF-500 expected regulatory approval AML || BMF-500 market launch AML || BMF-500 expected launch date AML,2,Biomea Fusion Reports Third Quarter 2023 Financial Results ...,https://www.sec.gov/Archives/edgar/data/1840439/000095017023056335/bmea-ex99_1.htm,sec.gov,,and Canada; expected to enroll approximately 200 adults with type 2 diabetes • Investigational new drug (IND) application cleared for Phase II clinical trial of BMF-219 in type 1 diabetes (COVALENT-112); enrollment of 150 adults with type 1 diabetes anticipated to begin in Q4 2023 • Dosed first rela,,,
q045-batch,q045,BMF-500 first regulatory approval or market launch year in acute myeloid leukemia,BMF-500 first regulatory approval AML || BMF-500 expected regulatory approval AML || BMF-500 market launch AML || BMF-500 expected launch date AML,3,Study Details | NCT05918692 | A Phase 1 Study of BMF-500 in Adults With Acute Leukemia | ClinicalTrials.gov,https://clinicaltrials.gov/study/NCT05918692,clinicaltrials.gov,,"* Expanded access * Expanded access status * Expanded access type * Experimental arm * Extension request * Facility name * Factorial assignment * FDAAA 801 Violations * First posted * First submitted * First submitted that met QC criteria * Food and Drug Administration Amendments Act of 2007, Sectio",,,
q045-batch,q045,BMF-500 first regulatory approval or market launch year in acute myeloid leukemia,BMF-500 first regulatory approval AML || BMF-500 expected regulatory approval AML || BMF-500 market launch AML || BMF-500 expected launch date AML,4,"Covalent-103: A Phase 1, Open-Label, Dose-Escalation, and Dose-Expansion Study of Bmf-500, an Oral Covalent FLT3 Inhibitor, in Adults with Acute Leukemia (AL) | Blood | American Society of Hematology",https://ashpublications.org/blood/article/142/Supplement%201/1546/503468/Covalent-103-A-Phase-1-Open-Label-Dose-Escalation,ashpublications.org,2023-11-02,"Skip to Main Content Content Menu Close * Disclosures   Article Navigation   616.Acute Myeloid Leukemias: Investigational Therapies, Excluding Transplantation and Cellular Immunotherapies | November 2, 2023 Covalent-103: A Phase 1, Open-Label, Dose-Escalation, and Dose-Expansion Study of Bmf-500, an",,,
q045-batch,q045,BMF-500 first regulatory approval or market launch year in acute myeloid leukemia,BMF-500 first regulatory approval AML || BMF-500 expected regulatory approval AML || BMF-500 market launch AML || BMF-500 expected launch date AML,5,"
            Recent drug approvals for acute myeloid leukemia - PMC
        ",https://pmc.ncbi.nlm.nih.gov/articles/PMC6749668,pmc.ncbi.nlm.nih.gov,,"In this review article, we will discuss these new agents approved for the treatment of AML within the last 2 years, and will outline the mechanistic features and clinical trials that led to their approvals. Keywords: Acute myeloid leukemia, Novel treatments, Newly approved drugs chemotherapy doses [",,,
q046-batch,q046,BW-101 first regulatory approval or market launch year in acute myeloid leukemia,BW-101 AML regulatory approval market launch year,1,"
            Acute myeloid leukemia: current progress and future directions - PMC
        ",https://pmc.ncbi.nlm.nih.gov/articles/PMC7900255,pmc.ncbi.nlm.nih.gov,,"The second example was the non-approval of decitabine in the US for frontline therapy of older patients with AML (approved in Europe) 26 , 27 . Low-intensity HMA therapy with decitabine and azacitidine-based regimens is now the most common form of treatment among older (or unfit for intensive chemot",,,
q046-batch,q046,BW-101 first regulatory approval or market launch year in acute myeloid leukemia,BW-101 AML regulatory approval market launch year,2,Revumenib for Patients With Relapsed or Refractory (R/R) Nucleophosmin 1–Mutated (NPM1m) Acute Myeloid Leukemia (AML): Updated Results From the Phase,https://cms.syndax.com/wp-content/uploads/2025/07/Arellano_2025-SOHO_AUGMENT-101-NPM1m-Ph2_Encore-Poster_Final.pdf,cms.syndax.com,,"Revumenib for Patients With Relapsed or Refractory (R/R) Nucleophosmin 1–Mutated ( NPM1 m) Acute Myeloid Leukemia (AML): Updated Results From the Phase 2 AUGMENT-101 Study § In NPM1 -mutated ( NPM1 m) AML, leukemogenesis is driven by the interaction between menin and wild-type lysine methyltransfera",,,
q046-batch,q046,BW-101 first regulatory approval or market launch year in acute myeloid leukemia,BW-101 AML regulatory approval market launch year,3,Acute Myeloid Leukemia Treatment (PDQ®) - PDQ Cancer Information Summaries - NCBI Bookshelf,https://www.ncbi.nlm.nih.gov/books/NBK65996,ncbi.nlm.nih.gov,,"* New cases: 22,010. * Deaths: 11,090.   Based on Surveillance, Epidemiology, and End Results (SEER) Program data from 2014 to 2020, 31.9% of patients with AML were alive 5 years after diagnosis.[ 2 ] Anatomy Clinical Presentation The diagnosis of AML is uncommon before age 45 years; the median age ",,,
q046-batch,q046,BW-101 first regulatory approval or market launch year in acute myeloid leukemia,BW-101 AML regulatory approval market launch year,4,FDA Approves First All-Oral Regimen for AML | AJMC,https://www.ajmc.com/view/fda-approves-first-all-oral-regimen-for-aml,ajmc.com,,"Shaw""] content_type: ""Articles"" categories: [""Acute Lymphoblastic Leukemia/Acute Myeloid Leukemia"", ""Approvals Launches"", ""Hematology"", ""News""] tags: [""Taiho"", ""Taiho Oncology"", ""Taiho Pharmaceutical"", ""intensive induction chemotherapy"", ""the ASCERTAIN-V trial "", ""First All-Oral Regimen for AML"", ""D",,,
q046-batch,q046,BW-101 first regulatory approval or market launch year in acute myeloid leukemia,BW-101 AML regulatory approval market launch year,5,FDA approves new drug to treat advanced AML in adults,https://bloodcancerunited.org/resources/newsroom/fda-approves-new-drug-treat-advanced-aml-adults,bloodcancerunited.org,,"FDA approves new drug to treat advanced AML in adults Nov 13, 2025 — The menin inhibitor revumenib recently received a second FDA approval for the treatment of AML. In the early 2000s, Blood Cancer United",,,
q047-batch,q047,Dual CDK12/13 Inhibitor first regulatory approval or market launch year for acute myeloid leukemia,Dual CDK12/13 Inhibitor Insilico Medicine AML approval launch || Dual CDK12/13 Inhibitor Insilico Medicine AML regulatory timeline || Dual CDK12/13 Inhibitor AML first market launch year,1,"Carrick Therapeutics Announces First Patient Dosed in Phase 1 Clinical Trial of CT7439 (CDK12/13 Inhibitor) :: Carrick Therapeutics, Inc.",https://www.carricktherapeutics.com/news-media/press-releases/detail/25/carrick-therapeutics-announces-first-patient-dosed-in-phase,carricktherapeutics.com,,"Press Releases News & Media News & Media * Overview * Press Releases * IR Calendar * In The News * Posters & Publications Carrick Therapeutics Announces First Patient Dosed in Phase 1 Clinical Trial of CT7439 (CDK12/13 Inhibitor) 23, 2024 (GLOBE NEWSWIRE) -- Carrick Therapeutics Inc., an oncology-fo",,,
q047-batch,q047,Dual CDK12/13 Inhibitor first regulatory approval or market launch year for acute myeloid leukemia,Dual CDK12/13 Inhibitor Insilico Medicine AML approval launch || Dual CDK12/13 Inhibitor Insilico Medicine AML regulatory timeline || Dual CDK12/13 Inhibitor AML first market launch year,2,"JMC｜Con la ayuda de la IA generativa, Insilico Medicine anuncia nuevos inhibidores duales de CDK12/13 para el tratamiento de tumores | EurekAlert!",https://www.eurekalert.org/news-releases/1074881?language=spanish,eurekalert.org,,"News Release 26-Feb-2025 JMC｜Con la ayuda de la IA generativa, Insilico Medicine anuncia nuevos inhibidores duales de CDK12/13 para el tratamiento de tumores Insilico Medicine (""Insilico""), una empresa de biotecnología impulsada por inteligencia artificial (IA) generativa en etapa clínica, anunció h",,,
q047-batch,q047,Dual CDK12/13 Inhibitor first regulatory approval or market launch year for acute myeloid leukemia,Dual CDK12/13 Inhibitor Insilico Medicine AML approval launch || Dual CDK12/13 Inhibitor Insilico Medicine AML regulatory timeline || Dual CDK12/13 Inhibitor AML first market launch year,3,"CDK12/CDK13 inhibitors(Insilico Medicine Shanghai) - Drug Targets, Indications, Patents  - Synapse",https://synapse.patsnap.com/drug/763e32780d7f404cb6f5d968af762158,synapse.patsnap.com,,Products Data Feature Plans Request Demo Sign Up for Free Last update 21 Apr 2026 CDK12/CDK13 inhibitors(Insilico Medicine Shanghai) Last update 21 Apr 2026 Overview Basic Info * Drug Type Small molecule drug * Synonyms Compound 12b(Insilico Medicine Shanghai) * Target CDK12 x CDK13 * Action inhibit,,,
q047-batch,q047,Dual CDK12/13 Inhibitor first regulatory approval or market launch year for acute myeloid leukemia,Dual CDK12/13 Inhibitor Insilico Medicine AML approval launch || Dual CDK12/13 Inhibitor Insilico Medicine AML regulatory timeline || Dual CDK12/13 Inhibitor AML first market launch year,4,CDK12/13 | Insilico Medicine,https://insilico.com/pipeline_target_cdk12/13,insilico.com,,Back to Pipeline CDK12 Cyclin-dependent kinase 12/13 (CDK12/13) Inhibitor: Treating Tumors through Induction of BRCAness (IND-Enabling) Assays Completed Wholly-owned and Available for Licensing Insilico Medicine CDK12 Inhibitor Summary – IND-Enabling Novel structure generated by AI Novel structure g,,,
q047-batch,q047,Dual CDK12/13 Inhibitor first regulatory approval or market launch year for acute myeloid leukemia,Dual CDK12/13 Inhibitor Insilico Medicine AML approval launch || Dual CDK12/13 Inhibitor Insilico Medicine AML regulatory timeline || Dual CDK12/13 Inhibitor AML first market launch year,5,Novel CDK12/13 dual inhibitors for tumour treatment - ecancer,https://ecancer.org/en/news/26083-novel-cdk12-13-dual-inhibitors-for-tumour-treatment,ecancer.org,2025-02-27,"Novel CDK12/13 dual inhibitors for tumour treatment 27 Feb 2025 Novel CDK12/13 dual inhibitors for tumour treatment Insilico Medicine (""Insilico""), a clinical stage generative artificial intelligence (AI)-driven biotechnology company, announced the publication of a novel series of orally available c",,,
q048-batch,q048,dCASP1-55 first regulatory approval or market launch year in acute myeloid leukemia,dCASP1-55 AML regulatory approval || dCASP1-55 AML market launch || dCASP1-55 University of Cincinnati AML clinical development,1,Exhibit 99.1,https://www.sec.gov/Archives/edgar/data/1130166/000157104914004835/t1401847_ex99-1.htm,sec.gov,,"This presentation contains forward-looking statements within the meaning of the “safe harbor” provisions of the Private Securities Litigation Reform Act of 1995 about financial results and estimates, business strategy, clinical trial plans and research and development programs of Cyclacel Pharmaceut",,,
q048-batch,q048,dCASP1-55 first regulatory approval or market launch year in acute myeloid leukemia,dCASP1-55 AML regulatory approval || dCASP1-55 AML market launch || dCASP1-55 University of Cincinnati AML clinical development,2,New AML Drugs Approved and Under Investigation in 2017 | OncLive,https://www.onclive.com/view/new-aml-drugs-approved-and-under-investigation-in-2017,onclive.com,,"title: ""New AML Drugs Approved and Under Investigation in 2017"" description: ""After nearly 40 years with little in the way of drug development for the treatment of acute myeloid leukemia, four new drugs have been approved by the FDA in 2017 for AML, and several promising agents are in development."" ",,,
q048-batch,q048,dCASP1-55 first regulatory approval or market launch year in acute myeloid leukemia,dCASP1-55 AML regulatory approval || dCASP1-55 AML market launch || dCASP1-55 University of Cincinnati AML clinical development,3,Study Details | NCT00049582 | Decitabine in Treating Patients With Myelodysplastic Syndromes or Acute Myeloid Leukemia | ClinicalTrials.gov,https://clinicaltrials.gov/study/NCT00049582,clinicaltrials.gov,,* Certification/extension first submitted that met QC criteria * Clinical study * Clinical trial * ClinicalTrials.gov identifier (NCT number) * Collaborator * Condition/disease * Contact * Cross-over assignment * Data Monitoring Committee (DMC) * Early Phase 1 (formerly listed as Phase 0) * Eligibil,,,
q048-batch,q048,dCASP1-55 first regulatory approval or market launch year in acute myeloid leukemia,dCASP1-55 AML regulatory approval || dCASP1-55 AML market launch || dCASP1-55 University of Cincinnati AML clinical development,4,dCASP1-55 | CASP1 PROTAC Degrader,https://www.medchemexpress.com/us/en/dcasp1-55.html,medchemexpress.com,,"dCASP1-55 | CASP1 PROTAC Degrader dCASP1-55 can be used for the research of cancer, such as myeloid malignancies and acute myeloid leukemia. For research use only.",,,
q048-batch,q048,dCASP1-55 first regulatory approval or market launch year in acute myeloid leukemia,dCASP1-55 AML regulatory approval || dCASP1-55 AML market launch || dCASP1-55 University of Cincinnati AML clinical development,5,Scaffolding-dependent CASP1 constrains excessive ...,https://www.cell.com/cell-chemical-biology/fulltext/S2451-9456(25)00395-2,cell.com,,"Scaffolding-dependent CASP1 constrains excessive ... by EE Uible · 2026 · Cited by 3 — dCASP1-55 also suppressed both primary and secondary AML colony formation, indicating that CASP1 deletion can target the serially replating AML",,,
q049-batch,q049,ABSK131 in vivo single-agent monotherapy tumour growth inhibition TGI tumour regression or shrinkage in MTAP-Deleted KRAS G12D-Mutated Pancreatic Ductal Adenocarcinoma animal models,ABSK131 SU.86.86 monotherapy TGI || ABSK131 PDAC xenograft monotherapy tumour regression || ABSK131 KRAS G12D PDAC in vivo monotherapy || ABSK131 MTAP-deleted pancreatic xenograft tumour volume,1,Activity Observed with Novel KRAS Inhibitor in Pancreatic Cancer - The ASCO Post,https://www.ascopost.com/issues/march-25-2026/activity-observed-with-novel-kras-inhibitor-in-pancreatic-cancer,ascopost.com,,"By Caroline Helwick March 25, 2026 Advertisement Get Permission A novel KRAS G12D inhibitor produced disease control in almost 80% of patients with heavily pretreated advanced or metastatic KRAS G12D–mutated pancreatic cancer in an early-phase study reported at the 2026 ASCO Gastrointestinal (GI) Ca",,,
q049-batch,q049,ABSK131 in vivo single-agent monotherapy tumour growth inhibition TGI tumour regression or shrinkage in MTAP-Deleted KRAS G12D-Mutated Pancreatic Ductal Adenocarcinoma animal models,ABSK131 SU.86.86 monotherapy TGI || ABSK131 PDAC xenograft monotherapy tumour regression || ABSK131 KRAS G12D PDAC in vivo monotherapy || ABSK131 MTAP-deleted pancreatic xenograft tumour volume,2,Pharmacologically targeting KRAS G12D in PDAC models,https://www.biorxiv.org/content/10.1101/2023.03.18.533261v1.full-text,biorxiv.org,,"Pharmacologically targeting KRAS G12D in PDAC models Mar 22, 2023 — The signaling mediated by mutant KRAS initiates at the membrane and is transduced by multiple effectors that represent independent drug targets.  >  Pharmacologically targeting KRAS G12D in PDAC models Mar 22, 2023 — The current wor",,,
q049-batch,q049,ABSK131 in vivo single-agent monotherapy tumour growth inhibition TGI tumour regression or shrinkage in MTAP-Deleted KRAS G12D-Mutated Pancreatic Ductal Adenocarcinoma animal models,ABSK131 SU.86.86 monotherapy TGI || ABSK131 PDAC xenograft monotherapy tumour regression || ABSK131 KRAS G12D PDAC in vivo monotherapy || ABSK131 MTAP-deleted pancreatic xenograft tumour volume,3,Abstract LB427: The MTA-cooperative PRMT5 inhibitor ABSK131 exhibits potent activity and broad synergistic potential in MTAP-deleted cancer models | Cancer Research | American Association for Cancer Research,https://aacrjournals.org/cancerres/article/85/8_Supplement_2/LB427/761505/Abstract-LB427-The-MTA-cooperative-PRMT5-inhibitor,aacrjournals.org,2025-04-15,"Abstract LB427: The MTA-cooperative PRMT5 inhibitor ABSK131 exhibits potent activity and broad synergistic potential in MTAP-deleted cancer models Free Citation Bin Shen , Qianqian Chen , Cong Li , Jie Wang , Jie Zhang , Manqi Liu , Zhui Chen , Nannan Zhang; Abstract LB427: The MTA-cooperative PRMT5",,,
q049-batch,q049,ABSK131 in vivo single-agent monotherapy tumour growth inhibition TGI tumour regression or shrinkage in MTAP-Deleted KRAS G12D-Mutated Pancreatic Ductal Adenocarcinoma animal models,ABSK131 SU.86.86 monotherapy TGI || ABSK131 PDAC xenograft monotherapy tumour regression || ABSK131 KRAS G12D PDAC in vivo monotherapy || ABSK131 MTAP-deleted pancreatic xenograft tumour volume,4,KRAS G12D inhib News - LARVOL Sigma,https://sigma.larvol.com/moa.php?MoaId=1012573&tab=newstrac,sigma.larvol.com,,"KRAS G12D inhib News - LARVOL Sigma In EGFR-mutant and MTAP-deleted NSCLC, ABSK131 combined with osimertinib produced enhanced anti-proliferative and in vivo antitumor efficacy. ABSK131",,,
q049-batch,q049,ABSK131 in vivo single-agent monotherapy tumour growth inhibition TGI tumour regression or shrinkage in MTAP-Deleted KRAS G12D-Mutated Pancreatic Ductal Adenocarcinoma animal models,ABSK131 SU.86.86 monotherapy TGI || ABSK131 PDAC xenograft monotherapy tumour regression || ABSK131 KRAS G12D PDAC in vivo monotherapy || ABSK131 MTAP-deleted pancreatic xenograft tumour volume,5,ABSK131 / Abbisko,https://delta.larvol.com/Products?ProductId=77f15c4a-7852-4271-a722-b1143fb00c80,delta.larvol.com,,"Synergistic antitumor activity of the MTA-cooperative PRMT5 inhibitor ABSK131 in combination with multiple therapeutic agents in diverse cancer models (AACR 2026) - ""In KRAS-mutant and MTAP-deleted models, ABSK131 led to robust tumor growth inhibition when combined with KRAS G12C inhibitor AMG510 or",,,
q050-batch,q050,ONC201/dordaviprone in vivo monotherapy tumour growth inhibition TGI tumour regression tumour shrinkage in Pancreatic ductal adenocarcinoma animal models,ONC201/dordaviprone PDAC monotherapy xenograft tumour growth inhibition,1,"
            Dordaviprone/ONC201 Activation of the ClpP Mitochondrial Protease Inhibits the Growth of KRAS-Mutant Pancreatic Cancer and Overcomes RAS Inhibitor Resistance - PMC
        ",https://pmc.ncbi.nlm.nih.gov/articles/PMC12822620,pmc.ncbi.nlm.nih.gov,,"Dordaviprone/ONC201 Activation of the ClpP Mitochondrial Protease Inhibits the Growth of KRAS-Mutant Pancreatic Cancer and Overcomes RAS Inhibitor Resistance Kristina Drizyte-Miller , Seamus E Degan , Ryan D Mouery , Amber M Amparo , Brandon L Mouery , Wen-Hsuan Chang , Runying Yang , Sheila R Nicew",,,
q050-batch,q050,ONC201/dordaviprone in vivo monotherapy tumour growth inhibition TGI tumour regression tumour shrinkage in Pancreatic ductal adenocarcinoma animal models,ONC201/dordaviprone PDAC monotherapy xenograft tumour growth inhibition,2,IRB#17-1020 1 A Phase 2 Study of Single Agent ONC201 ...,https://cdn.clinicaltrials.gov/large-docs/99/NCT03099499/Prot_SAP_000.pdf,cdn.clinicaltrials.gov,,"Agents targeting the PI3K/Akt/mTOR signaling pathway, in particular temsirolimus and everolimus which are rapamycin derivatives that inhibit mTOR, have also been examined in this patient population [17, 18]. Single agent temsirolimus resulted in partial responses in 4 (14%) chemo-naïve patients vs. ",,,
q050-batch,q050,ONC201/dordaviprone in vivo monotherapy tumour growth inhibition TGI tumour regression tumour shrinkage in Pancreatic ductal adenocarcinoma animal models,ONC201/dordaviprone PDAC monotherapy xenograft tumour growth inhibition,3,"ONC201/dordaviprone for H3 K27M-mutant tumors: Discovery, mechanisms, therapeutic potential, and future directions.",https://pubmed.ncbi.nlm.nih.gov/42751161,pubmed.ncbi.nlm.nih.gov,2026-06-24,Checking your browser before accessing pubmed.ncbi.nlm.nih.gov ... Click here if you are not automatically redirected after 5 seconds.,,,
q050-batch,q050,ONC201/dordaviprone in vivo monotherapy tumour growth inhibition TGI tumour regression tumour shrinkage in Pancreatic ductal adenocarcinoma animal models,ONC201/dordaviprone PDAC monotherapy xenograft tumour growth inhibition,4,A Phase 1 Randomized Study to Evaluate the Safety ...,https://accp1.onlinelibrary.wiley.com/doi/10.1002/cpdd.1512,accp1.onlinelibrary.wiley.com,,"A Phase 1 Randomized Study to Evaluate the Safety ... Dordaviprone (ONC201) is the first member of a class of anticancer compounds called imipridones. The antitumor effects of dordaviprone have been demonstrated in multiple in vitro, ex vivo, and in vivo models across multiple tumor types. 1 - 6 Dor",,,
q050-batch,q050,ONC201/dordaviprone in vivo monotherapy tumour growth inhibition TGI tumour regression tumour shrinkage in Pancreatic ductal adenocarcinoma animal models,ONC201/dordaviprone PDAC monotherapy xenograft tumour growth inhibition,5,Tumor growth inhibition (TGI)-monotherapy (a) and ...,https://www.researchgate.net/figure/Tumor-growth-inhibition-TGI-monotherapy-a-and-combination-therapy-b_fig2_6143099,researchgate.net,,Tumor growth inhibition (TGI)-monotherapy (a) and ... Capecitabine and bevacizumab have each been shown to inhibit tumor growth. Their combination failed to improve survival in a phase III trial of metastatic,,,
q051-batch,q051,DWP216 in vivo monotherapy tumour growth inhibition TGI tumour regression tumour shrinkage in KRAS G12C Pancreatic Ductal Adenocarcinoma animal models,DWP216 KRAS G12C pancreatic ductal adenocarcinoma monotherapy xenograft tumour growth inhibition regression,1,"Abstract 7091: DWP216, a TEAD1/2 inhibitor, enhances efficacy of diverse KRAS inhibitors by reversing resistance mechanisms in RAS-dependent cancers | Cancer Research | American Association for Cancer Research",https://aacrjournals.org/cancerres/article/86/7_Supplement/7091/782068/Abstract-7091-DWP216-a-TEAD1-2-inhibitor-enhances,aacrjournals.org,2026-03-04,"Abstract 7091: DWP216, a TEAD1/2 inhibitor, enhances efficacy of diverse KRAS inhibitors by reversing resistance mechanisms in RAS-dependent cancers Free Citation Bora Yoo , Ye Gi Han , Hye-Been Yoo , Ahreum Kwon , Jiyoon Seok , Youngwoo Choi , Ji-Duck Kim , Hyounmie Doh; Abstract 7091: DWP216, a TE",,,
q051-batch,q051,DWP216 in vivo monotherapy tumour growth inhibition TGI tumour regression tumour shrinkage in KRAS G12C Pancreatic Ductal Adenocarcinoma animal models,DWP216 KRAS G12C pancreatic ductal adenocarcinoma monotherapy xenograft tumour growth inhibition regression,2,"
            D‐1553: A novel KRASG12C inhibitor with potent and selective cellular and in vivo antitumor activity - PMC
        ",https://pmc.ncbi.nlm.nih.gov/articles/PMC10323112,pmc.ncbi.nlm.nih.gov,,Potency and specificity of D‐1553 in inhibiting GDP‐bound KRAS G12C mutation were determined by thermal shift assay and KRAS G12C ‐coupled nucleotide exchange assay. In vitro and in vivo antitumor activity of D‐1553 alone or in combination with other therapies were evaluated in KRAS G12C mutated can,,,
q051-batch,q051,DWP216 in vivo monotherapy tumour growth inhibition TGI tumour regression tumour shrinkage in KRAS G12C Pancreatic Ductal Adenocarcinoma animal models,DWP216 KRAS G12C pancreatic ductal adenocarcinoma monotherapy xenograft tumour growth inhibition regression,3,Sotorasib in KRAS p.G12C–Mutated Advanced Pancreatic Cancer | New England Journal of Medicine,https://www.nejm.org/doi/abs/10.1056/NEJMoa2208470,nejm.org,,"KRAS p.G12C mutation occurs in approximately 1 to 2% of pancreatic cancers. The safety and efficacy of sotorasib, a KRAS G12C inhibitor, in previously treated patients with KRAS p.G12C–mutated pancreatic cancer are unknown. Methods Sotorasib in KRAS p.G12C–Mutated Advanced Pancreatic Cancer Results ",,,
q051-batch,q051,DWP216 in vivo monotherapy tumour growth inhibition TGI tumour regression tumour shrinkage in KRAS G12C Pancreatic Ductal Adenocarcinoma animal models,DWP216 KRAS G12C pancreatic ductal adenocarcinoma monotherapy xenograft tumour growth inhibition regression,4,KRAS Inhibition in Pancreatic Ductal Adenocarcinoma - PMC,https://pmc.ncbi.nlm.nih.gov/articles/PMC12842425,pmc.ncbi.nlm.nih.gov,,KRAS Inhibition in Pancreatic Ductal Adenocarcinoma - PMC by R Pradeep · 2026 · Cited by 5 — This study showed that oral administration of Zoldonrasib at 100 mg/kg was well tolerated and that tumor regression was observed when it was combined with a,,,
q051-batch,q051,DWP216 in vivo monotherapy tumour growth inhibition TGI tumour regression tumour shrinkage in KRAS G12C Pancreatic Ductal Adenocarcinoma animal models,DWP216 KRAS G12C pancreatic ductal adenocarcinoma monotherapy xenograft tumour growth inhibition regression,5,KRAS Inhibition in Pancreatic Ductal Adenocarcinoma,https://www.mdpi.com/2077-0383/15/2/873,mdpi.com,,KRAS Inhibition in Pancreatic Ductal Adenocarcinoma by R Pradeep · 2026 · Cited by 5 — A phase 1 study is evaluating the optimal dose of mesenchymal stromal cell-derived exosomes containing KRAS G12D siRNA for the treatment of pancreatic cancer,,,
q052-batch,q052,"HM100714 in vivo efficacy in combination with another agent in Head and Neck Squamous Cell Carcinoma, including the combination partner",HM100714 HNSCC combination in vivo efficacy || HM100714 head and neck squamous cell carcinoma xenograft combination || HM100714 combination partner xenograft || HM100714 AACR HNSCC combination || HM100714 cisplatin or pembrolizumab HNSCC,1,"
            Exploration of Immune-Modulatory Effects of Amivantamab in Combination with Pembrolizumab in Lung and Head and Neck Squamous Cell Carcinoma - PMC
        ",https://pmc.ncbi.nlm.nih.gov/articles/PMC11253790,pmc.ncbi.nlm.nih.gov,,"Exploration of Immune-Modulatory Effects of Amivantamab in Combination with Pembrolizumab in Lung and Head and Neck Squamous Cell Carcinoma Here, we evaluated synergistic antitumor efficacy of EGFR × MET targeting bispecific antibody, amivantamab with PD-L1 immunotherapy, pembrolizumab in head and n",,,
q052-batch,q052,"HM100714 in vivo efficacy in combination with another agent in Head and Neck Squamous Cell Carcinoma, including the combination partner",HM100714 HNSCC combination in vivo efficacy || HM100714 head and neck squamous cell carcinoma xenograft combination || HM100714 combination partner xenograft || HM100714 AACR HNSCC combination || HM100714 cisplatin or pembrolizumab HNSCC,2,"
            Safety and Efficacy of Pembrolizumab With Chemoradiotherapy in Locally Advanced Head and Neck Squamous Cell Carcinoma: A Phase IB Study - PMC
        ",https://pmc.ncbi.nlm.nih.gov/articles/PMC7365766,pmc.ncbi.nlm.nih.gov,,"Pembrolizumab is a humanized monoclonal antibody that blocks interaction between programmed death receptor-1 (PD-1) and its ligands (PD-L1, PD-L2). Although pembrolizumab is approved for recurrent/metastatic head and neck squamous cell carcinoma (HNSCC), its role in the management of locally advance",,,
q052-batch,q052,"HM100714 in vivo efficacy in combination with another agent in Head and Neck Squamous Cell Carcinoma, including the combination partner",HM100714 HNSCC combination in vivo efficacy || HM100714 head and neck squamous cell carcinoma xenograft combination || HM100714 combination partner xenograft || HM100714 AACR HNSCC combination || HM100714 cisplatin or pembrolizumab HNSCC,3,Pembrolizumab combined with nab-paclitaxel and platinum in …,https://www.sciencedirect.com/science/article/pii/S2059702926016753,sciencedirect.com,,"Pembrolizumab combined with nab-paclitaxel and platinum in recurrent/metastatic HNSCC: efficacy, safety, and survival predictive model ☆ Author links open overlay panel L. Tang 1 † , R. Gao 1 † , J. Yao 1 † , W. Zhang 2 , Y. Zhang 2 , Y. Zhang 3 , H. Lu 4 , C. An 5 , L. Gui 1 Show more Outline Add t",,,
q052-batch,q052,"HM100714 in vivo efficacy in combination with another agent in Head and Neck Squamous Cell Carcinoma, including the combination partner",HM100714 HNSCC combination in vivo efficacy || HM100714 head and neck squamous cell carcinoma xenograft combination || HM100714 combination partner xenograft || HM100714 AACR HNSCC combination || HM100714 cisplatin or pembrolizumab HNSCC,4,"
            Immunotherapies and Future Combination Strategies for Head and Neck Squamous Cell Carcinoma - PMC
        ",https://pmc.ncbi.nlm.nih.gov/articles/PMC6862353,pmc.ncbi.nlm.nih.gov,,* Search in PMC * Search in PubMed * View in NLM Catalog * Add to search Immunotherapies and Future Combination Strategies for Head and Neck Squamous Cell Carcinoma Valerie Cristina Valerie Cristina Head and neck squamous cell carcinoma (HNSCC) is often diagnosed at an advanced stage and has a disma,,,
q052-batch,q052,"HM100714 in vivo efficacy in combination with another agent in Head and Neck Squamous Cell Carcinoma, including the combination partner",HM100714 HNSCC combination in vivo efficacy || HM100714 head and neck squamous cell carcinoma xenograft combination || HM100714 combination partner xenograft || HM100714 AACR HNSCC combination || HM100714 cisplatin or pembrolizumab HNSCC,5,Safety and Efficacy of Pembrolizumab in Combination with Acalabrutinib in Advanced Head and Neck Squamous Cell Carcinoma: Phase 2 Proof-of-Concept Study - PubMed,https://pubmed.ncbi.nlm.nih.gov/34862248,pubmed.ncbi.nlm.nih.gov,,Safety and Efficacy of Pembrolizumab in Combination with Acalabrutinib in Advanced Head and Neck Squamous Cell Carcinoma: Phase 2 Proof-of-Concept Study Safety and Efficacy of Pembrolizumab in Combination with Acalabrutinib in Advanced Head and Neck Squamous Cell Carcinoma: Phase 2 Proof-of-Concept ,,,
q053-batch,q053,ADT-1004 in vivo single-agent monotherapy tumour growth inhibition TGI tumour regression or shrinkage in Pancreatic ductal adenocarcinoma animal models,ADT-1004 quantitative tumour growth inhibition percentage PDAC monotherapy || ADT-1004 tumour regression percentage MIA PaCa-2 xenograft || ADT-1004 KRAS G12D PDX tumour shrinkage monotherapy || ADT-1004 KPC orthotopic tumour volume change day 27 || ADT-1004 MIA-AMG-R xenograft final tumour volume monotherapy,1,ADT-1004 | ADT-007 Prodrug | MedChemExpress,https://www.medchemexpress.com/adt-1004.html,medchemexpress.com,,"ADT-1004 Customer Review Based on 1 Customer Validation ADT-1004 is an orally active prodrug of ADT-007 ( HY-157887 ). ADT-007 is a reversible, highly potent and selective pan-RAS inhibitor that binds to the nucleotide-free conformation of RAS proteins and blocks their GTP activation, thereby inhibi",,,
q053-batch,q053,ADT-1004 in vivo single-agent monotherapy tumour growth inhibition TGI tumour regression or shrinkage in Pancreatic ductal adenocarcinoma animal models,ADT-1004 quantitative tumour growth inhibition percentage PDAC monotherapy || ADT-1004 tumour regression percentage MIA PaCa-2 xenograft || ADT-1004 KRAS G12D PDX tumour shrinkage monotherapy || ADT-1004 KPC orthotopic tumour volume change day 27 || ADT-1004 MIA-AMG-R xenograft final tumour volume monotherapy,2,"ADT-1004 / Auburn University, ADT Pharma - Larvol Delta",https://delta.larvol.com/Products?ProductId=6ff25253-89b9-4c9d-9da5-c4334486e2e5,delta.larvol.com,,"adagrasib in a xenograft model using a resistant MIA-PaCa-2. These findings support further development of ADT-1004 that holds promise for broad and durable efficacy against RAS-driven cancers."" ADT-1004: A promising pan-RAS inhibitor for targeting KRAS mutations in pancreatic ductal adenocarcinoma ",,,
q053-batch,q053,ADT-1004 in vivo single-agent monotherapy tumour growth inhibition TGI tumour regression or shrinkage in Pancreatic ductal adenocarcinoma animal models,ADT-1004 quantitative tumour growth inhibition percentage PDAC monotherapy || ADT-1004 tumour regression percentage MIA PaCa-2 xenograft || ADT-1004 KRAS G12D PDX tumour shrinkage monotherapy || ADT-1004 KPC orthotopic tumour volume change day 27 || ADT-1004 MIA-AMG-R xenograft final tumour volume monotherapy,3,"A potent and selective pan-RAS inhibitor, ADT-1004, targeting complex KRAS mutations for pancreatic cancer. | Journal of Clinical Oncology",https://ascopubs.org/doi/pdf/10.1200/JCO.2024.42.16_suppl.e15085,ascopubs.org,,"A potent and selective pan-RAS inhibitor, ADT-1004, targeting complex KRAS mutations for pancreatic cancer. J Clin Oncol 42 , e15085 (2024) Volume 42 , Number 16_suppl DOI: 10.1200/JCO.2024.42.16_suppl.e15085 395 1 PREVIOUS ARTICLE Evaluation of a novel Pan-RAS/β-Catenin inhibitor, ADT-030, for trea",,,
q053-batch,q053,ADT-1004 in vivo single-agent monotherapy tumour growth inhibition TGI tumour regression or shrinkage in Pancreatic ductal adenocarcinoma animal models,ADT-1004 quantitative tumour growth inhibition percentage PDAC monotherapy || ADT-1004 tumour regression percentage MIA PaCa-2 xenograft || ADT-1004 KRAS G12D PDX tumour shrinkage monotherapy || ADT-1004 KPC orthotopic tumour volume change day 27 || ADT-1004 MIA-AMG-R xenograft final tumour volume monotherapy,4,"ADT-1004: a first-in-class, oral pan-RAS inhibitor with robust antitumor activity in preclinical models of pancreatic ductal adenocarcinoma | Molecular Cancer | Springer Nature Link",https://link.springer.com/article/10.1186/s12943-025-02288-9,link.springer.com,2025-03-13,"Murine PDAC cells with KRAS G12D mutation (KPC-luc or 2838c3-luc) were orthotopically implanted into the pancreas of C57BL/6J mice, and four PDX PDAC tumors with KRAS mutations were implanted subcutaneously in NSG mice. To assess potential to overcome RAS inhibitor resistance, parental and resistant",,,
q053-batch,q053,ADT-1004 in vivo single-agent monotherapy tumour growth inhibition TGI tumour regression or shrinkage in Pancreatic ductal adenocarcinoma animal models,ADT-1004 quantitative tumour growth inhibition percentage PDAC monotherapy || ADT-1004 tumour regression percentage MIA PaCa-2 xenograft || ADT-1004 KRAS G12D PDX tumour shrinkage monotherapy || ADT-1004 KPC orthotopic tumour volume change day 27 || ADT-1004 MIA-AMG-R xenograft final tumour volume monotherapy,5,"ADT-1004: a first-in-class, oral pan-RAS inhibitor with robust ...",https://pmc.ncbi.nlm.nih.gov/articles/PMC11905721,pmc.ncbi.nlm.nih.gov,,"ADT-1004: a first-in-class, oral pan-RAS inhibitor with robust ... by DSR Bandi · 2025 · Cited by 28 — ADT-1004 suppressed tumor growth in PDX PDAC models. In 2024, PDAC is expected to cause 52,580 clinically relevant mouse and PDX models of PDAC",,,
q054-batch,q054,"DWP216 in vivo animal models and results: cell-line xenograft (CDX), patient-derived xenograft (PDX), syngeneic, orthotopic, or genetically engineered models",DWP216 HNSCC in vivo xenograft monotherapy || DWP216 NCI-H1373 monotherapy tumour volume || DWP216 pancreatic cancer PDX syngeneic orthotopic || DWP216 CAPAN-1 xenograft monotherapy 1200 mm3 || DWP216 genetically engineered mouse model,1,"
            Polymeric nanoparticle-docetaxel for the treatment of advanced solid tumors: phase I clinical trial and preclinical data from an orthotopic pancreatic cancer model - PMC
        ",https://pmc.ncbi.nlm.nih.gov/articles/PMC5363590,pmc.ncbi.nlm.nih.gov,,* Search in PMC * Search in PubMed * View in NLM Catalog * Add to search Polymeric nanoparticle-docetaxel for the treatment of advanced solid tumors: phase I clinical trial and preclinical data from an orthotopic pancreatic cancer model Si Yeol Song Si Yeol Song We assessed the efficacy of the polym,,,
q054-batch,q054,"DWP216 in vivo animal models and results: cell-line xenograft (CDX), patient-derived xenograft (PDX), syngeneic, orthotopic, or genetically engineered models",DWP216 HNSCC in vivo xenograft monotherapy || DWP216 NCI-H1373 monotherapy tumour volume || DWP216 pancreatic cancer PDX syngeneic orthotopic || DWP216 CAPAN-1 xenograft monotherapy 1200 mm3 || DWP216 genetically engineered mouse model,2,A KrasG12D-driven genetic mouse model of pancreatic cancer requires glypican-1 for efficient proliferation and angiogenesis,https://pubmed.ncbi.nlm.nih.gov/21996748,pubmed.ncbi.nlm.nih.gov,,"A KrasG12D-driven genetic mouse model of pancreatic cancer requires glypican-1 for efficient proliferation and angiogenesis Oncogene . 2012 May 17;31(20):2535-44. doi: 10.1038/onc.2011.430. Epub 2011 Sep 26. Authors C A Whipple 1 , A L Young , M Korc Affiliation Pancreatic ductal adenocarcinomas (PD",,,
q054-batch,q054,"DWP216 in vivo animal models and results: cell-line xenograft (CDX), patient-derived xenograft (PDX), syngeneic, orthotopic, or genetically engineered models",DWP216 HNSCC in vivo xenograft monotherapy || DWP216 NCI-H1373 monotherapy tumour volume || DWP216 pancreatic cancer PDX syngeneic orthotopic || DWP216 CAPAN-1 xenograft monotherapy 1200 mm3 || DWP216 genetically engineered mouse model,3,pan-TEAD inhib News - LARVOL Sigma,https://sigma.larvol.com/moa.php?MoaId=1032265&tab=newstrac,sigma.larvol.com,,"* |||||||||| DWP216 / Daewoong Pharma DWP216, a TEAD1/2 inhibitor, enhances efficacy of diverse KRAS inhibitors by reversing resistance mechanisms in RAS-dependent cancers (Section 13) -  Mar 17, 2026 - Abstract #AACR2026AACR_9865; In vivo CDX models harboring KRAS mutations showed strong combinator",,,
q054-batch,q054,"DWP216 in vivo animal models and results: cell-line xenograft (CDX), patient-derived xenograft (PDX), syngeneic, orthotopic, or genetically engineered models",DWP216 HNSCC in vivo xenograft monotherapy || DWP216 NCI-H1373 monotherapy tumour volume || DWP216 pancreatic cancer PDX syngeneic orthotopic || DWP216 CAPAN-1 xenograft monotherapy 1200 mm3 || DWP216 genetically engineered mouse model,4,"
            Genetically Engineered Mouse Models of Pancreatic Cancer: The KPC Model (LSL-KrasG12D/+;LSL-Trp53R172H/+;Pdx-1-Cre), Its Variants and Their Application in Immuno-oncology Drug Discovery - PMC
        ",https://pmc.ncbi.nlm.nih.gov/articles/PMC4915217,pmc.ncbi.nlm.nih.gov,,"Genetically Engineered Mouse Models of Pancreatic Cancer: The KPC Model ( LSL-Kras G12D/+ ;LSL-Trp53 R172H/+ ;Pdx-1-Cre) , Its Variants and Their Application in Immuno-oncology Drug Discovery Jae W Lee 1, 2 , Chad A Komar 1, 2 , Fee Bengsch 1, 2 , Kathleen Graham 1, 2 , Gregory L Beatty 1, 2, * Prio",,,
q054-batch,q054,"DWP216 in vivo animal models and results: cell-line xenograft (CDX), patient-derived xenograft (PDX), syngeneic, orthotopic, or genetically engineered models",DWP216 HNSCC in vivo xenograft monotherapy || DWP216 NCI-H1373 monotherapy tumour volume || DWP216 pancreatic cancer PDX syngeneic orthotopic || DWP216 CAPAN-1 xenograft monotherapy 1200 mm3 || DWP216 genetically engineered mouse model,5,In vivo evaluation of HER-2-specific ADCs in a mouse ...,https://www.researchgate.net/figure/In-vivo-evaluation-of-HER-2-specific-ADCs-in-a-mouse-xenograft-model-SKOV3-human-ovarian_fig4_279731967,researchgate.net,,"In vivo evaluation of HER-2-specific ADCs in a mouse ... The in vivo antitumor activity was assessed in patient-derived xenograft (PDX) and cell line-derived xenograft (CDX) mouse models, both as monotherapy",,,
q055-batch,q055,"DB-1305/Anti-PD-L1/VEGF Bispecific Antibody patients studied in Recurrent or Disseminated HNSCC (Oral Cavity/Oropharynx/Hypopharynx/Larynx), Incurable by Local Therapies trials: biomarker selection, disease severity, line of therapy, and required prior treatment",DB-1305 recurrent metastatic HNSCC prior treatment line of therapy || DB-1305 HNSCC PD-L1 biomarker eligibility || DB-1305 HNSCC ECOG measurable disease inclusion criteria,1,"Phase III randomized trial of chemotherapy with or without bevacizumab (B) in patients (pts) with recurrent or metastatic squamous cell carcinoma of the head and neck (R/M SCCHN): Survival analysis of E1305, an ECOG-ACRIN Cancer Research Group trial. | Journal of Clinical Oncology",https://ascopubs.org/doi/10.1200/JCO.2017.35.15_suppl.6000,ascopubs.org,,"Enter words / phrases / DOI / keywords / authors / etc ascopubs.org Submit Meeting Abstract: 2017 ASCO Annual Meeting I Free access Head and Neck Cancer May 30, 2017 Share on Phase III randomized trial of chemotherapy with or without bevacizumab (B) in patients (pts) with recurrent or metastatic squ",,,
q055-batch,q055,"DB-1305/Anti-PD-L1/VEGF Bispecific Antibody patients studied in Recurrent or Disseminated HNSCC (Oral Cavity/Oropharynx/Hypopharynx/Larynx), Incurable by Local Therapies trials: biomarker selection, disease severity, line of therapy, and required prior treatment",DB-1305 recurrent metastatic HNSCC prior treatment line of therapy || DB-1305 HNSCC PD-L1 biomarker eligibility || DB-1305 HNSCC ECOG measurable disease inclusion criteria,2,Abstract 648: Activity of BNT327/PM8002 (PD-L1 x VEGF-A bispecific antibody) in combination with BNT325/DB-1305 (TROP2 ADC) in solid tumors: Early preclinical and clinical evidence to support BNT327 + ADC combinations | Cancer Research | American Association for Cancer Research,https://aacrjournals.org/cancerres/article/85/8_Supplement_1/648/754870/Abstract-648-Activity-of-BNT327-PM8002-PD-L1-x,aacrjournals.org,2025-04-15,"Abstract 648: Activity of BNT327/PM8002 (PD-L1 x VEGF-A bispecific antibody) in combination with BNT325/DB-1305 (TROP2 ADC) in solid tumors: Early preclinical and clinical evidence to support BNT327 + ADC combinations Obrate , Claudia-Nanette Gann , Michael Wenger , Ilhan CelikÖzlem Türeci , Ugur Sa",,,
q055-batch,q055,"DB-1305/Anti-PD-L1/VEGF Bispecific Antibody patients studied in Recurrent or Disseminated HNSCC (Oral Cavity/Oropharynx/Hypopharynx/Larynx), Incurable by Local Therapies trials: biomarker selection, disease severity, line of therapy, and required prior treatment",DB-1305 recurrent metastatic HNSCC prior treatment line of therapy || DB-1305 HNSCC PD-L1 biomarker eligibility || DB-1305 HNSCC ECOG measurable disease inclusion criteria,3,PD-L1: a novel prognostic biomarker in head and neck squamous cell carcinoma | Oncotarget,https://www.oncotarget.com/article/17547/text,oncotarget.com,2017-05-02,"Conclusions: In summary, while the significance of PD-L2 in HNSCC seems to minor, we show that PD-L1 expression is common in HNSCC and, more importantly, a both robust and strong prognostic biomarker. In this respect, our results provide hints on further application of therapies targeting the PD-1/P",,,
q055-batch,q055,"DB-1305/Anti-PD-L1/VEGF Bispecific Antibody patients studied in Recurrent or Disseminated HNSCC (Oral Cavity/Oropharynx/Hypopharynx/Larynx), Incurable by Local Therapies trials: biomarker selection, disease severity, line of therapy, and required prior treatment",DB-1305 recurrent metastatic HNSCC prior treatment line of therapy || DB-1305 HNSCC PD-L1 biomarker eligibility || DB-1305 HNSCC ECOG measurable disease inclusion criteria,4,Recurrent/metastatic relapse after definitive treatment ... - PMC,https://pmc.ncbi.nlm.nih.gov/articles/PMC13013040,pmc.ncbi.nlm.nih.gov,,"Recurrent/metastatic relapse after definitive treatment ... - PMC by K Qu · 2026 · Cited by 1 — In this US nationwide study of over 7,500 patients who received systemic therapy for R/M HNSCC, most recurrences occurred within 2 years of definitive",,,
q055-batch,q055,"DB-1305/Anti-PD-L1/VEGF Bispecific Antibody patients studied in Recurrent or Disseminated HNSCC (Oral Cavity/Oropharynx/Hypopharynx/Larynx), Incurable by Local Therapies trials: biomarker selection, disease severity, line of therapy, and required prior treatment",DB-1305 recurrent metastatic HNSCC prior treatment line of therapy || DB-1305 HNSCC PD-L1 biomarker eligibility || DB-1305 HNSCC ECOG measurable disease inclusion criteria,5,"
            Paradigm Change in First-Line Treatment of Recurrent and/or Metastatic Head and Neck Squamous Cell Carcinoma - PMC
        ",https://pmc.ncbi.nlm.nih.gov/articles/PMC8197177,pmc.ncbi.nlm.nih.gov,2024-05-21,"Immunotherapy has made a breakthrough in the treatment of patients with recurrent and/or metastatic head and neck squamous cell carcinoma in the second line setting with anti-PD-1/PD-L1 immune checkpoint inhibitors. In this review, we will decipher this important change of paradigm in the first-line",,,
q056-batch,q056,"MNPS Asset planned or expected data readouts, regulatory submissions, regulatory decisions, and expected timing in Head and Neck Cancer",MNPS Asset first-line recurrent metastatic head and neck cancer data readout || MNPS Asset head and neck cancer regulatory submission || MNPS Asset head and neck cancer regulatory decision,1,Head & Neck Cancers | Clinical | OncLive,https://www.onclive.com/clinical/head-and-neck,onclive.com,2026-08-23,"Advertisement Head & Neck Cancers Latest News Previous slide Next slide Madhur K. Garg, MD, MBA, MBBS ##### Dr Garg on the Safety Profile of Proton Therapy in Head and Neck Cancer Madhur K. Garg, MD, MBA, MBBS ##### Dr Garg on a Phase 3 Study of Proton Therapy in Head and Neck Cancer Madhur K. Garg,",,,
q056-batch,q056,"MNPS Asset planned or expected data readouts, regulatory submissions, regulatory decisions, and expected timing in Head and Neck Cancer",MNPS Asset first-line recurrent metastatic head and neck cancer data readout || MNPS Asset head and neck cancer regulatory submission || MNPS Asset head and neck cancer regulatory decision,2,"New Findings Show Durable Anti-Tumor Activity with KEYTRUDA® (pembrolizumab), Merck’s Anti-PD-1 Therapy, in Patients with Advanced Head and Neck Cancer, Regardless of PD-L1 Expression Status - Merck.com",https://www.merck.com/news/new-findings-show-durable-anti-tumor-activity-with-keytruda-pembrolizumab-mercks-anti-pd-1-therapy-in-patients-with-advanced-head-and-neck-cancer-regardless-of-pd-l1-expression-sta,merck.com,2026-08-25,"Save May 29, 2015 1:06 pm EDT Results from KEYNOTE-012, the First and Largest Study to Date of an Anti-PD-1 Therapy in Head and Neck Cancer, to be Presented at 2015 ASCO Annual Meeting KEYTRUDA Monotherapy Achieved Overall Response Rate of 25 Percent in Heavily Pre-treated Patients Merck is Advancin",,,
q056-batch,q056,"MNPS Asset planned or expected data readouts, regulatory submissions, regulatory decisions, and expected timing in Head and Neck Cancer",MNPS Asset first-line recurrent metastatic head and neck cancer data readout || MNPS Asset head and neck cancer regulatory submission || MNPS Asset head and neck cancer regulatory decision,3,"HEAD & NECK CANCERS | Clinical | Targeted Oncology - Immunotherapy, Biomarkers, and Cancer Pathways",https://www.targetedonc.com/clinical/head-and-neck,targetedonc.com,2026-08-29,"Advertisement HEAD & NECK CANCERS Latest News September 10th 2026 INBRX-106/Pembrolizumab Shows Efficacy in First-Line HNSCC By Andrea Eleazar, MHS INBRX-106 plus pembrolizumab boosts response rates in first-line PD-L1–positive head and neck cancer, with striking benefits in HPV-positive patients an",,,
q056-batch,q056,"MNPS Asset planned or expected data readouts, regulatory submissions, regulatory decisions, and expected timing in Head and Neck Cancer",MNPS Asset first-line recurrent metastatic head and neck cancer data readout || MNPS Asset head and neck cancer regulatory submission || MNPS Asset head and neck cancer regulatory decision,4,Head & Neck Cancer | Clinical | CancerNetwork,https://www.cancernetwork.com/clinical/head-neck-cancer,cancernetwork.com,2026-08-21,"Lipsyc-Sharf, MD View more Show Me the Data™: Personalizing First-Line and Maintenance Therapy in HER2+ Metastatic Breast Cancer to Extend Survival and Elevate Quality of Life Video ## Show Me the Data™: Personalizing First-Line and Maintenance Therapy in HER2+ Metastatic Breast Cancer to Extend Sur",,,
q056-batch,q056,"MNPS Asset planned or expected data readouts, regulatory submissions, regulatory decisions, and expected timing in Head and Neck Cancer",MNPS Asset first-line recurrent metastatic head and neck cancer data readout || MNPS Asset head and neck cancer regulatory submission || MNPS Asset head and neck cancer regulatory decision,5,Submissions to the Office of Oncologic Diseases (OOD),https://www.fda.gov/about-fda/center-drug-evaluation-and-research-cder/information-sponsors-submissions-office-oncologic-diseases-ood,fda.gov,,"Submissions to the Office of Oncologic Diseases (OOD) May 6, 2026 — All protocols for thoracic, head and neck cancer indications may be submitted under the same IND (e.g., lung, mesothelioma, salivary gland)",,,
q057-batch,q057,CNP200137 first regulatory approval or market launch year for acute myeloid leukemia,CNP200137 regulatory approval AML || CNP200137 market launch AML,1,Acute Myeloid Leukemia Treatment (PDQ®) - NCI - National Cancer Institute,https://www.cancer.gov/types/leukemia/hp/adult-aml-treatment-pdq,cancer.gov,,* General Information About Acute Myeloid Leukemia (AML) * Classification of AML * Treatment Option Overview for AML * Treatment of Newly Diagnosed AML * Treatment of AML in Remission * Treatment of Refractory or Recurrent AML * Treatment of Acute Promyelocytic Leukemia (APL) * Latest Updates to Thi,,,
q057-batch,q057,CNP200137 first regulatory approval or market launch year for acute myeloid leukemia,CNP200137 regulatory approval AML || CNP200137 market launch AML,2,"
            Cutting Edge Molecular Therapy for Acute Myeloid Leukemia - PMC
        ",https://pmc.ncbi.nlm.nih.gov/articles/PMC7404220,pmc.ncbi.nlm.nih.gov,,"Since 2017, four new drugs targeting gene mutations (midostaurin, giltertinib, ivosidenib, and enasidenib) have been approved by the US Food and Drug Administration (FDA) for AML ( Table 1 ). The era of precision medicine for AML has arrived, and it is extremely important to detect actionable mutati",,,
q057-batch,q057,CNP200137 first regulatory approval or market launch year for acute myeloid leukemia,CNP200137 regulatory approval AML || CNP200137 market launch AML,3,Advances in the drug therapies of acute myeloid leukemia ...,https://pmc.ncbi.nlm.nih.gov/articles/PMC5933364,pmc.ncbi.nlm.nih.gov,,"Advances in the drug therapies of acute myeloid leukemia ... by M Lin · 2018 · Cited by 18 — treatment of AML, which include chemotherapy, targeted therapy, clinical trials of SJG-136 (SG2000) Clin Cancer Res. is active in models of drug-resistant AML.  >  Advances in the drug therapies of acute mye",,,
q057-batch,q057,CNP200137 first regulatory approval or market launch year for acute myeloid leukemia,CNP200137 regulatory approval AML || CNP200137 market launch AML,4,"CNP200137 - Drug Targets, Indications, Patents  - Synapse",https://synapse.patsnap.com/drug/5c715fd9761b4af7b47175870f43a5b8,synapse.patsnap.com,,Products Data Feature Plans Request Demo Sign Up for Free Last update 01 Aug 2026 CNP200137 Last update 01 Aug 2026 Overview Basic Info * Drug Type Small molecule drug * Synonyms - * Target menin * Action inhibitors * Mechanism menin inhibitors(Menin inhibitors) * Therapeutic Areas Neoplasms Hemic a,,,
q057-batch,q057,CNP200137 first regulatory approval or market launch year for acute myeloid leukemia,CNP200137 regulatory approval AML || CNP200137 market launch AML,5,FDA Approves First Maintenance Therapy for AML,https://www.medscape.com/viewarticle/936788,medscape.com,2025-02-10,"close Please confirm that you would like to log out of Medscape. If you log out, you will be required to enter your username and password the next time you visit. Log out Cancel News > Medscape Medical News > FDA Approvals FDA Approves First Maintenance Therapy for AML Roxanne Nelson, RN, BSN Septem",,,
q058-batch,q058,"HEC234055 in vivo efficacy in combination with another agent in Pancreatic Ductal Adenocarcinoma, including the combination partner",HEC234055 combination pancreatic ductal adenocarcinoma in vivo || HEC234055 combination partner PDAC xenograft || HEC234055 AACR 2026 combination efficacy,1,"
            Therapeutic Status and Available Strategies in Pancreatic Ductal Adenocarcinoma - PMC
        ",https://pmc.ncbi.nlm.nih.gov/articles/PMC7916947,pmc.ncbi.nlm.nih.gov,,"Two main subtypes of pancreatic cancer have been narrowly classified into exocrine and endocrine. Pancreatic ductal adenocarcinoma (PDAC) is an exocrine cell tumor mainly of the ductal cells, more common (>85%) than endocrine cell tumors (<5%) [ 8 ]. About 50% of PDACs are detected when the tumor is",,,
q058-batch,q058,"HEC234055 in vivo efficacy in combination with another agent in Pancreatic Ductal Adenocarcinoma, including the combination partner",HEC234055 combination pancreatic ductal adenocarcinoma in vivo || HEC234055 combination partner PDAC xenograft || HEC234055 AACR 2026 combination efficacy,2,[PDF] Phase I+Phase II Clinical Study of PRaG Therapy in Combination ...,https://cdn.clinicaltrials.gov/large-docs/99/NCT06345599/Prot_SAP_000.pdf,cdn.clinicaltrials.gov,,1 Phase I+Phase II Clinical Study of PRaG Therapy in Combination With Chemotherapy (AG Regimen) for Neoadjuvant Treatment of Locally Advanced Pancreatic Ductal Adenocarcinoma (PDAC) (NeoPRAG Study) Research unit: The Second Affiliated Hospital of Soochow University Project leader: Chen Wei Departmen,,,
q058-batch,q058,"HEC234055 in vivo efficacy in combination with another agent in Pancreatic Ductal Adenocarcinoma, including the combination partner",HEC234055 combination pancreatic ductal adenocarcinoma in vivo || HEC234055 combination partner PDAC xenograft || HEC234055 AACR 2026 combination efficacy,3,Current and emerging strategies to enhance chemotherapeutic efficacy in pancreatic ductal adenocarcinoma | BMC Medicine | Springer Nature Link,https://link.springer.com/article/10.1186/s12916-026-05134-x,link.springer.com,2026-08-11,* Review * Open access * Published: 11 August 2026 * Cite this article You have full access to this open access article Download PDF Save article View saved research BMC Medicine Aims and scope Submit manuscript Current and emerging strategies to enhance chemotherapeutic efficacy in pancreatic ducta,,,
q058-batch,q058,"HEC234055 in vivo efficacy in combination with another agent in Pancreatic Ductal Adenocarcinoma, including the combination partner",HEC234055 combination pancreatic ductal adenocarcinoma in vivo || HEC234055 combination partner PDAC xenograft || HEC234055 AACR 2026 combination efficacy,4,In vivo models of pancreatic ductal adenocarcinoma - PubMed,https://pubmed.ncbi.nlm.nih.gov/37268402,pubmed.ncbi.nlm.nih.gov,,"In vivo models of pancreatic ductal adenocarcinoma - PubMed by V Vudatha · 2023 · Cited by 16 — In this review, we highlight evolution of in vivo models for PDAC including spontaneous tumors models (i.e., chemical induction, genetic modification, viral",,,
q058-batch,q058,"HEC234055 in vivo efficacy in combination with another agent in Pancreatic Ductal Adenocarcinoma, including the combination partner",HEC234055 combination pancreatic ductal adenocarcinoma in vivo || HEC234055 combination partner PDAC xenograft || HEC234055 AACR 2026 combination efficacy,5,Pancreatic Ductal Adenocarcinoma: MicroRNAs Affecting ...,https://pmc.ncbi.nlm.nih.gov/articles/PMC6885366,pmc.ncbi.nlm.nih.gov,,Pancreatic Ductal Adenocarcinoma: MicroRNAs Affecting ... by UH WEIDLE · 2019 · Cited by 21 — In this review we have summarized microRNAs and corresponding targets which affect growth and metastasis of pancreatic tumors in preclinical mouse in vivo,,,
q059-batch,q059,"HEC234055 in vivo animal models and results: cell-line xenograft (CDX), patient-derived xenograft (PDX), syngeneic, orthotopic, genetically engineered models",HEC234055 HNSCC xenograft || HEC234055 PDX model || HEC234055 syngeneic model || HEC234055 orthotopic pancreatic model || HEC234055 genetically engineered mouse model,1,"
            Establishment and Thorough Characterization of Xenograft (PDX) Models Derived from Patients with Pancreatic Cancer for Molecular Analyses and Chemosensitivity Testing - PMC
        ",https://pmc.ncbi.nlm.nih.gov/articles/PMC10741928,pmc.ncbi.nlm.nih.gov,,* Search in PMC * Search in PubMed * View in NLM Catalog * Add to search Establishment and Thorough Characterization of Xenograft (PDX) Models Derived from Patients with Pancreatic Cancer for Molecular Analyses and Chemosensitivity Testing Diana Behrens Diana Behrens Patient-derived xenograft (PDX) ,,,
q059-batch,q059,"HEC234055 in vivo animal models and results: cell-line xenograft (CDX), patient-derived xenograft (PDX), syngeneic, orthotopic, genetically engineered models",HEC234055 HNSCC xenograft || HEC234055 PDX model || HEC234055 syngeneic model || HEC234055 orthotopic pancreatic model || HEC234055 genetically engineered mouse model,2,Patient-derived xenograft models of Fanconi... : Journal of Clinical Investigation,https://qa-ai.ovid.com/journals/jcin/fulltext/10.1172/jci195334~patient-derived-xenograft-models-of-fanconi-anemiaassociated,qa-ai.ovid.com,2025-12-16,Button group. * Outline * PDF * Permissions * Share * Cite * Favorite   Research Article   Crossmark: Check for updates Patient-derived xenograft models of Fanconi anemia–associated head and neck cancer identify personalized therapeutic strategies Preclinical studies with well-characterized in vivo ,,,
q059-batch,q059,"HEC234055 in vivo animal models and results: cell-line xenograft (CDX), patient-derived xenograft (PDX), syngeneic, orthotopic, genetically engineered models",HEC234055 HNSCC xenograft || HEC234055 PDX model || HEC234055 syngeneic model || HEC234055 orthotopic pancreatic model || HEC234055 genetically engineered mouse model,3,"
            Genetically Engineered Mouse Models of Pancreatic Cancer: The KPC Model (LSL-KrasG12D/+;LSL-Trp53R172H/+;Pdx-1-Cre), Its Variants and Their Application in Immuno-oncology Drug Discovery - PMC
        ",https://pmc.ncbi.nlm.nih.gov/articles/PMC4915217,pmc.ncbi.nlm.nih.gov,,"Genetically Engineered Mouse Models of Pancreatic Cancer: The KPC Model ( LSL-Kras G12D/+ ;LSL-Trp53 R172H/+ ;Pdx-1-Cre) , Its Variants and Their Application in Immuno-oncology Drug Discovery Jae W Lee 1, 2 , Chad A Komar 1, 2 , Fee Bengsch 1, 2 , Kathleen Graham 1, 2 , Gregory L Beatty 1, 2, * In a",,,
q059-batch,q059,"HEC234055 in vivo animal models and results: cell-line xenograft (CDX), patient-derived xenograft (PDX), syngeneic, orthotopic, genetically engineered models",HEC234055 HNSCC xenograft || HEC234055 PDX model || HEC234055 syngeneic model || HEC234055 orthotopic pancreatic model || HEC234055 genetically engineered mouse model,4,Preclinical mouse models for immunotherapeutic and non-immunotherapeutic drug development for pancreatic ductal adenocarcinoma - He - Annals of Pancreatic Cancer,https://apc.amegroups.org/article/view/5558/html,apc.amegroups.org,,"In this review, we summarize and evaluate popular preclinical animal models including patient-derived xenograft models, humanized mouse models, genetically engineered mouse models, and syngeneic mouse models. * Time consumption | Cell lines < syngeneic mouse models = GEMMS = patient- derived models ",,,
q059-batch,q059,"HEC234055 in vivo animal models and results: cell-line xenograft (CDX), patient-derived xenograft (PDX), syngeneic, orthotopic, genetically engineered models",HEC234055 HNSCC xenograft || HEC234055 PDX model || HEC234055 syngeneic model || HEC234055 orthotopic pancreatic model || HEC234055 genetically engineered mouse model,5,"
            A fast, simple, and cost-effective method of expanding patient-derived xenograft mouse models of pancreatic ductal adenocarcinoma - PMC
        ",https://pmc.ncbi.nlm.nih.gov/articles/PMC7315507,pmc.ncbi.nlm.nih.gov,,"Patient-derived xenograft (PDX) mouse models of cancer have been recognized as better mouse models that recapitulate the characteristics of original malignancies including preserved tumor heterogeneity, lineage hierarchy, and tumor microenvironment. One study that simulated combination trials with t",,,
q060-batch,q060,EOM613 sponsor development stage indication public source,EOM613 Crohn's disease trial current status || EOM613 Crohn's disease Phase 2 initiation 2026 || EOM613 Crohn's disease clinical trial registry,1,Crohnsmapvaccine,https://platform.tracxn.com/a/d/company/53ae32fde4b0c9ef6eaf6957/crohnsmapvaccine?utm_source=parallel&utm_medium=ai#a:about,platform.tracxn.com,,"Name: Crohnsmapvaccine | Website Url: https://crohnsmapvaccine.com | Primary Sector: Healthcare | Primary Subsector: Medical Research Labs | Stage: Unfunded | Acquisitions As Acquirer Count: 0 | Short Description: Developer of a therapeutic vaccine for Crohn's disease | Geo Served: [""United Kingdom""",,,
q060-batch,q060,EOM613 sponsor development stage indication public source,EOM613 Crohn's disease trial current status || EOM613 Crohn's disease Phase 2 initiation 2026 || EOM613 Crohn's disease clinical trial registry,2,Study Details | NCT03261206 | Stopping Aminosalicylate Therapy in Inactive Crohn's Disease | ClinicalTrials.gov,https://clinicaltrials.gov/study/NCT03261206?aggFilters=status%3A&cond=crohn%2Bdisease,clinicaltrials.gov,,"Stopping Aminosalicylate Therapy in Inactive Crohn's Disease (STATIC) ClinicalTrials.gov ID NCT03261206 Sponsor Alimentiv Inc. Information provided by Alimentiv Inc. (Responsible Party) Last Update Posted 2026-05-28 Active, not recruiting No longer looking for participants Download Save Expand all c",,,
q060-batch,q060,EOM613 sponsor development stage indication public source,EOM613 Crohn's disease trial current status || EOM613 Crohn's disease Phase 2 initiation 2026 || EOM613 Crohn's disease clinical trial registry,3,Study Details | NCT07077746 | HB-adMSCs for the Treatment of Crohn's Disease | ClinicalTrials.gov,https://clinicaltrials.gov/study/NCT07077746?viewType=Card,clinicaltrials.gov,,"HB-adMSCs for the Treatment of Crohn's Disease Brief Summary Methodology: Randomized, double-blind, efficacy and safety study of allogeneic HB-adMSCs vs placebo for the treatment of Crohn's Disease with a 16-week treatment period and a safety and efficacy follow up period for 52 weeks post first tre",,,
q060-batch,q060,EOM613 sponsor development stage indication public source,EOM613 Crohn's disease trial current status || EOM613 Crohn's disease Phase 2 initiation 2026 || EOM613 Crohn's disease clinical trial registry,4,Study Details | nct06456593 | Efficacy and Safety of Obefazimod in Subjects With Moderately to Severely Active Crohn's Disease | ClinicalTrials.gov,https://clinicaltrials.gov/study/nct06456593,clinicaltrials.gov,,* Certification/extension first submitted that met QC criteria * Clinical study * Clinical trial * ClinicalTrials.gov identifier (NCT number) * Collaborator * Condition/disease * Contact * Cross-over assignment * Data Monitoring Committee (DMC) * Early Phase 1 (formerly listed as Phase 0) * Eligibil,,,
q060-batch,q060,EOM613 sponsor development stage indication public source,EOM613 Crohn's disease trial current status || EOM613 Crohn's disease Phase 2 initiation 2026 || EOM613 Crohn's disease clinical trial registry,5,EOM Pharmaceutical Holdings Reports Promising ...,https://www.biospace.com/press-releases/eom-pharmaceutical-holdings-reports-promising-preclinical-results-and-provides-an-update-on-eom613-and-eom147,biospace.com,,"EOM Pharmaceutical Holdings Reports Promising ... Jan 8, 2026 — In light of the Brazilian clinical trial results, the company is currently preparing to initiate an EOM613 clinical program in Crohn's disease.",,,
q061-batch,q061,FG-3149 sponsor development stage indication public source,FG-3149 sponsor development stage || FG-3149 Crohn's disease || FG-3149 FibroGen clinical development,1,[PDF] FibroGen China Sale Presentation - Kyntra Bio,https://investor.kyntrabio.com/static-files/f1ccc5fa-d015-487d-8427-3d26bda5cf31,investor.kyntrabio.com,,"FG-3180 Development Program • Initiation of Phase 2 monotherapy study for FG-3246, a first-in-class CD46- targeting antibody drug conjugate, in mCRPC in 2Q 2025 • Includes substudy for FG-3180, a PET imaging agent, as a diagnostic radiopharmaceutical Completing FibroGen Transformation: Delivering on",,,
q061-batch,q061,FG-3149 sponsor development stage indication public source,FG-3149 sponsor development stage || FG-3149 Crohn's disease || FG-3149 FibroGen clinical development,2,FibroGen Announces Clinical Trial Supply Agreement with,https://www.globenewswire.com/news-release/2024/06/03/2892583/33525/en/FibroGen-Announces-Clinical-Trial-Supply-Agreement-with-Regeneron-Pharmaceuticals-to-Evaluate-FibroGen-s-Immuno-Oncology-Assets-FG-3165-anti-Galectin-9-and-FG-3175-anti-CCR8-in-Com.html,globenewswire.com,2024-06-03,"FibroGen Announces Clinical Trial Supply Agreement with Regeneron Pharmaceuticals to Evaluate FibroGen’s Immuno-Oncology Assets, FG-3165 (anti-Galectin 9) and FG-3175 (anti-CCR8), in Combination with LIBTAYO® in Upcoming Clinical Trials June 03, 2024 16:05 ET | Source: FibroGen, Inc. SAN FRANCISCO, ",,,
q061-batch,q061,FG-3149 sponsor development stage indication public source,FG-3149 sponsor development stage || FG-3149 Crohn's disease || FG-3149 FibroGen clinical development,3,Study Details | NCT05197049 | A Study of Guselkumab Subcutaneous Therapy in Participants With Moderately to Severely Active Crohn's Disease | ClinicalTrials.gov,https://clinicaltrials.gov/study/NCT05197049,clinicaltrials.gov,,* Certification/extension first submitted that met QC criteria * Clinical study * Clinical trial * ClinicalTrials.gov identifier (NCT number) * Collaborator * Condition/disease * Contact * Cross-over assignment * Data Monitoring Committee (DMC) * Early Phase 1 (formerly listed as Phase 0) * Eligibil,,,
q061-batch,q061,FG-3149 sponsor development stage indication public source,FG-3149 sponsor development stage || FG-3149 Crohn's disease || FG-3149 FibroGen clinical development,4,FibroGen Announces First Patient Enrolled in ...,https://www.parentprojectmd.org/fibrogen-announces-first-patient-enrolled-in-pamrevlumab-phase-3-clinical-trial,parentprojectmd.org,,"FibroGen Announces First Patient Enrolled in ... Aug 11, 2020 — Pamrevlumab is in Phase 3 clinical development for the treatment of idiopathic pulmonary fibrosis (IPF), locally advanced unresectable",,,
q061-batch,q061,FG-3149 sponsor development stage indication public source,FG-3149 sponsor development stage || FG-3149 Crohn's disease || FG-3149 FibroGen clinical development,5,"
            Mechanical stress-induced connective tissue growth factor plays a critical role in intestinal fibrosis in Crohn’s-like colitis - PMC
        ",https://pmc.ncbi.nlm.nih.gov/articles/PMC11427090,pmc.ncbi.nlm.nih.gov,,Direct stretch led to robust expression of CTGF in colonic SMC. Treatment of CD rats with anti-CTGF antibody FG-3149 reduced fibrosis and collagen content in both sites P and I and exhibited consistent trends toward normalizing expression of collagen mRNAs. To test the effect of neutralizing anti-CT,,,
q062-batch,q062,"HDM-3018 sponsor Huadong Medicine Co. Ltd., development stage Preclinical, and indication Inflammatory Bowel Disease",HDM-3018 Huadong Medicine sponsor || HDM-3018 development stage || HDM-3018 inflammatory bowel disease indication,1,Huadong Medicine,https://platform.tracxn.com/a/d/company/5322c9b6e4b04bb3887b90ae/huadong%20medicine?utm_source=parallel&utm_medium=ai#a:about,platform.tracxn.com,,Name: Huadong Medicine | Website Url: https://www.eastchinapharm.com | Primary Sector: Life Sciences | Primary Subsector: Traditional Pharmaceuticals | Stage: Public | Founded Year: 1993 | Location Country: China | Location State: Zhejiang | Location City: Hangzhou | Latest Funding Round Amount Usd:,,,
q062-batch,q062,"HDM-3018 sponsor Huadong Medicine Co. Ltd., development stage Preclinical, and indication Inflammatory Bowel Disease",HDM-3018 Huadong Medicine sponsor || HDM-3018 development stage || HDM-3018 inflammatory bowel disease indication,2,"Huadong Medicine Co., Ltd. Third Quarterly Report 2025",https://disc.static.szse.cn/disc/disk03/finalpage/2025-12-04/d79ce293-ff30-4153-bfb5-8d37c16bf66c.PDF,disc.static.szse.cn,2025-12-03,"The 2025 Third Quarterly Report of Huadong Medicine Co., Ltd. 1 Security code: 000963 Stock abbreviation: Huadong Medicine Announcement No.: 2025-098 Huadong Medicine Co., Ltd. Third Quarterly Report 2025 The Company and all members of the Board of Directors hereby guarantee that the Subsequently, w",,,
q062-batch,q062,"HDM-3018 sponsor Huadong Medicine Co. Ltd., development stage Preclinical, and indication Inflammatory Bowel Disease",HDM-3018 Huadong Medicine sponsor || HDM-3018 development stage || HDM-3018 inflammatory bowel disease indication,3,"ISM5411, A NOVEL GUT-RESTRICTED PHD1/2 INHIBITOR FOR INFLAMMATORY BOWEL DISEASE: A RANDOMIZED, DOUBLE-BLIND, PLACEBO-CONTROLLED, FIRST-IN-HUMAN PHASE I STUDY TO EVALUATE SAFETY, TOLERABILITY AND PK PROFILES | Inflammatory Bowel Diseases | Oxford Academic",https://academic.oup.com/ibdjournal/article/32/Supplement_1/izag006.021/8436094,academic.oup.com,,"ISM5411, A NOVEL GUT-RESTRICTED PHD1/2 INHIBITOR FOR INFLAMMATORY BOWEL DISEASE: A RANDOMIZED, DOUBLE-BLIND, PLACEBO-CONTROLLED, FIRST-IN-HUMAN PHASE I STUDY TO EVALUATE SAFETY, TOLERABILITY AND PK PROFILES Oxford Academic PubMed Google Scholar Alex Zhavoronkov Alex Zhavoronkov Search for other work",,,
q062-batch,q062,"HDM-3018 sponsor Huadong Medicine Co. Ltd., development stage Preclinical, and indication Inflammatory Bowel Disease",HDM-3018 Huadong Medicine sponsor || HDM-3018 development stage || HDM-3018 inflammatory bowel disease indication,4,"CLINICAL TRIAL PROTOCOL A Phase II, Randomized, Double-blind, Placebo-controlled Study to Evaluate the Safety and Efficacy of TJ301 (FE 999301)",https://cdn.clinicaltrials.gov/large-docs/52/NCT03235752/Prot_000.pdf,cdn.clinicaltrials.gov,,"Indication: Active Ulcerative Colitis Phase: 2 Investigators: Multicenter, international, across Mainland China, Taiwan, Republic of Korea and Australia Prof. Dr. Stefan Schreiber Institute for Clinical Molecular Biology University Hospital Schleswig-Holstein Schittenhelmstrasse 12, 24105 Kiel, Germ",,,
q062-batch,q062,"HDM-3018 sponsor Huadong Medicine Co. Ltd., development stage Preclinical, and indication Inflammatory Bowel Disease",HDM-3018 Huadong Medicine sponsor || HDM-3018 development stage || HDM-3018 inflammatory bowel disease indication,5,"HDM3018 - Drug Targets, Indications, Patents  - Synapse",https://synapse.patsnap.com/drug/ec96b3573d7243f68cb87561b892a60f,synapse.patsnap.com,,Products Data Feature Plans Request Demo Sign Up for Free Last update 27 Aug 2026 HDM3018 Last update 27 Aug 2026 Overview Basic Info * Drug Type Bispecific antibody * Synonyms - * Target - * Action - * Mechanism - * Therapeutic Areas Immune System Diseases Infectious Diseases Digestive System Disor,,,
q063-batch,q063,"Granisetron in Head and Neck Cancer: clinical trial population, biomarker or severity selection, line of therapy, and required prior treatment",Granisetron recurrent metastatic head and neck cancer clinical trial eligibility || Granisetron head and neck cancer Phase 2 prior treatment || Granisetron head and neck cancer biomarker ECOG || Granisetron Kyowa Kirin head and neck cancer trial,1,"
            Head and neck cancer – emerging targeted therapies - PMC
        ",https://pmc.ncbi.nlm.nih.gov/articles/PMC12460141,pmc.ncbi.nlm.nih.gov,,"Head and neck cancer – emerging targeted therapies Yasser Abouelkheer 1 , Aarti Bhatia 2, * * Author information * Article notes * Copyright and License information   PMCID: PMC12460141  PMID: 41018114 Abstract Systemic therapy remains the cornerstone of treatment for recurrent and metastatic (R/M) ",,,
q063-batch,q063,"Granisetron in Head and Neck Cancer: clinical trial population, biomarker or severity selection, line of therapy, and required prior treatment",Granisetron recurrent metastatic head and neck cancer clinical trial eligibility || Granisetron head and neck cancer Phase 2 prior treatment || Granisetron head and neck cancer biomarker ECOG || Granisetron Kyowa Kirin head and neck cancer trial,2,[PDF] NCTN Head and Neck Cancer Trials Portfolio (Open as of 5/15/2026),https://dctd.cancer.gov/research/networks/nctn/head-neck-trials.pdf,dctd.cancer.gov,,"NCTN Head and Neck Cancer Trials Portfolio (Open as of 8 /15/2026) Each far right box includes the NCTN protocol number with a hyperlink to the associated ClinicalTrials.gov webpage. Click on it to view the protocol title and study information. - H I - ---, I .... - H I > I y r- H Head and Neck Head",,,
q063-batch,q063,"Granisetron in Head and Neck Cancer: clinical trial population, biomarker or severity selection, line of therapy, and required prior treatment",Granisetron recurrent metastatic head and neck cancer clinical trial eligibility || Granisetron head and neck cancer Phase 2 prior treatment || Granisetron head and neck cancer biomarker ECOG || Granisetron Kyowa Kirin head and neck cancer trial,3,Study Details | NCT03546582 | SBRT +/- Pembrolizumab in Patients With Local-Regionally Recurrent or Second Primary Head and Neck Carcinoma | ClinicalTrials.gov,https://clinicaltrials.gov/study/NCT03546582,clinicaltrials.gov,,SBRT +/​- Pembrolizumab in Patients With Local-Regionally Recurrent or Second Primary Head and Neck Carcinoma (KEYSTROKE) Brief Summary This phase II trial with a safety run-in component will evaluate whether the addition of pembrolizumab to Stereotactic Body Radiation Therapy (SBRT) re-irradiation ,,,
q063-batch,q063,"Granisetron in Head and Neck Cancer: clinical trial population, biomarker or severity selection, line of therapy, and required prior treatment",Granisetron recurrent metastatic head and neck cancer clinical trial eligibility || Granisetron head and neck cancer Phase 2 prior treatment || Granisetron head and neck cancer biomarker ECOG || Granisetron Kyowa Kirin head and neck cancer trial,4,Head and Neck Cancer Clinical Trials | Center for Cancer Research,https://ccr.cancer.gov/head-and-neck-cancer-team/clinical-trials,ccr.cancer.gov,,Skip to main content National Cancer Institute - Cancer.gov Breadcrumb 1. Home 2. Head and Neck Cancer Team 3. Head and Neck Cancer Clinical Trials Head and Neck Cancer Clinical Trials Email LinkedIn Facebook Print Our clinical trials are enrolling patients with recurrent or metastatic head and neck,,,
q063-batch,q063,"Granisetron in Head and Neck Cancer: clinical trial population, biomarker or severity selection, line of therapy, and required prior treatment",Granisetron recurrent metastatic head and neck cancer clinical trial eligibility || Granisetron head and neck cancer Phase 2 prior treatment || Granisetron head and neck cancer biomarker ECOG || Granisetron Kyowa Kirin head and neck cancer trial,5,Head and neck cancer Archives,https://ecog-acrin.org/tag/head-and-neck-cancer,ecog-acrin.org,,Head and neck cancer Archives News from ECOG-ACRIN blog is now available. ECOG-ACRIN research. The July/August 2023 News from ECOG-ACRIN blog is now available. Head and Neck Cancer,,,
q064-batch,q064,"HPV Vaccine (HAd5 Vector) in Head and Neck Cancer: clinical trial population, biomarker or severity selection, line of therapy, and required prior treatment",HPV Vaccine (HAd5 Vector) ImmunityBio head and neck cancer clinical trial eligibility || HPV Vaccine (HAd5 Vector) ImmunityBio HPV biomarker head and neck cancer || HPV Vaccine (HAd5 Vector) ImmunityBio recurrent metastatic head and neck cancer prior treatment || HPV Vaccine (HAd5 Vector) ImmunityBio phase 2 trial inclusion criteria,1,Frontiers | Head and neck cancer therapeutic vaccines: a review,https://www.frontiersin.org/journals/oncology/articles/10.3389/fonc.2026.1773594/full,frontiersin.org,2026-05-08,* Vaccine name | Vaccine type | Antigen target(s) | Clinical setting | Phase (trial ID) | Combination strategy | Key clinical outcomes | Safety profile * ISA101b ( 33 ) * (NCT02426892) * N=24 (22 OPC) | Synthetic long peptide vaccine | HPV E6/E7 oncoproteins | Recurrent/Metastatic HPV+HNSCC | Phase ,,,
q064-batch,q064,"HPV Vaccine (HAd5 Vector) in Head and Neck Cancer: clinical trial population, biomarker or severity selection, line of therapy, and required prior treatment",HPV Vaccine (HAd5 Vector) ImmunityBio head and neck cancer clinical trial eligibility || HPV Vaccine (HAd5 Vector) ImmunityBio HPV biomarker head and neck cancer || HPV Vaccine (HAd5 Vector) ImmunityBio recurrent metastatic head and neck cancer prior treatment || HPV Vaccine (HAd5 Vector) ImmunityBio phase 2 trial inclusion criteria,2,"
            The current landscape of therapeutic vaccination approaches for treatment of HPV-dependent malignancies - PMC
        ",https://pmc.ncbi.nlm.nih.gov/articles/PMC13103388,pmc.ncbi.nlm.nih.gov,,"This review provides an overview of current therapeutic human papillomavirus (HPV) vaccination approaches. We review important criteria for their development, and present vaccines currently being actively followed in clinical trials, for precursor lesions or established cancers. Persistent infection",,,
q064-batch,q064,"HPV Vaccine (HAd5 Vector) in Head and Neck Cancer: clinical trial population, biomarker or severity selection, line of therapy, and required prior treatment",HPV Vaccine (HAd5 Vector) ImmunityBio head and neck cancer clinical trial eligibility || HPV Vaccine (HAd5 Vector) ImmunityBio HPV biomarker head and neck cancer || HPV Vaccine (HAd5 Vector) ImmunityBio recurrent metastatic head and neck cancer prior treatment || HPV Vaccine (HAd5 Vector) ImmunityBio phase 2 trial inclusion criteria,3,"
            Immunotherapy Approaches in HPV-Associated Head and Neck Cancer - PMC
        ",https://pmc.ncbi.nlm.nih.gov/articles/PMC8656769,pmc.ncbi.nlm.nih.gov,,"Three prophylactic HPV vaccinations are currently approved by the FDA including the quadrivalent HPV vaccine, Gardasil, a bivalent HPV vaccine, Cervarix, and a nine-valent vaccine, Gardasil 9, with the latter providing protection against HPV-6, 11, 16, 18, 31, 33, 45, 53, and 58 [ 19 ]. Each vaccine",,,
q064-batch,q064,"HPV Vaccine (HAd5 Vector) in Head and Neck Cancer: clinical trial population, biomarker or severity selection, line of therapy, and required prior treatment",HPV Vaccine (HAd5 Vector) ImmunityBio head and neck cancer clinical trial eligibility || HPV Vaccine (HAd5 Vector) ImmunityBio HPV biomarker head and neck cancer || HPV Vaccine (HAd5 Vector) ImmunityBio recurrent metastatic head and neck cancer prior treatment || HPV Vaccine (HAd5 Vector) ImmunityBio phase 2 trial inclusion criteria,4,HPV Vaccine Clinical Trials | Human Papillomavirus Research,https://immunitybio.com/human-papillomavirus/,immunitybio.com,2024-11-16,"The risk for development of certain cancers is greater for people who have been infected with the human papillomavirus (HPV). As reported by the National Cancer Institute (NCI), HPV infection is responsible for an estimated 630,000 cancers worldwide each year, or approximately 5% of all cancers. 1 A",,,
q064-batch,q064,"HPV Vaccine (HAd5 Vector) in Head and Neck Cancer: clinical trial population, biomarker or severity selection, line of therapy, and required prior treatment",HPV Vaccine (HAd5 Vector) ImmunityBio head and neck cancer clinical trial eligibility || HPV Vaccine (HAd5 Vector) ImmunityBio HPV biomarker head and neck cancer || HPV Vaccine (HAd5 Vector) ImmunityBio recurrent metastatic head and neck cancer prior treatment || HPV Vaccine (HAd5 Vector) ImmunityBio phase 2 trial inclusion criteria,5,HPV+ / HPV- 2nd Line Head & Neck Cancer - ImmunityBio,https://immunitybio.com/trial/hpv-hpv-2nd-line-head-neck-cancer,immunitybio.com,2024-06-21,"This Phase 1 open-label study is evaluating the safety of ImmunityBio’s IBRX-042 therapeutic Vaccine in patients with HPV-associated tumors (cervical, esophageal, head, neck, and anal squamous cell carcinomas, as well as vaginal, vulvar, and penile cancers). Acceptance Requirements Adult patients di",,,
