case_id,row_id,objective,query,rank,title,url,domain,date,snippet,relevant,answers_objective,notes
q001-batch,q001,Tamuzimod safety findings and adverse events in Moderately to severely active ulcerative colitis Ulcerative Colitis,Tamuzimod long-term extension safety ulcerative colitis || Tamuzimod maintenance adverse events ulcerative colitis || Tamuzimod UEGW 2024 safety || Tamuzimod open-label extension adverse events,1,VTX002 UEGW 2024,https://ir.ventyxbio.com/static-files/47cbb9ba-f8c5-43e5-9235-01ca63f91f25,ir.ventyxbio.com,,Efficacy and safety of tamuzimod in moderately to severely active ulcerative colitis through 52 weeks: phase 2 long-term extension data ... • Tamuzimod (formerly VTX002) is a novel oral selective S1PR1 modulator in development for the  treatment of UC • The efficacy and safety of tamuzimod as induct,,,
q001-batch,q001,Tamuzimod safety findings and adverse events in Moderately to severely active ulcerative colitis Ulcerative Colitis,Tamuzimod long-term extension safety ulcerative colitis || Tamuzimod maintenance adverse events ulcerative colitis || Tamuzimod UEGW 2024 safety || Tamuzimod open-label extension adverse events,2,UEG Week 2024 - CONFERENCE REPORTPEER-REVIEWED,https://conferences.medicom-publishers.com/wp-content/uploads/2024/11/E-UEGW-MCR-2024.pdf,conferences.medicom-publishers.com,,"The top-down strategy was also linked to fewer adverse  events (n=168 vs n=315) and serious adverse events (n=15  vs n=42) than the step-up approach. ... CD, vedolizumab was more efficacious and safer in early disease than in late disease,” concluded Prof. D’Haens. ... A subgroup analysis of the pha",,,
q001-batch,q001,Tamuzimod safety findings and adverse events in Moderately to severely active ulcerative colitis Ulcerative Colitis,Tamuzimod long-term extension safety ulcerative colitis || Tamuzimod maintenance adverse events ulcerative colitis || Tamuzimod UEGW 2024 safety || Tamuzimod open-label extension adverse events,3,Tamuzimod delivers promising long-term data in ulcerative ...,https://www.esanum.com/conferences/ueg-week-2024/feeds/today/posts/tamuzimod-delivers-promising-long-term-data-in-ulcerative-colitis,esanum.com,2024-11-08,"#### Tamuzimod improved clinical, endoscopic, and histologic outcomes compared with placebo in moderately to severely active UC at week 52. ... The selective S1PR1 modulator tamuzimod displayed encouraging efficacy and safety data as induction therapy for patients with UC^1^. ... The randomised, dou",,,
q001-batch,q001,Tamuzimod safety findings and adverse events in Moderately to severely active ulcerative colitis Ulcerative Colitis,Tamuzimod long-term extension safety ulcerative colitis || Tamuzimod maintenance adverse events ulcerative colitis || Tamuzimod UEGW 2024 safety || Tamuzimod open-label extension adverse events,4,Ventyx Biosciences Presents New 52-Week Results from the Phase ...,https://ir.ventyxbio.com/news-releases/news-release-details/ventyx-biosciences-presents-new-52-week-results-phase-2-trial/,ir.ventyxbio.com,2024-10-15,"## Ventyx Biosciences Presents New 52-Week Results from the Phase 2 Trial of VTX002 (Tamuzimod) in Ulcerative Colitis at UEG Week 2024 ... ### Late-breaking abstract highlights high rates of clinical and endoscopic remission among LTE completers at Week 52 SAN DIEGO, Oct. 15, 2024 (GLOBE NEWSWIRE) -",,,
q001-batch,q001,Tamuzimod safety findings and adverse events in Moderately to severely active ulcerative colitis Ulcerative Colitis,Tamuzimod long-term extension safety ulcerative colitis || Tamuzimod maintenance adverse events ulcerative colitis || Tamuzimod UEGW 2024 safety || Tamuzimod open-label extension adverse events,5,Silvio Danese - ScienceDirect.com,https://www.sciencedirect.com/author/7004453034/silvio-danese,sciencedirect.com,,Individuals who completed the U-ACHIEVE maintenance study were subsequently eligible for inclusion in the efficacy population of this long-term extension study. Patients in clinical remission per adapted Mayo score at week 52 of the maintenance study could continue their double-masked treatment upon,,,
q002-batch,q002,"C. difficile Infection Episode: Receipt of SOC Antibacterial Therapy (Fidaxomicin, Vancomycin, Metronidazole) With Planned Duration 10–25 Days at Time of IMP Administration competing agents in the same mechanistic class as AZD5148, including Monoclonal Antibody targeting Clostridioides Difficile Toxin B TcdB",AZD5148 competing anti-TcdB monoclonal antibodies Phase 2 2026 || AZD5148 TcdB antibody competitors licensing || AZD5148 RePreve comparator anti-toxin antibody || AZD5148 TcdB epitope binding mechanism || AZD5148 clinical pipeline TcdB antibody 2026,1,"Epitope Conservation of AZD5148, a Broadly Neutralizing Anti-Toxin B Monoclonal Antibody, Among Diverse and Global Contemporary Clostridioides difficile Isolates",https://pmc.ncbi.nlm.nih.gov/articles/PMC12614991/,pmc.ncbi.nlm.nih.gov,2025-08-14,"AZD5148 is a toxin B–neutralizing human monoclonal antibody that binds to an epitope on the toxin B glucosyltransferase domain. ... Herein, we showed that the AZD5148 epitope is highly conserved across all geographic regions and sequence types and has a higher average conservation frequency in its b",,,
q002-batch,q002,"C. difficile Infection Episode: Receipt of SOC Antibacterial Therapy (Fidaxomicin, Vancomycin, Metronidazole) With Planned Duration 10–25 Days at Time of IMP Administration competing agents in the same mechanistic class as AZD5148, including Monoclonal Antibody targeting Clostridioides Difficile Toxin B TcdB",AZD5148 competing anti-TcdB monoclonal antibodies Phase 2 2026 || AZD5148 TcdB antibody competitors licensing || AZD5148 RePreve comparator anti-toxin antibody || AZD5148 TcdB epitope binding mechanism || AZD5148 clinical pipeline TcdB antibody 2026,2,The monoclonal antibody AZD5148 confers broad protection against ...,https://pmc.ncbi.nlm.nih.gov/articles/PMC12594360/,pmc.ncbi.nlm.nih.gov,2025-11-03,"AZD5148 is a humanized anti-TcdB mAb that neutralizes toxin activity by blocking the delivery of the enzymatic glucosyltransferase domain (GTD) into host cells. ... AZD5148 potently neutralized TcdB1 and TcdB2 *in vitro*, with EC~50~ values 1,000- to 14,000-fold lower than those of bezlotoxumab. In ",,,
q002-batch,q002,"C. difficile Infection Episode: Receipt of SOC Antibacterial Therapy (Fidaxomicin, Vancomycin, Metronidazole) With Planned Duration 10–25 Days at Time of IMP Administration competing agents in the same mechanistic class as AZD5148, including Monoclonal Antibody targeting Clostridioides Difficile Toxin B TcdB",AZD5148 competing anti-TcdB monoclonal antibodies Phase 2 2026 || AZD5148 TcdB antibody competitors licensing || AZD5148 RePreve comparator anti-toxin antibody || AZD5148 TcdB epitope binding mechanism || AZD5148 clinical pipeline TcdB antibody 2026,3,Clinical Trials Appendix - Q1 2026 Results Update,https://www.astrazeneca.com/content/dam/az/PDF/2026/eq1/Q1-2026-results-clinical-trials-appendix.pdf,astrazeneca.com,,AZD5148 anti-clostridioides difficile TcdB mAb reduction of C.diff recurrence ... AZD5148 C. difficile mAb - Prevention of Recurrence (US) ... Clostridium difficile AZD5148 (anti-TcdB mAb) Trial Population Patients Design Endpoints Status Phase IIb PRISM NCT07285213 Adults with qualifying C. diffici,,,
q002-batch,q002,"C. difficile Infection Episode: Receipt of SOC Antibacterial Therapy (Fidaxomicin, Vancomycin, Metronidazole) With Planned Duration 10–25 Days at Time of IMP Administration competing agents in the same mechanistic class as AZD5148, including Monoclonal Antibody targeting Clostridioides Difficile Toxin B TcdB",AZD5148 competing anti-TcdB monoclonal antibodies Phase 2 2026 || AZD5148 TcdB antibody competitors licensing || AZD5148 RePreve comparator anti-toxin antibody || AZD5148 TcdB epitope binding mechanism || AZD5148 clinical pipeline TcdB antibody 2026,4,H1 and Q2 2026 Results Clinical Trials Appendix,https://www.astrazeneca.com/content/dam/az/PDF/2026/h1q2/H1-and-Q2-2026-results-clinical-trials-appendix.pdf,astrazeneca.com,,"AZD5148 anti-clostridioides difficile TcdB mAb reduction of  C.diff recurrence ... Clostridium difficile AZD5148 (anti-TcdB mAb) Trial Population Patients Design Endpoints Status Phase IIb PRISM NCT07285213 Adults with qualifying C. difficile infection episode 230 • Randomised, double-blind, placebo",,,
q002-batch,q002,"C. difficile Infection Episode: Receipt of SOC Antibacterial Therapy (Fidaxomicin, Vancomycin, Metronidazole) With Planned Duration 10–25 Days at Time of IMP Administration competing agents in the same mechanistic class as AZD5148, including Monoclonal Antibody targeting Clostridioides Difficile Toxin B TcdB",AZD5148 competing anti-TcdB monoclonal antibodies Phase 2 2026 || AZD5148 TcdB antibody competitors licensing || AZD5148 RePreve comparator anti-toxin antibody || AZD5148 TcdB epitope binding mechanism || AZD5148 clinical pipeline TcdB antibody 2026,5,Pipeline,https://www.astrazeneca.com/our-therapy-areas/pipeline.html,astrazeneca.com,,### Phase II - ** AZD0120 ** *multiple myeloma* #### AZD0120 - Phase II Close - ** AZD0305 ** *relapsed/refractory multiple myeloma* #### AZD0305 - Phase II Close - ** AZD3470 ... ### Phase II - ** AZD1163 ** *rheumatoid arthritis* #### AZD1163 - Phase II Close - **Mechanism:** anti-PAD2/4 bispecifi,,,
q003-batch,q003,Distal Ulcerative Colitis competing agents in the same mechanistic class as RpoB Small Molecule,Distal Ulcerative Colitis RpoB inhibitors pipeline || Distal Ulcerative Colitis RpoB competitors Phase 2 || Distal Ulcerative Colitis RpoB mechanism clinical trial,1,Novel Drug Developments for IBD - Highlights from ECCO 2025,https://www.charite-research.org/files/documents/250630_CRO%20WP_ECCO%202025_final.pdf,charite-research.org,,"RO7790121 (RVT-3101, Hoffmann-La Roche) is an anti-TL1A-antibody that showed significant endoscopic improvement and favourable safety in the phase 2a TUSCANY trial [Danese et al., 2021]. ... Due to these positive phase 2b results, RO7790121 is currently being investigated in two phase  3 studies, na",,,
q003-batch,q003,Distal Ulcerative Colitis competing agents in the same mechanistic class as RpoB Small Molecule,Distal Ulcerative Colitis RpoB inhibitors pipeline || Distal Ulcerative Colitis RpoB competitors Phase 2 || Distal Ulcerative Colitis RpoB mechanism clinical trial,2,Reviewing treatments and outcomes in the evolving landscape of ulcerative colitis,https://www.tandfonline.com/doi/full/10.1080/00325481.2017.1319730,tandfonline.com,2017-07-04,"The first-line therapy for patients with active, mild-to-moderate forms of distal UC is rectal 5-aminosalicylic acid (5-ASA) therapy [Citation22,Citation35]. ... Rectal corticosteroids are also recommended for patients with mild-to-moderate distal UC [Citation22], but as second-line therapy in patie",,,
q003-batch,q003,Distal Ulcerative Colitis competing agents in the same mechanistic class as RpoB Small Molecule,Distal Ulcerative Colitis RpoB inhibitors pipeline || Distal Ulcerative Colitis RpoB competitors Phase 2 || Distal Ulcerative Colitis RpoB mechanism clinical trial,3,The IBD Therapeutic Pipeline Is Primed to Produce,https://practicalgastro.com/2019/04/10/the-ibd-therapeutic-pipeline-is-primed-to-produce/,practicalgastro.com,2019-04-10,"A phase IIb/III trial of MEDI2070 in patients with moderate to severe CD is currently active (NCT03759288) as is a phase II trial of MEDI2070 in patients with UC (NCT03616821). ... Several other IL23 specific inhibitors are rapidly entering clinical trials for CD and UC, including mirikizumab (LY307",,,
q003-batch,q003,Distal Ulcerative Colitis competing agents in the same mechanistic class as RpoB Small Molecule,Distal Ulcerative Colitis RpoB inhibitors pipeline || Distal Ulcerative Colitis RpoB competitors Phase 2 || Distal Ulcerative Colitis RpoB mechanism clinical trial,4,ECCO Guidelines on Therapeutics in Ulcerative Colitis ...,https://academic.oup.com/ecco-jcc/article/16/1/2/6390052,academic.oup.com,2022-01-28,"We suggest the use of vedolizumab rather than adalimumab for the induction and maintenance of remission in patients with moderately-to-severely active ulcerative colitis [weak recommendation, low level of evidence]",,,
q003-batch,q003,Distal Ulcerative Colitis competing agents in the same mechanistic class as RpoB Small Molecule,Distal Ulcerative Colitis RpoB inhibitors pipeline || Distal Ulcerative Colitis RpoB competitors Phase 2 || Distal Ulcerative Colitis RpoB mechanism clinical trial,5,Advancing therapeutic frontiers: a pipeline of novel drugs for ...,https://pmc.ncbi.nlm.nih.gov/articles/PMC12952356/,pmc.ncbi.nlm.nih.gov,2026-01-30,"The therapeutic pipeline for moderate to severe ulcerative colitis currently encompasses over 100 investigational agents in Phase II and III clinical development. Emerging mechanisms include next-generation Janus kinase and tyrosine kinase 2 inhibitors with enhanced selectivity, novel cell trafficki",,,
q004-batch,q004,"competing agents in the same mechanistic class for this indication MT501, Mirador Therapeutics, Crohn's Disease, Moderately to Severely Active by CDAI and SES-CD",MT501 mechanism of action mechanistic class || MT501 Crohn's disease target pathway || MT501 inflammatory bowel disease competitors same mechanism,1,MT 501 - AdisInsight,https://adisinsight.springer.com/drugs/800080933,adisinsight.springer.com,2025-08-13,**Class**Anti-inflammatories **Mechanism of Action**Undefined mechanism,,,
q004-batch,q004,"competing agents in the same mechanistic class for this indication MT501, Mirador Therapeutics, Crohn's Disease, Moderately to Severely Active by CDAI and SES-CD",MT501 mechanism of action mechanistic class || MT501 Crohn's disease target pathway || MT501 inflammatory bowel disease competitors same mechanism,2,"MT-501 - Drug Targets, Indications, Patents - Patsnap Synapse",https://synapse.patsnap.com/drug/477311c534e0406d8c27a73fc39e6074,synapse.patsnap.com,,"|Drug Type Small molecule drug| ... |Therapeutic Areas Immune System DiseasesDigestive System Disorders| |Active Indication Colitis, UlcerativeCrohn Disease| ... |Crohn Disease|Phase 2|United States|Mirador Therapeutics, Inc.|26 Jun 2025|",,,
q004-batch,q004,"competing agents in the same mechanistic class for this indication MT501, Mirador Therapeutics, Crohn's Disease, Moderately to Severely Active by CDAI and SES-CD",MT501 mechanism of action mechanistic class || MT501 Crohn's disease target pathway || MT501 inflammatory bowel disease competitors same mechanism,3,Inflammatory bowel disease treatment: Mechanisms ...,https://www.spandidos-publications.com/10.3892/ijmm.2026.5961,spandidos-publications.com,2026-10-01,"The mechanism of action primarily involves inhibiting natural killer cell activity, suppressing the cyclooxygenase and lipoxygenase pathways of arachidonic acid metabolism, thereby decreasing prostaglandin and leukotriene levels, inhibiting th ... Methotrexate (MTX) is a dihydrofolate reductase inhi",,,
q004-batch,q004,"competing agents in the same mechanistic class for this indication MT501, Mirador Therapeutics, Crohn's Disease, Moderately to Severely Active by CDAI and SES-CD",MT501 mechanism of action mechanistic class || MT501 Crohn's disease target pathway || MT501 inflammatory bowel disease competitors same mechanism,4,MT-501 for Inflammatory Bowel Disease (ASCEND-IBD Trial),https://www.withpower.com/trial/phase-2-inflammatory-bowel-diseases-5-2025-6303d,withpower.com,2021-10-09,"Researchers are excited about MT-501 because it offers a novel approach to treating Inflammatory Bowel Disease, including Ulcerative Colitis and Crohn's Disease. Unlike traditional treatments, which often rely on suppressing the immune system, MT-501 targets specific inflammatory pathways, potential",,,
q004-batch,q004,"competing agents in the same mechanistic class for this indication MT501, Mirador Therapeutics, Crohn's Disease, Moderately to Severely Active by CDAI and SES-CD",MT501 mechanism of action mechanistic class || MT501 Crohn's disease target pathway || MT501 inflammatory bowel disease competitors same mechanism,5,Inflammatory Bowel Competitive Landscape Analysis 2026 | Eureka,https://eureka.patsnap.com/blog/life-science/inflammatory-bowel-diseases-global-competitive-landscape-report-2026/,eureka.patsnap.com,2026-05-14,"Notably, 2025-2026 has produced an exceptional wave of approvals including Janssen’s oral peptide IL-23 antagonist Icotrokinra (March 2026), Lilly’s Mirikizumab (Omvoh) for Crohn’s expansion, and multiple Chinese-developed JAK and IL-23 mAb approvals. Specifically, the late-stage IBD landscape is bi",,,
q005-batch,q005,SOR102 safety findings and adverse events in Crohn's Disease Ulcerative Colitis,SOR102 Crohn's disease safety adverse events || SOR102-101 registry identifier safety || SOR102 ulcerative colitis individual adverse events infections deaths || SOR102 Grade 3 adverse events 810 mg || SOR102 900 mg 42-day safety results,1,Safely targeting combination TNF and IL-23 using a gut-restricted ...,https://pmc.ncbi.nlm.nih.gov/articles/PMC13263963/,pmc.ncbi.nlm.nih.gov,2026-05-28,"Overall, SOR102 was well tolerated in both healthy participants and patients with UC, with a low incidence of treatment-emergent adverse events (TEAEs), most of which were mild to moderate in severity. In part 1, TEAEs were reported in 3/24 (13%) participants receiving SOR102 compared with 2/8 (25%)",,,
q005-batch,q005,SOR102 safety findings and adverse events in Crohn's Disease Ulcerative Colitis,SOR102 Crohn's disease safety adverse events || SOR102-101 registry identifier safety || SOR102 ulcerative colitis individual adverse events infections deaths || SOR102 Grade 3 adverse events 810 mg || SOR102 900 mg 42-day safety results,2,"PHASE 1B STUDY OF SOR102, A NOVEL, ORALLY ...",https://eposters.ddw.org/ddw/2025/ddw-2025/4155984/vipul.jairath.phase.1b.study.of.sor102.a.novel.orally.delivered.bispecific.html?f=menu=6*browseby=8*sortby=2*ce_id=2855*ot_id=31400*marker=5698,eposters.ddw.org,2025-03-31,"TEAEs were reported in 57%, 29%, and 50% of patients receiving SOR102 810mg BID, SOR102 810mg QD, or placebo, respectively (Table 1). Most were mild-to-moderate in severity. One AE (SOR102 810mg BID arm) was considered possibly related to SOR102 (abdominal pain of mild severity). One serious AE of w",,,
q005-batch,q005,SOR102 safety findings and adverse events in Crohn's Disease Ulcerative Colitis,SOR102 Crohn's disease safety adverse events || SOR102-101 registry identifier safety || SOR102 ulcerative colitis individual adverse events infections deaths || SOR102 Grade 3 adverse events 810 mg || SOR102 900 mg 42-day safety results,3,Oral Administration of SOR102 Delivers Anti-TNF/IL-23 ...,https://sorrisopharma.com/app/uploads/UEG-Week-2025-Poster-v4.pdf,sorrisopharma.com,,"22 patients were randomized (ITT; Table  1), 17 patients completed the study Per  Protocol (QD n=6, BID n=5, Placebo n=6). Reasons for discontinuation: worsening of  UC (n=2), study schedule non-compliance  (n=2) and consent withdrawal (n=1). ... No clinically significant changes in safety laborator",,,
q005-batch,q005,SOR102 safety findings and adverse events in Crohn's Disease Ulcerative Colitis,SOR102 Crohn's disease safety adverse events || SOR102-101 registry identifier safety || SOR102 ulcerative colitis individual adverse events infections deaths || SOR102 Grade 3 adverse events 810 mg || SOR102 900 mg 42-day safety results,4,PowerPoint Presentation,https://sorrisopharma.com/app/uploads/DDW-2025-poster.pdf,sorrisopharma.com,,"The Phase 1, first-in-human study (SOR102-101; NCT06080048) had 3 parts. Parts 1 and  2 enrolled healthy subjects (results presented previously). Here, we present safety and efficacy results for Part 3, a Phase 1b randomized, double-blind, placebo-controlled study in patients with mild to severe UC.",,,
q005-batch,q005,SOR102 safety findings and adverse events in Crohn's Disease Ulcerative Colitis,SOR102 Crohn's disease safety adverse events || SOR102-101 registry identifier safety || SOR102 ulcerative colitis individual adverse events infections deaths || SOR102 Grade 3 adverse events 810 mg || SOR102 900 mg 42-day safety results,5,"Safety and pharmacokinetics of SOR102, an oral bispecific ...",https://pubmed.ncbi.nlm.nih.gov/41242336/,pubmed.ncbi.nlm.nih.gov,,"** From Oct 9, 2023, to Oct 16, 2024, 157 participants were assessed for eligibility, of whom 93 were excluded and 64 were randomly assigned to either SOR102 (n=48) or placebo (n=16) across all three parts of the study. ... In part 1, treatment-emergent adverse events (TEAEs) occurred in three (13%)",,,
q006-batch,q006,"Moderately to Severely Active Crohn's Disease Moderately to Severely Active Crohn’s Disease Refractory to Systemic Therapies Moderately to Severely Active Ulcerative Colitis Refractory to Systemic Therapies Moderately to Severely Active Ulcerative Colitis with inadequate response, loss of response, or intolerance to ≥1 biologic or novel oral with biologic-like activity competing agents in the same mechanistic class as JNJ-4804 Co Antibody Therapy, including Antibody Cocktail Monoclonal Antibody and IL-23 IL23A TNF-α Tumor Necrosis Factor Alpha therapies",JNJ-4804 guselkumab golimumab IL-23 TNF-α competitors IBD || JNJ-4804 IL-23 TNF-α dual antibody competing agents IBD || JNJ-4804 same mechanistic class IBD pipeline || JNJ-4804 competing IL-23 TNF-α antibody Crohn's disease ulcerative colitis,1,JNJ-4804 demonstrated highest rates of clinical ...,https://www.jnj.com/media-center/press-releases/johnson-johnson-investigational-co-antibody-therapy-jnj-4804-shows-potential-to-raise-the-bar-for-clinical-efficacy-in-treating-refractory-inflammatory-bowel-disease,jnj.com,2026-05-05,## JNJ-4804 demonstrated highest rates of clinical and endoscopic outcomes compared to golimumab and guselkumab in patients with ulcerative colitis or Crohn’s disease who have had inadequate response to two or more systemic therapy classes JNJ-4804 is the first and only fixed dose co-antibody design,,,
q006-batch,q006,"Moderately to Severely Active Crohn's Disease Moderately to Severely Active Crohn’s Disease Refractory to Systemic Therapies Moderately to Severely Active Ulcerative Colitis Refractory to Systemic Therapies Moderately to Severely Active Ulcerative Colitis with inadequate response, loss of response, or intolerance to ≥1 biologic or novel oral with biologic-like activity competing agents in the same mechanistic class as JNJ-4804 Co Antibody Therapy, including Antibody Cocktail Monoclonal Antibody and IL-23 IL23A TNF-α Tumor Necrosis Factor Alpha therapies",JNJ-4804 guselkumab golimumab IL-23 TNF-α competitors IBD || JNJ-4804 IL-23 TNF-α dual antibody competing agents IBD || JNJ-4804 same mechanistic class IBD pipeline || JNJ-4804 competing IL-23 TNF-α antibody Crohn's disease ulcerative colitis,2,Dual-pathway co-antibody therapy shows promise in ...,https://news.gastro.org/issues/2026/may-2026/dualpathway-coantibody-therapy-shows-promise-in-refractory-ibd/,news.gastro.org,2026-05-05,#### Dual inhibition of TNF-α and IL-23 pathways yields superior outcomes vs monotherapy in phase 2b Crohn’s and UC trials. ... A first-in-class co-antibody therapy targeting two inflammatory pathways simultaneously demonstrated clinically meaningful efficacy in patients with highly refractory infla,,,
q006-batch,q006,"Moderately to Severely Active Crohn's Disease Moderately to Severely Active Crohn’s Disease Refractory to Systemic Therapies Moderately to Severely Active Ulcerative Colitis Refractory to Systemic Therapies Moderately to Severely Active Ulcerative Colitis with inadequate response, loss of response, or intolerance to ≥1 biologic or novel oral with biologic-like activity competing agents in the same mechanistic class as JNJ-4804 Co Antibody Therapy, including Antibody Cocktail Monoclonal Antibody and IL-23 IL23A TNF-α Tumor Necrosis Factor Alpha therapies",JNJ-4804 guselkumab golimumab IL-23 TNF-α competitors IBD || JNJ-4804 IL-23 TNF-α dual antibody competing agents IBD || JNJ-4804 same mechanistic class IBD pipeline || JNJ-4804 competing IL-23 TNF-α antibody Crohn's disease ulcerative colitis,3,"EFFICACY AND SAFETY OF THE FIRST CO-ANTIBODY THERAPY, JNJ ...",https://www.jnjmedicalconnect.com/media/attestation/congresses/immunology/2026/ddw/efficacy-and-safety-of-the-first-coantibody-therapy-jnj78934804-in-patients.pdf,jnjmedicalconnect.com,,"JNJ-4804 (JNJ-78934804; guselkumab and golimumab fixed-dose combination), the first co-antibody therapy in IBD, aims to address the high unmet need in patients with disease refractory to current systemic therapies Objective: The Phase 2b DUET-CD trial (NCT05242471) evaluated the efficacy and safety ",,,
q006-batch,q006,"Moderately to Severely Active Crohn's Disease Moderately to Severely Active Crohn’s Disease Refractory to Systemic Therapies Moderately to Severely Active Ulcerative Colitis Refractory to Systemic Therapies Moderately to Severely Active Ulcerative Colitis with inadequate response, loss of response, or intolerance to ≥1 biologic or novel oral with biologic-like activity competing agents in the same mechanistic class as JNJ-4804 Co Antibody Therapy, including Antibody Cocktail Monoclonal Antibody and IL-23 IL23A TNF-α Tumor Necrosis Factor Alpha therapies",JNJ-4804 guselkumab golimumab IL-23 TNF-α competitors IBD || JNJ-4804 IL-23 TNF-α dual antibody competing agents IBD || JNJ-4804 same mechanistic class IBD pipeline || JNJ-4804 competing IL-23 TNF-α antibody Crohn's disease ulcerative colitis,4,News Details - JNJ Investor Relations,https://www.investor.jnj.com/investor-news/news-details/2026/Johnson--Johnson-investigational-co-antibody-therapy-JNJ-4804-shows-potential-to-raise-the-bar-for-clinical-efficacy-in-treating-refractory-inflammatory-bowel-disease/default.aspx?_sp=649ecbb8-bb9f-4dba-8dc0-824bc2fff7e2,investor.jnj.com,2026-05-05,*JNJ-4804 demonstrated highest rates of clinical and endoscopic outcomes compared to golimumab and guselkumab in patients with ulcerative colitis or Crohn's disease who have had inadequate response to two or more systemic therapy classes* *JNJ-4804 is the first and only fixed dose co-antibody design,,,
q006-batch,q006,"Moderately to Severely Active Crohn's Disease Moderately to Severely Active Crohn’s Disease Refractory to Systemic Therapies Moderately to Severely Active Ulcerative Colitis Refractory to Systemic Therapies Moderately to Severely Active Ulcerative Colitis with inadequate response, loss of response, or intolerance to ≥1 biologic or novel oral with biologic-like activity competing agents in the same mechanistic class as JNJ-4804 Co Antibody Therapy, including Antibody Cocktail Monoclonal Antibody and IL-23 IL23A TNF-α Tumor Necrosis Factor Alpha therapies",JNJ-4804 guselkumab golimumab IL-23 TNF-α competitors IBD || JNJ-4804 IL-23 TNF-α dual antibody competing agents IBD || JNJ-4804 same mechanistic class IBD pipeline || JNJ-4804 competing IL-23 TNF-α antibody Crohn's disease ulcerative colitis,5,‘Strikingly better’: Co-antibody combination tops golimumab ...,https://www.healio.com/news/gastroenterology/20260521/strikingly-better-coantibody-combination-tops-golimumab-guselkumab-in-refractory-ibd,healio.com,2026-05-22,"CHICAGO — Combining golimumab and guselkumab into JNJ-78934804, a fixed-dose co-antibody therapy, helped overcome treatment failure in inflammatory bowel disease and exceeded dose-dependent benefits of either drug alone, according to data. ... Two parallel phase 2b trials combining the anti-tumor ne",,,
q007-batch,q007,Ulcerative Colitis competing agents in the same mechanistic class as FN1 IL-10RB IL10RA Interleukin-10 Antibody-Cytokine Conjugate Fusion Protein Biologic,Dekavil ulcerative colitis IL-10 fusion competitors || Dekavil ulcerative colitis antibody-cytokine fusion pipeline || Dekavil PF-06687234 sponsor ownership || Dekavil ulcerative colitis current development status,1,Clinical trials,https://www.clinicaltrialsregister.eu/ctr-search/trial/2017-002108-28/BE,clinicaltrialsregister.eu,,"|B.Sponsor: 1| |B.1.1|Name of Sponsor|Pfizer Inc, 235 East 42nd Street, New York, New York 10017| |B.1.3.4|Country|United States| |B.3.1 and B.3.2|Status of the sponsor|Commercial| ... |B.4.1|Name of organisation providing support|Pfizer Inc.| ... |D.3.1|Product name|Dekavil| |D.3.2|Product code|PF-",,,
q007-batch,q007,Ulcerative Colitis competing agents in the same mechanistic class as FN1 IL-10RB IL10RA Interleukin-10 Antibody-Cytokine Conjugate Fusion Protein Biologic,Dekavil ulcerative colitis IL-10 fusion competitors || Dekavil ulcerative colitis antibody-cytokine fusion pipeline || Dekavil PF-06687234 sponsor ownership || Dekavil ulcerative colitis current development status,2,"Dekavil - Drug Targets, Indications, Patents - Synapse",https://synapse.patsnap.com/drug/c932383d8dcb4af180c9a51971a82032,synapse.patsnap.com,,"|Drug Type Fusion protein| |--| |Synonyms F8-IL10, PF 06687234, PF-06687234| |Target EDA-FN x IL-10R| ... |Mechanism EDA-FN inhibitors(extra domain A of fibronectin inhibitors), IL-10R stimulants(Interleukin 10 receptor stimulants)| ... |Active Indication-| |Inactive Indication Colitis, UlcerativeCr",,,
q007-batch,q007,Ulcerative Colitis competing agents in the same mechanistic class as FN1 IL-10RB IL10RA Interleukin-10 Antibody-Cytokine Conjugate Fusion Protein Biologic,Dekavil ulcerative colitis IL-10 fusion competitors || Dekavil ulcerative colitis antibody-cytokine fusion pipeline || Dekavil PF-06687234 sponsor ownership || Dekavil ulcerative colitis current development status,3,EudraCT Number 2017-002108-28 - Clinical trial results,https://www.clinicaltrialsregister.eu/ctr-search/trial/2017-002108-28/results,clinicaltrialsregister.eu,2017-09-06,"A Phase 2a, Randomized, Double-Blind, Placebo-Controlled Study to Evaluate the Efficacy, Safety, Tolerability and Pharmacokinetics of PF-06687234 as Add-On Therapy to Infliximab in Active Ulcerative Colitis Subjects Who Are Not in Remission (Build UC) ... |Sponsor protocol code|B7581002| ... |US NCT",,,
q007-batch,q007,Ulcerative Colitis competing agents in the same mechanistic class as FN1 IL-10RB IL10RA Interleukin-10 Antibody-Cytokine Conjugate Fusion Protein Biologic,Dekavil ulcerative colitis IL-10 fusion competitors || Dekavil ulcerative colitis antibody-cytokine fusion pipeline || Dekavil PF-06687234 sponsor ownership || Dekavil ulcerative colitis current development status,4,Inflammatory Bowel Disease: Updates on Molecular ...,https://pmc.ncbi.nlm.nih.gov/articles/PMC5491079/,pmc.ncbi.nlm.nih.gov,2017-05-11,"^37^ However, no clear therapeutic effect of IL-10 has yet been demonstrated in human clinical trials. However, newer formulations of IL-10 targeted at sites of inflammation, such as F8-IL-10 (Dekavil) may show promise for the treatment of IBD. Dekavil is an immunocytokine consisting of a targeting ",,,
q007-batch,q007,Ulcerative Colitis competing agents in the same mechanistic class as FN1 IL-10RB IL10RA Interleukin-10 Antibody-Cytokine Conjugate Fusion Protein Biologic,Dekavil ulcerative colitis IL-10 fusion competitors || Dekavil ulcerative colitis antibody-cytokine fusion pipeline || Dekavil PF-06687234 sponsor ownership || Dekavil ulcerative colitis current development status,5,"duvakitug (SAR447189) / Teva, Sanofi",https://delta.larvol.com/Products/?ProductId=9eecb934-c14f-46ee-9019-2d536ffd00fe,delta.larvol.com,,"duvakitug (SAR447189) / Teva, Sanofi # duvakitug (SAR447189) / Teva, Sanofi - LARVOL DELTA ... ## TL1A-Targeted Therapy in Ulcerative Colitis: A Meta-Analysis of Randomized Placebo-Controlled Induction Trial (ACG 2026) - ""Three induction trials met inclusion criteria; ARTEMIS-UC evaluating Tulisokib",,,
q008-batch,q008,"Clostridioides Difficile Colitis competing agents in the same mechanistic class as LMN-201, including Antibody Fragment Enzyme Biological Biologic Cocktail and Clostridioides Difficile Toxin B TcdB therapies",LMN-201 TcdB antitoxin competitors Phase 2 clinical || LMN-201 PA-41 development phase || LMN-201 BL5-6.2 clinical development || LMN-201 AZD5148 clinical trial regulatory status || LMN-201 bezlotoxumab withdrawal current status,1,Prevention of Recurrent C. Difficile Infection Study With AZD5148 Monoclonal Antibody,https://med.agiltrace.com/clinical-trials/NCT07285213,med.agiltrace.com,,The purpose of this study is to evaluate the efficacy and safety of AZD5148 for prevention of recurrence of Clostridioides difficile infection in Individuals 18 years of age and above. ... AZD5148 Participants will receive a single dose A of AZD5148 administered via either intramuscular injection or,,,
q008-batch,q008,"Clostridioides Difficile Colitis competing agents in the same mechanistic class as LMN-201, including Antibody Fragment Enzyme Biological Biologic Cocktail and Clostridioides Difficile Toxin B TcdB therapies",LMN-201 TcdB antitoxin competitors Phase 2 clinical || LMN-201 PA-41 development phase || LMN-201 BL5-6.2 clinical development || LMN-201 AZD5148 clinical trial regulatory status || LMN-201 bezlotoxumab withdrawal current status,2,ACX-362E [Ibezapolstat] for Oral Treatment of Recurrent Clostridioides Difficile Infection,https://med.agiltrace.com/clinical-trials/NCT07513285,med.agiltrace.com,,## Timeline & Regulatory - **Start** 2026-08-06 - **Primary Completion** 2027-09-29 - **Completion** 2027-11-24 - **FDA Drug** Yes ... ## More Related Trials ... - Prevention of Recurrent C. Difficile Infection Study With AZD5148 Monoclonal Antibody NCT07285213 ·Status: RECRUITING ·Phase: PHASE2 ...,,,
q008-batch,q008,"Clostridioides Difficile Colitis competing agents in the same mechanistic class as LMN-201, including Antibody Fragment Enzyme Biological Biologic Cocktail and Clostridioides Difficile Toxin B TcdB therapies",LMN-201 TcdB antitoxin competitors Phase 2 clinical || LMN-201 PA-41 development phase || LMN-201 BL5-6.2 clinical development || LMN-201 AZD5148 clinical trial regulatory status || LMN-201 bezlotoxumab withdrawal current status,3,LMN-201 Preliminary Cohort in Repreve Trial,https://www.lumen.bio/news/2025/04/02/lmn-201-achieves-100-initial-c-difficile-clinical-cure-in-preliminary-cohort-of-re-preve-trial,lumen.bio,2025-04-02,"LMN-201 Preliminary Cohort in Repreve Trial - Lumen Bioscience # LMN-201 Achieves 100% Initial C. difficile Clinical Cure in Preliminary Cohort of RePreve Trial ... Strong potential to disrupt market for treatment of C. diff infections. RePreve Trial main cohort now recruiting. **Seattle, WA – April",,,
q008-batch,q008,"Clostridioides Difficile Colitis competing agents in the same mechanistic class as LMN-201, including Antibody Fragment Enzyme Biological Biologic Cocktail and Clostridioides Difficile Toxin B TcdB therapies",LMN-201 TcdB antitoxin competitors Phase 2 clinical || LMN-201 PA-41 development phase || LMN-201 BL5-6.2 clinical development || LMN-201 AZD5148 clinical trial regulatory status || LMN-201 bezlotoxumab withdrawal current status,4,LMN-201 for Prevention of C. Difficile Infection Recurrence,https://www.cancer.gov/research/participate/clinical-trials-search/v?id=NCI-2025-00869,cancer.gov,2016-06-23,"# LMN-201 for Prevention of C. Difficile Infection Recurrence Trial Status: closed to accrual This is a multisite study to evaluate the safety, tolerability, and efficacy of LMN-201 in participants recently diagnosed with CDI who are scheduled to receive or are receiving SOC antibiotic therapy again",,,
q008-batch,q008,"Clostridioides Difficile Colitis competing agents in the same mechanistic class as LMN-201, including Antibody Fragment Enzyme Biological Biologic Cocktail and Clostridioides Difficile Toxin B TcdB therapies",LMN-201 TcdB antitoxin competitors Phase 2 clinical || LMN-201 PA-41 development phase || LMN-201 BL5-6.2 clinical development || LMN-201 AZD5148 clinical trial regulatory status || LMN-201 bezlotoxumab withdrawal current status,5,LMN-201 for Prevention of C. Difficile Infection Recurrence,https://med.agiltrace.com/clinical-trials/NCT05330182,med.agiltrace.com,,"No results posted yet for this study ... This is a multisite study to evaluate the safety, tolerability, and efficacy of LMN-201 in participants recently diagnosed with CDI who are scheduled to receive or are receiving SOC antibiotic therapy against C. difficile. ... LMN-201 LMN-201 consists of oral",,,
q009-batch,q009,Inflammatory Bowel Disease competing agents in the same mechanistic class as CHRM1 CHRM3 CHRM4 CHRM5 Small Molecule,Dicyclomine inflammatory bowel disease muscarinic competitors || Dicyclomine IBD CHRM pipeline || Dicyclomine inflammatory bowel disease clinical development,1,Antispasmodics for Chronic Abdominal Pain: Analysis of North ...,https://pmc.ncbi.nlm.nih.gov/articles/PMC8315189/,pmc.ncbi.nlm.nih.gov,2021-05-17,"Anticholinergic/antimuscarinic agents inhibit GI smooth muscle contraction, in part, by blocking calcium transport through calcium channels (31); furthermore, these agents decrease colonic motility (32). ... ##### Dicyclomine. In 2 randomized, placebo-controlled studies, dicyclomine improved symptom",,,
q009-batch,q009,Inflammatory Bowel Disease competing agents in the same mechanistic class as CHRM1 CHRM3 CHRM4 CHRM5 Small Molecule,Dicyclomine inflammatory bowel disease muscarinic competitors || Dicyclomine IBD CHRM pipeline || Dicyclomine inflammatory bowel disease clinical development,2,"efficacy and safety of hyoscyamine, dicyclomine, and desipramine in ...",https://academic.oup.com/crohnscolitis360/article/8/2/otag063/8711826,academic.oup.com,2026-04-22,"In summary, antispasmodic agents and low-dose neuromodulators appear to be effective and generally well tolerated for the management of high bowel frequency and abdominal pain in patients with irritable pouch syndrome.",,,
q009-batch,q009,Inflammatory Bowel Disease competing agents in the same mechanistic class as CHRM1 CHRM3 CHRM4 CHRM5 Small Molecule,Dicyclomine inflammatory bowel disease muscarinic competitors || Dicyclomine IBD CHRM pipeline || Dicyclomine inflammatory bowel disease clinical development,3,What Medication Is Bestfor I B Sand Key Considerations,https://bookings.hants.gov.uk/digestive-health-191,bookings.hants.gov.uk,2025-10-10,"|**Antispasmodics**|Reduce smooth muscle contractions in the gastrointestinal tract by blocking calcium channels or muscarinic receptors, alleviating abdominal pain and discomfort.|IBS with pain/discomfort (IBS-D, IBS-C, IBS-M)|- Dicyclomine - Hyoscyamine - Mebeverine - Peppermint oil (enteric-coate",,,
q009-batch,q009,Inflammatory Bowel Disease competing agents in the same mechanistic class as CHRM1 CHRM3 CHRM4 CHRM5 Small Molecule,Dicyclomine inflammatory bowel disease muscarinic competitors || Dicyclomine IBD CHRM pipeline || Dicyclomine inflammatory bowel disease clinical development,4,Dicyclomine 20mg,https://dailymed.nlm.nih.gov/dailymed/fda/fdaDrugXsl.cfm?setid=a330a08e-0cb6-bc66-e053-2995a90ad9e9&type=display,dailymed.nlm.nih.gov,,"Dicyclomine hydrochloride tablets, USP are indicated for the treatment of patients with functional bowel/irritable bowel syndrome. ... The recommended initial dose is 20 mg four times a day. After one week treatment with the initial dose, the dose may be increased to 40 mg four times a day unless si",,,
q009-batch,q009,Inflammatory Bowel Disease competing agents in the same mechanistic class as CHRM1 CHRM3 CHRM4 CHRM5 Small Molecule,Dicyclomine inflammatory bowel disease muscarinic competitors || Dicyclomine IBD CHRM pipeline || Dicyclomine inflammatory bowel disease clinical development,5,Label: DICYCLOMINE HYDROCHLORIDE tablet - DailyMed,https://dailymed.nlm.nih.gov/dailymed/lookup.cfm?setid=2ad04535-1c34-6c5c-e063-6294a90a0c17,dailymed.nlm.nih.gov,2025-01-03,Initial U.S. Approval: 1950 ... Dicyclomine hydrochloride is an antispasmodic and anticholinergic (antimuscarinic) agent indicated for the treatment of functional bowel/irritable bowel syndrome (1) (1) ... The recommended initial dose is 20 mg four times a day. ... If efficacy is not achieved within,,,
q010-batch,q010,"competing agents in the same mechanistic class for this indication LY4395089, Eli Lilly & Company, Crohn''s Disease",LY4395089 mechanism target Crohn’s disease || LY4395089 competing agents Crohn’s disease same mechanism,1,Eficacitatea administrării combinate a ly4395089 și mirikizumab comparativ cu mirikizumab singur la adulți cu boala Crohn moderat până la sever activă,https://studii.clinice.ro/studiu/eficacitatea-ly4395089-si-mirikizumab-in-combinatie-comparativ-cu-mirikizumab-singur-la-adultii-cu-boala-crohn-moderat-severa/,studii.clinice.ro,2026-09-11,"Studiul investighează tratamentul a două afecţiuni inflamatorii ale intestinului, **Ulcerative Colitis** și **Crohn’s Disease**. Substanţa activă principală testată este **mirikizumab**, administrată prin injecţie, iar în unele grupuri se adaugă şi medicamentul oral **LY4395089**. Ambele medicamente",,,
q010-batch,q010,"competing agents in the same mechanistic class for this indication LY4395089, Eli Lilly & Company, Crohn''s Disease",LY4395089 mechanism target Crohn’s disease || LY4395089 competing agents Crohn’s disease same mechanism,2,Ly4395089 ir mirikizumab gydymo tyrimas suaugusiems su vidutinio ir sunkios veiklos Krono liga,https://klinikiniai-tyrimai.lt/tyrimas/tyrimas-kuriame-suaugusiems-pacientams-su-vidutiniskai-iki-sunkiai-aktyvia-crohn-liga-tiriama-ly4395089-ir-mirikizumabas/,klinikiniai-tyrimai.lt,2025-09-27,"Studijoje tiriami suaugusieji, sergantieji **Ulcerative Colitis** arba **Crohn’s Disease**, kurie turi vidutinio arba sunkio aktyvumo simptomus. Viena nagrinėjama medikamentų kombinacija apima intraveninį arba po odos injekcijos pavidalu taikomą **Mirikizumab** ir tabletės pavidalu vartojamą **LY439",,,
q010-batch,q010,"competing agents in the same mechanistic class for this indication LY4395089, Eli Lilly & Company, Crohn''s Disease",LY4395089 mechanism target Crohn’s disease || LY4395089 competing agents Crohn’s disease same mechanism,3,"LY-4395089 - Drug Targets, Indications, Patents - Patsnap Synapse",https://synapse.patsnap.com/drug/026286e1f04d4c549c14023c3c12d3ed,synapse.patsnap.com,,"Therapeutic Areas Immune System Diseases Digestive System Disorders Active Indication Crohn Disease Crohn's disease, active moderate Crohn's disease, active severe",,,
q010-batch,q010,"competing agents in the same mechanistic class for this indication LY4395089, Eli Lilly & Company, Crohn''s Disease",LY4395089 mechanism target Crohn’s disease || LY4395089 competing agents Crohn’s disease same mechanism,4,LY4395089 - Crohn Disease | Phase 2 | Eli Lilly and ...,https://www.biopharmawatch.com/company/LLY/drug/LY4395089,biopharmawatch.com,2026-09-22,"NCT07483099A Study of LY4395089 and Mirikizumab (LY3074828) Given Together and Mirikizumab (Alone) in Adults With Crohn's DiseaseCrohn Disease ... |Itraconazole|DRUG|Administered orally| ... ## Competitive Landscape -Crohn's Disease 77 trials (matched to ""Crohn Disease"") Top 11 of 13 competitors |Co",,,
q010-batch,q010,"competing agents in the same mechanistic class for this indication LY4395089, Eli Lilly & Company, Crohn''s Disease",LY4395089 mechanism target Crohn’s disease || LY4395089 competing agents Crohn’s disease same mechanism,5,Crohns' Disease Pipeline Appears Robust With 90+ Key Pharma ...,https://www.barchart.com/story/news/2494549/crohns-disease-pipeline-appears-robust-with-90-key-pharma-companies-actively-working-in-the-domain-delveinsight,barchart.com,2026-06-16,"Around 540 participants will be enrolled in the study at approximately 300 sites worldwide. - ***On June 04, 2026- Eli Lilly and Company* ** announced a phase 2 study is to see how the safety and efficacy of a farnesoid X receptor (FXR) agonist (LY4395089), given together with mirikizumab compares w",,,
q011-batch,q011,Inflammatory Bowel Disease competing agents in the same mechanistic class as Small Molecule targeting ITGA4 ITGB7 Integrin Alpha-4 Beta-7,α4β7 Inhibitor etrolizumab mechanism IBD || α4β7 Inhibitor vedolizumab current development status 2026 || α4β7 Inhibitor abrilumab current status IBD || α4β7 Inhibitor Phase 2 Phase 3 Crohn's disease competitors || α4β7 Inhibitor AJM300 natalizumab class comparison,1,"Etrolizumab: Uses, Interactions, Mechanism of Action",https://go.drugbank.com/drugs/DB12189,go.drugbank.com,2012-02-12,"**Etrolizumab**is a humanized IgG1κ anti-β7 integrin subunit monoclonal antibody under investigation for use in ulcerative colitis and Crohn's disease. ... Etrolizumab is a humanized IgG1κ monoclonal antibody directed against the β7 subunit of gastrointestinal α4β7 and αEβ7 integrins that, due to it",,,
q011-batch,q011,Inflammatory Bowel Disease competing agents in the same mechanistic class as Small Molecule targeting ITGA4 ITGB7 Integrin Alpha-4 Beta-7,α4β7 Inhibitor etrolizumab mechanism IBD || α4β7 Inhibitor vedolizumab current development status 2026 || α4β7 Inhibitor abrilumab current status IBD || α4β7 Inhibitor Phase 2 Phase 3 Crohn's disease competitors || α4β7 Inhibitor AJM300 natalizumab class comparison,2,Research progress in molecular targeted therapy for inflammatory ...,https://link.springer.com/article/10.1186/s12967-025-07385-3?error=cookies_not_supported&code=1e53ce24-191f-48ed-a22e-45f1dec47600,link.springer.com,2025-12-05,"To reduce systemic toxicity, newer therapies such as vedolizumab exploit gut-selective targeting via α4β7–MAdCAM-1 blockade, limiting interference with CNS immune surveillance and respiratory tract lymphocyte trafficking [21,22,23]. Pharmacokinetic studies confirm minimal systemic immunosuppression ",,,
q011-batch,q011,Inflammatory Bowel Disease competing agents in the same mechanistic class as Small Molecule targeting ITGA4 ITGB7 Integrin Alpha-4 Beta-7,α4β7 Inhibitor etrolizumab mechanism IBD || α4β7 Inhibitor vedolizumab current development status 2026 || α4β7 Inhibitor abrilumab current status IBD || α4β7 Inhibitor Phase 2 Phase 3 Crohn's disease competitors || α4β7 Inhibitor AJM300 natalizumab class comparison,3,A randomised phase I study of etrolizumab (rhuMAb β7) in ...,https://pmc.ncbi.nlm.nih.gov/articles/PMC3711369/,pmc.ncbi.nlm.nih.gov,2012-06-20,"Etrolizumab (rhuMAb β7, anti-β7, PRO145223) is a humanised monoclonal antibody targeting the β7 subunit of the heterodimeric integrins α4β7 and αEβ7, which are implicated in leucocyte migration and retention in ulcerative colitis (UC). ... ### What are the new findings? - Etrolizumab (antibodies to ",,,
q011-batch,q011,Inflammatory Bowel Disease competing agents in the same mechanistic class as Small Molecule targeting ITGA4 ITGB7 Integrin Alpha-4 Beta-7,α4β7 Inhibitor etrolizumab mechanism IBD || α4β7 Inhibitor vedolizumab current development status 2026 || α4β7 Inhibitor abrilumab current status IBD || α4β7 Inhibitor Phase 2 Phase 3 Crohn's disease competitors || α4β7 Inhibitor AJM300 natalizumab class comparison,4,Anti-Integrins for the Treatment of Inflammatory Bowel Disease,https://pmc.ncbi.nlm.nih.gov/articles/PMC8402953/,pmc.ncbi.nlm.nih.gov,2021-08-24,Vedolizumab (anti-α4β7) is approved for the treatment of ulcerative colitis (UC) and CD. ... Etrolizumab (anti-β7) blocks leukocyte trafficking via α4β7 and cell adhesion via αEβ7 integrins. Large phase 3 clinical trials evaluating efficacy of etrolizumab in the induction and maintenance of patients,,,
q011-batch,q011,Inflammatory Bowel Disease competing agents in the same mechanistic class as Small Molecule targeting ITGA4 ITGB7 Integrin Alpha-4 Beta-7,α4β7 Inhibitor etrolizumab mechanism IBD || α4β7 Inhibitor vedolizumab current development status 2026 || α4β7 Inhibitor abrilumab current status IBD || α4β7 Inhibitor Phase 2 Phase 3 Crohn's disease competitors || α4β7 Inhibitor AJM300 natalizumab class comparison,5,Research progress in molecular targeted therapy for ...,https://link.springer.com/article/10.1186/s12967-025-07385-3?error=cookies_not_supported&code=0c8fefc4-9b58-46fd-9932-8178652bd368,link.springer.com,,"In IBD (CD, UC, pediatric CD), TNFR1/TNFR2 blockade dampens NF‑κB/MAPK activation in gut‑homing lymphocytes, restores epithelial barrier integrity, and limits mucosal infiltration. ... To reduce systemic toxicity, newer therapies such as vedolizumab exploit gut-selective targeting via α4β7–MAdCAM-1 ",,,
q012-batch,q012,"Lenvatinib + Nofazinlimab pivotal, registrational, or Phase 3 trial in Unresectable or Metastatic Hepatocellular Carcinoma: planned or initiated status and expected start date",Lenvatinib + Nofazinlimab NCT04194775 first patient enrollment date || Lenvatinib + Nofazinlimab NCT04194775 current trial status,1,A Study of Nofazinlimab (CS1003) in... | Clinical Trial,https://trial.medpath.com/clinical-trial/f021ad7c4cfbc551/nct04194775-nofazinlimab-lenvatinib-advanced-hepatocellular-carcinoma,trial.medpath.com,2026-07-30,"NCT04194775Active, not recruitingPhase 3 # A Multi-Center, Double-Blind, Randomized, Phase III Study to Investigate the Efficacy and Safety of Nofazinlimab (CS1003) in Combination With Lenvatinib Compared to Placebo in Combination With Lenvatinib as First-Line Therapy in Subjects With Advanced Hepat",,,
q012-batch,q012,"Lenvatinib + Nofazinlimab pivotal, registrational, or Phase 3 trial in Unresectable or Metastatic Hepatocellular Carcinoma: planned or initiated status and expected start date",Lenvatinib + Nofazinlimab NCT04194775 first patient enrollment date || Lenvatinib + Nofazinlimab NCT04194775 current trial status,2,NCT04194775: A reported trial by CStone Pharmaceuticals,https://fdaaa.trialstracker.net/trial/NCT04194775/,fdaaa.trialstracker.net,2025-01-01,"## NCT04194775: An ongoing trial by CStone Pharmaceuticals This trial is ongoing. It must report results 1 year from now. ... |Title|A Multi-Center, Double-Blind, Randomized, Phase III Study to Investigate the Efficacy and Safety of Nofazinlimab (CS1003) in Combination With Lenvatinib Compared to Pl",,,
q012-batch,q012,"Lenvatinib + Nofazinlimab pivotal, registrational, or Phase 3 trial in Unresectable or Metastatic Hepatocellular Carcinoma: planned or initiated status and expected start date",Lenvatinib + Nofazinlimab NCT04194775 first patient enrollment date || Lenvatinib + Nofazinlimab NCT04194775 current trial status,3,A Study of Nofazinlimab (CS1003) in Subjects With Advanced Hepatocellular Carcinoma,https://clinicaltrials.gov/study/NCT04194775,clinicaltrials.gov,2019-12-10,"Drug: Nofazinlimab (CS1003)+Lenvatinib Drug: Nofazinlimab (CS1003) Placebo+Lenvatinib - CS1003-305 ... Inclusion criteria - Age ≥18 years on the day of signing informed consent-(For Taiwan, the lower limit of age is 20 years). - Subjects with unresectable advanced HCC, that is not eligible for surge",,,
q012-batch,q012,"Lenvatinib + Nofazinlimab pivotal, registrational, or Phase 3 trial in Unresectable or Metastatic Hepatocellular Carcinoma: planned or initiated status and expected start date",Lenvatinib + Nofazinlimab NCT04194775 first patient enrollment date || Lenvatinib + Nofazinlimab NCT04194775 current trial status,4,A Study to Evaluate MIV-818 in Patients With Liver Cancer Manifestations,https://med.agiltrace.com/clinical-trials/NCT03781934,med.agiltrace.com,,"No results posted yet for this study ... This is an open-label, multicentre dose escalation/expansion study to assess safety and tolerability of MIV 818 as either monotherapy or in combination with 1) lenvatinib, a tyrosine kinase inhibitor used as a standard of care for the treatment of HCC or 2) p",,,
q012-batch,q012,"Lenvatinib + Nofazinlimab pivotal, registrational, or Phase 3 trial in Unresectable or Metastatic Hepatocellular Carcinoma: planned or initiated status and expected start date",Lenvatinib + Nofazinlimab NCT04194775 first patient enrollment date || Lenvatinib + Nofazinlimab NCT04194775 current trial status,5,A Study of Nofazinlimab (CS1003) in Subjects With Advanced Hepatocellular Carcinoma,https://www.cancerindex.io/trial/NCT04194775,cancerindex.io,,"NCT04194775CI-TRIAL-00119920active not recruitingPhase 3Results postedClinicalTrials.gov clinicaltrialsProvenance- **Source** ... ### Dates and enrollment - **Start** Dec 13, 2019 - **Primary completion** Jun 18, 2025 - **Completion** Sep 30, 2026 - **First posted** Dec 11, 2019 - **Last update post",,,
q013-batch,q013,SD-133 in vivo single-agent monotherapy tumour growth inhibition TGI tumour regression or shrinkage in Pancreatic ductal adenocarcinoma animal models,SD-133 pancreatic ductal adenocarcinoma monotherapy xenograft TGI || SD-133 tumour regression pancreatic cancer animal model,1,Full article: Next-generation therapies for pancreatic cancer,https://www.tandfonline.com/doi/full/10.1080/17474124.2024.2322648,tandfonline.com,2024-03-03,"For patients with an ECOG PS of 2, GnP is considered in selected patients, and gemcitabine monotherapy is a preferred option for patients with a less favorable performance status [Citation15,Citation16]. ... There continues to be significant interest in adoptive cellular therapy with chimeric antige",,,
q013-batch,q013,SD-133 in vivo single-agent monotherapy tumour growth inhibition TGI tumour regression or shrinkage in Pancreatic ductal adenocarcinoma animal models,SD-133 pancreatic ductal adenocarcinoma monotherapy xenograft TGI || SD-133 tumour regression pancreatic cancer animal model,2,Modeling pancreatic cancer in mice for experimental therapeutics,https://pmc.ncbi.nlm.nih.gov/articles/PMC8570383/,pmc.ncbi.nlm.nih.gov,2021-05-01,"However, the treatment with gemcitabine (100 mg/kg) as adjuvant chemotherapy following the surgery significantly reduce the local recurrence and prolonged the survival of the treated mice [223].",,,
q013-batch,q013,SD-133 in vivo single-agent monotherapy tumour growth inhibition TGI tumour regression or shrinkage in Pancreatic ductal adenocarcinoma animal models,SD-133 pancreatic ductal adenocarcinoma monotherapy xenograft TGI || SD-133 tumour regression pancreatic cancer animal model,3,"蝮}��д�y�^ >>f�����[��9j]�j������#or��t0��]����]́@��HCCd���M��������J���p�@}8\�?�s�s@'f1�r3A� �J����Zv`����X.���:��K����U>���|G�v�q��)��sY��0ŵLO�����DS��d�eO��~luiǩ�W%p|�F�㺛��y�����F��TB�@����=��JBW��y1�#gq �|*v���ռ<�7vv�\��7� ��Ag������7�cbK���kG� ldʻ�S��4�u&���I��n։�D��h�J� y�&��Ii경L;�7r��mɥ l�a&b5���f��d���(G)W|g,v�Z�?����u�?TO�XY�-��*���Vn<̫Ԫ�ܼ�WL]�Z���}�t�J� =t+��G�cǖ2��JhխtK죉%b}dz.YD��Z�)XPٲZ!�v�^����S'����m�r����C�o�pYΔ_�Xzz|xx���GF���Eûv��07��s�ޞ�������]=��Ouwo�[�B�� v�}/�L��]�3�b��2���ľ�m�������;������R���������Y���0� ֺ::]^oMG��vT�6���Ļ�[���-�+eaSvuU�k@Ɖ!�LH��r�r�,���+���K,�c����1��nX��N����Dt�q�T�R-[�����sGz��z��mo�)b{$R,��`Kph}0 � ���,55���""W�ņ��J��0��x�ȂtNF%���L۳�c`��`�D���� ;�,�� ट#3�WD�+Z�ں�P�ZTd ����\ӳ{�gp�gnwϚ�����������Z���O����I� 1����_C2����������Ν��5v7w��ͽ-��g������`������K�}c�'Y�XMNI畜��9{Λ��M|���xy{*~;�1�r�^��p���(������U��N��ٶ�\p���R�6�����Д{���*4Mē�n���Pr �e��,���?�y�WH���ܹ�w��������ܱ�g �����4� ��E��6���� j{��:E۹|m�E����i�Ѿ&�K��~~�7���'�a���n���[��X�Z(����v�v6t���4����!���W?�ʏ��6��يۚ��[�V\���{֯��\�>_�K���p�xb�O���F�������n�Y<+��7_qV*���Qc`���9����.H���ɖ�\�|������U��:kB�n����'�1��n3| �ހ��ջf||�Jf����˔D��2!�@�'�L��K�b�1����嗩���'R�9��g.��x| +/L��w� ��Ѻٿ6�i2v��6o����b�3N6�Gm�B�C�i��F�����F?+:�,:���_&bV��.��d=e��t���3�r��0eǽk!b0V��Z�]�7U87l;R����2�CS��S\�\�`+��2�j�Ս��n��L�oY�B!""ֹ�9���.{����s:�?�\\g�]�3�O��'���nh�2v������e�#��ώ�@$��S�e��א�Nm/��JJT��}-�~���I�r{I���bbCɴ̔��=�{T��y�D-�v�Z+��ɭSC��9��^z`$%aC��z�� ��YFNM�4ظ/k���� ""*<^;""l�*tB�m�m���w��o����� �>�aj|�8��m�:���ϟqJ�/;%�5V�㱸���6`pz�>��7�c\�]��΅L��]�x�\�l��{�Bݿ�%�c�4�D��j*4�WM8&g�з×���|ax��}O��х9����� �����ѺN锓+>kЫ�)��4^A9N,��> stream x���4��q endstream endobj 164 0 obj << /Type /Font /BaseFont /INPILL+H2hdrM /CIDToGIDMap /Identity /Subtype /CIDFontType2 /CIDSystemInfo << /Registry (Adobe) /Ordering (UCS) /Supplement 0 >> /FontDescriptor 160 0 R /DW 1000 /W [ 0 [1000 0 500 583 625 1000 1000 1000 1000 1000 1000 291 291 208 375 250 583 583 375 583 250 541 625 583 416 541 375 333 1000 1000 1000 1000 1000 1000 1000 1000 1000 1000 1000 1000 1000 1000 1000 1000 583 583 583 708 1000 1000 1000 1000 1000 1000 1000 208 1000 1000 333 1000 1000 1000 1000 1000 333 ] ] >> endobj 165 0 obj << /Length 295 0 R /Filter /FlateDecode >> stream x�]�K��0���ZN����B�L)d�M�����8�""���=�SC�^��+�/�/�qXE�s�™V�c\�6ݗ@��e+�E�Z�����U�6�������Du8��W����C<}���O��,��a���S�q�G=���/]Ӏ��x��t�77wW5�~�6<�y9�����Ihf����6�@�/Tdz���5=NJ�������ꖷ�}z�L��d���15d��P��d�6Q�n�3�2�%��r��U���cRz Ȃ<ȣ2 �\p{P�z�/D��++{^)A:'�C���Iۣ2���^ƒ�I�����I�v���!BO7�ޕ9N�m�'ѩ��1m�9 �ʲ?�/)�\4)��d�-L��M9�h����S@e�=X»5�S������e_��[> endobj 167 0 obj << /Type /Metadata /Subtype /XML /Length 296 0 R >> stream INPILL+GulimUnknownTrueUnknownUnknown endstream endobj 168 0 obj << /Length 297 0 R /Length1 3580 /Filter /FlateDecode /Metadata 167 0 R >> stream x���k�[��ϙ�����^�k�����^�w�]{�f�l���x4mB6K�������v�`x�Zu�����E���|*5��ϩ5W�د��;#��G��:��W�[��Ƀ�C� n���Oz��3/�4?I�5���s�������,i��Z��t��:��1��� ��/�����nRxL�����^�S�6Am�Z���յf�'���`��&=��3�#��}��0'�+�����z��A6�Zl�M�����,k�Q�g��ט�����}||p��l?X�v?{�� �:N8�ΰA_��?��%;�g�s�۱�N�${ ���F��Ԙn�5v���/�c�o�';��}��-|��$��4�p+��{:��S����y��y�����6��s���^��:^����x�bo�]p7,���{<�oy����U� ކ›��~ �x|������h�V��KőB>�ͤS�D<��C���7����\�A��6`���MF�^�I�> g�-;��������٤/g�K�K�S��l�%�Zk=���-udK�,L_��l���!@� �� |�0���A��z�%�V�Isrta����}1՚� �����3AU����u�m��AI�c������A�U�3H����I�Q�&�aCbX�nѣ���c��a�� >�j�/��� �TA�� !�F�aa-Ӄ�XT5%H��c""�jO\^�����I!A���Z���*;#樐%(��[�[��oT��?���U �@Z��I ��)U �@xBT ��_�� x�(�V`H�Np(`W����V��(`V���Q�zdt H h�o4��-��v�����?/����h�*@��)���&��R�ռJe�N;B�cq��#̗�;TA%p���A�E���!-�N�lAk��ɖ/=��]*�7��k���N�.���43>��Q6ҴCN{)X��Yx�>�.|m�x���P�#��>�A���̄�݉�oJ��d�բ�KV�s�Y�ze-KZ� ���?=*�&��w�����ND6q��AF���^q#��A�S�H�t""���P�\�/�;�R��$k��^8�CG!�����kK�Ӵ6�$�0��%Z~˵j�(��Πp�����Z���5��R�BΙd},�iS:� _�H�W&]���P���:�Hu�]l�w��zY�-��D6�hΕb�͋Ge����m�U�����;������B�Σ�N�֘d��J��`�M�m�8&�kj�kjzr=5�ub�r�أp(#�$k�z�,�*lTd�ɨ�GSs��x<������taq����F�,����L6��L��6���ڢE���-c�t:1V��<ޑ��d�\�MZt���8��ذ�u��z�f���q��8��P�0B��2��P� j�N��a��S�rҠ5hC-yt|�{��4Z��o��������ṋ��^�N'��y��[����Ȑ�����L6?A�a���B��:�䑙}5H�=n��� ���.�MQ�a�]�MAN.ժ�/B->�l�hy������rY�r��x~�H&_�9�J�5F��$Is�������č�X�CY�ه�?����G���������Z� �d""�m����mf���<��N�r�%���9�~48�/��TQ�#�6f�2�F ��W�ؾ�a=!=�B�{z��ug&��m�Z(�|���ھ�����r�%�J��a���������rmd�U�ؾ������ѩ��OLV�]�;w zG|}Z�B2B�2����iW�`�m���uF%�ZODӪ�;!>����q���˲�l0r���y�^�Y��˞����=`4��lo������x�ZV(fC3?��_b������6&�p���a'���<�ֿ�����9�_ �x٤u�/�� f�>��4Q�#u`|�����p�����U��K�vs�����d2�ys&�Ȱ�|�Ѩη�a�o�5s�-͂�������oOFII����J��o��h��˫7����s���+�cGۣ���G�cc�#��T~�b.�̱����l�ԩ��ί�Z_�s߽{����{ߞ%:r�n��� endstream endobj 169 0 obj << /Length 298 0 R /Filter /FlateDecode >> stream x�k�� endstream endobj 170 0 obj << /Type /Font /BaseFont /INPILL+Gulim /CIDToGIDMap /Identity /Subtype /CIDFontType2 /CIDSystemInfo << /Registry (Adobe) /Ordering (UCS) /Supplement 0 >> /FontDescriptor 166 0 R /DW 1000 /W [ 0 [1000 1000 1000 333 625 574 574 574 574 574 574 574 574 574 574 ] ] >> endobj 171 0 obj << /Length 299 0 R /Filter /FlateDecode >> stream x�]��j� ��>���EͶ=�l)��?4���B�b�!o_��,������8�s��X�~�Z���Nn ���X�+�Fō�F� M�v�""��������S����}���6����v��ǔB��>�*��hv/�����*��Pe�)�4N^*�Hj�B@��B��_����^�Ȱ��""���N�R��/�a��wn���]�����曺��f���Psi����w��y�WW^�ŏ� endstream endobj 172 0 obj << /Type /FontDescriptor /FontName /INPILL+�ո��� /FontBBox [-3 -195 1000 859] /Flags 32 /CapHeight 0 /Ascent 859 /Descent -140 /ItalicAngle 0 /StemV 0 /FontFile2 174 0 R /CIDSet 175 0 R >> endobj 173 0 obj << /Type /Metadata /Subtype /XML /Length 300 0 R >> stream INPILL+휴먼명조UnknownTrueUnknownUnknown endstream endobj 174 0 obj << /Length 301 0 R /Length1 127288 /Filter /FlateDecode /Metadata 173 0 R >> stream x����%Gu.^U�CU��{�v��N�fwf�VZ�Vi�+i���!�JHB�� a6I""'���`����?l0����N���ݕ���ߟzfn߾}�N��}�j!���(���xC�^#���^z�eW�������.�>x:�ނ��>r�%\�������pBe����Ѽ��n�{^���""$�^u�E�2�/U��<�7]'�g�����^x�u;~���~�O��C�>h��+RZ���w>t�-�O�K������[�(A����?�?��d'/G)�͏a86�Q�� �]8*pT�c#[��#���@�������}8&�X�_�ί_��T��e������X�����z~�B�^)�L���,�O5�����_���o/�\w�g����]Ӏc'��x��2������������W�ϭ�?;G1?J����_����Y�]ɯݔ����-Ϳw���Z~��_�x�E��}W+�s9�nq��|�����ο#����m�sl�Gi�8������^�{3���,�P%��d~���{��cm���s�,��t�]�c�����\=?��ߝ|>�X���u��j��N�rX\�F�w+�~�,�}����{�r����u���ϵ�~z��f�����\~�EyW�mo8?W�e7�f`�|*��&��4��6�%�-�W3���5�~Q���U��dI�����/WB�|�Y�WǼ�c�rb��b�d��;��u��%���/�ԢN4r�W�9��s|���k�ޚ�7?7F���H.�E[���Y��r~�E}��ͻD�����d>���|�Kr�T�k�|,��� d��r��2*�%}_�##d�� �%[��2��(����Y|y�A1>�,D������|�Q�H�/ÅyWUdIH).�0�˕�`� an~��'��O�-��l�m�J� Tޟ��W��?���'�罇��Da�����g���f�����;��[���gߧ��S����g����G'�vҞ�7��vM~���v�ҏ�IW���n��GBEH�0���!dD��p���>��Cr?��w5B��!�� _n�3��o�%�������U���T���3X:��)���hý;��^P�7�k1`��>C����n0�q@1p�������Qp9O�&p���oA5��w����`����{p��u�����жBhǭ�p'�ϻ:�S�� B'�A�������t�\g���|5B{�g���>��٠m����B���yp���""t> �F���""t�/��B��.;@ \{��7��w�3] �} �����!�‹z�I�p!B/�B7�\_�+�^���a\��7B���G���,#t����p���Z�s?B���^c��W�\^=*�$B�y�a���9B���gz�(Bo<��""��1������z��z3��VУ��=�b��rx��1X�w�=���� ���CX�?�y�M����� �'m> ���w#���#�Q��c�@��C�! �O�?s)B�}?B���ϟ��`}���ҟ �e�ɯ�5?����!BO�A����7@_��|��ٷ!�-a��z��6@^����Z��� ��o!��!�C�pB9�y+B?�k�߀N�-|�߁L~��)��ϞB��#��"" ������W!�O�B�W`7�������3��_` �m��@�ߟF�w0�����'���A�a��^����:�$@X8a�A����=��""�}a�?6?�0�E�z5��)p�a�?�_�px?R.��p>���!�| ��EW��p�n��/A���ͿF�} �""�� �����?Cxx �#g!< ��{�����S��~�""�����uW ���op�����M;����o��m�];��, |�&����E��7""��� ����6����""|ƍ�y=�{߅�����g��s~��0��`.�_�!|!��""������0��~��j_�@�ʫ��o���""| ��9������_s��[�����~�A�_ s������_6��� �;�@�� � ��t/��+`����+߃�>���@�Q���5��������~���k~�+�X�7�<�����[�����>2y�~��q��{�""�^��>���8�s�9~�� ӓ �?��G@N�q��@�""�?��iX��V�c���An_���""\��.�_���}?���c�:������������� �ß��� ��������_���_��+�`�s�?~ �P��5~�1U��������~�~�1�������3�9�2w�C$��7��e\ ,���>���c�^]�����7�n���'Ƨ'��m�&������ο���z�fY�F)����W�/��g""���V2���}~߱Q,�;øӖ�pzf#�`Xaxř��F�}�u�����4��O�G!Sg#���|e�^�I}]�����/暷yz�`��&�Ź� 2Vv '�8w( Q�3G�+��l��WL�j���Mۺ�V���d�4R���Y�s ˽�u������ 긥N�Q����X�և��M�W��MnƳ""�]�a� �Lg�nL�(��VTKT_�E�O4,�z��^��(T��V# ��bTa���$�������L��F��������<��q�\�� �Uc �*OpL5��\�R���73Y���R���ִ����2C�)��2l��=�DtL/����""� ^�l� ��yBPݒ�""� ��NA��e���<�A��d�K����m�@D�2 BT����t{(�������Nj�x���b��I�i�H��5{ ��*�~:S�a��k���ޕ�$����d�̃���OuL�����P;fT�߷7�9����t� S� ���[Q�����0rS-�|I�����Ψ@,��(�0���od.k=`�T��u������=�}�Qn���%_��`���+�R�� a���FPuL� ���M�xH<�;-��!�QI��υU ��]2)cK��Z�xw�J+yG[ 'j6�8�I��U=�����Uh�B�2�K'Ȧ�dώe�U�/�z(˝l�v,<�����|��w���������;�CZ�`��XQ��::;�@T��|i_*U��u�x}$�m��F��,_oȪ*i��-�֖��&��?V,��W`M�@3Mm���#D$���X%""��X�%8%�`h'�8�'�)��l �������[�J���J&������h��!����Ջ�d�Y,Q�i���guܟ����J���b�'mE3\)>mܔ�ƞZ8Vp���ljT� ��vJ�Czɵq�b�����Q����N��ޮA��Y�;��j���)`�0&��UKS��B�&�""�� �:��|-��o̍�C]4��B�O��*�<�H�v+Mk1d����@�)S�����ҹG��(���w��O�ATsh:������<����x�̋'�'�#2h�aU�^�*��*̰rֹ:�E!LMpI�P.�/�j�c�(f���s1c�+K�Z6t�r��5fe��jE[Ӌ�.Ȭ��[oM��@��� i=0^��.-�G-Qq��A�O�L$S�M���9��I���n�N+AwԦvmW���: ٷ��J%Y7�-n���,4_��k<����/�Z���2��\�e���+�}n$Rf��SK�4�R�����F�/2�աݑ��mݯ8 �kV���|��{Bq�^��t�%����t�zE�d�^&j�a�}X�nZL� ]�[*c���$�&P[5��IC�f�ܣ�M@Gʇ�� �8w]�j�^�JG.���&�W��I6�G�������-@�����t�y?�Q�b��(,�\d㈌��3���$(���#���>7�N��P�gaP�|�,g�Шk4�\�N���|����:-q<���w�rp�u��M��ψ�ѫ�F��%c���@J=خ� �F��DU��K�z�4�F(�L��""sl�'��#�0����U�S%M���:kb�y����72�>����3Ps��G��r��0��%W��f""d��9�X�p�-J|����<��A�3��1_NE���pl˶��L5�+U<�5]����h����j�����Yɶ��C*( G�Asw��D'��5hn�W:1�E""c����19Q<�* �]�;@]/=@�)�e��h�<2.�G��1�R��j5�T������������c� r,���.a�3=2��|Z��^2@�:Vi'0#ZI���7��4�uY��&'+��m��%�N�����R6xH`!���� D0%�T�\����v�W�-�3&��M��4М3�^:��(*�n2Ҩ���!Qb�f!��*�X���_��(�t9*̳�imR�BF6���G��̄ҘY0��Ux��Rk�������E-�f%�mŢV�""~g�C��C����F�?��% t�ew�)S���Yޅ�$��'�����`|�B��9q��O���?���2���<{qQ�w8�gdx�^�4~�������ű��뺐����I�U��Q#�k�����q��T����x���y��>��6<)a�:�'b�z';-Q�����DWEf�`Тh�/�R�4�+��k���iK��+ˉʹt�Ƙ=�G ݟi�c¦\�e����Y�����oR�B6�+��oE&���m~�tV���E��^�r�Y��YJW/^�/���u��zY b!坅f��;�*�/��r{�~!ۺ���n��{���ƥc�s��;Qo���}î����{�ɰo��,)nL��bV�Ե�s) Ӫ�.����K:u�{n�'d=��`Z[�ȳ��7����#�u�߰ i��пlR-p��)mݸ��Mz��N�}�Q�̹�hU�TG���#""�x��Elh�'�dX���y�TnHv^𩞹�I�6mQ�Aw&��3܅�����|�tr�y���'f:�d�[�)M����O�l����U��-���xae��(��P�AZ�֒}?'X��!D�Bߛ�Q \E�i�.,52�:�`�� ���˪)3̢Q4���[n��iY/…",https://www.korea.kr/common/download.do?fileId=198553476,korea.kr,2026-09-16,stream ... ;�z���Z��+J��'�Sk{�h�Ox�?7 ... P3 ... 102 0 obj,,,
q013-batch,q013,SD-133 in vivo single-agent monotherapy tumour growth inhibition TGI tumour regression or shrinkage in Pancreatic ductal adenocarcinoma animal models,SD-133 pancreatic ductal adenocarcinoma monotherapy xenograft TGI || SD-133 tumour regression pancreatic cancer animal model,4,Pancreatic ductal adenocarcinoma: Treatment hurdles ...,https://www.wjgnet.com/1948-5204/full/v12/i2/173.htm,wjgnet.com,2020-02-15,"In addition to mesothelin, other cancer-associated antigens are being tested in ongoing clinical trials as potential targets of CAR-T-based therapeutic regimes (anti-CEA, anti-CD-133, anti-ROR1, anti-WT1) alone or in combination with chemotherapy[60]; and (5) Immune modulating agents targeting the d",,,
q013-batch,q013,SD-133 in vivo single-agent monotherapy tumour growth inhibition TGI tumour regression or shrinkage in Pancreatic ductal adenocarcinoma animal models,SD-133 pancreatic ductal adenocarcinoma monotherapy xenograft TGI || SD-133 tumour regression pancreatic cancer animal model,5,Radioimmunotherapy of Pancreatic Ductal Adenocarcinoma: A Review of the Current Status of Literature,https://www.mdpi.com/2072-6694/12/2/481,mdpi.com,2020-02-19,"Clinical studies were limited to investigating β radioimmunotherapy only. Phase I and II trials observed disease control rates of 11.2%–57.9%, with synergistic effects noted for combination therapies.",,,
q014-batch,q014,Sirpiglenastat in vivo single-agent monotherapy tumour growth inhibition TGI tumour regression or shrinkage in Pancreatic ductal adenocarcinoma animal models,Sirpiglenastat PDAC monotherapy TGI xenograft || DRP-104 pancreatic cancer single-agent tumour regression || Sirpiglenastat pancreatic PDX monotherapy tumour volume || DRP-104 PDAC xenograft dose response || Sirpiglenastat pancreatic cancer in vivo monotherapy,1,Targeting pancreatic cancer metabolic dependencies through glutamine antagonism,https://www.nature.com/articles/s43018-023-00647-3,nature.com,2023-10-09,"To overcome these limitations, recent efforts led to the creation of sirpiglenastat (DRP-104), a pro-drug version of DON that circumvents the toxicities of DON while retaining the covalent and irreversible properties of DON 16, 17, 18, 19. ... In this study, we demonstrated that both DON and DRP-104",,,
q014-batch,q014,Sirpiglenastat in vivo single-agent monotherapy tumour growth inhibition TGI tumour regression or shrinkage in Pancreatic ductal adenocarcinoma animal models,Sirpiglenastat PDAC monotherapy TGI xenograft || DRP-104 pancreatic cancer single-agent tumour regression || Sirpiglenastat pancreatic PDX monotherapy tumour volume || DRP-104 PDAC xenograft dose response || Sirpiglenastat pancreatic cancer in vivo monotherapy,2,Sirpiglenastat (DRP-104) | Glutamine Antagonist,https://www.targetmol.com/compound/sirpiglenastat,targetmol.com,,"|Description|Sirpiglenastat (DRP-104) belongs to glutamine antagonist prodrugs and is a broad-spectrum glutamine metabolism inhibitor with tumor-selective activation, good tolerability, and oral activity. This compound is used in therapeutic research on various solid tumors.| ... |In vivo|Method: Th",,,
q014-batch,q014,Sirpiglenastat in vivo single-agent monotherapy tumour growth inhibition TGI tumour regression or shrinkage in Pancreatic ductal adenocarcinoma animal models,Sirpiglenastat PDAC monotherapy TGI xenograft || DRP-104 pancreatic cancer single-agent tumour regression || Sirpiglenastat pancreatic PDX monotherapy tumour volume || DRP-104 PDAC xenograft dose response || Sirpiglenastat pancreatic cancer in vivo monotherapy,3,"Discovery of DRP-104, a tumor-targeted metabolic inhibitor prodrug - PubMed",https://pubmed.ncbi.nlm.nih.gov/36383674/?otool=icznmelib,pubmed.ncbi.nlm.nih.gov,2022-11-18,"Given its clinical potential, we designed DON peptide prodrugs and found DRP-104 [isopropyl(*S*)-2-((*S*)-2-acetamido-3-(1*H*-indol-3-yl)-propanamido)-6-diazo-5-oxo-hexanoate] that was preferentially bioactivated to DON in tumor while bioinactivated to an inert metabolite in GI tissues. In drug dist",,,
q014-batch,q014,Sirpiglenastat in vivo single-agent monotherapy tumour growth inhibition TGI tumour regression or shrinkage in Pancreatic ductal adenocarcinoma animal models,Sirpiglenastat PDAC monotherapy TGI xenograft || DRP-104 pancreatic cancer single-agent tumour regression || Sirpiglenastat pancreatic PDX monotherapy tumour volume || DRP-104 PDAC xenograft dose response || Sirpiglenastat pancreatic cancer in vivo monotherapy,4,"Discovery of DRP-104, a tumor-targeted metabolic inhibitor prodrug",https://pmc.ncbi.nlm.nih.gov/articles/PMC9668306/,pmc.ncbi.nlm.nih.gov,2022-11-16,"In efficacy studies, both DRP-104 and DON caused complete tumor regression; however, DRP-104 had a markedly improved tolerability profile. DRP-104’s effect was CD8^+^ T cell dependent and resulted in robust immunologic memory. ... DRP-104 is now in clinical trials under the FDA Fast Track designatio",,,
q014-batch,q014,Sirpiglenastat in vivo single-agent monotherapy tumour growth inhibition TGI tumour regression or shrinkage in Pancreatic ductal adenocarcinoma animal models,Sirpiglenastat PDAC monotherapy TGI xenograft || DRP-104 pancreatic cancer single-agent tumour regression || Sirpiglenastat pancreatic PDX monotherapy tumour volume || DRP-104 PDAC xenograft dose response || Sirpiglenastat pancreatic cancer in vivo monotherapy,5,Sirpiglenastat (DRP-104) Induces Antitumor Efficacy through Direct ...,https://ouci.dntb.gov.ua/en/works/7AEkDz37/,ouci.dntb.gov.ua,,"DRP-104 (sirpiglenastat) was designed as a novel prodrug of the broad-acting glutamine antagonist 6-diazo-5-oxo-L-norleucine (DON). DRP-104 is an inactive form that is preferentially converted to DON within tumors. ... Finally, DRP-104 demonstrated significant antitumor activity as a monotherapy, wh",,,
q015-batch,q015,GFH375/VS-7375 in vivo monotherapy tumour growth inhibition TGI tumour regression tumour shrinkage in KRAS G12D-Mutated/MTAP-Deleted Pancreatic Ductal Adenocarcinoma animal models,GFH375 VS-7375 quantitative TGI KP4 PDAC monotherapy || GFH375 VS-7375 MTAP-deleted KP4 monotherapy tumour regression || GFH375 VS-7375 MTAP-deleted pancreatic xenograft single-agent TGI || GFH375 VS-7375 AsPC-1 Panc 04.03 monotherapy tumour volume data,1,Selectivity over HUVEC (P value not updated) - verastem.com,https://www.verastem.com/wp-content/uploads/2025/01/GFH375-poster-for-2024-AACR-Final-20240329.pdf,verastem.com,,GFH375 potently and selectively inhibits p-ERK signaling and proliferation in KRAS G12D mutant tumor cells GFH375 accumulates in tumor tissue and elicits sustained inhibition of p-ERK signaling following a single oral administration GFH375 induces tumor regression in multiple KRAS G12D subcutaneous ,,,
q015-batch,q015,GFH375/VS-7375 in vivo monotherapy tumour growth inhibition TGI tumour regression tumour shrinkage in KRAS G12D-Mutated/MTAP-Deleted Pancreatic Ductal Adenocarcinoma animal models,GFH375 VS-7375 quantitative TGI KP4 PDAC monotherapy || GFH375 VS-7375 MTAP-deleted KP4 monotherapy tumour regression || GFH375 VS-7375 MTAP-deleted pancreatic xenograft single-agent TGI || GFH375 VS-7375 AsPC-1 Panc 04.03 monotherapy tumour volume data,2,Selectivity over HUVEC （P value not updated),https://www.verastem.com/wp-content/uploads/2024/04/GFH375-poster-for-2024-AACR-Final-20240329.pdf,verastem.com,,GFH375 (nM) p-ERK inhibition (%) Panc 04.03 IC50 = 0.9 nM AGS IC50 = 0.2 nM AsPC-1 IC50 = 0.5 nM ... GFH375 potently and selectively inhibits p-ERK signaling and proliferation in KRAS G12D mutant tumor cells GFH375 accumulates in tumor tissue and elicits sustained inhibition of p-ERK signaling follo,,,
q015-batch,q015,GFH375/VS-7375 in vivo monotherapy tumour growth inhibition TGI tumour regression tumour shrinkage in KRAS G12D-Mutated/MTAP-Deleted Pancreatic Ductal Adenocarcinoma animal models,GFH375 VS-7375 quantitative TGI KP4 PDAC monotherapy || GFH375 VS-7375 MTAP-deleted KP4 monotherapy tumour regression || GFH375 VS-7375 MTAP-deleted pancreatic xenograft single-agent TGI || GFH375 VS-7375 AsPC-1 Panc 04.03 monotherapy tumour volume data,3,GFH375/VS-7375 Program Update,https://www.genfleet.com/Public/Uploads/uploadfile/files/20251207/Oct.pdf,genfleet.com,,"ORR [90%CI] 40.7% [30%, 52%] ... • ORR was 40.7% (24/59), 90%CI was [30%, 52%]. • DCR was 96.7% (57/59), 90%CI was [90%, 99%]. Majority (91.5%) had reduction in target lesions. ... • Median PFS was 5.52 months (90%CI: 4.27, 7.20), with a median follow-up time 5.65 months (90%CI: 4.96, 6.08). • 4-mon",,,
q015-batch,q015,GFH375/VS-7375 in vivo monotherapy tumour growth inhibition TGI tumour regression tumour shrinkage in KRAS G12D-Mutated/MTAP-Deleted Pancreatic Ductal Adenocarcinoma animal models,GFH375 VS-7375 quantitative TGI KP4 PDAC monotherapy || GFH375 VS-7375 MTAP-deleted KP4 monotherapy tumour regression || GFH375 VS-7375 MTAP-deleted pancreatic xenograft single-agent TGI || GFH375 VS-7375 AsPC-1 Panc 04.03 monotherapy tumour volume data,4,"[PDF] VS-7375: An oral, selective KRAS G12D dual ON/OFF inhibitor with ...",http://www.verastem.com/wp-content/uploads/2026/04/AACR-2025-VS-7375-poster-E-poster-4.8.26-printed.pdf,verastem.com,,"VS-7375 (GFH375) is an oral KRAS G12D-selective small molecule inhibitor that binds KRAS G12D in both the ON and OFF states. By blocking the activities of the ON and OFF states of KRAS G12D, VS-7375 has the potential to inhibit KRAS G12D signaling and tumor growth more completely than compounds that",,,
q015-batch,q015,GFH375/VS-7375 in vivo monotherapy tumour growth inhibition TGI tumour regression tumour shrinkage in KRAS G12D-Mutated/MTAP-Deleted Pancreatic Ductal Adenocarcinoma animal models,GFH375 VS-7375 quantitative TGI KP4 PDAC monotherapy || GFH375 VS-7375 MTAP-deleted KP4 monotherapy tumour regression || GFH375 VS-7375 MTAP-deleted pancreatic xenograft single-agent TGI || GFH375 VS-7375 AsPC-1 Panc 04.03 monotherapy tumour volume data,5,"Resources | Verastem, Inc.",https://www.verastem.com/our-science/resources/,verastem.com,2026-05-05,"### VS-7375: An oral, selective KRAS G12D dual ON/OFF inhibitor with potent anti-tumor activity as a single agent and in combination with other agents ... ### Strong durable tumor regressions with the KRASG12D ON/OFF inhibitor VS-7375 in combination with PRMT5inhibition in MTAP-deleted/KRASG12D-muta",,,
q016-batch,q016,PLM-103 in vivo single-agent monotherapy tumour growth inhibition TGI tumour regression tumour shrinkage in Pancreatic ductal adenocarcinoma (PDAC) animal models,PLM-103 PDAC xenograft monotherapy tumour regression TGI,1,CCDI Hub,https://moleculartargets.ccdi.cancer.gov/studies/phs003215,moleculartargets.ccdi.cancer.gov,,This system is provided for Government-authorized use only. Unauthorized or improper use of this system is prohibited and may result in disciplinary action and/or civil and criminal penalties.,,,
q016-batch,q016,PLM-103 in vivo single-agent monotherapy tumour growth inhibition TGI tumour regression tumour shrinkage in Pancreatic ductal adenocarcinoma (PDAC) animal models,PLM-103 PDAC xenograft monotherapy tumour regression TGI,2,Cloudflare,https://aacrjournals.org/clincancerres/article-pdf/23/3/623/2041560/623.pdf,aacrjournals.org,,Cloudflare is currently unable to resolve your requested domain (aacrjournals.org).,,,
q016-batch,q016,PLM-103 in vivo single-agent monotherapy tumour growth inhibition TGI tumour regression tumour shrinkage in Pancreatic ductal adenocarcinoma (PDAC) animal models,PLM-103 PDAC xenograft monotherapy tumour regression TGI,3,Patient Derived Xenograft Models: An Emerging Platform for ...,https://pmc.ncbi.nlm.nih.gov/articles/PMC4167608/,pmc.ncbi.nlm.nih.gov,2014-07-15,|(33)|PDAC|42|Primary|Surgery|Fresh tumor pieces in matrigel|Nude|s.c.|61 %| ... |PDAC (26)|T/C < 20 %|Gemcitabine Erlotinib Temsirolimus|14|36 0 0|NA| |PDAC (33)|TGI > 85 %|Gemcitabine|23|17 %|Response to Gemcitabine in the PDX model predicted longer time to progression in patients.| ... These expe,,,
q016-batch,q016,PLM-103 in vivo single-agent monotherapy tumour growth inhibition TGI tumour regression tumour shrinkage in Pancreatic ductal adenocarcinoma (PDAC) animal models,PLM-103 PDAC xenograft monotherapy tumour regression TGI,4,Page not found,https://medschool.cuanschutz.edu/colorado-cancer-center/clinical-trials/214C19E7-3028-64D9-A5BF-FF0A001CE385,medschool.cuanschutz.edu,,303-724-4357 (4-HELP from a campus phone),,,
q016-batch,q016,PLM-103 in vivo single-agent monotherapy tumour growth inhibition TGI tumour regression tumour shrinkage in Pancreatic ductal adenocarcinoma (PDAC) animal models,PLM-103 PDAC xenograft monotherapy tumour regression TGI,5,Patient-derived xenograft models: Current status ...,https://www.sciencedirect.com/science/article/pii/S2352304225000091,sciencedirect.com,,"# Review ArticlePatient-derived xenograft models: Current status, challenges, and innovations in cancer research",,,
q017-batch,q017,SW-682 in vivo single-agent monotherapy tumour growth inhibition TGI tumour regression or shrinkage in Head and Neck Squamous Cell Carcinoma animal models,SW-682 CAL-33 SCC-25 xenograft tumour growth inhibition monotherapy || SW-682 HNSCC xenograft tumour regression monotherapy || SW-682 CAL-33 SCC-25 tumour volume TGI,1,Genigraphics Research Poster Template 42x72,https://springworkstx.com/wp-content/uploads/2024/10/Schirmer_TEAD_Head-Neck-SCC_ENA-2024.pdf,springworkstx.com,,"SCC-25 Colonies ... expression, which is abrogated by co-administration of SW-682. ... Rational combination of pan-TEAD inhibitor SW-682 and MEK inhibitor mirdametinib in head and neck squamous cell carcinomas leads to synergistic response ... ▪The pan-TEAD inhibitor SW-682 modulates tumor growth in",,,
q017-batch,q017,SW-682 in vivo single-agent monotherapy tumour growth inhibition TGI tumour regression or shrinkage in Head and Neck Squamous Cell Carcinoma animal models,SW-682 CAL-33 SCC-25 xenograft tumour growth inhibition monotherapy || SW-682 HNSCC xenograft tumour regression monotherapy || SW-682 CAL-33 SCC-25 tumour volume TGI,2,SW-682 / EMD Serono,https://delta.larvol.com/Products/?ProductId=d78df0cf-33d8-4282-974c-3719ae487f81,delta.larvol.com,,"## Targeting YAP/TAZ-TEAD signaling as a therapeutic approach in head and neck squamous cell carcinoma. (PubMed, Cancer Lett) - ""Here, we provide the pre-clinical evidence for the antitumor activity of novel smTEADi, SW-682 in HPV-negative HNSCC. A HNSCC-specific TEADi target gene set was defined fr",,,
q017-batch,q017,SW-682 in vivo single-agent monotherapy tumour growth inhibition TGI tumour regression or shrinkage in Head and Neck Squamous Cell Carcinoma animal models,SW-682 CAL-33 SCC-25 xenograft tumour growth inhibition monotherapy || SW-682 HNSCC xenograft tumour regression monotherapy || SW-682 CAL-33 SCC-25 tumour volume TGI,3,[PDF] SW-682: a novel TEAD inhibitor for the treatment of cancers bearing ...,https://springworkstx.com/wp-content/uploads/2023/08/TEAD-AACR-2023-Poster_FINAL.pdf,springworkstx.com,,"In vivo, daily oral administration of  SW-682 in tumor-bearing mice resulted in tumor regression in Hippo-mutant mesothelioma models and caused decreased expression of the TEAD- dependent genes CCN1 and CCN2 and a YAP gene signature4, as measured by RNA-seq analysis. ... SW-682 is efficacious in vi",,,
q017-batch,q017,SW-682 in vivo single-agent monotherapy tumour growth inhibition TGI tumour regression or shrinkage in Head and Neck Squamous Cell Carcinoma animal models,SW-682 CAL-33 SCC-25 xenograft tumour growth inhibition monotherapy || SW-682 HNSCC xenograft tumour regression monotherapy || SW-682 CAL-33 SCC-25 tumour volume TGI,4,Targeting YAP/TAZ-TEAD signaling as a therapeutic approach in ...,https://pmc.ncbi.nlm.nih.gov/articles/PMC12044704/,pmc.ncbi.nlm.nih.gov,2025-01-16,"Here, we provide the pre-clinical evidence for the antitumor activity of novel smTEADi, SW-682 in HPV-negative HNSCC. By the use of multiple complementary experimental approaches, including siRNA knockdown, expression of a genetically encoded TEAD inhibitor peptide (pTEADi), and SW-682, we revealed ",,,
q017-batch,q017,SW-682 in vivo single-agent monotherapy tumour growth inhibition TGI tumour regression or shrinkage in Head and Neck Squamous Cell Carcinoma animal models,SW-682 CAL-33 SCC-25 xenograft tumour growth inhibition monotherapy || SW-682 HNSCC xenograft tumour regression monotherapy || SW-682 CAL-33 SCC-25 tumour volume TGI,5,Targeting TEAD in cancer - PMC - NIH,https://pmc.ncbi.nlm.nih.gov/articles/PMC12672301/,pmc.ncbi.nlm.nih.gov,2025-11-19,"In head and neck squamous cell carcinoma (HNSCC), use of SW-682 to block YAP/TAZ-TEAD binding led to an antitumor response in FAT1-mutant HNSCC xenograft models (85). ... SW-682 (NCT06251310) is a pan-TEAD small molecule inhibitor which blocks palmitoylation of TEAD to inhibit all TEAD-dependent tra",,,
q018-batch,q018,"SPR2015 in vivo animal models and results: cell-line xenograft CDX, patient-derived xenograft PDX, syngeneic, orthotopic, or genetically engineered models",SPR2015 HNSCC in vivo xenograft || SPR2015 PDAC patient-derived xenograft || SPR2015 PDAC syngeneic model || SPR2015 PDAC genetically engineered mouse model || SPR2015 HPAC AsPC-1 tumour volume percentage inhibition,1,Merck Enters into Exclusive Global License Agreement ...,https://www.businesswire.com/news/home/20260928125137/en/Merck-Enters-into-Exclusive-Global-License-Agreement-with-SciBrunch-Therapeutics-for-SPR2015-an-Investigational-Oral-KRAS-G12D-ON-Inhibitor,businesswire.com,2026-09-28,"SPR2015 is a potent and selective novel investigational preclinical molecular glue KRAS G12D (ON) inhibitor that has demonstrated nanomolar antiproliferative activities in various KRAS G12D-mutant cell lines while maintaining good selectivity over KRAS wildtype cells. ... In addition, SPR2015 has de",,,
q018-batch,q018,"SPR2015 in vivo animal models and results: cell-line xenograft CDX, patient-derived xenograft PDX, syngeneic, orthotopic, or genetically engineered models",SPR2015 HNSCC in vivo xenograft || SPR2015 PDAC patient-derived xenograft || SPR2015 PDAC syngeneic model || SPR2015 PDAC genetically engineered mouse model || SPR2015 HPAC AsPC-1 tumour volume percentage inhibition,2,SPR2015是一种高效且选择性的KRAS G12D（ON）抑制剂，在临床前模型中...,https://www.posterkeep.com/c/aacr-2026/p/5660,posterkeep.com,2026-04-17,SPR2015通过增强CypA竞争性结合，实现快速而持续的靶点结合，优于另一种G12D（ON）抑制剂。在小鼠PDAC/NSCLC异种移植模型中，SPR2015在10 mg/kg（口服，q.d.） 时有效抑制肿瘤生长，并在30 mg/kg（口服，q.d.）时实现肿瘤消退。这些模型中的伴随PK/PD研究建立了肿瘤生长抑制疗效、下游对DUSP6 mRNA的PD抑制，以及血液、肿瘤和其他组织中药物暴露之间的相关性。 此外，在超过15个CRC细胞衍生异种移植（CDX）或患者来源异种移植（PDX）模型中，以单剂量100 mg/kg（口服，q.d.）评估了SPR2015与另一种G12D（ON）抑制剂的小鼠头,,,
q018-batch,q018,"SPR2015 in vivo animal models and results: cell-line xenograft CDX, patient-derived xenograft PDX, syngeneic, orthotopic, or genetically engineered models",SPR2015 HNSCC in vivo xenograft || SPR2015 PDAC patient-derived xenograft || SPR2015 PDAC syngeneic model || SPR2015 PDAC genetically engineered mouse model || SPR2015 HPAC AsPC-1 tumour volume percentage inhibition,3,MSD takes a $400m bite of SciBrunch's KRAS drug,https://pharmaphorum.com/news/msd-takes-400m-bite-scibrunchs-kras-drug,pharmaphorum.com,2026-10-02,The company reported studies at this year's American Association for Cancer Research (AACR) congress which showed antitumour efficacy for SPR2015 as a monotherapy across multiple *in vivo* cell-derived and patient-derived xenograft models. ... KRAS G12D mutations are found in 37% of pancreatic ducta,,,
q018-batch,q018,"SPR2015 in vivo animal models and results: cell-line xenograft CDX, patient-derived xenograft PDX, syngeneic, orthotopic, or genetically engineered models",SPR2015 HNSCC in vivo xenograft || SPR2015 PDAC patient-derived xenograft || SPR2015 PDAC syngeneic model || SPR2015 PDAC genetically engineered mouse model || SPR2015 HPAC AsPC-1 tumour volume percentage inhibition,4,Mouse Models of Pancreatic Ductal Adenocarcinoma,https://2024.sci-hub.se/4365/612c5cc4af0de1f0fbfa4f70d2e69969/ponz-sarvise2015.pdf,2024.sci-hub.se,,�New genetically engineered mouse models are needed to address the genetic heteroge- neity seen in human patients. ... Transplantation of human cancer cell lines or primary human tumors into a host mouse to create a xenograft was one of the first models developed to study PDAC. ... Xenografts can be,,,
q018-batch,q018,"SPR2015 in vivo animal models and results: cell-line xenograft CDX, patient-derived xenograft PDX, syngeneic, orthotopic, or genetically engineered models",SPR2015 HNSCC in vivo xenograft || SPR2015 PDAC patient-derived xenograft || SPR2015 PDAC syngeneic model || SPR2015 PDAC genetically engineered mouse model || SPR2015 HPAC AsPC-1 tumour volume percentage inhibition,5,KRAS G12D Inhibitor's $2.13B Deal Tests Cross-Border Tech Transfer,https://www.pharmtech.com/view/kras-g12d-inhibitor-s-2-13b-deal-tests-cross-border-tech-transfer,pharmtech.com,2026-09-28,"- SPR2015 functions as an ON-state molecular glue, showing nanomolar antiproliferative activity in KRAS G12D cell lines with wild-type selectivity and tumor regression in xenograft models. ... SPR2015 is described as a molecular glue inhibitor that engages the ON form of the mutant protein.^1^ It sh",,,
q019-batch,q019,"Innovent Biologics Inc. descriptions of IBI-3001's advantage over existing treatments for Head and Neck Squamous Cell Carcinoma in investor materials, earnings calls, investor day presentations, and press releases",IBI-3001 HNSCC investor presentation treatment advantage || IBI3001 recurrent metastatic HNSCC Innovent press release || IBI3001 HNSCC first-line standard of care comparison,1,Takeda Announces Oncology Partnership with Innovent,https://www.takeda.com/newsroom/newsreleases/2025/innovent/,takeda.com,2025-10-21,"**OSAKA, Japan and CAMBRIDGE, Massachusetts, October 21, 2025** – Takeda (TSE:4502/NYSE:TAK) today announced that it has entered into a license and collaboration agreement with Innovent Biologics (HKEX: 01801) for the development, manufacturing and commercialization of two late-stage oncology medici",,,
q019-batch,q019,"Innovent Biologics Inc. descriptions of IBI-3001's advantage over existing treatments for Head and Neck Squamous Cell Carcinoma in investor materials, earnings calls, investor day presentations, and press releases",IBI-3001 HNSCC investor presentation treatment advantage || IBI3001 recurrent metastatic HNSCC Innovent press release || IBI3001 HNSCC first-line standard of care comparison,2,Press Release,https://en.innoventbio.com/InvestorsAndMedia/PressReleaseDetail?key=557,en.innoventbio.com,,Press Release Innovent Biologics Announces Global Strategic Partnership with Takeda to Bring Innovent’s Next Gen IO Backbone Therapy and ADC Molecules to the Global Market ... - Innovent will grant Takeda an exclusive option for the rights for IBI3001 (EGFR/B7H3 ADC) outside Greater China. ... - Inn,,,
q019-batch,q019,"Innovent Biologics Inc. descriptions of IBI-3001's advantage over existing treatments for Head and Neck Squamous Cell Carcinoma in investor materials, earnings calls, investor day presentations, and press releases",IBI-3001 HNSCC investor presentation treatment advantage || IBI3001 recurrent metastatic HNSCC Innovent press release || IBI3001 HNSCC first-line standard of care comparison,3,Innovent to Present New Clinical Data of Next-gen IO and ...,https://www.prnewswire.com/news-releases/innovent-to-present-new-clinical-data-of-next-gen-io-and-adc-pipeline-at-the-2026-esmo-annual-meeting-302887455.html,prnewswire.com,2026-09-23,"Sep 23, 2026, 04:48 ET SAN FRANCISCO and SUZHOU, China, Sept. 23, 2026 /PRNewswire/ -- Innovent Biologics, Inc. (""Innovent"") (HKEX: 01801), a world-class biopharmaceutical company that develops, manufactures and commercializes high quality medicines for the treatment of oncology, cardiovascular and ",,,
q019-batch,q019,"Innovent Biologics Inc. descriptions of IBI-3001's advantage over existing treatments for Head and Neck Squamous Cell Carcinoma in investor materials, earnings calls, investor day presentations, and press releases",IBI-3001 HNSCC investor presentation treatment advantage || IBI3001 recurrent metastatic HNSCC Innovent press release || IBI3001 HNSCC first-line standard of care comparison,4,"IBI3001 / Innovent Biologics, Takeda, Fortvita ...",https://delta.larvol.com/Products/?ProductId=9b437310-e3ab-4b3f-93e2-3f9bb486584c,delta.larvol.com,,"## Safety and efficacy of IBI3001, an anti-EGFR/B7H3 bispecific ADC, in patients (pts) with advanced solid tumors: Results of a multi-regional phase 1 study (ESMO 2026) - No abstract available ... ## Innovent Biologics Announces Closing of Global Strategic Partnership with Takeda for Next-Generation",,,
q019-batch,q019,"Innovent Biologics Inc. descriptions of IBI-3001's advantage over existing treatments for Head and Neck Squamous Cell Carcinoma in investor materials, earnings calls, investor day presentations, and press releases",IBI-3001 HNSCC investor presentation treatment advantage || IBI3001 recurrent metastatic HNSCC Innovent press release || IBI3001 HNSCC first-line standard of care comparison,5,Press Release,https://en.innoventbio.com/InvestorsAndMedia/PressReleaseDetail?key=566,en.innoventbio.com,,"Press Release Innovent Biologics Announces Closing of Global Strategic Partnership with Takeda for Next-Generation IO and ADC Therapies ... SAN FRANCISCO and SUZHOU, China, Dec. 5, 2025 -- Innovent Biologics (HKEX: 01801) today announced that the global strategic collaboration with Takeda (TSE: 4502",,,
q020-batch,q020,"Inflammatory Bowel Disease competing agents in the same mechanistic class as JTO2, including Monoclonal Antibody and CXCL10 therapies",JTO2 CXCL10 inflammatory bowel disease competitors || JTO2 anti-CXCL10 monoclonal antibody IBD pipeline || JTO2 CXCL10 clinical trial inflammatory bowel disease,1,Delving into the Latest Updates on JT-02(Jyant Technologies) with Synapse,https://synapse.patsnap.com/drug/b291dac8a0e24306a1bb17fa4b94e798,synapse.patsnap.com,2025-03-20,|Drug Type Monoclonal antibody| |--| |Synonyms| |Target CXCL10| |Action antagonists| |Mechanism CXCL10 antagonists(C-X-C motif chemokine ligand 10 antagonists)| |Therapeutic Areas Digestive System Disorders| |Active Indication Inflammatory Bowel Diseases| |Inactive Indication-| |Originator Organizat,,,
q020-batch,q020,"Inflammatory Bowel Disease competing agents in the same mechanistic class as JTO2, including Monoclonal Antibody and CXCL10 therapies",JTO2 CXCL10 inflammatory bowel disease competitors || JTO2 anti-CXCL10 monoclonal antibody IBD pipeline || JTO2 CXCL10 clinical trial inflammatory bowel disease,2,Cell Trafficking Interference in Inflammatory Bowel Disease,https://pmc.ncbi.nlm.nih.gov/articles/PMC6327230/,pmc.ncbi.nlm.nih.gov,2018-08-24,"We discuss the targets that have been explored in clinical trials: chemokines and its receptors (eg, IP10, CCR9), integrins (eg, natalizumab, AJM300, vedolizumab, and etrolizumab), and its endothelial ligands (MAdCAM-1, ICAM-1). ... |CXCL10|CXCR3|Leukocyte recruitment to inflamed intestine.| ... Eld",,,
q020-batch,q020,"Inflammatory Bowel Disease competing agents in the same mechanistic class as JTO2, including Monoclonal Antibody and CXCL10 therapies",JTO2 CXCL10 inflammatory bowel disease competitors || JTO2 anti-CXCL10 monoclonal antibody IBD pipeline || JTO2 CXCL10 clinical trial inflammatory bowel disease,3,Advancing therapeutic frontiers: a pipeline of novel drugs ...,https://www.frontiersin.org/journals/gastroenterology/articles/10.3389/fgstr.2026.1747118/full,frontiersin.org,2026-01-30,"|α4β7 antagonist|Abrilumab|Human monoclonal IgG2 antibody targeting α4β7 integrin|NCT01694485, NCT01959165|Phase 2b|Global study completed; 13.3% remission (70mg) vs 4.3% placebo| ... |IP-10 antagonist|Eldelumab (BMS-936557)|Fully human monoclonal IgG1 antibody targeting IP-10/CXCL10|NCT00656890, NC",,,
q020-batch,q020,"Inflammatory Bowel Disease competing agents in the same mechanistic class as JTO2, including Monoclonal Antibody and CXCL10 therapies",JTO2 CXCL10 inflammatory bowel disease competitors || JTO2 anti-CXCL10 monoclonal antibody IBD pipeline || JTO2 CXCL10 clinical trial inflammatory bowel disease,4,Anti‐Inflammatory Peptides as Promising Therapeutics ...,https://onlinelibrary.wiley.com/doi/10.1002/jgh3.70212,onlinelibrary.wiley.com,,"One such peptide is Interferon-γ-inducible protein-10 (IP-10 or CXCL10), used in a phase II randomized clinical trial for patients with moderate-to-severe UC. The trial demonstrated that IP-10 increased these patients' mucosal healing rates and histological improvement. This suggests that IP-10 has ",,,
q020-batch,q020,"Inflammatory Bowel Disease competing agents in the same mechanistic class as JTO2, including Monoclonal Antibody and CXCL10 therapies",JTO2 CXCL10 inflammatory bowel disease competitors || JTO2 anti-CXCL10 monoclonal antibody IBD pipeline || JTO2 CXCL10 clinical trial inflammatory bowel disease,5,Targeting Immune Cell Trafficking – Insights From Research Models ...,https://pmc.ncbi.nlm.nih.gov/articles/PMC8129496/,pmc.ncbi.nlm.nih.gov,2021-05-04,"Treatment with anti-CXCL10 antibodies attenuated colitis in IL10-deficient mice and in DSS colitis and reduced cell infiltration to the lamina propria (73–76). In clinical studies, treatment with a monoclonal antibody against CXCL10 was efficient for the treatment of rheumatoid arthritis (MDX-1100) ",,,
q021-batch,q021,"Crohn's Disease Ulcerative Colitis competing agents with the same mechanistic class as S1PR S1PR1 Sphingosine-1-phosphate receptor, including Small Molecule",Mocravimod IBD S1PR competitors licensing status || Mocravimod Crohn's disease ulcerative colitis S1PR1 agents || Mocravimod etrasimod ozanimod head-to-head IBD || Mocravimod IBD partnering in-licensing || Mocravimod ClinicalTrials.gov Crohn's ulcerative colitis,1,Targeting the Sphingosine-1-Phosphate Pathway - PMC - NIH,https://pmc.ncbi.nlm.nih.gov/articles/PMC12057646/,pmc.ncbi.nlm.nih.gov,2024-09-26,"In this review, we revisit the role of the S1P/S1PR axis in the pathogenesis of IBD and discuss efficacy and safety data from clinical trials and real-world reports on the two S1PR modulators, ozanimod and etrasimod, that are currently approved for IBD treatment, and comment on their potential posit",,,
q021-batch,q021,"Crohn's Disease Ulcerative Colitis competing agents with the same mechanistic class as S1PR S1PR1 Sphingosine-1-phosphate receptor, including Small Molecule",Mocravimod IBD S1PR competitors licensing status || Mocravimod Crohn's disease ulcerative colitis S1PR1 agents || Mocravimod etrasimod ozanimod head-to-head IBD || Mocravimod IBD partnering in-licensing || Mocravimod ClinicalTrials.gov Crohn's ulcerative colitis,2,Mocravimod - Inxight Drugs,https://drugs.ncats.io/drug/X71GCJ0HLI,drugs.ncats.io,,"KYORIN Pharmaceutical has developed a new sphingosine 1-phosphate (S1P) receptor type 1 agonist, 2-amino-2-propanediol hydrochloride (KRP-203), for immunomodulation in autoimmune diseases and organ transplantation.",,,
q021-batch,q021,"Crohn's Disease Ulcerative Colitis competing agents with the same mechanistic class as S1PR S1PR1 Sphingosine-1-phosphate receptor, including Small Molecule",Mocravimod IBD S1PR competitors licensing status || Mocravimod Crohn's disease ulcerative colitis S1PR1 agents || Mocravimod etrasimod ozanimod head-to-head IBD || Mocravimod IBD partnering in-licensing || Mocravimod ClinicalTrials.gov Crohn's ulcerative colitis,3,Mocravimod Hydrochloride - Inxight Drugs,https://drugs.ncats.io/drug/3YH0N35CE3,drugs.ncats.io,,"KYORIN Pharmaceutical has developed a new sphingosine 1-phosphate (S1P) receptor type 1 agonist, 2-amino-2-propanediol hydrochloride (KRP-203), for immunomodulation in autoimmune diseases and organ transplantation. This drug was in phase II clinical trial for the treatment Ulcerative Colitis, but th",,,
q021-batch,q021,"Crohn's Disease Ulcerative Colitis competing agents with the same mechanistic class as S1PR S1PR1 Sphingosine-1-phosphate receptor, including Small Molecule",Mocravimod IBD S1PR competitors licensing status || Mocravimod Crohn's disease ulcerative colitis S1PR1 agents || Mocravimod etrasimod ozanimod head-to-head IBD || Mocravimod IBD partnering in-licensing || Mocravimod ClinicalTrials.gov Crohn's ulcerative colitis,4,Adjunctive and… · Phase III (2024-512752-38-00) - CTIS.eu,https://ctis.eu/trial/2024-512752-38-00,ctis.eu,2025-09-09,- **ClinicalTrials.gov** NCT05429632 ... ### Test 1 Mocravimod (KRP203) PRD9710650 · Product - **Active substance** Mocravimod - **Pharmaceutical form** CAPSULES - **Route of administration** ORAL USE - **Max daily dose** 3.00 mg milligram(s) - **Max total dose** 1095.00 mg milligram(s) - **Max trea,,,
q021-batch,q021,"Crohn's Disease Ulcerative Colitis competing agents with the same mechanistic class as S1PR S1PR1 Sphingosine-1-phosphate receptor, including Small Molecule",Mocravimod IBD S1PR competitors licensing status || Mocravimod Crohn's disease ulcerative colitis S1PR1 agents || Mocravimod etrasimod ozanimod head-to-head IBD || Mocravimod IBD partnering in-licensing || Mocravimod ClinicalTrials.gov Crohn's ulcerative colitis,5,Efficacy and safety of sphingosine-1-phosphate receptor ...,https://pmc.ncbi.nlm.nih.gov/articles/PMC12421927/,pmc.ncbi.nlm.nih.gov,,"This meta-analysis supports S1P receptor modulators, particularly ozanimod and etrasimod, as effective and safe treatments for UC. ... Several S1PrMs, including Ozanimod, Etrasimod, Mocravimod, and Amiselimod, have demonstrated efficacy in managing moderate to severe IBD, significantly improving pat",,,
q022-batch,q022,"competing agents in the same mechanistic class for this indication Novel UC Treatment, Cosmo Health, Distal Ulcerative Colitis",Novel UC Treatment mechanism of action ulcerative colitis || Novel UC Treatment target mechanistic class UC || Novel UC Treatment Phase 2 competitor landscape ulcerative colitis,1,Advancing therapeutic frontiers: a pipeline of novel drugs ...,https://www.frontiersin.org/journals/gastroenterology/articles/10.3389/fgstr.2026.1747118/full,frontiersin.org,2026-01-30,"Emerging mechanisms include next-generation Janus kinase and tyrosine kinase 2 inhibitors with enhanced selectivity, novel cell trafficking modulators, advanced tumor necrosis factor-alpha inhibition strategies, and selective interleukin-23 pathway antagonists. ... The introduction of biologic thera",,,
q022-batch,q022,"competing agents in the same mechanistic class for this indication Novel UC Treatment, Cosmo Health, Distal Ulcerative Colitis",Novel UC Treatment mechanism of action ulcerative colitis || Novel UC Treatment target mechanistic class UC || Novel UC Treatment Phase 2 competitor landscape ulcerative colitis,2,Practical guidance for managing patients with moderate-to-severe ...,https://academic.oup.com/jcag/article/7/4/282/7674170,academic.oup.com,2024-08-12,The emergence of small molecule therapies offers novel treatment options that target mechanisms central to the immunopathology of UC. Sphingosine-1-phosphate (S1P) receptor modulators and Janus-activated kinase inhibitors are 2 classes of therapies that target unique pathways to attenuate inflammati,,,
q022-batch,q022,"competing agents in the same mechanistic class for this indication Novel UC Treatment, Cosmo Health, Distal Ulcerative Colitis",Novel UC Treatment mechanism of action ulcerative colitis || Novel UC Treatment target mechanistic class UC || Novel UC Treatment Phase 2 competitor landscape ulcerative colitis,3,Advancing therapeutic frontiers: a pipeline of novel drugs for ...,https://pmc.ncbi.nlm.nih.gov/articles/PMC12952356/,pmc.ncbi.nlm.nih.gov,2026-01-30,"Emerging mechanisms include next-generation Janus kinase and tyrosine kinase 2 inhibitors with enhanced selectivity, novel cell trafficking modulators, advanced tumor necrosis factor-alpha inhibition strategies, and selective interleukin-23 pathway antagonists. ... More recently, oral small molecule",,,
q022-batch,q022,"competing agents in the same mechanistic class for this indication Novel UC Treatment, Cosmo Health, Distal Ulcerative Colitis",Novel UC Treatment mechanism of action ulcerative colitis || Novel UC Treatment target mechanistic class UC || Novel UC Treatment Phase 2 competitor landscape ulcerative colitis,4,Ulcerative Colitis | Disease Landscape & Forecast | G7 | 2024,https://clarivate.com/life-sciences-healthcare/report/dlsfim0009-2024-biopharma-ulcerative-colitis-disease-landscape-forecast-g7-2024/,clarivate.com,2026-10-03,"We expect the ulcerative colitis (UC) therapy market to grow steadily over the next decade, primarily driven by the increasing use of non-tumor necrosis factor (TNF) biologics (e.g., Takeda’s Entyvio, Johnson & Johnson Innovative Medicine’s Stelara, AbbVie’s Rinvoq) earlier in the treatment algorith",,,
q022-batch,q022,"competing agents in the same mechanistic class for this indication Novel UC Treatment, Cosmo Health, Distal Ulcerative Colitis",Novel UC Treatment mechanism of action ulcerative colitis || Novel UC Treatment target mechanistic class UC || Novel UC Treatment Phase 2 competitor landscape ulcerative colitis,5,Pathological mechanism and targeted drugs of ulcerative colitis - PMC,https://pmc.ncbi.nlm.nih.gov/articles/PMC10508406/,pmc.ncbi.nlm.nih.gov,2023-09-15,"The PI3K/Akt signaling pathway is also involved in the regulation and release of inflammatory factors, and it can indirectly activate the transcription factor NF-κB through phosphorylated IKK, thus interconnecting with the NF-κB pathway to promote enhanced expression and secretion of inflammatory fa",,,
q023-batch,q023,"Inflammatory Bowel Diseases Mild-to-moderate ulcerative colitis Ulcerative Colitis competing agents with the same mechanistic class as Gut Microbiome Dysbiosis, including Live Biotherapeutic Product",VE202 Phase 2 current status licensing || MB310 Phase 2 Microbiotica licensing || SER-287 ulcerative colitis development status licensing || EXL01 ReMind Phase 2 licensing Crohn's disease,1,Exeliom Biosciences collaborates with REMIND in ...,https://www.exeliombio.com/news/exeliom-biosciences-collaborates-with-remind-in-maintain-pop-study,exeliombio.com,2024-06-25,"·      **Phase IItrial will assess efficacy of EXL01 as treatment to prevent post-operative recurrencein patients with Crohn’s disease** ... ·     **MAINTAIN POP trial to start early 2025 with toplineresults expected in Q1, 2027** **Paris, France, June 25, 2024 –** ExeliomBiosciences, a clinical-sta",,,
q023-batch,q023,"Inflammatory Bowel Diseases Mild-to-moderate ulcerative colitis Ulcerative Colitis competing agents with the same mechanistic class as Gut Microbiome Dysbiosis, including Live Biotherapeutic Product",VE202 Phase 2 current status licensing || MB310 Phase 2 Microbiotica licensing || SER-287 ulcerative colitis development status licensing || EXL01 ReMind Phase 2 licensing Crohn's disease,2,SER-287 Drug Asset Due Diligence Report 2026,https://synapse.patsnap.com/blog/drug-asset-due-diligence-report-ser-287-2026-mcp,synapse.patsnap.com,2026-09-11,"*Decision date: 11 September 2026. ... **Phase 2** Highest phase **2** Registered trials **2** Result records **1** Matched deals ## Executive recommendation: CONDITIONAL GO ### Decision memo Advance with milestone-based economics while efficacy durability, safety differentiation, patent scope, and ",,,
q023-batch,q023,"Inflammatory Bowel Diseases Mild-to-moderate ulcerative colitis Ulcerative Colitis competing agents with the same mechanistic class as Gut Microbiome Dysbiosis, including Live Biotherapeutic Product",VE202 Phase 2 current status licensing || MB310 Phase 2 Microbiotica licensing || SER-287 ulcerative colitis development status licensing || EXL01 ReMind Phase 2 licensing Crohn's disease,3,Seres Therapeutics Announces Initiation of SER-287 ...,https://ir.serestherapeutics.com/news-releases/news-release-details/seres-therapeutics-announces-initiation-ser-287-phase-2b-eco,ir.serestherapeutics.com,2019-01-03,https://errors.edgesuite.net/18.8f2a0660.1743030477.baa3483,,,
q023-batch,q023,"Inflammatory Bowel Diseases Mild-to-moderate ulcerative colitis Ulcerative Colitis competing agents with the same mechanistic class as Gut Microbiome Dysbiosis, including Live Biotherapeutic Product",VE202 Phase 2 current status licensing || MB310 Phase 2 Microbiotica licensing || SER-287 ulcerative colitis development status licensing || EXL01 ReMind Phase 2 licensing Crohn's disease,4,"SER-287 - Drug Targets, Indications, Patents",https://synapse.patsnap.com/drug/985aa1a5aff1423498531f9518d90223,synapse.patsnap.com,,"|Active Indication Colitis, Ulcerative| ... |License Organization Nestle Health Science SASeres Therapeutics, Inc.| |Drug Highest PhasePhase 2| ... |--|--|--|--|--| |Colitis, Ulcerative|Phase 2|United States|Seres Therapeutics, Inc.|19 Dec 2018| |Colitis, Ulcerative|Phase 2|Canada|Seres Therapeutics",,,
q023-batch,q023,"Inflammatory Bowel Diseases Mild-to-moderate ulcerative colitis Ulcerative Colitis competing agents with the same mechanistic class as Gut Microbiome Dysbiosis, including Live Biotherapeutic Product",VE202 Phase 2 current status licensing || MB310 Phase 2 Microbiotica licensing || SER-287 ulcerative colitis development status licensing || EXL01 ReMind Phase 2 licensing Crohn's disease,5,Delving into the Latest Updates on EXL-01 with Synapse,https://synapse.patsnap.com/drug/9500af2e0b0346d8b3f9d8d939800b1b,synapse.patsnap.com,2025-06-18,"Originator Organization Exeliom Biosciences Active Organization Exeliom Biosciences Inactive Organization ... Drug Highest Phase Phase 2 ... CTIS2024-511357-22-00 Recruiting Phase 2 IIT A Phase 2 multicentre, randomised, parallel-arm, placebo-controlled, double-blind study to evaluate the safety and",,,
q024-batch,q024,Ulcerative Colitis competing agents in the same mechanistic class as ITGA4 ITGB7 Integrin Alpha-4 Beta-7 Integrin α4β7 Small Molecule therapies,emvistegrast α4β7 ulcerative colitis Phase 2 competitors || emvistegrast α4β7 ulcerative colitis pipeline Phase 3 || emvistegrast α4β7 ulcerative colitis licensing || emvistegrast integrin alpha-4 beta-7 ulcerative colitis clinical trial,1,emvistegrast (GS-1427) / Gilead - LARVOL DELTA,https://delta.larvol.com/Products/?ProductId=43b8710c-7d26-400d-99a6-57e1ce79a7ba,delta.larvol.com,,"emvistegrast (GS-1427) / Gilead ... ## EFFICACY AND SAFETY OF EMVISTEGRAST (FORMERLY GS-1427), AN ORAL Α4Β7 INTEGRIN INHIBITOR, FOR MODERATE TO SEVERE ULCERATIVE COLITIS: RESULTS OF THE INDUCTION PHASE OF THE PHASE 2 SWIFT TRIAL (UEGW 2026) - ""Full abstract will be published on the day of presentati",,,
q024-batch,q024,Ulcerative Colitis competing agents in the same mechanistic class as ITGA4 ITGB7 Integrin Alpha-4 Beta-7 Integrin α4β7 Small Molecule therapies,emvistegrast α4β7 ulcerative colitis Phase 2 competitors || emvistegrast α4β7 ulcerative colitis pipeline Phase 3 || emvistegrast α4β7 ulcerative colitis licensing || emvistegrast integrin alpha-4 beta-7 ulcerative colitis clinical trial,2,"SPY001 (Ph 2) for Ulcerative Colitis | Spyre Therapeutics, Inc",https://www.biopharmawatch.com/company/SYRE/drug/SPY001,biopharmawatch.com,2026-09-16,Phase 2 ... Highest phase Phase 2 Registered trials 2 across 1 sponsor since Jun 2025 ... NCT07652294Long-term Safety and Efficacy of Multiple Long-acting Antibodies Alone and in Combinations for IBDUlcerative Colitis ... NCT07012395A Study of Long-acting Antibodies Alone and in Combinations for Mod,,,
q024-batch,q024,Ulcerative Colitis competing agents in the same mechanistic class as ITGA4 ITGB7 Integrin Alpha-4 Beta-7 Integrin α4β7 Small Molecule therapies,emvistegrast α4β7 ulcerative colitis Phase 2 competitors || emvistegrast α4β7 ulcerative colitis pipeline Phase 3 || emvistegrast α4β7 ulcerative colitis licensing || emvistegrast integrin alpha-4 beta-7 ulcerative colitis clinical trial,3,Table 1.,https://pmc.ncbi.nlm.nih.gov/articles/PMC12952356/table/T1/,pmc.ncbi.nlm.nih.gov,,"|JAK Inhibitor|Ivarmacitinib (SHR0302)|Selective JAK1 inhibitor blocking JAK-STAT pathway|NCT03675477, NCT05181137|Phase 2, Phase 3|Phase 2 completed Feb 2021; Phase 3 status unknown| ... |JAK Inhibitor|Brepocitinib (PF-06700841)|Oral dual TYK2/JAK1 inhibitor|NCT02958865 (VIBRATO)|Phase 2b|Completed",,,
q024-batch,q024,Ulcerative Colitis competing agents in the same mechanistic class as ITGA4 ITGB7 Integrin Alpha-4 Beta-7 Integrin α4β7 Small Molecule therapies,emvistegrast α4β7 ulcerative colitis Phase 2 competitors || emvistegrast α4β7 ulcerative colitis pipeline Phase 3 || emvistegrast α4β7 ulcerative colitis licensing || emvistegrast integrin alpha-4 beta-7 ulcerative colitis clinical trial,4,Integrin alpha 4 beta 7 분자 정보 - ACROBiosystems,https://kr.acrobiosystems.com/category/target-protein/integrin-alpha-4-beta-7,kr.acrobiosystems.com,2024-09-23,"|LY-4268989|MORF-057; LY-4268989; LY4268989|Phase 2 Clinical|Morphic Therapeutic Inc|Colitis, Ulcerative; Crohn Disease|Details| |EA-1080|EA-1080; NSHO-101|Phase 2 Clinical|Ea Pharma|Colitis, Ulcerative; Crohn Disease; Inflammatory Bowel Diseases|Details| ... |Emvistegrast|GS-1427|Phase 2 Clinical|G",,,
q024-batch,q024,Ulcerative Colitis competing agents in the same mechanistic class as ITGA4 ITGB7 Integrin Alpha-4 Beta-7 Integrin α4β7 Small Molecule therapies,emvistegrast α4β7 ulcerative colitis Phase 2 competitors || emvistegrast α4β7 ulcerative colitis pipeline Phase 3 || emvistegrast α4β7 ulcerative colitis licensing || emvistegrast integrin alpha-4 beta-7 ulcerative colitis clinical trial,5,UCSF Inflammatory Bowel Disease Clinical Trials for 2026 ...,https://clinicaltrials.ucsf.edu/inflammatory-bowel-disease,clinicaltrials.ucsf.edu,2026-09-24,"This Phase III, multicenter, double-blind, placebo-controlled treat-through study will evaluate the efficacy and safety of induction and maintenance therapy with Afimkibart (also known as RO7790121) in participants with moderately to severely active Crohn's disease (CD). ... The goal of this study i",,,
q025-batch,q025,"Ulcerative Colitis competing agents with the same mechanism of action as HEMAY007, targeting TNF-α Tumor Necrosis Factor Alpha",HEMAY007 ulcerative colitis anti-TNF Phase 2 competitors || HEMAY007 ulcerative colitis anti-TNF licensing availability || HEMAY007 TNF-alpha ulcerative colitis clinical development status || HEMAY007 ulcerative colitis anti-TNF biosimilar landscape,1,Table 1.,https://pmc.ncbi.nlm.nih.gov/articles/PMC12952356/table/T1/,pmc.ncbi.nlm.nih.gov,,"|JAK Inhibitor|Ivarmacitinib (SHR0302)|Selective JAK1 inhibitor blocking JAK-STAT pathway|NCT03675477, NCT05181137|Phase 2, Phase 3|Phase 2 completed Feb 2021; Phase 3 status unknown| |JAK Inhibitor|Itacitinib (INCB039110)|JAK1 inhibitor|NCT03627052|Phase 2|Withdrawn Nov 2019 due to lack of recruitm",,,
q025-batch,q025,"Ulcerative Colitis competing agents with the same mechanism of action as HEMAY007, targeting TNF-α Tumor Necrosis Factor Alpha",HEMAY007 ulcerative colitis anti-TNF Phase 2 competitors || HEMAY007 ulcerative colitis anti-TNF licensing availability || HEMAY007 TNF-alpha ulcerative colitis clinical development status || HEMAY007 ulcerative colitis anti-TNF biosimilar landscape,2,This summary aims to give you an overview of the information contained in this,https://www1.hkexnews.hk/app/sehk/2025/107914/a127807/sehk25120100830.pdf,www1.hkexnews.hk,,"Phase II trials have been completed for ankylosing spondylitis (“AS”), with additional trials ongoing or planned for ulcerative colitis (“UC”), atopic dermatitis (“AD”), psoriatic arthritis (“PsA”), Crohn’s disease (“CD”), and chronic obstructive pulmonary disease (“COPD”). ... For Hemay007, both Ph",,,
q025-batch,q025,"Ulcerative Colitis competing agents with the same mechanism of action as HEMAY007, targeting TNF-α Tumor Necrosis Factor Alpha",HEMAY007 ulcerative colitis anti-TNF Phase 2 competitors || HEMAY007 ulcerative colitis anti-TNF licensing availability || HEMAY007 TNF-alpha ulcerative colitis clinical development status || HEMAY007 ulcerative colitis anti-TNF biosimilar landscape,3,[PDF] 概覽,https://www1.hkexnews.hk/app/sehk/2026/108622/a133802/sehk26060801670_c.pdf,www1.hkexnews.hk,,強直性脊柱炎（「AS」）的II期試驗，針對潰瘍性結腸炎（「UC」）、特應性皮 炎（「AD」）、銀屑病關節炎（「PsA」）、克羅恩病（「CD」）及慢性阻塞性肺病 ... (10)  Hemay007的兩項II期臨床試驗均基於同一項I期臨床試驗(Hemay007AU01)所得的結果而獲得批准。 ... 我們僅針對Hemay007、Hemay808及Hemay022的開發進行研究。 ... Hemay007是通過多種藥理功能亞結構組合化合物庫篩選而來，是一種TNF-α小 分子調節劑。在自發性UC猴模型中，Hemay007減少了受試者結腸中的潰瘍數量，治 療後對腸道進行病理檢查發現，結腸組織幾乎恢復到,,,
q025-batch,q025,"Ulcerative Colitis competing agents with the same mechanism of action as HEMAY007, targeting TNF-α Tumor Necrosis Factor Alpha",HEMAY007 ulcerative colitis anti-TNF Phase 2 competitors || HEMAY007 ulcerative colitis anti-TNF licensing availability || HEMAY007 TNF-alpha ulcerative colitis clinical development status || HEMAY007 ulcerative colitis anti-TNF biosimilar landscape,4,Hemay007(Hemay007) - 药物靶点：TNF-α_在研适应症：类风湿关节炎,https://synapse.zhihuiya.com/drug/c6cef31360b74c8b9fd3d4c563740a9e,synapse.zhihuiya.com,,|靶点 TNF-α| ... |作用机制 TNF-α抑制剂(肿瘤坏死因子α抑制剂)| ... |非在研适应症 溃疡性结肠炎炎症性肠病| ... |在研机构 峡江和美药业有限公司天津合美医药科技有限公司| |非在研机构 Hemay Pharmaceutical Pty Ltd| |权益机构-| |最高研发阶段临床2期| ... |溃疡性结肠炎|药物发现|中国|天津合美医药科技有限公司|2019-08-13| |溃疡性结肠炎|药物发现|中国|峡江和美药业有限公司|2019-08-13| |炎症性肠病|药物发现|澳大利亚|Hemay Pharmaceutical Pty Ltd|2017-01-09,,,
q025-batch,q025,"Ulcerative Colitis competing agents with the same mechanism of action as HEMAY007, targeting TNF-α Tumor Necrosis Factor Alpha",HEMAY007 ulcerative colitis anti-TNF Phase 2 competitors || HEMAY007 ulcerative colitis anti-TNF licensing availability || HEMAY007 TNF-alpha ulcerative colitis clinical development status || HEMAY007 ulcerative colitis anti-TNF biosimilar landscape,5,TNF-alpha - ACROBiosystems,https://kr.acrobiosystems.com/category/target-protein/tnf-alpha,kr.acrobiosystems.com,2024-09-23,"|Recombinant anti-TNFα monoclonal antibody (Wuhan Institute of Biological Products)| |Phase 3 Clinical|Wuhan Institute Of Biological Products Co Ltd|Plaque psoriasis|Details| ... |Hemay007|Hemay-007|Phase 2 Clinical|Tianjin Hemay Bio-Tech Co Ltd|Arthritis, Rheumatoid; Colitis, Ulcerative; Inflammato",,,
q026-batch,q026,BM-013 first regulatory approval or market launch year in acute myeloid leukemia,BM-013 acute myeloid leukemia regulatory approval launch || BM-013 BIMINI Biotech approval AML || BM-013 WASP AML clinical development forecast,1,Portfolio - BIMINI Biotech,https://biminibiotech.nl/technology-2/,biminibiotech.nl,2025-01-01,"Our WASp inhibitor (BM-013) downregulates the WASp concentration and function by enhancing degradation of the protein, thereby inhibiting the proliferation specifically of leukemic cells. Target indications include Acute myeloid leukemia (AML) and T-Cell Lymphoblastic Leukemia (T-ALL).",,,
q026-batch,q026,BM-013 first regulatory approval or market launch year in acute myeloid leukemia,BM-013 acute myeloid leukemia regulatory approval launch || BM-013 BIMINI Biotech approval AML || BM-013 WASP AML clinical development forecast,2,News - BIMINI Biotech,https://biminibiotech.nl/category/news/,biminibiotech.nl,2026-09-18,"maart 18, 2026 Leiden, 18 March 2026 – BIMINI Biotech is pleased to announce that it has been awarded funding through the Health~Holland International Kickstarter Call for Public-Private Partnerships 2025 for a collaborative project focused on advancing first-in-class therapeutics for acute myeloid ",,,
q026-batch,q026,BM-013 first regulatory approval or market launch year in acute myeloid leukemia,BM-013 acute myeloid leukemia regulatory approval launch || BM-013 BIMINI Biotech approval AML || BM-013 WASP AML clinical development forecast,3,Oncology (Cancer)/Hematologic Malignancies Approval ...,https://www.fda.gov/drugs/resources-information-approved-drugs/oncology-cancerhematologic-malignancies-approval-notifications,fda.gov,2026-09-24,"venetoclax for newly diagnosed acute myeloid leukemia|On May 13, 2026, the Food and Drug Administration approved an oral combination of decitabine and cedazuridine tablets (Inqovi, Taiho Oncology, Inc.) with venetoclax for the treatment of newly diagnosed acute myeloid leukemia (AML) in adults 75 ye",,,
q026-batch,q026,BM-013 first regulatory approval or market launch year in acute myeloid leukemia,BM-013 acute myeloid leukemia regulatory approval launch || BM-013 BIMINI Biotech approval AML || BM-013 WASP AML clinical development forecast,4,NEWS,https://biminibiotech.nl/news/,biminibiotech.nl,2024-01-01,"This is an example page. ... As a new WordPress user, you should go to your dashboard to delete this page and create new pages for your content.",,,
q026-batch,q026,BM-013 first regulatory approval or market launch year in acute myeloid leukemia,BM-013 acute myeloid leukemia regulatory approval launch || BM-013 BIMINI Biotech approval AML || BM-013 WASP AML clinical development forecast,5,Blog – BIMINI Biotech,https://biminibiotech.nl/blog/,biminibiotech.nl,2026-09-18,"Leiden, 18 March 2026 – BIMINI Biotech is pleased to announce that it has been awarded funding through the Health~Holland International Kickstarter Call for Public-Private Partnerships 2025 for a collaborative project focused on advancing first-in-class therapeutics for acute myeloid leukemia (AML).",,,
q027-batch,q027,HQL-79 in vivo single-agent monotherapy tumour growth inhibition TGI tumour regression tumour shrinkage in Pancreatic ductal adenocarcinoma animal models,HQL-79 pancreatic ductal adenocarcinoma in vivo || HQL-79 monotherapy PDAC xenograft || HQL-79 tumour regression animal model || HQL-79 tumour growth inhibition pancreatic cancer,1,"Phytochemicals as Multitarget Therapeutics in Pancreatic Cancer: Mechanisms, Clinical Evidence, and Translational Challenges",https://onlinelibrary.wiley.com/doi/10.1002/ptr.70430,onlinelibrary.wiley.com,2026-08-16,"Quercetin has shown potential to inhibit tumor cell growth, but its effectiveness is limited by low bioavailability and poor solubility. HQL's ability to degrade HA in the tumor microenvironment facilitated NP penetration and contributed to its antitumor efficacy (Sun et al. 2025). Quercetin-3-*O*-g",,,
q027-batch,q027,HQL-79 in vivo single-agent monotherapy tumour growth inhibition TGI tumour regression tumour shrinkage in Pancreatic ductal adenocarcinoma animal models,HQL-79 pancreatic ductal adenocarcinoma in vivo || HQL-79 monotherapy PDAC xenograft || HQL-79 tumour regression animal model || HQL-79 tumour growth inhibition pancreatic cancer,2,An efficient drug delivery system to block pancreatic cancer,https://pubmed.ncbi.nlm.nih.gov/40127723/,pubmed.ncbi.nlm.nih.gov,2025-06-10,"Hence, we developed an efficient drug delivery system by encapsulation of Que. into liposomes and conjugation with hyaluronidase (HAase) at liposome surface, termed as HQL. In the presence of HAase, HQL were predominantly accumulated at tumor with enhanced permeability and retention effect. Treatmen",,,
q027-batch,q027,HQL-79 in vivo single-agent monotherapy tumour growth inhibition TGI tumour regression tumour shrinkage in Pancreatic ductal adenocarcinoma animal models,HQL-79 pancreatic ductal adenocarcinoma in vivo || HQL-79 monotherapy PDAC xenograft || HQL-79 tumour regression animal model || HQL-79 tumour growth inhibition pancreatic cancer,3,Activated T Cells Break Tumor Immunosuppression by Macrophage ...,https://pmc.ncbi.nlm.nih.gov/articles/PMC12223510/,pmc.ncbi.nlm.nih.gov,2025-04-07,"To translate our genetic results in a clinically relevant setting, we used the HPGDS inhibitor HQL-79 (38) in YUMM 1.7 melanoma-bearing mice. Systemic administration of HQL-79 (15 mg/kg twice daily) recapitulated the antitumor phenotype observed in *Hpgds*^ΔMø^ mice (Fig. 6A–C; Supplementary Fig. S9",,,
q027-batch,q027,HQL-79 in vivo single-agent monotherapy tumour growth inhibition TGI tumour regression tumour shrinkage in Pancreatic ductal adenocarcinoma animal models,HQL-79 pancreatic ductal adenocarcinoma in vivo || HQL-79 monotherapy PDAC xenograft || HQL-79 tumour regression animal model || HQL-79 tumour growth inhibition pancreatic cancer,4,www.creative-biolabs.com › blog › adcHyaluronidase-Conjugated Liposomes May Effectively Target ...,https://www.creative-biolabs.com/blog/adc/hyaluronidase-conjugated-liposomes-may-effectively-target-pancreatic-cancer/,creative-biolabs.com,2025-08-14,"The research team developed an efficient drug delivery system: quercetin was encapsulated into liposomes, and hyaluronidase (HAase) was conjugated to the surface of the liposomes. This novel liposome was named HQL. ... In vitro experiments showed that HQL could stably exist in 10% fetal bovine serum",,,
q027-batch,q027,HQL-79 in vivo single-agent monotherapy tumour growth inhibition TGI tumour regression tumour shrinkage in Pancreatic ductal adenocarcinoma animal models,HQL-79 pancreatic ductal adenocarcinoma in vivo || HQL-79 monotherapy PDAC xenograft || HQL-79 tumour regression animal model || HQL-79 tumour growth inhibition pancreatic cancer,5,Figure 7.,https://pmc.ncbi.nlm.nih.gov/articles/PMC12223510/figure/fig7/,pmc.ncbi.nlm.nih.gov,2025-01-01,"HPGDS inhibition overcomes immunotherapy resistance and is effective in human settings. Tumor growth (), tumor weight (), and representative images () of ^*V600E*^^*−/−*^ genetically engineered mice (GEM) treated with vehicle, HQL-79 15 mg/kg twice daily, αPD1, or the combination of HQL-79 and αPD1 ",,,
q028-batch,q028,HEC234055 in vivo monotherapy tumour growth inhibition TGI tumour regression tumour shrinkage in Pancreatic Ductal Adenocarcinoma animal models,HEC234055 monotherapy HPAC PDAC xenograft regression || HEC234055 PK-59 PDAC monotherapy tumour regression,1,[PDF] E262019A_Sunshine Pharma 1..4 - HKEXnews,https://www1.hkexnews.hk/listedco/listconews/sehk/2026/0423/2026042301899.pdf,www1.hkexnews.hk,,"Significant in vivo efficacy: In multiple KRAS-mutated xenograft tumor models (including pancreatic, lung and colorectal cancers), oral administration can produce dose-dependent tumor growth inhibition and even induce tumor regression. ... humans.",,,
q028-batch,q028,HEC234055 in vivo monotherapy tumour growth inhibition TGI tumour regression tumour shrinkage in Pancreatic Ductal Adenocarcinoma animal models,HEC234055 monotherapy HPAC PDAC xenograft regression || HEC234055 PK-59 PDAC monotherapy tumour regression,2,Press Release,https://www.perspectivetherapeutics.com/newsroom/press-release?i=159323,perspectivetherapeutics.com,,"For more information, activate the button labeled ""Explore your accessibility options"". Newsroom",,,
q028-batch,q028,HEC234055 in vivo monotherapy tumour growth inhibition TGI tumour regression tumour shrinkage in Pancreatic Ductal Adenocarcinoma animal models,HEC234055 monotherapy HPAC PDAC xenograft regression || HEC234055 PK-59 PDAC monotherapy tumour regression,3,CCDI Hub,https://moleculartargets.ccdi.cancer.gov/studies/phs003215,moleculartargets.ccdi.cancer.gov,,"This system is provided for Government-authorized use only. ... At any time, and for any lawful Government purpose, the government may monitor, intercept, and search and seize any communication or data transiting or stored on this system. - Any communication or data transiting or stored on this syst",,,
q028-batch,q028,HEC234055 in vivo monotherapy tumour growth inhibition TGI tumour regression tumour shrinkage in Pancreatic Ductal Adenocarcinoma animal models,HEC234055 monotherapy HPAC PDAC xenograft regression || HEC234055 PK-59 PDAC monotherapy tumour regression,4,Article Rapid and Selective Targeting of Heterogeneous Pancreatic ...,https://www.sciencedirect.com/science/article/pii/S2589004220301905,sciencedirect.com,,"You can set your browser to block or alert you about these cookies, but some parts of the site will not then work.",,,
q028-batch,q028,HEC234055 in vivo monotherapy tumour growth inhibition TGI tumour regression tumour shrinkage in Pancreatic Ductal Adenocarcinoma animal models,HEC234055 monotherapy HPAC PDAC xenograft regression || HEC234055 PK-59 PDAC monotherapy tumour regression,5,A potential therapeutic target for pancreatic ductal adenocarcinoma,https://www.sciencedirect.com/science/article/pii/S0022356525397867,sciencedirect.com,,"You can set your browser to block or alert you about these cookies, but some parts of the site will not then work.",,,
q029-batch,q029,TP-317 in vivo monotherapy tumour growth inhibition TGI tumour regression tumour shrinkage in Pancreatic ductal adenocarcinoma animal models,TP-317 KPC pancreatic cancer tumour regression monotherapy || TP-317 KPC PDAC dose schedule monotherapy,1,"Abstract 1135: TP317, a first-in-class resolvin E1 small molecule, potentiates the efficacy of immune checkpoint (ICI) inhibitors in ICI-resistant and ICI-sensitive tumors",https://aacrjournals.org/cancerres/article/83/7_Supplement/1135/722183/Abstract-1135-TP317-a-first-in-class-resolvin-E1,aacrjournals.org,,"Methods: Subcutaneous murine models of lung (LLC), melanoma (B16F10), and pancreatic (Panc02; KPC) tumors were used to investigate TP-317 monotherapy and combinations with ICI. Treatment was initiated when tumors reached 125-240 mm 3. Results: In the LLC model (N=5/group), TP317 (0.75 µg QD) inhibit",,,
q029-batch,q029,TP-317 in vivo monotherapy tumour growth inhibition TGI tumour regression tumour shrinkage in Pancreatic ductal adenocarcinoma animal models,TP-317 KPC pancreatic cancer tumour regression monotherapy || TP-317 KPC PDAC dose schedule monotherapy,2,"Pembrolizumab, carboplatin and paclitaxel 1 of 5","https://www.kmcc.nhs.uk/s3/assets/lun-043-pembrolizumab,-carboplatin-and-paclitaxel-v4.pdf",kmcc.nhs.uk,,"Maximum of 4 cycles of pembrolizumab, carboplatin & paclitaxel followed by, in the absence of disease progression, continued treatment with pembrolizumab monotherapy* to continue for a total treatment duration of 2 years (maximum of 35 cycles including the initial 4 induction cycles of treatment or ",,,
q029-batch,q029,TP-317 in vivo monotherapy tumour growth inhibition TGI tumour regression tumour shrinkage in Pancreatic ductal adenocarcinoma animal models,TP-317 KPC pancreatic cancer tumour regression monotherapy || TP-317 KPC PDAC dose schedule monotherapy,3,Cloudflare,https://www.cell.com/molecular-therapy-family/oncology/fulltext/S2372-7705(22)00151-6,cell.com,,"Please try again in a few minutes. ... If you are using a CNAME origin record, make sure it is valid and resolvable.",,,
q029-batch,q029,TP-317 in vivo monotherapy tumour growth inhibition TGI tumour regression tumour shrinkage in Pancreatic ductal adenocarcinoma animal models,TP-317 KPC pancreatic cancer tumour regression monotherapy || TP-317 KPC PDAC dose schedule monotherapy,4,Detail - OpenURL Connection,https://openurl.ebsco.com/contentitem/doi:10.7150/thno.56737?id=ebsco:doi:10.7150/thno.56737,openurl.ebsco.com,2025-05-30,"We were unable to find your item with the information provided. ""Access through your institution"" to search for it on your institution's EBSCOhost experience.",,,
q029-batch,q029,TP-317 in vivo monotherapy tumour growth inhibition TGI tumour regression tumour shrinkage in Pancreatic ductal adenocarcinoma animal models,TP-317 KPC pancreatic cancer tumour regression monotherapy || TP-317 KPC PDAC dose schedule monotherapy,5,Award | SBIR,https://www.sbir.gov/awards/203006,sbir.gov,,"To address this opportunity, Thetis is developing TP-317, a Resolvin E1 (RvE1) therapy for PC. ... Preliminary research conducted in collaboration with Dr. Dipak Panigrahy’s Lab (Harvard Medical School) has shown that TP-317 can suppress tumor growth in multiple animal models as a single agent and h",,,
q030-batch,q030,SGR-4174 in vivo single-agent monotherapy tumour growth inhibition TGI tumour regression or shrinkage in Pancreatic ductal adenocarcinoma animal models,SGR-4174 Mia PaCa2 monotherapy tumour regression xenograft || SGR-4174 PDAC xenograft tumour shrinkage single agent,1,SOS1: tracking the evolving path from promising to actionable ...,https://link.springer.com/article/10.1186/s12943-026-02632-7?error=cookies_not_supported&code=89f85997-69de-41bd-b40a-f6985ed2b656,link.springer.com,,"In vivo assays demonstrated that in monotherapy, BI-3406-mediated SOS1 inhibition (50 mg/kg; bid; 21 days) resulted in potent tumor volume reduction in certain KRAS oncogenic xenograft models including G12C (PDAC: Mia PaCa-2), G12S (NSCLC: A549), G12V (PDAC: PATX53; CRC: SW620), and G13D (CRC: LoVo)",,,
q030-batch,q030,SGR-4174 in vivo single-agent monotherapy tumour growth inhibition TGI tumour regression or shrinkage in Pancreatic ductal adenocarcinoma animal models,SGR-4174 Mia PaCa2 monotherapy tumour regression xenograft || SGR-4174 PDAC xenograft tumour shrinkage single agent,2,"Schrödinger, Inc. - 临床试验 - 新药情报库- 智慧芽",https://synapse.zhihuiya.com/organization/ee6d0cc13d500f7740bc81b30e6d5978,synapse.zhihuiya.com,,"In KRAS G12C tumor xenograft mouse models, SGR-4174 monotherapy demonstrated dose-dependent tumor growth inhibition and a decrease in the tumor PD biomarker pERK.SGR-4174 was examined in combination with KRAS G12C inhibitor sotorasib and MEK inhibitor trametinib in vitro and in vivo. When combined w",,,
q030-batch,q030,SGR-4174 in vivo single-agent monotherapy tumour growth inhibition TGI tumour regression or shrinkage in Pancreatic ductal adenocarcinoma animal models,SGR-4174 Mia PaCa2 monotherapy tumour regression xenograft || SGR-4174 PDAC xenograft tumour shrinkage single agent,3,SOS1: tracking the evolving path from promising to actionable ...,https://link.springer.com/content/pdf/10.1186/s12943-026-02632-7.pdf?error=cookies_not_supported&code=aa72aed6-b31a-4006-88df-722541dec95c,link.springer.com,,In vivo studies showed that single-agent administra­ tion (100 mg/kg; q.d; 21 days) inhibited tumor growth in a PDAC KRASG12C mutated model (Mia PaCa-2) but not in the KRASG12C CRC (SW837) or the KRASG12D PDAC (AsPC-1) models. ... Oral administration of  HW071021 as a single-agent significantly caus,,,
q030-batch,q030,SGR-4174 in vivo single-agent monotherapy tumour growth inhibition TGI tumour regression or shrinkage in Pancreatic ductal adenocarcinoma animal models,SGR-4174 Mia PaCa2 monotherapy tumour regression xenograft || SGR-4174 PDAC xenograft tumour shrinkage single agent,4,"Schrödinger, Inc. - Drug pipelines, Patents, Clinical trials",https://synapse.patsnap.com/organization/ee6d0cc13d500f7740bc81b30e6d5978,synapse.patsnap.com,,"In KRAS G12C tumor xenograft mouse models, SGR-4174 monotherapy demonstrated dose-dependent tumor growth inhibition and a decrease in the tumor PD biomarker pERK.SGR-4174 was examined in combination with KRAS G12C inhibitor sotorasib and MEK inhibitor trametinib in vitro and in vivo. When combined w",,,
q030-batch,q030,SGR-4174 in vivo single-agent monotherapy tumour growth inhibition TGI tumour regression or shrinkage in Pancreatic ductal adenocarcinoma animal models,SGR-4174 Mia PaCa2 monotherapy tumour regression xenograft || SGR-4174 PDAC xenograft tumour shrinkage single agent,5,SGR-4174 / Schrodinger - Larvol Delta,https://delta.larvol.com/Products/?ProductId=1b3e9eec-7ffe-4dfd-8404-27376217e477,delta.larvol.com,,"## Preclinical characterization of SGR-4174, a potent and selective SOS1 inhibitor for the treatment of pan KRAS mutant cancers in combination with KRAS pathway inhibitors (AACR 2025) - ""Compared to other published SOS1 inhibitors (BI-3406, MRTX0902), SGR-4174 is more potent, and demonstrated simila",,,
q031-batch,q031,SPR2015 in vivo single-agent monotherapy tumour growth inhibition TGI tumour regression or shrinkage in Pancreatic ductal adenocarcinoma (PDAC) animal models,SPR2015 HPAC xenograft TGI percentage monotherapy || SPR2015 AsPC-1 xenograft tumour regression shrinkage || SPR2015 PDAC monotherapy xenograft tumour growth inhibition || SPR2015 HPAC AsPC-1 xenograft AACR 2026 abstract 5978,1,SPR2015是一种高效且选择性的KRAS G12D（ON）抑制剂，在临床前模型中...,https://www.posterkeep.com/c/aacr-2026/p/5660,posterkeep.com,2026-04-17,"SPR2015 showed significantly superior efficacy in these in vivo CRC xenograft models, achieving a 64.7% objective response rate (ORR) and 94.1% disease control rate (DCR) as monotherapy.",,,
q031-batch,q031,SPR2015 in vivo single-agent monotherapy tumour growth inhibition TGI tumour regression or shrinkage in Pancreatic ductal adenocarcinoma (PDAC) animal models,SPR2015 HPAC xenograft TGI percentage monotherapy || SPR2015 AsPC-1 xenograft tumour regression shrinkage || SPR2015 PDAC monotherapy xenograft tumour growth inhibition || SPR2015 HPAC AsPC-1 xenograft AACR 2026 abstract 5978,2,"Merck, SciBrunch Launch Up-to-$2.13B Collaboration ...",https://www.genengnews.com/topics/cancer/merck-scibrunch-launch-up-to-2-13b-collaboration-to-develop-preclinical-kras-inhibiting-molecular-glue/,genengnews.com,2026-09-29,"At the 2026 American Association for Cancer Research (AACR) Annual Meeting, a team of SciBrunch researchers that included founder, chairman, and CEO Tao Hu, PhD, presented preclinical data showing SPR2015 to have demonstrated what it termed compelling antitumor efficacy as a monotherapy across multi",,,
q031-batch,q031,SPR2015 in vivo single-agent monotherapy tumour growth inhibition TGI tumour regression or shrinkage in Pancreatic ductal adenocarcinoma (PDAC) animal models,SPR2015 HPAC xenograft TGI percentage monotherapy || SPR2015 AsPC-1 xenograft tumour regression shrinkage || SPR2015 PDAC monotherapy xenograft tumour growth inhibition || SPR2015 HPAC AsPC-1 xenograft AACR 2026 abstract 5978,3,Revolution Medicines - MedPath Trial,https://trial.medpath.com/organization/revolution-medicines,trial.medpath.com,2026-09-28,"- SPR2015 is a molecular glue inhibitor that showed nanomolar antiproliferative activity in KRAS G12D-mutant cell lines with selectivity over KRAS wild-type cells, plus monotherapy antitumor activity in xenograft models.",,,
q031-batch,q031,SPR2015 in vivo single-agent monotherapy tumour growth inhibition TGI tumour regression or shrinkage in Pancreatic ductal adenocarcinoma (PDAC) animal models,SPR2015 HPAC xenograft TGI percentage monotherapy || SPR2015 AsPC-1 xenograft tumour regression shrinkage || SPR2015 PDAC monotherapy xenograft tumour growth inhibition || SPR2015 HPAC AsPC-1 xenograft AACR 2026 abstract 5978,4,KRAS G12D Inhibitor's $2.13B Deal Tests Cross-Border Tech Transfer,https://www.pharmtech.com/view/kras-g12d-inhibitor-s-2-13b-deal-tests-cross-border-tech-transfer,pharmtech.com,2026-09-28,"- SPR2015 functions as an ON-state molecular glue, showing nanomolar antiproliferative activity in KRAS G12D cell lines with wild-type selectivity and tumor regression in xenograft models. ... SPR2015 is described as a molecular glue inhibitor that engages the ON form of the mutant protein.^1^ It sh",,,
q031-batch,q031,SPR2015 in vivo single-agent monotherapy tumour growth inhibition TGI tumour regression or shrinkage in Pancreatic ductal adenocarcinoma (PDAC) animal models,SPR2015 HPAC xenograft TGI percentage monotherapy || SPR2015 AsPC-1 xenograft tumour regression shrinkage || SPR2015 PDAC monotherapy xenograft tumour growth inhibition || SPR2015 HPAC AsPC-1 xenograft AACR 2026 abstract 5978,5,MSD takes a $400m bite of SciBrunch's KRAS drug,https://pharmaphorum.com/news/msd-takes-400m-bite-scibrunchs-kras-drug,pharmaphorum.com,2026-10-02,The company reported studies at this year's American Association for Cancer Research (AACR) congress which showed antitumour efficacy for SPR2015 as a monotherapy across multiple *in vivo* cell-derived and patient-derived xenograft models.,,,
q032-batch,q032,PHY-003 in vivo single-agent monotherapy tumour growth inhibition TGI tumour regression tumour shrinkage in Head and Neck Squamous Cell Carcinoma animal models,PHY-003 HNSCC monotherapy xenograft tumour regression || PHY-003 HNSCC in vivo tumour growth inhibition dose || PHY-003 head and neck squamous cell carcinoma animal model efficacy,1,Original article Head and neck squamous cell carcinoma ...,https://www.sciencedirect.com/science/article/pii/S1879729619300961,sciencedirect.com,,"You can set your browser to block or alert you about these cookies, but some parts of the site will not then work.",,,
q032-batch,q032,PHY-003 in vivo single-agent monotherapy tumour growth inhibition TGI tumour regression tumour shrinkage in Head and Neck Squamous Cell Carcinoma animal models,PHY-003 HNSCC monotherapy xenograft tumour regression || PHY-003 HNSCC in vivo tumour growth inhibition dose || PHY-003 head and neck squamous cell carcinoma animal model efficacy,2,epub,https://www.frontiersin.org/journals/oncology/articles/10.3389/fonc.2022.1084717/epub,frontiersin.org,,"D# �� ���m-�M�aA �V<.���vm � �ƕ^X�~��f�YT,p��s�7�7�ďz���f[�ֻ���,�Š��x�X�X iس^b�a��o������s�[/o�}�!XTSO�o���""�����%6���]�i\�����^H����,�g�a����6 Muؼ����N���ڂ��k��̖����;a�k��R���}ӝ�S���[6c�i���{X���q�Qr )�rc�zP�ј�I�%w��]@x��yD;��A�sC�lͩ��U4��ɾ���[|u[>�V�]d���&ȸ�����o�r8�� ���7�˜�2�Ko/Ơ�޵���^e|<���.�u�",,,
q032-batch,q032,PHY-003 in vivo single-agent monotherapy tumour growth inhibition TGI tumour regression tumour shrinkage in Head and Neck Squamous Cell Carcinoma animal models,PHY-003 HNSCC monotherapy xenograft tumour regression || PHY-003 HNSCC in vivo tumour growth inhibition dose || PHY-003 head and neck squamous cell carcinoma animal model efficacy,3,"������+X�G������;��g6�vnUJ�Yg�D% 'qF�;�h Q��ҭT�%���2��蔴L�""�3C`�*�N�bh�^���`aj��*�yL�5����g��!��H)���H���]mH��K�5F�/z�N�)a��rw�}9���y�����t5��~�i�1퍄N�Cwzʠ~Y ���ŗ?�ڦ������Ʌ�)�FU� OQ����~���F�����L��j/��A��Q?��[F�[e�[�-�u!���R�q�ƹn�O���Y��l������Bʒ�3������}t�P0 r��<< 7fEz�x��*����Y�a�8���dnL&��1� ��Ҟ[a0��!��[P�U��]&y>����`���?9��ж.e��N�]�o�}�@Ӝ�]�ݤ�}�oCn��P��A�Z��C3)��}����q����O����6]t�݀MJ�ލ8�D�]����ч.��:ı�JGx<�:+ח�4��k ��|,h/�:xo��ܢ�(r�m�#�H�eˆ����ǔ""���ݒcu�y���l�������J��d[y���Ylj���\�}�XC~:�M�ֳS�[�E�~'`nG��p��@�佥�����K$T�zyg����mY��P��֛�C硶A�|����ś�-��f߭Zp�[�=WǤ#�W��e�溜36Z�1}�?��>dȐx�������ܙ�=ۇ��WGBօ��Z�����DΩ�ֻ�E>�,<�i*�>r3�ަ��co����`}#�e���bL�-ĤH�3c��(�<�t������o̊l�b���A���!���0N9�,}$t!y�(C���>�jt��q�)�����u� UT�kh豝n�y�DO�ľ�{ȢD��,/�3cʣ-�b+9�#!��3Z���Ko�jG�ֆ""��3�VB��Vy��&��p����L��������ڗ$b�u��h�����z�8}���uQ�K_��T=�����gt �E!\�z|kJ�����@���!��Nސ�_pn$�����5��� �X���Ή����WJZT�W�""�6�����&yeVC]���� +��ݬ}�j�1�>�k����ec�m)s��f�k��$�-X�+����[�]�)��>�~f�i���Q�c��쌌~���'7J��K�ۤ����*[y�7��Gxƈ�&\Y/V~F���QO��c�[��Z�Ge-P� �1�S""����d�A ���}߾�eSw���YE���ԱK ����jq�t������ق�*����o�&�����U��vh�bάn\�Lv��?*��$@�����;v���<�Q���o���u��f��s7�� ���a""HLS���uccD�ȁ-�T���,�-9vt�ş����cKg�ԙ�Y;� ���;�D�a����GB��Y䩰=j����J;�h��͏���|���Ύ�t&�msF= �S$X�y�)�6����T�\{������*y��^W7u+�4�a{��h2e�Hi�.a�R�1���h�ն��!��~�e�Љ�[�m����a�=w������ֆ-�>}x�0I��x ��'��6$s �s\T�=Γ��Q��n��to�L/-�[[����ኢ�ս�%�(^�{��h�jh;6La �����H4 +H)w���CR��i��w\lx�.�^���nc��$�+��c�}kb�r]\���3�`�G�U��&jj��������;��5{���hLڐJZJ�A��ğ���,[Z�""c=`K>h��BSv�C����n�z�,����lO�e�� y�_�+�*ߺ;��W:WU4U��!v{98�G-CD�f??T��J��������9�0em���D}���@t��Ki�딃A?4���O�ف��zߩ9��Գ��yP�zM�?�������-�6ѐ�O �f ��NH�%L,Љ�%��0���t >��.;1����������B�=�i�����^Z�7ӯl����k�Z�*G���-k��c�T2��ii����f_�N�4YPA�_�7����G��[�ZO_��^�3|��EcW�$�i��K�3�����x��^ū���� �x �~S��^��3�F��N���t��<�����Q�^>pC��oEv���fi��� � ��#e��G˦R��H]/Q�⊱�G�80��%���L����i������ 6g&��_��>ل:�U��)��r*��`q��L���I��Ja���&S��D�;�hz�^�˼rm��Ys@W�Z�y��gr\�Jg쳭�h���Gc7��o��f��3�3�����{�՜UnZ��V��=��x���3_9��Q��4�n�ɐ�ӄ������v]�P�$a���7""�� ��`��X��_�D�M����*�sx�7�wJr���oru�o��p�:���M��L��f��VL�<�7�Ț�~ؐ5h;�_v�3��k' ��4�4,�tV���=%�.�M-�Ht�V)��ߎɍ��>��W�E4������J�NaX�%�4�C&7��!��O� ju:� ��G]K.^qM�Su<�bU�����m~�����zs3e�ӑ�Z�=�""u35<��J�����0����N[�̥��ʣ�f�hm��DT�۵$Uiy eЊ]�����n�Lb��DD�����]��xx� ���]}��3N�D-l�[2� L���U\x�%.+����0��3S%�1�M�u[݁�z|I�""�Eo��y�S2w��6�-Y��Tz?�-P{62�;V9�=�O��Ȃ��q�R:����6���� ��V�[&,dI&�\���}�pBOw5Ņ���k�����h�����u�H00�hɗ��ڑ��`@ 4��q�pt�WJc����JT3c� ��:��� �md升mLX����5�H��8]�;���$x [ñUgU����JwTQtM�_3Bm��ě�P��Z��?��cp.}��~�8I_���屝b�w�ְ>�H�M7���Z� A�6iK �Ӿ?��.�E��CL�ġ`3hW� 2n�J��(�5t�q�������4[n<�'jZa�7�9�������7�iU��Ŧu���[r��t#�ƣ�[P;��'Z���o�.�s#���铖~��Rػ��4N�Lr6���Sc���va9%�����F���P:����E�@�N��!�� 90��:+�5GK:״c*��8�^6vG� �`һY��u'ON����joE��^�]�My:�z��Bz�M�I(�`�6qriHK���[�M'��nON c��P��D_���""�M�f5�f���j��)���#�/����o]����_�<�ƹbP���b����z�aPîr��R�9�˜�x��Yɬ�6���e""[g�������+X�E�Y�;`����v���*;Pa0)g~qOV��@��}14J��l8����]IO��^8j�V�-I�^G�a�r�o���������PX ��Bh���v�ܸ��I��$�m�/����3�J<\L����� ���s��)�oyK�7Ж�z�Yz0�a��G���$T?^N1e�e�r���uw��ۑйwY""�<�Cb���~��fC�j����Ը6�w�d������� ��n �Q��uƖZO~9s}s�)��E_H^ p���)��i���X���N�)7��@�KLz&�l���4��dX�xvI��ir�G��I��$�O�KRA�ふ�e��rNp�0�(&�I��tݬi�*8��8^L$��d �,+B��А���Ӣ�[�L`��g��I���Zc>�����sW����0�X���x�X��m⽪Q���2��>�&�%K�d�@� %� �=�����7�~���� j�L|�2�RBȩ�ӛ#/��H�&~evtK���&A���Yg?>U9��7م���!ծTRe^ ..I˙pb�i�RXʕ���9�@WM[�O^��?8ii[^��;�>����z^��t���{���0�<�:��??��؇�Y�""9����+J Fy��m6����̟87F���-��w������I2qa��Ӊ9���iak9�ހ�ŏ����}!* 9_g�t��S��}�=gz �0����2��=�״T)���S��V�ӯ�J��+7�iD�JP�6�yy��u�g�,N�C����ߘ�$��{��$n^NőЎֵ�ॕa2�²b�n�3ѿ��Ԯv�fP�$��3� �*��I��S&��P�}V��]܀��j%�����Q.�ڸq��W�Nn�f�Wxr���.K��j���er���ԙZFi�ƻ ��^��Fp@�Ϭ]�.�����b� �4�ui,��gO�I��Hʛ�&rU(s�n)��S۟�� ���6���5t�u��8�$D�}[�/�� Gb�Z��?1�`��Źib��T����^�j=m-Ǝ�T=ˎ:�3Ο���<ć�s��7���Þ�M �5��oV�c4Y�=csƋ�D��q�t�6J �N5�m[���1q�/�������ܕ��W�YKo���~��k�wuP�w�������ЕՇb��.j%�����rcPOlÀ�=<�+�����~<�b�Fq�#�a�t�z���ϊ��Y���fUR 3�ůp�L��U�uA�/��9�Dfb��c��^��i1�q�w)�@M*����ջ�X��u�x����R|:[:gT�nn�}y�������#! �Ƒ��#�%����� �ZqaC�j�#)��iG����f������6��s�~������G��v���\-d��YH�k���*�Y|�� u+��[<29��3���<�;� �)v�X��ME}����,v��{�U[l���\�:�[%��fۮ�t�ͨ� ���i��?K� r�=��j��H#��}��e3W�ƍ�y&�)���!��a~�EO�lS�{�s/�Δ�����Eq��!'��ͤ��_�D���Ǥ:X��z���AWq�����VvL{�����2�+�f��~�Xk`t��^�R/�<�[�oğ�����+�|�]�d9ohD���] �2B����^��i{ �r��aq�""��3�lP��WV�]�2n2����@$3=�y�����ˆ}RM����m�wMN�'��U����;'v�E=�����[w���S#e}��Jz���4""��o�75�����_#��_]xQϢ����f_/��PtJ5?�o�����kG�T�M��F��NK��x�R�I}x����u昇U�����M,gSޣb���P�ĭ��CC�hX'�R�, k�di�h�#�z�n7��ŔE2~{8vϗ�����k���bG��&Yզ�I%��Κ�֡��=���B���V|�_��l����e팁�!���������� E2�z�=DJ�!P �2�d}���梴��J�t�,����Q�(��)���:�m�>�(A��r+�e�}����j�8��ǵ�I�z���%����TSLbnXi^�g��Ir�r��ĺqí�̚�S;�^e��S����2+���=�t�<�}�fFH�w���v ���Ҽ\��0����3�<��mfw�;+�AŎ�� �X��A�2���m���JD_�� ��?�ƕ��O�����A3����C[H��`vn,��8�=D�%/3nTXI]@t� RW}e��%��>�`�_�}��[�ħ�$0S��k�2�&����rO��/�(0�dO�z�~(���C���X�!w$T�(?y�H,ȥ�T���j�vڽQ �ؙ$�sc6�9��뾶�0�(~#��c_�X������ap�� R�3 �H�A&2``I���|""*})�6�'�|H�R���f���'���J���= �`�R�b��M��Aq�dH�TD�$�����͞��sEh[WcK�ʹ1��T��֒�$SL*:������P����l�C,��m��yR_��*���b�����'�Emp��XEy��I���\m��} 9E�� ��#���(�ܭ�����b���h���u}RHeJO{ܫO,��n���y��U�5Ϛ#O�����dQLJF�:�Q�Z�ˢ���X��M��N�/LG��S���G���Z�lkȬGw�֟�w��?��(��I�rV��O����ȫ����ya䘺��s5��^%�snG4 a�6<���WJ�D(�nL����Q' �I/@ v�?����O�?+�""m@[G�u������VSW꿖� 8ᒘ��lnS��S�_�ْ��؇�@tP��{a<��炁�~%^�]tRo@&56+6�_�H�#S��'j�Ȓ�:� �c�k��)�050BoՁ���:��֫�Z��r�ܸ�ٮ�1��HC��<�/���]|f^���9b^���x$�{���ҁ6K��;U�DZ���DV2/@�:�[����������~�0�yt�Z*yw�ͥ7��*�k��]W�8���#+�R~����x�����3��> 5�|��J�c�p�n���Yn��'O@��=�� ����wY;�Wmj(���h���)J}BH#���Kg8-�t$T����y�a���s�N�ur�ط������oYߜ�Ư�K}""�08���'� ����o�i�z�Φ2�� _�m����9� ��{h��ʉ)3Gs�z$d�j��Y��^<ĕ���PjI���.-�T�MB�2İ""�6�,xV�@���Ŵ9q蜁tS�*��.\���J��^��{�yZ�P��~�aS�5>����P�h0N�%(�$ϸ�F�xh!}ܱ�Q�8l}����|���'~9u�ܧ>NEDvX� Hc��4��D�;�z�%���y�ַb 5,m�Ď��kZ����J���pt�ԉ�v�ͪqb @x@P�����oWt�Eʁqk��]�v����]@���� ��߱%- ��4̄/*�yA?'��4�-�!!�o�m����t��8�4�|�M�g3�%���H��oR�����bZ�OBӥm����|İ�""��a�Z�K}�,��嫎�&�{�ń鼧æ]�$���#��#!�I]��7 RhNcd�_�*P��,�bbe�@�G�KW&���i�PY��1����!�������W�D��X}nv$�4��ԩ��2���#R�lde�:4����]T���P�W�� ������i̛6ͯ�����:Rl��HH�����O���ى:�$�3�� �XI=4�&�Ar1=l-@�X� zD)����[�t�}-�x��~���Z|eX���(hX{�p�bN��n�f����F�ªP6��&�c��U=����{$D̐0���q/ ��DO�kmf7�`��'���z�6J ���x�k��*�/x�0��+)�]ucz��/*�s""�ݧz`�c�cڮױ���>���m��va��Ѕb0L�����{J��,+�߸+~�,E�m�:`� Î�-�ɀ,;+�W�hk�քK�~��`3��B]�Z|pTi�q��1���M`�x�K@^c&��.��l��B��V�®��1(ieY��CV��}e��v�:����Ul��A�&���e��IS>u��S��lβ#7������$,̘Ǐ�C���Ne �9ÛV�)ˬ0 �2����M-�iq9h��no}�m=/�� �f|����o��\�m�5^ߪX�*h>�4?�T���M�ggܽ#�{I�F:c �����̦tu��%7�{d�-�>�ź��I����a=�wL#[A�0^�Rk���@�D��[1б�.H}9}9O��Bv����@&���w�p$f��o;�f Ӌ����t��� ��µ�i����;$H uz%�U�tSh�_:(]������� �6 �?BohC���e�wڐ���Q�B���{pP��H�kq��:�6F��%&]VFx�d�CI]�͋�%���I�Յi$�널7&=��i��.���??��[��g; �_�y�H)��*�ɧK8b�w17 P�Ɯ;O""N��)+��e��n{s�jE��\1V'1�S�0 =S��wzP��p慡#��ᩴ��O�Ƞ����>ˍ�L8{&��V\� �9��""јq6���'�\F���K�AN�͆3�[).`�ƱfLM�%��=�[�BێK�12��V�y�p&b��,���~4�c!cI�\H�bj��4�JE&Ļ�Mz���Λ��G�#;��;�$���w$� ��:͎��� 8�!����i��1G^|�/�����g*�,vA�{DE'�T6�@n��5�l�Y�ln(���SI�(��YP�c^��;?8#V��6��6[��Y 0*z�f<浉?S����������:�F�}�2�Ԓ�5#��!v9+�k3/ݒDn��y�ח�_�Y�/z�h���$v�J�L��W�+�TVO��f#aZ:o�E��F8\���NhXm3o�&���(��L,�8!m磲�8�B��*�#Dl�Wu;5r�N�j�X����=�����G#�ǨZ����h�/Yވ.�F���4{��,TbNQ���#�S���V�� �� �b�Ѝ�� )��4{c�_nQa5W��5&z���l�Ԁ+\��$O�@z�P��5��""�t""�H㛒-�6h7���.� �9c��Ěy~.�sF b:vFjNЎ�8��;�M��tҰ;#��L]ˁ]k��,���*=s���{f�� 3��T���w��������7���s%���^��h���B�� �O�3&&�[w��zϘUjd\oNG�DMX5G�~�����r9��C�*�*a~.HD35% i�����u���� ���Ⲳ�a7sN�+Żo�w�{�6ك�2�t�̀�����dہ��T{4c����e4���ͳ�s��'""����3�B�BB�����+kGB�j00�LpW����?��4�!��l$i}g���CK�#��E�#ع� *�9w���xZ~�j;�p���8� ��.�:�K�eЌ8""Q�E�3���7�����D�ۼ�e�]�� -������\E��T@ �}5�� ��H������J�~v9�25�n�m��&I~}�""0�T��!E`e> ���{M��k�0�:����p�=�JGǻ�ieQ�����F3E�*yu�T���%WF���Y\:�rz�z��#~�Yil�!��rХ�NC�R�2 �#�jǾ��q����:j� �L^�X�p�����hb���h�[��K��J�H��p!���5+�\D�fw/R��je_�z�u +��˶Q�7ta�[۠��櫦���@U{�۠{�t�l�'�� ��偵~�֚����:���z�n�j;�`e�I�<9����kV.p+�,��\�s��+�G��~u$�k��&���H5�F�В���g��� %I ���%ձ�Q��&�),%�ˢu�70�r��g)_���Y����un���ir�,������UV؟i2]�C��!˟���*m}��!h�,5��Z�,��/:h��Ǫ��M�~���2��X�A�����$��|�r�+)���̩��'��d4�%=)U�5��*>d�}���e��ۭ֙��N��� �Bꍖ;�5I������\����a�d�&ߟI��۠e}�VV��;��?2[�E}� �Հ| �p+�F7���-otC��} |���z� ���K3;��p�$�\���+�Cl($�{}^t�n����|l[y h�t8 ݧ��J�Y[װ��^Lb�H�D� ��v�w���3����F�H$*_��j�Ԟ��q�K�9��z7�=�*9c�\�?�q���hS&��uF�� t��Y�\ 7gm��8FF}DŽ\�c%�y��e�إt���m8W�i8��6�/VvXf(�6A4_*y�����=涾%^%\I5س��;��j.)H���tv��J�t�@-��,�o��ym�3���>c$�G91ʪ||k^����w�����i����zʖ4F��t�����97Cr�(p��[���� �$y�����]�Z��V� C��4Of�j����������ڀ��I���Ȑ{�����#ZiZ)�/���֔�0����V�Eu/G7����J�T8_�N�_��;i�w�!bٱMr����)v�]F-(d֣���Zf5YO�,��T���l�g������O����s��e^M&8�t*�66�6t'�$�S����{�E>4�_�1Cz a���|�""���s�e��������J(��[�IY��0���+�e���kQ6�b�K��z�5睭炿�s��e��n�����(�wڮB TaRZ�1�Q2��g�M�k�<�����\�@�Qq���Q�O����#�%U��A�k?����(,���p ���C��g������v�\��WKt[�n�X�[�� f�u���A:r�J3K������q��x)c�*��P�7(��k'\���C�ph*��%[��a�<��-R��Ez�o�j�'�<#��Z]��Y���jÙ9�fDӆ�����V��\ rk�/�E��s\\8��T��m��cb��oUo���d!o�G�Ѩ�M�.u7J4��&p �f������Fm�3���(��\�K�n�ߒ��0xO���a� B7�㳦��O/ Pp�UK�Hs¯�f0�q�_x���W�!��NM�Z�+��E^�'OU>L���'��M�����䢟���JE��tg�� *=�""r�a�譴^��pP��,vn�u�X<���4�K�E�l+fΔSF�qWV�Y�P%���b��M�}�ޖ��}T$��r*���\�f���?� �b����C ��#���s�k��cx�_�� ; 19�^r�EY�{���G�M.�+���rO���53 0�eN�����ݻ[6�J��7#{&�K�dC� ��^����=LĔ��,�e�FzԚ�ۚ�W�#����B��L<���v�2�uɷ�ތ�&��`�p��O��{>� \�핐W�Q�5$E�z�KC���_�,�/��\����1�O�g�u��H�h�-[S�����(B$�8a��ԃ����j������ m��J��c��mY�t�T˱�Z��yB� ���q�F$��@����?��Mķ����C�Z""Z r�5�""��AĘ�\�,�r�o;��VVGKKk��+4���I�f}:�����&V&���eQ? ��I�G�������|Sx;Ӊ(e��۞��Ƴ��i�4_��9XP�l��@�\ ��V�m\�7�H.�Rə9N�ʬ>v���Uʻ�yqżf�?�א�c�:4���}_�������#�P�I���XY=B#/�J""�!��~=1���cN�;�=��7�� �}�L��^��)��[;��Ą�����7� �_`Qո�;�B�'ו���O_����1m�����b�����a��= 3h�Eh�_(��IŴ�l���3�^�S$�@�JaN[E��i�M��ω%*�����4&Ê|�H2oB�1mxf��:����htЎ<_�Wm���/��;��K�ێ1�4�T RB/n!�bHB 4��P�K+B� %��IH� TEz���A�w� �~��{ޙ�̼��\��\3s�_�I����^k��Y���av���G���-��e���Qv����/����.a�%�RO=�;A?^��}f�@')�����V���ԩ駡We�w��X��v�T{7pL5j���b�D��)%�i��e;6�&{)Bg�Ic��hp<%��/f�ڞ��qHW�7�>2�[���$Qa��L �����p#3�s����o���gV��b)�w����!��ٯs�9��…",https://www.frontiersin.org/journals/oncology/articles/10.3389/fonc.2025.1496741/epub,frontiersin.org,,"��{՞�5/r��x7���ɮq���qޤ�o�9����/�E�$�9'����ŃD���qhz�^�� ��i�+F,ԁt{ȇ>�K��s�i��Z����f�۩-5���`��� C��텝v�Iǡ�����a��r]�ĨwM.�`�l����=0�&���;6F�#�x���X��S�P%�ʶ�R��>�Y���`9��!�l��澿�k���*u�:!��F��z'���#��Ƴ�ݥ���ff��""�h",,,
q032-batch,q032,PHY-003 in vivo single-agent monotherapy tumour growth inhibition TGI tumour regression tumour shrinkage in Head and Neck Squamous Cell Carcinoma animal models,PHY-003 HNSCC monotherapy xenograft tumour regression || PHY-003 HNSCC in vivo tumour growth inhibition dose || PHY-003 head and neck squamous cell carcinoma animal model efficacy,4,A novel therapeutic approach for head and neck cancer,https://www.sciencedirect.com/science/article/pii/S0753332225005050,sciencedirect.com,,"You can set your browser to block or alert you about these cookies, but some parts of the site will not then work.",,,
q032-batch,q032,PHY-003 in vivo single-agent monotherapy tumour growth inhibition TGI tumour regression tumour shrinkage in Head and Neck Squamous Cell Carcinoma animal models,PHY-003 HNSCC monotherapy xenograft tumour regression || PHY-003 HNSCC in vivo tumour growth inhibition dose || PHY-003 head and neck squamous cell carcinoma animal model efficacy,5,Targeted therapy for head and neck cancer: signaling pathways and ...,https://pmc.ncbi.nlm.nih.gov/articles/PMC9842704/,pmc.ncbi.nlm.nih.gov,2023-01-16,"^37^ RAD001 also prevented tumor growth of cells with HPV-negative TP53 mutation in vivo through autophagy activity.^317^ The novel mTOR inhibitors CZ415, AZD8055, OSI-027 (ASP4876), and CC-223 monotherapy inhibited HNSCC cell growth in vivo.^318–320^ mTOR monotherapy and combination with other trea",,,
q033-batch,q033,DXP-007 sponsor development stage indication public source,DXP-007 sponsor || DXP-007 development stage || DXP-007 inflammatory bowel disease,1,Legendary DXP: 007 - App Store - Apple,https://apps.apple.com/us/app/legendary-dxp-007/id1440534555,apps.apple.com,2021-12-11,The Legendary® Deckbuilding Game has gone digital! ... Version 1.10 Minor bug fixes,,,
q033-batch,q033,DXP-007 sponsor development stage indication public source,DXP-007 sponsor || DXP-007 development stage || DXP-007 inflammatory bowel disease,2,Legendary DXP: 007 1.10 Free Download,https://legendary-dxp-007-ios.soft112.com/,legendary-dxp-007-ios.soft112.com,2026-09-26,"Legendary DXP: 007 is a free app for iOS published in the Board list of apps, part of Games & Entertainment. The company that develops Legendary DXP: 007 is The Upper Deck Company. The latest version released by its developer is 1.10.",,,
q033-batch,q033,DXP-007 sponsor development stage indication public source,DXP-007 sponsor || DXP-007 development stage || DXP-007 inflammatory bowel disease,3,DXP News,http://www.dxpwind.com/about/dxp-news.html,dxpwind.com,,Electronic Repair Services ... Click here for the latest DXP news.,,,
q033-batch,q033,DXP-007 sponsor development stage indication public source,DXP-007 sponsor || DXP-007 development stage || DXP-007 inflammatory bowel disease,4,Digital eXperience Platform (DXP) Project,https://bcp.dof.ca.gov/2627/FY2627_ORG2740_BCP8680.pdf,bcp.dof.ca.gov,,"Identification (ID) cards, and Customer Flow Management functions for the public by replacing all obsolete legacy applications and systems.",,,
q033-batch,q033,DXP-007 sponsor development stage indication public source,DXP-007 sponsor || DXP-007 development stage || DXP-007 inflammatory bowel disease,5,Legendary DXP: 007 - Games App,https://mwm.ai/apps/legendary-dxp-007/1440534555,mwm.ai,2026-09-26,"Publisher The Upper Deck Company ... Latest Version ... Size 387.7 MB First Released Oct 20, 2021",,,
q034-batch,q034,Compound 18l first regulatory approval or market launch year for acute myeloid leukemia,Compound 18l ALKBH5 AML regulatory approval launch year,1,Search Orphan Drug Designations and Approvals,https://www.accessdata.fda.gov/scripts/opdlisting/oopd/,accessdata.fda.gov,,"Searches may be run by entering the product name, orphan designation, and dates.",,,
q034-batch,q034,Compound 18l first regulatory approval or market launch year for acute myeloid leukemia,Compound 18l ALKBH5 AML regulatory approval launch year,2,Breakthrough Therapy Approvals - FDA,https://www.fda.gov/drugs/nda-and-bla-approvals/breakthrough-therapy-approvals,fda.gov,2026-08-20,New reports will be published quarterly for the current calendar year (CY).,,,
q034-batch,q034,Compound 18l first regulatory approval or market launch year for acute myeloid leukemia,Compound 18l ALKBH5 AML regulatory approval launch year,3,Oncology (Cancer)/Hematologic Malignancies Approval ...,https://www.fda.gov/drugs/resources-information-approved-drugs/oncology-cancerhematologic-malignancies-approval-notifications,fda.gov,2026-09-24,"venetoclax for newly diagnosed acute myeloid leukemia|On May 13, 2026, the Food and Drug Administration approved an oral combination of decitabine and cedazuridine tablets (Inqovi, Taiho Oncology, Inc.) with venetoclax for the treatment of newly diagnosed acute myeloid leukemia (AML) in adults 75 ye",,,
q034-batch,q034,Compound 18l first regulatory approval or market launch year for acute myeloid leukemia,Compound 18l ALKBH5 AML regulatory approval launch year,4,Discovery of Covalent and Cell‐Active ALKBH5 Inhibitors with ...,https://onlinelibrary.wiley.com/doi/full/10.1002/anie.202424928,onlinelibrary.wiley.com,2025-04-25,"The analog **18** **l** exhibited excellent inhibitory effects on ALKBH5 (IC~50~=0.62 μM), and exerted a strong antiproliferative effect on NB4 cells with IC~50~ of 0.63 μM.",,,
q034-batch,q034,Compound 18l first regulatory approval or market launch year for acute myeloid leukemia,Compound 18l ALKBH5 AML regulatory approval launch year,5,Decoding the immunoregulatory functions of ALKBH5 in ...,https://www.frontiersin.org/journals/immunology/articles/10.3389/fimmu.2025.1709260/full,frontiersin.org,2026-01-05,"Additionally, a series of maleimide derivatives targeting the noncatalytic C200 site were developed; compound 18l exhibited potent inhibitory activity (IC~50~ = 0.62 μM), robust anti-leukemic effects, and achieved a 66.3% tumor inhibition rate in NB4 xenograft models (65).",,,
q035-batch,q035,BS-HH-002 first regulatory approval or market launch year in acute myeloid leukemia,BS-HH-002 regulatory approval AML || BS-HH-002 market launch AML || BS-HH-002 Bensheng Pharma AML clinical development || BS-HH-002 expected approval year || BS-HH-002 first patient AML,1,"Acylated derivative of homoharringtonine, preparation method therefor, and application thereof",https://patents.google.com/patent/EP2765133A1/en,patents.google.com,2012-08-20,"- HHT can be applied in the remission induction and post-remission treatment of acute myeloid leukemia, in the treatment of myelodysplastic syndrome (MDS), chronic myelogenous leukemia, polycythemia vera and malignant lymphoma, etc., particularly in the treatment of acute non-lymphocytic leukemia ..",,,
q035-batch,q035,BS-HH-002 first regulatory approval or market launch year in acute myeloid leukemia,BS-HH-002 regulatory approval AML || BS-HH-002 market launch AML || BS-HH-002 Bensheng Pharma AML clinical development || BS-HH-002 expected approval year || BS-HH-002 first patient AML,2,Delving into the Latest Updates on BS-HH-002 with Synapse,https://synapse.patsnap.com/drug/e8d3b9c25ec941369c758ac88507fd6c,synapse.patsnap.com,2025-05-22,"Active Indication Acute Myeloid Leukemia ... License Organization Drug Highest Phase Phase 1 First Approval Date ... A Phase I, Open-Label, Dose Escalation and Cohort Expansion Study of BS HH 002.SA in Patients With Acute Myeloid Leukemia (AML) and Myelodysplastic Syndrome (MDS) Indication:Relapsed ",,,
q035-batch,q035,BS-HH-002 first regulatory approval or market launch year in acute myeloid leukemia,BS-HH-002 regulatory approval AML || BS-HH-002 market launch AML || BS-HH-002 Bensheng Pharma AML clinical development || BS-HH-002 expected approval year || BS-HH-002 first patient AML,3,Therapeutic effects of an innovative BS-HH-002 drug on ...,https://pmc.ncbi.nlm.nih.gov/articles/PMC8633684/,pmc.ncbi.nlm.nih.gov,2021-11-27,"BS-HH-002 is a newly developed drug with excellent antitumor activity, which resulted from the modification and optimization of the side structure of the homoharringtonine (HHT). It is particularly efficient in treatment for acute myeloid leukemia and myelodysplastic syndromes. ... Recent clinical s",,,
q035-batch,q035,BS-HH-002 first regulatory approval or market launch year in acute myeloid leukemia,BS-HH-002 regulatory approval AML || BS-HH-002 market launch AML || BS-HH-002 Bensheng Pharma AML clinical development || BS-HH-002 expected approval year || BS-HH-002 first patient AML,4,"[PDF] MCL-1 inhibitors, fast-lane development of a new class of anti-canc ...",https://exaly.com/paper-pdf/76406053/citation-report.pdf,exaly.com,,Therapeutic effects of an innovative BS-HH-002 drug on pancreatic cancer cells via induction of complete MCL-1 degradation.,,,
q035-batch,q035,BS-HH-002 first regulatory approval or market launch year in acute myeloid leukemia,BS-HH-002 regulatory approval AML || BS-HH-002 market launch AML || BS-HH-002 Bensheng Pharma AML clinical development || BS-HH-002 expected approval year || BS-HH-002 first patient AML,5,"Homoharringtonine: mechanisms, clinical applications and ...",https://pmc.ncbi.nlm.nih.gov/articles/PMC11821653/,pmc.ncbi.nlm.nih.gov,2025-01-30,"In 2012, the U.S. Food and Drug Administration (FDA) approved HHT (omacetaxine mepesuccinate) for treating chronic myeloid leukemia (CML) (13). ... HHT has demonstrated significant efficacy in the treatment of hematological malignancies, particularly in AML and CML. Currently, the clinical applicati",,,
q036-batch,q036,VAR-101 in vivo monotherapy tumour growth inhibition TGI tumour regression tumour shrinkage in Pancreatic Ductal Carcinoma animal models,VAR-101 pancreatic ductal carcinoma monotherapy xenograft TGI || VAR-101 pancreatic cancer tumour regression animal model || VAR-101 aPKCi PDAC in vivo efficacy monotherapy,1,Internal Server Error,https://med.stanford.edu/dirbas/clinical-trials.html?condition=&conditionId=&ctid=NCT01901094&serviceLineId=,med.stanford.edu,,The server encountered an internal error or misconfiguration and was unable to complete your request.,,,
q036-batch,q036,VAR-101 in vivo monotherapy tumour growth inhibition TGI tumour regression tumour shrinkage in Pancreatic Ductal Carcinoma animal models,VAR-101 pancreatic ductal carcinoma monotherapy xenograft TGI || VAR-101 pancreatic cancer tumour regression animal model || VAR-101 aPKCi PDAC in vivo efficacy monotherapy,2,Cloudflare,https://www.cell.com/molecular-therapy-family/oncology/fulltext/S2372-7705(22)00151-6,cell.com,,"Please try again in a few minutes. ... If you are using a CNAME origin record, make sure it is valid and resolvable.",,,
q036-batch,q036,VAR-101 in vivo monotherapy tumour growth inhibition TGI tumour regression tumour shrinkage in Pancreatic Ductal Carcinoma animal models,VAR-101 pancreatic ductal carcinoma monotherapy xenograft TGI || VAR-101 pancreatic cancer tumour regression animal model || VAR-101 aPKCi PDAC in vivo efficacy monotherapy,3,Study Details Page,https://www.abbvieclinicaltrials.com/study/?id=M14-213,abbvieclinicaltrials.com,,"AbbVie Clinical Trials is designed to support, inform, and help patients in a clinical study or those who are interested in participating.",,,
q036-batch,q036,VAR-101 in vivo monotherapy tumour growth inhibition TGI tumour regression tumour shrinkage in Pancreatic Ductal Carcinoma animal models,VAR-101 pancreatic ductal carcinoma monotherapy xenograft TGI || VAR-101 pancreatic cancer tumour regression animal model || VAR-101 aPKCi PDAC in vivo efficacy monotherapy,4,register,https://academic.oup.com/my-account/register?siteId=5125&returnUrl=/jnci/article-abstract/117/6/1104/7905477?redirectedFrom=fulltext,academic.oup.com,2025-01-01,"This PDF is available to Subscribers OnlyView Article Abstract & Purchase Options For full access to this pdf, sign in to an existing account, or purchase an annual subscription.",,,
q036-batch,q036,VAR-101 in vivo monotherapy tumour growth inhibition TGI tumour regression tumour shrinkage in Pancreatic Ductal Carcinoma animal models,VAR-101 pancreatic ductal carcinoma monotherapy xenograft TGI || VAR-101 pancreatic cancer tumour regression animal model || VAR-101 aPKCi PDAC in vivo efficacy monotherapy,5,Detail - OpenURL Connection,https://openurl.ebsco.com/contentitem/doi:10.7150/thno.56737?id=ebsco:doi:10.7150/thno.56737,openurl.ebsco.com,2025-05-30,"We were unable to find your item with the information provided. ""Access through your institution"" to search for it on your institution's EBSCOhost experience.",,,
q037-batch,q037,IPS-06061 in vivo single-agent monotherapy tumour growth inhibition TGI tumour regression tumour shrinkage in KRAS G12D Mutant Pancreatic Ductal Adenocarcinoma animal models,IPS-06061 AsPC-1 xenograft tumour regression || IPS-06061 30 mg/kg TGI AsPC-1 || IPS-06061 day 28 tumour volume AsPC-1 || IPS-06061 tumour shrinkage pancreatic cancer xenograft,1,IPS-07004 - 炎症，哮喘，帕金森病_专利 - 新药情报库 - 智慧芽,https://synapse.zhihuiya.com/drug/074cef8ac787445e84e042b3528d26df,synapse.zhihuiya.com,,IPS-06061选择性降解KRAS G12D（专利中申明也可以降解G12V，但缺乏数据），DC50 = 230 nM，Dmax > 90%。 同时对KRAS WT具有选择性。体内药效尚可。 ... IPS-06061 显示 AsPC-1 胰腺癌细胞中 KRAS G12D 的降解呈时间依赖性，KRAS G12D 的 DC50 <500 nM 和 Dmax >90%，而对 Caco-2 细胞中 KRAS WT 的降解没有影响。 这些数据表明，由于 IPS -06061 诱导的蛋白质泛素化，KRAS GI2D 被成功降解。 IPS-06061的体内药效 采用植入AsPC-1胰腺癌细胞的异种移植小鼠,,,
q037-batch,q037,IPS-06061 in vivo single-agent monotherapy tumour growth inhibition TGI tumour regression tumour shrinkage in KRAS G12D Mutant Pancreatic Ductal Adenocarcinoma animal models,IPS-06061 AsPC-1 xenograft tumour regression || IPS-06061 30 mg/kg TGI AsPC-1 || IPS-06061 day 28 tumour volume AsPC-1 || IPS-06061 tumour shrinkage pancreatic cancer xenograft,2,"IPS-06061, a novel TPD molecular glue degrader targeting ...","https://www.semanticscholar.org/paper/Abstract-384:-IPS-06061,-a-novel-TPD-molecular-glue-Kang-Seo/4f2bcf78c924979bc6307109217d45ba8c3f04e4",semanticscholar.org,2025-04-21,"This work has discovered a novel KRAS G12D-degrading Molecular Glue using IPS's cutting-edge ProGlu AI-based drug discovery platform and PPIExplorer, an IPS-Chip based Proteomics technology and confirmed a strong anti-tumor efficacy using a xenograft animal model.",,,
q037-batch,q037,IPS-06061 in vivo single-agent monotherapy tumour growth inhibition TGI tumour regression tumour shrinkage in KRAS G12D Mutant Pancreatic Ductal Adenocarcinoma animal models,IPS-06061 AsPC-1 xenograft tumour regression || IPS-06061 30 mg/kg TGI AsPC-1 || IPS-06061 day 28 tumour volume AsPC-1 || IPS-06061 tumour shrinkage pancreatic cancer xenograft,3,"IPS-06061, a novel orally active TPD molecular glue degrader targeting… | Gagan Kukreja | 10 comments",https://www.linkedin.com/posts/kukreja3_ips-06061-a-novel-orally-active-tpd-molecular-activity-7323060772941504513-JGc2,linkedin.com,2025-04-29,"IPS-06061, a novel orally active TPD molecular glue degrader targeting KRAS G12D shows strong anti-tumor efficacy using a xenograft animal model Discovered using IPS's cutting-edge ProGlu AI-based drug discovery platform that accurately predicts PPI between E3 ligase and KRAS G12D through MD simulat",,,
q037-batch,q037,IPS-06061 in vivo single-agent monotherapy tumour growth inhibition TGI tumour regression tumour shrinkage in KRAS G12D Mutant Pancreatic Ductal Adenocarcinoma animal models,IPS-06061 AsPC-1 xenograft tumour regression || IPS-06061 30 mg/kg TGI AsPC-1 || IPS-06061 day 28 tumour volume AsPC-1 || IPS-06061 tumour shrinkage pancreatic cancer xenograft,4,JavaScript is required...,https://pubchem.ncbi.nlm.nih.gov/bioassay/511742,pubchem.ncbi.nlm.nih.gov,,"Please enable Javascript in order to use PubChem website. ... Before sharing sensitive information, make sure you’re on a federal government site.",,,
q037-batch,q037,IPS-06061 in vivo single-agent monotherapy tumour growth inhibition TGI tumour regression tumour shrinkage in KRAS G12D Mutant Pancreatic Ductal Adenocarcinoma animal models,IPS-06061 AsPC-1 xenograft tumour regression || IPS-06061 30 mg/kg TGI AsPC-1 || IPS-06061 day 28 tumour volume AsPC-1 || IPS-06061 tumour shrinkage pancreatic cancer xenograft,5,CONTENTdm,https://ojd.contentdm.oclc.org/digital/api/collection/p17027coll5/id/41166/download,ojd.contentdm.oclc.org,,"To experience full interactivity, please enable Javascript in your browser. ... SOLL Document Collections",,,
q038-batch,q038,KRAS G12D drugs approved against the target and their regulatory approval status,ZE980277 KRAS G12D approval status FDA EMA || ZE980277 KRAS G12D regulatory approval || ZE980277 KRAS G12D approved therapy status,1,Search Orphan Drug Designations and Approvals - FDA,https://www.accessdata.fda.gov/scripts/opdlisting/oopd/detailedIndex.cfm?cfgridkey=1124625,accessdata.fda.gov,,|Generic Name:|KRAS G12D inhibitor| |--|--| |Date Designated:|05/01/2026| |Orphan Designation:|treatment of pancreatic cancer| |Orphan Designation Status:|Designated| |FDA Orphan Approval Status:|Not FDA Approved for Orphan Indication|,,,
q038-batch,q038,KRAS G12D drugs approved against the target and their regulatory approval status,ZE980277 KRAS G12D approval status FDA EMA || ZE980277 KRAS G12D regulatory approval || ZE980277 KRAS G12D approved therapy status,2,Oncology (Cancer)/Hematologic Malignancies Approval ...,https://www.fda.gov/drugs/resources-information-approved-drugs/oncology-cancerhematologic-malignancies-approval-notifications,fda.gov,2026-09-24,"|FDA approves sotorasib with panitumumab for KRAS G12C-mutated colorectal cancer|On January 16, 2025, the Food and Drug Administration approved sotorasib (Lumakras, Amgen Inc.) with panitumumab (Vectibix, Amgen Inc.) for adult patients with KRAS G12C-mutated metastatic colorectal cancer (mCRC), as d",,,
q038-batch,q038,KRAS G12D drugs approved against the target and their regulatory approval status,ZE980277 KRAS G12D approval status FDA EMA || ZE980277 KRAS G12D regulatory approval || ZE980277 KRAS G12D approved therapy status,3,Ongoing | Cancer Accelerated Approvals,https://www.fda.gov/drugs/resources-information-approved-drugs/ongoing-cancer-accelerated-approvals,fda.gov,2026-09-17,"|Krazati (adagrasib)|Adult patients with KRAS G12C-mutated locally advanced or metastatic non-small cell lung cancer (NSCLC), as determined by an FDA-approved test, who have received at least one prior systemic therapy.|12/12/2022|4378-1: Conduct a randomized comparative clinical trial of adagrasib ",,,
q038-batch,q038,KRAS G12D drugs approved against the target and their regulatory approval status,ZE980277 KRAS G12D approval status FDA EMA || ZE980277 KRAS G12D regulatory approval || ZE980277 KRAS G12D approved therapy status,4,Oral Investigational Agent Zoldonrasib Elicits Objective Responses ...,https://www.aacr.org/about-the-aacr/newsroom/news-releases/oral-investigational-agent-zoldonrasib-elicits-objective-responses-in-patients-with-kras-g12d-mutated-lung-cancer/,aacr.org,2025-04-27,"However, around 4% of NSCLC cases harbor KRAS G12D mutations, a mutation against which there are no approved targeted therapies, explained Kathryn C. Arbour, MD, an assistant attending and thoracic medical oncologist at Memorial Sloan Kettering Cancer Center, who presented the study. ... Zoldonrasib",,,
q038-batch,q038,KRAS G12D drugs approved against the target and their regulatory approval status,ZE980277 KRAS G12D approval status FDA EMA || ZE980277 KRAS G12D regulatory approval || ZE980277 KRAS G12D approved therapy status,5,Therapeutic inhibition of RAS in non-small cell lung cancer - Frontiers,https://www.frontiersin.org/journals/oncology/articles/10.3389/fonc.2026.1817943/full,frontiersin.org,2026-06-30,"As of this writing, both drugs retain their accelerated approvals, but neither have received full or standard FDA approvals based on these results, and neither study has easily interpretable OS results, limited by both sample size and crossover. ... |Zoldonrasib (RMC-9805)|KRAS G12D (ON)|Molecular g",,,
q039-batch,q039,"Inflammatory Bowel Disease competing agents in the same mechanistic class as KPG-818, including Small Molecule and Aiolos CRBN Ikaros therapies",KPG-818 Aiolos CRBN Ikaros inflammatory bowel disease competitors || KPG-818 CELMoD IBD clinical pipeline || KPG-818 CRBN degrader inflammatory bowel disease,1,"KPG-818 - Drug Targets, Indications, Patents",https://synapse-patsnap-com.libproxy1.nus.edu.sg/drug/d9e6cffea08e4b19a31bb148c2ddeb00,synapse-patsnap-com.libproxy1.nus.edu.sg,2025-07-22,"|Drug Type Degradable Molecular Glue| ... |Synonyms KPG 818, KPG-818 capsules| |Action modulators, degraders| |Mechanism CRBN modulators(Cereblon modulators), IKZF1 degraders(DNA-binding protein Ikaros degraders), IKZF3 degraders(Zinc finger protein Aiolos degraders)| ... |Inflammatory Bowel Disease",,,
q039-batch,q039,"Inflammatory Bowel Disease competing agents in the same mechanistic class as KPG-818, including Small Molecule and Aiolos CRBN Ikaros therapies",KPG-818 Aiolos CRBN Ikaros inflammatory bowel disease competitors || KPG-818 CELMoD IBD clinical pipeline || KPG-818 CRBN degrader inflammatory bowel disease,2,研发管线-康朴生物医药官网,https://www.kangpugroup.com/cn/research_development/pipeline.html,kangpugroup.com,,|在研项目|机 制|适应症|临床前|IND|I 期|II 期| ... |KPG-818 (Epaldeudomide)|CRL4-CRBN 分子胶蛋白质降解剂|系统性红斑狼疮皮损（SLE-CM)| | | | | |系统性红斑狼疮（SLE)| | | | | | | |炎症性肠病（IBD）| | | | | | | ... KPG-818 是康朴生物医药设计开发的具有全球自主知识产权的新一代口服分子胶免疫调节药物，归属E3泛素连接酶复合物CRL4-CRBN调节剂，对靶点CRBN显示出 极高的亲和力，可以高效降解锌指转录因子Aiolos（IKZF3）和Ikaros（IKZF1），并有效调节免疫,,,
q039-batch,q039,"Inflammatory Bowel Disease competing agents in the same mechanistic class as KPG-818, including Small Molecule and Aiolos CRBN Ikaros therapies",KPG-818 Aiolos CRBN Ikaros inflammatory bowel disease competitors || KPG-818 CELMoD IBD clinical pipeline || KPG-818 CRBN degrader inflammatory bowel disease,3,Pipeline - Kangpu Biopharmaceuticals,https://www.kangpugroup.com/research_development/pipeline.html,kangpugroup.com,,|KPG-818 (Epaldeudomide)|CRL4-CRBN MODULATOR|Cutaneous Manifestation of Systemic Lupus Erythematosus (SLE-CM)|**|**|**|**| ... |KPG-818 (Epaldeudomide)|CRL4-CRBN MODULATOR|Inflammatory Bowel Disease (lBD)|**|**|**|**| ... ### KPG-818 (Epaldeudomide) KPG-818 is a novel oral molecular glue modulator o,,,
q039-batch,q039,"Inflammatory Bowel Disease competing agents in the same mechanistic class as KPG-818, including Small Molecule and Aiolos CRBN Ikaros therapies",KPG-818 Aiolos CRBN Ikaros inflammatory bowel disease competitors || KPG-818 CELMoD IBD clinical pipeline || KPG-818 CRBN degrader inflammatory bowel disease,4,Kangpu Biopharmaceuticals to Present Preclinical Efficacy Data of KPG-818 in Crohn's Disease at the 19th Congress of ECCO (IND Application for Phase II in Progress),https://www.pharmnews.com/news/articleView.html?idxno=239795,pharmnews.com,2024-02-20,"HEFEI, China, Feb. 20, 2024 /PRNewswire/ -- Kangpu Biopharmaceuticals, a clinical-stage company dedicated to the discovery and development of novel therapeutics for the treatment of cancer, autoimmune diseases, and inflammation, through targeted protein degradation technology, today announced that a",,,
q039-batch,q039,"Inflammatory Bowel Disease competing agents in the same mechanistic class as KPG-818, including Small Molecule and Aiolos CRBN Ikaros therapies",KPG-818 Aiolos CRBN Ikaros inflammatory bowel disease competitors || KPG-818 CELMoD IBD clinical pipeline || KPG-818 CRBN degrader inflammatory bowel disease,5,Multiple Investigational Approaches Show Promise for Lupus,https://www.medscape.com/viewarticle/multiple-investigational-approaches-show-promise-treatment-2024a1000e5y,medscape.com,2024-08-01,"In a systematic review published last year, Arnaud and coauthors found that there were 92 investigational biologic or novel targeted agents in various phases of clinical testing. This included B-cell–targeting agents such as ianalumab, plasma cell-targeting agents such as daratumumab, and drugs with",,,
q040-batch,q040,Active Ulcerative Colitis Moderate to Severe Ulcerative Colitis competing agents in the same mechanistic class as CHST15 Oligonucleotide Small Interfering RNA therapies,GUT-1 CHST15 ulcerative colitis competitors || GUT-1 siRNA CHST15 ulcerative colitis || GUT-1 CHST15 moderate to severe ulcerative colitis pipeline,1,Submucosal Injection of the RNA Oligonucleotide GUT-1 in Active ...,https://academic.oup.com/ecco-jcc/article/18/3/406/7287358?guestAccessKey=,academic.oup.com,2024-03-01,"Here, we evaluate the efficacy and safety of the double-stranded RNA oligonucleotide GUT-1, a specific blocker of CHST15, as induction therapy in patients with ulcerative colitis [UC]. ... GUT-1 250 nM reduced CHST15 expression significantly and suppressed mucosal inflammation and fibrosis. GUT-1 ap",,,
q040-batch,q040,Active Ulcerative Colitis Moderate to Severe Ulcerative Colitis competing agents in the same mechanistic class as CHST15 Oligonucleotide Small Interfering RNA therapies,GUT-1 CHST15 ulcerative colitis competitors || GUT-1 siRNA CHST15 ulcerative colitis || GUT-1 CHST15 moderate to severe ulcerative colitis pipeline,2,Gut Inc.,https://gut-oligo.com/,gut-oligo.com,,"GUT Inc. focused on the development of therapeutic RNA oligonucleotides in IBD. ... **GUT-1** is locally injectable RNA oligonucleotide, and the positive clinical outcomes in Phase IIa and investigator-initiated trials were demonstrated in ulcerative colitis (UC) patients who showed loss of response",,,
q040-batch,q040,Active Ulcerative Colitis Moderate to Severe Ulcerative Colitis competing agents in the same mechanistic class as CHST15 Oligonucleotide Small Interfering RNA therapies,GUT-1 CHST15 ulcerative colitis competitors || GUT-1 siRNA CHST15 ulcerative colitis || GUT-1 CHST15 moderate to severe ulcerative colitis pipeline,3,"Add-on multiple submucosal injections of the RNA oligonucleotide GUT-1 to anti-TNF antibody treatment in patients with moderate-to-severe ulcerative colitis: an open-label, proof-of concept study",https://d-nb.info/1335375937/34,d-nb.info,,"Background Carbohydrate sulfotransferase 15 (CHST15) is an enzyme biosynthesizing matrix glycosaminoglycan that modulates tissue remodeling. We evaluated the efficacy of add-on submucosal injections of GUT-1, the RNA oligonucleotide inhibitor of CHST15, to ongoing anti-tumor necrosis factor (TNF) an",,,
q040-batch,q040,Active Ulcerative Colitis Moderate to Severe Ulcerative Colitis competing agents in the same mechanistic class as CHST15 Oligonucleotide Small Interfering RNA therapies,GUT-1 CHST15 ulcerative colitis competitors || GUT-1 siRNA CHST15 ulcerative colitis || GUT-1 CHST15 moderate to severe ulcerative colitis pipeline,4,Research and Development - Gut Inc.,https://gut-oligo.com/about/research/,gut-oligo.com,,"Our target matrix remodeling gene, carbohydrate sulfotransferase 15 (CHST15), is highly expressed in the **colonic mucosa of IBD patients who are infliximab non-responders**, as validated by public databases [9 (EMBL-EBI)]. ... These findings establish CHST15 as a highly promising therapeutic target",,,
q040-batch,q040,Active Ulcerative Colitis Moderate to Severe Ulcerative Colitis competing agents in the same mechanistic class as CHST15 Oligonucleotide Small Interfering RNA therapies,GUT-1 CHST15 ulcerative colitis competitors || GUT-1 siRNA CHST15 ulcerative colitis || GUT-1 CHST15 moderate to severe ulcerative colitis pipeline,5,"Submucosal Injection of the RNA Oligonucleotide GUT-1 in Active Ulcerative Colitis Patients: A Randomized, Double-Blind, Placebo-Controlled Phase 2a Induction Trial",https://academic.oup.com/ecco-jcc/article-abstract/18/3/406/7287358?redirectedFrom=fulltext,academic.oup.com,,"Carbohydrate sulfotransferase 15 [CHST15] biosynthesizes sulphated matrix glycosaminoglycans and is implicated in intestinal inflammation and fibrosis. Here, we evaluate the efficacy and safety of the double-stranded RNA oligonucleotide GUT-1, a specific blocker of CHST15, as induction therapy in pa",,,
q041-batch,q041,"competing agents in the same mechanistic class for this indication DB-3Q, Direct Biologics LLC, Medically Refractory Crohn's Disease",DB-3Q MSC-derived extracellular vesicle Crohn's competitors || DB-3Q extracellular vesicle Crohn's disease clinical trials || DB-3Q MSC-derived EV medically refractory Crohn's,1,Study Details | NCT07625293 | DB-3Q for the Treatment of ...,https://clinicaltrials.gov/study/NCT07625293,clinicaltrials.gov,2026-06-12,"## DB-3Q for the Treatment of Medically Refractory Crohn's Disease ClinicalTrials.gov ID ** NCT07625293 Sponsor ** Direct Biologics, LLC ... Last Update Posted ** 2026-06-12 **Not yet recruiting** ** ... This research study is studying DB-3Q as a possible treatment for medically refractory Crohn's d",,,
q041-batch,q041,"competing agents in the same mechanistic class for this indication DB-3Q, Direct Biologics LLC, Medically Refractory Crohn's Disease",DB-3Q MSC-derived extracellular vesicle Crohn's competitors || DB-3Q extracellular vesicle Crohn's disease clinical trials || DB-3Q MSC-derived EV medically refractory Crohn's,2,DB-3Q bmMSC-EVs in Patients With Perianal Fistulizing Crohn's Disease,https://ichgcp.net/clinical-trials-registry/NCT06918808,ichgcp.net,2025-06-13,"# DB-3Q bmMSC-EVs in Patients With Perianal Fistulizing Crohn's Disease ... ## A Phase 2a Study of Allogeneic Bone Marrow Mesenchymal Stem Cell Derived Extracellular Vesicle Isolate Product (DB-3Q) in Patients With Perianal Fistulizing Crohn's Disease This is a double-blind, randomized, placebo-cont",,,
q041-batch,q041,"competing agents in the same mechanistic class for this indication DB-3Q, Direct Biologics LLC, Medically Refractory Crohn's Disease",DB-3Q MSC-derived extracellular vesicle Crohn's competitors || DB-3Q extracellular vesicle Crohn's disease clinical trials || DB-3Q MSC-derived EV medically refractory Crohn's,3,Columbia Enrolls Nation's First Patient in Direct Biologics' ...,https://columbiasurgery.org/news/columbia-enrolls-nations-first-patient-direct-biologics-phase-2-clinical-trial-fistulizing,columbiasurgery.org,,Columbia Enrolls Nation's First Patient in Direct Biologics' Phase 2 Clinical Trial for Fistulizing Crohn's Disease | Columbia Surgery ... Columbia University Irving Medical Center has enrolled the first patient in a multicenter Phase 2 clinical trial investigating the effectiveness of Direct Biolog,,,
q041-batch,q041,"competing agents in the same mechanistic class for this indication DB-3Q, Direct Biologics LLC, Medically Refractory Crohn's Disease",DB-3Q MSC-derived extracellular vesicle Crohn's competitors || DB-3Q extracellular vesicle Crohn's disease clinical trials || DB-3Q MSC-derived EV medically refractory Crohn's,4,"[PDF] Claudia Musat, MD - Columbia Surgery",https://columbiasurgery.org/sites/default/files/2025-03/colorectal-ibd-trials-2025.pdf,columbiasurgery.org,,"DB-3Q: Bone marrow mesenchymal stem cell (bmMSC) derived extracellular  vesicles product in Patients with Perianal Fistulizing Crohn's Disease (CD)  PI: Marco Zoccali, MD  IRB: AAAV6645  Disease: Perianal Fistulas due to Crohn's Disease (CD) Treatment: DB-3Q (a bone-marrow mesenchymal stem cell prod",,,
q041-batch,q041,"competing agents in the same mechanistic class for this indication DB-3Q, Direct Biologics LLC, Medically Refractory Crohn's Disease",DB-3Q MSC-derived extracellular vesicle Crohn's competitors || DB-3Q extracellular vesicle Crohn's disease clinical trials || DB-3Q MSC-derived EV medically refractory Crohn's,5,"Direct Biologics LLC - Drug pipelines, Patents, Clinical trials",https://synapse.patsnap.com/organization/7ab73070909872e45913d775d2ff7416,synapse.patsnap.com,,"|Active Indication Respiratory Distress Syndrome, Acute [+1]| |Inactive Indication Colitis, Ulcerative [+7]| |Drug Highest PhasePhase 3| ... |Active Indication Perianal fistula due to Crohn's disease| |Inactive Indication-| |Drug Highest PhasePhase 2| ... 12 Clinical Trials associated with Direct Bi",,,
q042-batch,q042,"Moderately to Severely Active Ulcerative Colitis, Duration 3 Months, Modified Mayo Score 5 to 9, With Inadequate Response, Loss of Response, or Intolerance to Prior Standard-of-Care Medications competing agents in the same mechanistic class as TYK2 Small Molecule",D-2570 TYK2 ulcerative colitis competitor Phase 2 status,1,Advancing therapeutic frontiers: a pipeline of novel drugs ...,https://www.frontiersin.org/journals/gastroenterology/articles/10.3389/fgstr.2026.1747118/full,frontiersin.org,2026-01-30,"|TYK2 Inhibitor|D-2570|Novel oral TYK2 inhibitor|NCT07035041|Phase 2|Recruiting; began May 2025, estimated completion Dec 2026| ... It is being tested in a Phase 2, multicenter, placebo-controlled, double-blind RCT for moderately to severely active UC in 207 participants aged 18–75 who have inadequa",,,
q042-batch,q042,"Moderately to Severely Active Ulcerative Colitis, Duration 3 Months, Modified Mayo Score 5 to 9, With Inadequate Response, Loss of Response, or Intolerance to Prior Standard-of-Care Medications competing agents in the same mechanistic class as TYK2 Small Molecule",D-2570 TYK2 ulcerative colitis competitor Phase 2 status,2,Advancing therapeutic frontiers: a pipeline of novel drugs for ...,https://pmc.ncbi.nlm.nih.gov/articles/PMC12952356/,pmc.ncbi.nlm.nih.gov,2026-01-30,"|TYK2 Inhibitor|Zasocitinib (TAK-279)|AI-designed highly selective allosteric TYK2 inhibitor|NCT06254950, NCT06764615|Phase 2|Recruiting; estimated completion Aug 2027| ... |TYK2 Inhibitor|D-2570|Novel oral TYK2 inhibitor|NCT07035041|Phase 2|Recruiting; began May 2025, estimated completion Dec 2026|",,,
q042-batch,q042,"Moderately to Severely Active Ulcerative Colitis, Duration 3 Months, Modified Mayo Score 5 to 9, With Inadequate Response, Loss of Response, or Intolerance to Prior Standard-of-Care Medications competing agents in the same mechanistic class as TYK2 Small Molecule",D-2570 TYK2 ulcerative colitis competitor Phase 2 status,3,SUMMARY,https://www1.hkexnews.hk/app/sehk/2026/108029/a128849/sehk26010100538.pdf,www1.hkexnews.hk,,"Within our clinical-stage pipeline, our Core Products tyrosine kinase 2 (“TYK2”) inhibitor D-2570 and oral estrogen receptor degrader (“SERD”) taragarestrant (D-0502) are both advancing through Phase III registration trials, while our urate transporter 1 (“URAT1”) inhibitor darbinurad (D-0120) has c",,,
q042-batch,q042,"Moderately to Severely Active Ulcerative Colitis, Duration 3 Months, Modified Mayo Score 5 to 9, With Inadequate Response, Loss of Response, or Intolerance to Prior Standard-of-Care Medications competing agents in the same mechanistic class as TYK2 Small Molecule",D-2570 TYK2 ulcerative colitis competitor Phase 2 status,4,Top 7 Leading Drug Candidates in Ulcerative Colitis Treatment,https://www.delveinsight.com/blog/emerging-drugs-for-ulcerative-colitis-treatment,delveinsight.com,2026-06-25,"**Takeda’s Zasocitinib** *Phase II* **Zasocitinib (TAK-279)** is an oral, investigational TYK2 inhibitor being studied for moderate-to-severe ulcerative colitis. It is designed to reduce inflammation by targeting the IL-23/TYK2 pathway, and Takeda is evaluating it in phase 2 studies for both ulcerat",,,
q042-batch,q042,"Moderately to Severely Active Ulcerative Colitis, Duration 3 Months, Modified Mayo Score 5 to 9, With Inadequate Response, Loss of Response, or Intolerance to Prior Standard-of-Care Medications competing agents in the same mechanistic class as TYK2 Small Molecule",D-2570 TYK2 ulcerative colitis competitor Phase 2 status,5,Study Evaluating ISM5411 Administered Orally to Subjects With Active Ulcerative Colitis (BETHESDA),https://med.agiltrace.com/clinical-trials/NCT07265570,med.agiltrace.com,,NCT02368717 ·Status: COMPLETED ·Phase: PHASE3 ... - A Phase 2 Study of D-2570 in Subjects With Moderately to Severely Active Ulcerative Colitis NCT07035041 ·Status: ACTIVE_NOT_RECRUITING ·Phase: PHASE2,,,
q043-batch,q043,"Inflammatory Bowel Disease competing agents in the same mechanistic class as VNN1, including Small Molecule therapies",MY009 VNN1 inflammatory bowel disease competing agents,1,The Present and Future of Inflammatory Bowel Disease ... - PMC,https://pmc.ncbi.nlm.nih.gov/articles/PMC4969780/,pmc.ncbi.nlm.nih.gov,,"Anti-tumor necrosis factor (TNF) drugs currently include infliximab (Remicade, Janssen), adalimumab (Humira, AbbVie), and certolizumab pegol (Cimzia, UCB). ... Approximately 2 years ago, the anti— alpha-4 beta-7 integrin antibody vedolizumab (Entyvio, Takeda) was approved for induction and maintenan",,,
q043-batch,q043,"Inflammatory Bowel Disease competing agents in the same mechanistic class as VNN1, including Small Molecule therapies",MY009 VNN1 inflammatory bowel disease competing agents,2,Current status of novel biologics and small molecule drugs ...,https://www.wjgnet.com/1007-9327/full/v28/i48/6888.htm,wjgnet.com,2022-12-28,"In the last decade, increasing numbers of new biologics and SMDs have been developed for IBD treatment[4], and a novel therapy combining different biologics and/or SMDs targeting multiple inflammatory signalling pathways, which is called dual targeted therapy (DTT), has begun to emerge in recent yea",,,
q043-batch,q043,"Inflammatory Bowel Disease competing agents in the same mechanistic class as VNN1, including Small Molecule therapies",MY009 VNN1 inflammatory bowel disease competing agents,3,Vascular non-inflammatory molecule 1 (VNN1) | Gosset,https://gosset.ai/targets/vascular-non-inflammatory-molecule-1,gosset.ai,,Therapeutic strategies targeting Vanin-1 focus on small-molecule inhibition to reduce cysteamine-mediated oxidative damage and dampen chronic inflammation (PubMed: 24911123). Experimental inhibitors like RR6 have shown promise in preclinical models by modulating the inflammatory response without sig,,,
q043-batch,q043,"Inflammatory Bowel Disease competing agents in the same mechanistic class as VNN1, including Small Molecule therapies",MY009 VNN1 inflammatory bowel disease competing agents,4,Methods and pharmaceutical compositions for repairing intestinal ...,https://patents.google.com/patent/US20250009694A1/en,patents.google.com,2022-10-31,"Based on the VIVA transgenic model of Vnn1 overexpression on intestinal cells, the inventors show that the epithelial pantetheinase Vnn1 has a dual effect on colon: (1) its enzymatic products, cysteamine and pantothenic acid (vitamin B5) enhance coenzyme A regeneration and colon fitness through meta",,,
q043-batch,q043,"Inflammatory Bowel Disease competing agents in the same mechanistic class as VNN1, including Small Molecule therapies",MY009 VNN1 inflammatory bowel disease competing agents,5,Landscape of new drugs and targets in inflammatory bowel disease,https://onlinelibrary.wiley.com/doi/10.1002/ueg2.12305,onlinelibrary.wiley.com,2022-12-01,"Among the most promising molecules are anti-IL-23, JAK-inhibitors, anti-integrins and S1P modulators. ... lthough UST (an inhibitor of p40 subunit) has been shown to be effective in IBD,^8^ the p19 antagonists (selective IL-23 inhibitors) have proven to be more effective than UST in other immune-med",,,
q044-batch,q044,"Inflammatory Bowel Disease competing agents in the same mechanistic class as GPR52 Prostaglandin E2 Receptor EP4, including Small Molecule therapies",NXE0033744 Phase 2 inflammatory bowel disease || NXE0033744 EP4 agonist clinical trial || NXE0033744 development stage IBD || NXE744 EP4 agonist competitors IBD,1,investors.nxera.life,https://investors.nxera.life/common/pdf/Corporate_Presentation_2026July_EN_v1.pdf,investors.nxera.life,,NXE’744 IBD Phase1 Under development in-house ... partners for a 2026 license deal Phase 1 completed successfully Phase 2 ready to initiate ... NXE’744 showed early efficacy signals  ... A first-in-class GI-targeted agent to promote mucosal healing in IBD • All elements of the first-in-human study h,,,
q044-batch,q044,"Inflammatory Bowel Disease competing agents in the same mechanistic class as GPR52 Prostaglandin E2 Receptor EP4, including Small Molecule therapies",NXE0033744 Phase 2 inflammatory bowel disease || NXE0033744 EP4 agonist clinical trial || NXE0033744 development stage IBD || NXE744 EP4 agonist competitors IBD,2,[PDF] R&D Day - Investors - Nxera Pharma,https://investors.nxera.life/common/pdf/2025.11.18%20R&D%20Day_vF.pdf,investors.nxera.life,,Phase 2a expansion in process in combination with atezolizumab ... Study Link: https://www.isrctn.com/ISRCTN70080074?q=nxera&filters=&sort=&offset=1&totalResults=2&page=1&pageSize=10 ... NXE0033744 EP4 agonist SME Inflammatory bowel disease ... NXE-744 is a first-in- class EP4 agonist. FTiH SAD/MAD ,,,
q044-batch,q044,"Inflammatory Bowel Disease competing agents in the same mechanistic class as GPR52 Prostaglandin E2 Receptor EP4, including Small Molecule therapies",NXE0033744 Phase 2 inflammatory bowel disease || NXE0033744 EP4 agonist clinical trial || NXE0033744 development stage IBD || NXE744 EP4 agonist competitors IBD,3,"[PDF] Environment, Social & Governance Report - Investors",https://investors.nxera.life/common/pdf/20250829_ESG_Report_2024_EN.pdf,investors.nxera.life,,"During 2024, we have progressed our EP4 agonist, NXE0033744, into a Phase 1 clinical trial for the treatment of patients with Inflammatory Bowel Disease (IBD). Although we didn’t progress any new assets into  preclinical development during the year, our discovery pipeline continues to grow and we ar",,,
q044-batch,q044,"Inflammatory Bowel Disease competing agents in the same mechanistic class as GPR52 Prostaglandin E2 Receptor EP4, including Small Molecule therapies",NXE0033744 Phase 2 inflammatory bowel disease || NXE0033744 EP4 agonist clinical trial || NXE0033744 development stage IBD || NXE744 EP4 agonist competitors IBD,4,Nxera Pharma Operational Highlights and Consolidated Results ...,https://www.daiwair.co.jp/td_download.cgi?c=4565&i=2938504,daiwair.co.jp,,"Progress with in-house programs  ... • First subject dosed in a Phase 1 trial with NXE0033744, a novel, potent, selective and gut-restricted  EP4 receptor agonist in development for the treatment of Inflammatory Bowel Disease (IBD)",,,
q044-batch,q044,"Inflammatory Bowel Disease competing agents in the same mechanistic class as GPR52 Prostaglandin E2 Receptor EP4, including Small Molecule therapies",NXE0033744 Phase 2 inflammatory bowel disease || NXE0033744 EP4 agonist clinical trial || NXE0033744 development stage IBD || NXE744 EP4 agonist competitors IBD,5,"Consolidated Financial Results for the Nine months Ended September 30, 2024",https://finance.stockweather.co.jp/contents/dispPDF.aspx?disclosure=20241101509584,finance.stockweather.co.jp,,"Biosciences (“Neurocrine”) that NBI-1117568, an oral selective muscarinic M4 receptor agonist then being advanced in Phase 2 clinical trials by Neurocrine for the treatment of schizophrenia and other neuropsychiatric disorders, had successfully completed a long-term preclinical toxicity program that",,,
q045-batch,q045,BMF-500 first regulatory approval or market launch year in acute myeloid leukemia,BMF-500 first regulatory approval AML || BMF-500 expected regulatory approval AML || BMF-500 market launch AML || BMF-500 expected launch date AML,1,"BMF-500 - Drug Targets, Indications, Patents",https://synapse.patsnap.com/drug/0e8fac2d50284b9fac3c91177d16d79c,synapse.patsnap.com,,"|Active Indication Acute Myeloid Leukemia| ... |Drug Highest PhasePhase 1| |First Approval Date-| |Regulation-| ... NCT05918692 / Active, not recruitingPhase 1 ... |Acute Myeloid Leukemia|Phase 1|United States|Biomea Fusion, Inc.|26 Jul 2023|",,,
q045-batch,q045,BMF-500 first regulatory approval or market launch year in acute myeloid leukemia,BMF-500 first regulatory approval AML || BMF-500 expected regulatory approval AML || BMF-500 market launch AML || BMF-500 expected launch date AML,2,BMF-500(BMF-500) - 药物靶点：FLT3_在研适应症：急性髓性白血病 ...,https://synapse.zhihuiya.com/drug/0e8fac2d50284b9fac3c91177d16d79c,synapse.zhihuiya.com,,"BMF-500(BMF-500) - 药物靶点：FLT3_在研适应症：急性髓性白血病_专利_临床_研发 ... |在研适应症 急性髓性白血病| ... |最高研发阶段临床1期| |首次获批日期-| |最高研发阶段(中国)-| ... A Phase 1 first-in-human dose-escalation and dose-expansion study of BMF-500, an oral FLT3 inhibitor, in adult patients with acute leukemia. ... Median overall survival (mOS) among al",,,
q045-batch,q045,BMF-500 first regulatory approval or market launch year in acute myeloid leukemia,BMF-500 first regulatory approval AML || BMF-500 expected regulatory approval AML || BMF-500 market launch AML || BMF-500 expected launch date AML,3,Loading Inline Form.,https://www.sec.gov/ix?doc=/Archives/edgar/data/0001840439/000095017024118366/bmea-20240930.htm,sec.gov,,"In January 2022, we announced that we had initiated dosing in COVALENT-101, a Phase 1 clinical trial to explore the safety and efficacy of icovamenib in patients with relapsed/refractory AML and acute lymphoblastic leukemia (ALL), including those with MLL/KMT2A gene arrangements or NPM1 mutations. .",,,
q045-batch,q045,BMF-500 first regulatory approval or market launch year in acute myeloid leukemia,BMF-500 first regulatory approval AML || BMF-500 expected regulatory approval AML || BMF-500 market launch AML || BMF-500 expected launch date AML,4,EX-99.1,https://www.sec.gov/Archives/edgar/data/1840439/000095017024039304/bmea-ex99_1.htm,sec.gov,,"In 2023, reported initial topline data from Phase 1 study of BMF-219 in acute myeloid leukemia (AML); continuing to progress COVALENT-101 in liquid tumors, COVALENT-102 in solid tumors and COVALENT-103 (BMF-500) in AML. ... In 2023 BMF-500 entered the clinic as the only covalent FLT3 inhibitor in cl",,,
q045-batch,q045,BMF-500 first regulatory approval or market launch year in acute myeloid leukemia,BMF-500 first regulatory approval AML || BMF-500 expected regulatory approval AML || BMF-500 market launch AML || BMF-500 expected launch date AML,5,10-K,https://www.sec.gov/Archives/edgar/data/1840439/000095017023010312/bmea-20221231.htm,sec.gov,2023-03-28,"In May 2022, we announced the nomination of our second development candidate, BMF-500, a covalent inhibitor of FLT3, and presented preclinical data on this program in December 2022. We expect to file an Investigational New Drug application (IND) with the U.S. Food and Drug Administration (FDA) to st",,,
q046-batch,q046,BW-101 first regulatory approval or market launch year in acute myeloid leukemia,BW-101 AML regulatory approval market launch year,1,NDA and BLA Approvals,https://www.fda.gov/drugs/drug-and-biologic-approval-and-ind-activity-reports/nda-and-bla-approvals,fda.gov,2024-10-06,Please see the list below for available calendar year reports on New Drug Application (NDA) and Biologic License Application (BLA) approvals.,,,
q046-batch,q046,BW-101 first regulatory approval or market launch year in acute myeloid leukemia,BW-101 AML regulatory approval market launch year,2,JavaScript is required...,https://pubchem.ncbi.nlm.nih.gov/patent/PH-12014501719-A1,pubchem.ncbi.nlm.nih.gov,,Please enable Javascript in order to use PubChem website. An official website of the United States government,,,
q046-batch,q046,BW-101 first regulatory approval or market launch year in acute myeloid leukemia,BW-101 AML regulatory approval market launch year,3,MeSH Linked Data,https://id.nlm.nih.gov/mesh/C506979.html,id.nlm.nih.gov,,Skip Navigation ... Products and Services ... For the Public ... SPARQL Query Editor,,,
q046-batch,q046,BW-101 first regulatory approval or market launch year in acute myeloid leukemia,BW-101 AML regulatory approval market launch year,4,Bloomberg,https://www.bloomberg.com/news/articles/2019-06-03/amgen-drug-spurs-responses-on-white-whale-cancer-target,bloomberg.com,,For inquiries related to this message please contact our support team and provide the reference ID below.,,,
q046-batch,q046,BW-101 first regulatory approval or market launch year in acute myeloid leukemia,BW-101 AML regulatory approval market launch year,5,Disclaimer,https://www.bioinvent.se/en/mid-disclaimer/1279/886,bioinvent.se,,*Access to the information and documents on this section of the website is restricted for regulatory reasons.,,,
q047-batch,q047,Dual CDK12/13 Inhibitor first regulatory approval or market launch year for acute myeloid leukemia,Dual CDK12/13 Inhibitor Insilico Medicine AML approval launch || Dual CDK12/13 Inhibitor Insilico Medicine AML regulatory timeline || Dual CDK12/13 Inhibitor AML first market launch year,1,Press Releases,https://insilico.com/news,insilico.com,,20 October 2023 Insilico Medicine nominates novel CDK12/13 small molecule inhibitor as preclinical candidate for multiple tumors,,,
q047-batch,q047,Dual CDK12/13 Inhibitor first regulatory approval or market launch year for acute myeloid leukemia,Dual CDK12/13 Inhibitor Insilico Medicine AML approval launch || Dual CDK12/13 Inhibitor Insilico Medicine AML regulatory timeline || Dual CDK12/13 Inhibitor AML first market launch year,2,CDK12/13,https://insilico.com/pipeline_target_cdk12/13,insilico.com,,Cyclin-dependent kinase 12/13 (CDK12/13) Inhibitor: Treating Tumors through Induction of BRCAness (IND-Enabling) Assays Completed Wholly-owned and Available for Licensing - *In vivo* efficacy studies – Combo study with Olaparib and Cisplatin - *In vivo* efficacy studies – Single agent - *In vivo* PK,,,
q047-batch,q047,Dual CDK12/13 Inhibitor first regulatory approval or market launch year for acute myeloid leukemia,Dual CDK12/13 Inhibitor Insilico Medicine AML approval launch || Dual CDK12/13 Inhibitor Insilico Medicine AML regulatory timeline || Dual CDK12/13 Inhibitor AML first market launch year,3,Insilico Medicine,https://siliconvalleyinvestclub.com/companies/insilico/tear-sheet.pdf,siliconvalleyinvestclub.com,,Insilico Medicine nominates novel CDK12/13 small molecule inhibitor as preclinical candidate for multiple tumors,,,
q047-batch,q047,Dual CDK12/13 Inhibitor first regulatory approval or market launch year for acute myeloid leukemia,Dual CDK12/13 Inhibitor Insilico Medicine AML approval launch || Dual CDK12/13 Inhibitor Insilico Medicine AML regulatory timeline || Dual CDK12/13 Inhibitor AML first market launch year,4,Pipeline | Insilico Medicine,https://insilico.com/pipeline,insilico.com,,Cyclin-dependent kinase 12 (CDK12) Inhibitor: Treating Tumors by Induction of BRCAness,,,
q047-batch,q047,Dual CDK12/13 Inhibitor first regulatory approval or market launch year for acute myeloid leukemia,Dual CDK12/13 Inhibitor Insilico Medicine AML approval launch || Dual CDK12/13 Inhibitor Insilico Medicine AML regulatory timeline || Dual CDK12/13 Inhibitor AML first market launch year,5,Insilico Medicine: Main,https://insilico.com/,insilico.com,,CDK12 Cyclin-dependent kinase 12 (CDK12) Inhibitor: Treating Tumors by Induction of BRCAness FGFR2/3 FGFR2/3 Dual Inhibitor: Treatment of Solid Tumors,,,
q048-batch,q048,dCASP1-55 first regulatory approval or market launch year in acute myeloid leukemia,dCASP1-55 AML regulatory approval || dCASP1-55 AML market launch || dCASP1-55 University of Cincinnati AML clinical development,1,Internal Server Error,https://cdas.cancer.gov/approved-projects/5003/,cdas.cancer.gov,,"Please contact the server administrator at webcontacts@imsweb.com to inform them of the time this error occurred, and the actions you performed just before this error.",,,
q048-batch,q048,dCASP1-55 first regulatory approval or market launch year in acute myeloid leukemia,dCASP1-55 AML regulatory approval || dCASP1-55 AML market launch || dCASP1-55 University of Cincinnati AML clinical development,2,Press Release-CStone Pharmaceuticals,https://www.cstonepharma.com/en/news/company_news16.html,cstonepharma.com,2021-03-01,Select “Accept all” for giving your consent to all cookies or select “Reject all” for using only strictly necessary cookies.,,,
q048-batch,q048,dCASP1-55 first regulatory approval or market launch year in acute myeloid leukemia,dCASP1-55 AML regulatory approval || dCASP1-55 AML market launch || dCASP1-55 University of Cincinnati AML clinical development,3,"AML, sickle cell disease research among highlights of ASH abstracts",https://www.uc.edu/news/articles/2024/12/aml-sickle-cell-disease-research-among-uc-ash-abstract-highlights.html,uc.edu,2024-12-10,A randomized Phase 1 trial in healthy volunteers found a new drug targeting treatment-resistant acute myeloid leukemia (AML) is safe and attains drug levels that would predict response in this disease. ... Lomonitinib is now being tested in Phase 1B trials in Australia and in the United States as pa,,,
q048-batch,q048,dCASP1-55 first regulatory approval or market launch year in acute myeloid leukemia,dCASP1-55 AML regulatory approval || dCASP1-55 AML market launch || dCASP1-55 University of Cincinnati AML clinical development,4,Bank Secrecy Act / Anti-Money Laundering (BSA/AML),https://www.fdic.gov/banker-resource-center/bank-secrecy-act-anti-money-laundering-bsaaml,fdic.gov,2026-02-06,The Federal Deposit Insurance Corporation (FDIC) is an independent agency created by the Congress to maintain stability and public confidence in the nation’s financial system.,,,
q048-batch,q048,dCASP1-55 first regulatory approval or market launch year in acute myeloid leukemia,dCASP1-55 AML regulatory approval || dCASP1-55 AML market launch || dCASP1-55 University of Cincinnati AML clinical development,5,Circulars & Announcements-CStone Pharmaceuticals,https://www.cstonepharma.com/en/relation/notice15.html,cstonepharma.com,2025-01-01,Select “Accept all” for giving your consent to all cookies or select “Reject all” for using only strictly necessary cookies.,,,
q049-batch,q049,ABSK131 in vivo single-agent monotherapy tumour growth inhibition TGI tumour regression or shrinkage in MTAP-Deleted KRAS G12D-Mutated Pancreatic Ductal Adenocarcinoma animal models,ABSK131 SU.86.86 monotherapy TGI || ABSK131 PDAC xenograft monotherapy tumour regression || ABSK131 KRAS G12D PDAC in vivo monotherapy || ABSK131 MTAP-deleted pancreatic xenograft tumour volume,1,"MTA-PRMT5 - Drugs, Indications, Patents",https://synapse.patsnap.com/target/7a68e99130134dbc9048af6318b6a4c9,synapse.patsnap.com,,"Results were shared for ABSK112 (EGFR exon20ins inhibitor), ABSK131 (PRMT5*MTA inhibitor), and ABK-KRAS-1 (pan-KRAS inhibitor), as well as results from a study investigating potential resistance mechanisms to KRAS G12C inhibitors. ... These strategies may restore sensitivity to KRAS G12C inhibitors ",,,
q049-batch,q049,ABSK131 in vivo single-agent monotherapy tumour growth inhibition TGI tumour regression or shrinkage in MTAP-Deleted KRAS G12D-Mutated Pancreatic Ductal Adenocarcinoma animal models,ABSK131 SU.86.86 monotherapy TGI || ABSK131 PDAC xenograft monotherapy tumour regression || ABSK131 KRAS G12D PDAC in vivo monotherapy || ABSK131 MTAP-deleted pancreatic xenograft tumour volume,2,ABSK131 / Abbisko - LARVOL DELTA,https://delta.larvol.com/Products/?ProductId=77f15c4a-7852-4271-a722-b1143fb00c80,delta.larvol.com,,"/ Abbisko ... - ""In KRAS-mutant and MTAP-deleted models, ABSK131 led to robust tumor growth inhibition when combined with KRAS G12C inhibitor AMG510 or KRAS G12D inhibitor ABSK141. ... (AACR 2026) ... - ""ABSK131 exhibits strong anti-tumor activity in MTAP-deleted lung and pancreatic cancer models an",,,
q049-batch,q049,ABSK131 in vivo single-agent monotherapy tumour growth inhibition TGI tumour regression or shrinkage in MTAP-Deleted KRAS G12D-Mutated Pancreatic Ductal Adenocarcinoma animal models,ABSK131 SU.86.86 monotherapy TGI || ABSK131 PDAC xenograft monotherapy tumour regression || ABSK131 KRAS G12D PDAC in vivo monotherapy || ABSK131 MTAP-deleted pancreatic xenograft tumour volume,3,Kras G12d,https://www.tandfonline.com/doi/full/10.2147/DDDT.S559325,tandfonline.com,2026-03-27,"Preclinical models and early-phase clinical trials demonstrate meaningful antitumor activity, with emerging evidence of tumor microenvironment remodeling and delayed resistance. ... The *KRAS* G12D mutation is the most prevalent *KRAS* alteration in pancreatic cancer, making it a central focus of on",,,
q049-batch,q049,ABSK131 in vivo single-agent monotherapy tumour growth inhibition TGI tumour regression or shrinkage in MTAP-Deleted KRAS G12D-Mutated Pancreatic Ductal Adenocarcinoma animal models,ABSK131 SU.86.86 monotherapy TGI || ABSK131 PDAC xenograft monotherapy tumour regression || ABSK131 KRAS G12D PDAC in vivo monotherapy || ABSK131 MTAP-deleted pancreatic xenograft tumour volume,4,"AACR 2026 | Abbisko Therapeutics Showcases Six Research Advances Highlighting pan-KRAS, 4th Generation EGFR, and Synthetic Lethality Approaches",https://www.biospace.com/press-releases/aacr-2026-abbisko-therapeutics-showcases-six-research-advances-highlighting-pan-kras-4th-generation-egfr-and-synthetic-lethality-approaches,biospace.com,2026-04-23,"**MTA-cooperative PRMT5 inhibitor ABSK131** ABSK131 is a potent and selective small-molecule MTA-cooperative PRMT5 inhibitor developed by Abbisko Therapeutics, targeting MTAP-deleted tumors, and is currently in clinical development.",,,
q049-batch,q049,ABSK131 in vivo single-agent monotherapy tumour growth inhibition TGI tumour regression or shrinkage in MTAP-Deleted KRAS G12D-Mutated Pancreatic Ductal Adenocarcinoma animal models,ABSK131 SU.86.86 monotherapy TGI || ABSK131 PDAC xenograft monotherapy tumour regression || ABSK131 KRAS G12D PDAC in vivo monotherapy || ABSK131 MTAP-deleted pancreatic xenograft tumour volume,5,Pan-cancer clinical and molecular landscape of MTAP ...,https://www.sciencedirect.com/science/article/pii/S2059702925004041,sciencedirect.com,,These cookies allow us to count visits and traffic sources so we can measure and improve the performance of our site.,,,
q050-batch,q050,ONC201/dordaviprone in vivo monotherapy tumour growth inhibition TGI tumour regression tumour shrinkage in Pancreatic ductal adenocarcinoma animal models,ONC201/dordaviprone PDAC monotherapy xenograft tumour growth inhibition,1,"Oncoceutics, Inc. - 新药情报- 智慧芽",https://synapse.zhihuiya.com/organization/a5bf4297675f2f507f28f8f8d99e6f95,synapse.zhihuiya.com,,"ONC201 monotherapy was well tolerated and exhibited durable and clinically meaningful efficacy in recurrent H3 K27M–mutant DMG. ... Combination of ONC201 and TLY012 induces selective, synergistic apoptosis in vitro and significantly delays PDAC xenograft growth in vivo ... *In vivo* experiments usin",,,
q050-batch,q050,ONC201/dordaviprone in vivo monotherapy tumour growth inhibition TGI tumour regression tumour shrinkage in Pancreatic ductal adenocarcinoma animal models,ONC201/dordaviprone PDAC monotherapy xenograft tumour growth inhibition,2,Preclinical efficacy and mechanism of action of dordaviprone in H3 K27M-mutant diffuse glioma,https://academic.oup.com/neuro-onc-peds/article/2/3/wuag033/8750125?searchresult=1,academic.oup.com,2026-07-08,"Single-agent dordaviprone inhibited tumor growth and/or improved survival in vivo in multiple H3 K27M-mutant diffuse glioma models, including intracranial, patient-derived xenografts, immune-competent, and genetically engineered mouse models. ... ^1^^,^^2^ In vitro experiments in cell lines and pati",,,
q050-batch,q050,ONC201/dordaviprone in vivo monotherapy tumour growth inhibition TGI tumour regression tumour shrinkage in Pancreatic ductal adenocarcinoma animal models,ONC201/dordaviprone PDAC monotherapy xenograft tumour growth inhibition,3,Preclinical efficacy and mechanism of action of dordaviprone in H3 ...,https://academic.oup.com/neuro-onc-peds/article/2/3/wuag033/8750125,academic.oup.com,2026-07-08,"Single-agent dordaviprone inhibited tumor growth and/or improved survival in vivo in multiple H3 K27M-mutant diffuse glioma models, including intracranial, patient-derived xenografts, immune-competent, and genetically engineered mouse models. ... ^1^^,^^2^ In vitro experiments in cell lines and pati",,,
q050-batch,q050,ONC201/dordaviprone in vivo monotherapy tumour growth inhibition TGI tumour regression tumour shrinkage in Pancreatic ductal adenocarcinoma animal models,ONC201/dordaviprone PDAC monotherapy xenograft tumour growth inhibition,4,Dordaviprone/ONC201 Activation of the ClpP Mitochondrial ... - PMC,https://pmc.ncbi.nlm.nih.gov/articles/PMC12822620/,pmc.ncbi.nlm.nih.gov,2025-12-03,"**It has not yet been peer reviewed by a journal.** ... # Dordaviprone/ONC201 Activation of the ClpP Mitochondrial Protease Inhibits the Growth of KRAS-Mutant Pancreatic Cancer and Overcomes RAS Inhibitor Resistance ... To identify potential combination strategies, we first assessed the ability of d",,,
q050-batch,q050,ONC201/dordaviprone in vivo monotherapy tumour growth inhibition TGI tumour regression tumour shrinkage in Pancreatic ductal adenocarcinoma animal models,ONC201/dordaviprone PDAC monotherapy xenograft tumour growth inhibition,5,dordaviprone (ONC201),https://drughunter.com/molecule/dordaviprone-onc201,drughunter.com,2025-10-10,"A first-in-class, oral, brain-penetrant imipridone, dordaviprone combines mitochondrial ClpP hyperactivation with D2R antagonism, dual mechanisms implicated in anti-tumor activity across glioma models.",,,
q051-batch,q051,DWP216 in vivo monotherapy tumour growth inhibition TGI tumour regression tumour shrinkage in KRAS G12C Pancreatic Ductal Adenocarcinoma animal models,DWP216 KRAS G12C pancreatic ductal adenocarcinoma monotherapy xenograft tumour growth inhibition regression,1,Key Considerations for Targeting KRAS in Pancreatic Cancer - PMC,https://pmc.ncbi.nlm.nih.gov/articles/PMC13037533/,pmc.ncbi.nlm.nih.gov,2026-03-27,"|Divarasib (GDC-6036)|Covalent KRAS G12C inhibitor|Phase 1|Basket trial with advanced/solid malignancies; PR 36% (8/22 non-NSCLC/CRC patients, 3 with PDAC); Grade ≥3 TRAEs in 12%; no fatal TRAEs, discontinuation in 3%|",,,
q051-batch,q051,DWP216 in vivo monotherapy tumour growth inhibition TGI tumour regression tumour shrinkage in KRAS G12C Pancreatic Ductal Adenocarcinoma animal models,DWP216 KRAS G12C pancreatic ductal adenocarcinoma monotherapy xenograft tumour growth inhibition regression,2,Modeling response to the KRAS-G12C inhibitor AZD4625 in KRAS G12C NSCLC patient-derived xenografts reveals insights into primary resistance mechanisms,https://www.nature.com/articles/s41416-025-03216-w,nature.com,2025-10-11,"To ensure reproducibility of G12Ci sensitivity in vivo, NCI-H358 cell-derived xenografts were treated with AZD4625, which led to stable disease (Supplemental Fig. S1D). Also, the PDX PHLC207 was treated with AZD4625 or sotorasib for 4 weeks (Fig. 1e). Both monotherapies led to similar tumour regress",,,
q051-batch,q051,DWP216 in vivo monotherapy tumour growth inhibition TGI tumour regression tumour shrinkage in KRAS G12C Pancreatic Ductal Adenocarcinoma animal models,DWP216 KRAS G12C pancreatic ductal adenocarcinoma monotherapy xenograft tumour growth inhibition regression,3,"KRAS G12C Inhibitors: Clinical Progress, Resistance Mechanisms ...",https://www.noah.bio/insight/b8ec81a6-15df-415b-8981-2cf19f47a6e0,noah.bio,,"|Olomorasib (prior KRAS G12Ci)|LOXO-RAS-20001|I/II|Prior-KRAS G12C inhibitor NSCLC|41–42|NR|8.1–8.2|NR|No grade ≥3 in toxicity-related discontinuations| ... In PDAC specifically, KRAS G12C monotherapy with adagrasib or sotorasib has shown ORRs of approximately 21–33% and PFS of 4.0–5.4 months—meanin",,,
q051-batch,q051,DWP216 in vivo monotherapy tumour growth inhibition TGI tumour regression tumour shrinkage in KRAS G12C Pancreatic Ductal Adenocarcinoma animal models,DWP216 KRAS G12C pancreatic ductal adenocarcinoma monotherapy xenograft tumour growth inhibition regression,4,Targeting KRAS for the potential treatment of pancreatic ductal adenocarcinoma: Recent advancements provide hope (Review),https://www.spandidos-publications.com/10.3892/or.2023.8643?text=fulltext,spandidos-publications.com,2023-11-01,"While preclinical studies showed promising results, clinical data using the inhibitors alone and in combination with other standard therapies have shown limited practicality, largely due to the lack of efficacy and dose‑limiting toxicities. ... MK-2206, a novel AKT inhibitor, inhibited in vitro prol",,,
q051-batch,q051,DWP216 in vivo monotherapy tumour growth inhibition TGI tumour regression tumour shrinkage in KRAS G12C Pancreatic Ductal Adenocarcinoma animal models,DWP216 KRAS G12C pancreatic ductal adenocarcinoma monotherapy xenograft tumour growth inhibition regression,5,Targeting KRAS in pancreatic cancer - PMC - NIH,https://pmc.ncbi.nlm.nih.gov/articles/PMC11055996/,pmc.ncbi.nlm.nih.gov,2024-04-23,"First data demonstrated significant activity in PDAC, with 6/8 patients exhibiting stable disease and three showing a 30% reduction at 4.3 months median follow-up [33]. ... MRTX1133 exhibits single-digit nanomolar activity in cellular tests, suppresses KRAS G12D signaling and it showed high antitumo",,,
q052-batch,q052,"HM100714 in vivo efficacy in combination with another agent in Head and Neck Squamous Cell Carcinoma, including the combination partner",HM100714 HNSCC combination in vivo efficacy || HM100714 head and neck squamous cell carcinoma xenograft combination || HM100714 combination partner xenograft || HM100714 AACR HNSCC combination || HM100714 cisplatin or pembrolizumab HNSCC,1,Hanmi Records Highest Number of AACR Presentations ...,https://hanmipharm.com/about/investor-relations/press/detail-3962.hm,hanmipharm.com,2026-04-06,"The company will also unveil research on its oral targeted therapy candidate, the selective HER2 inhibitor (HM100714), which is under development to treat HER2-mutant cancers.",,,
q052-batch,q052,"HM100714 in vivo efficacy in combination with another agent in Head and Neck Squamous Cell Carcinoma, including the combination partner",HM100714 HNSCC combination in vivo efficacy || HM100714 head and neck squamous cell carcinoma xenograft combination || HM100714 combination partner xenograft || HM100714 AACR HNSCC combination || HM100714 cisplatin or pembrolizumab HNSCC,2,"“비만 넘어 항암으로 혁신 확장”…한미, AACR서 차세대 신약 대거 공개",https://www.hanmi.co.kr/about/news-media/press/detail-4042.hm,hanmi.co.kr,2026-04-28,"HM100714는 HER2 변이 암에서 강력한 항암 효능과 함께 낮은 EGFR(표피 성장인자 수용체) 관련 독성을 바탕으로, 엔허투 내성 이종이식 마우스 모델에서 항종양 활성이 확인됐고, 뇌 및 연수막 전이 모델에서도 우수한 효능과 양호한 안전성 프로파일을 나타냈다.",,,
q052-batch,q052,"HM100714 in vivo efficacy in combination with another agent in Head and Neck Squamous Cell Carcinoma, including the combination partner",HM100714 HNSCC combination in vivo efficacy || HM100714 head and neck squamous cell carcinoma xenograft combination || HM100714 combination partner xenograft || HM100714 AACR HNSCC combination || HM100714 cisplatin or pembrolizumab HNSCC,3,"“비만 넘어 항암으로 혁신 넓힌다”…한미, AACR서 국내 최다 연구성과 발표 | 한미약품",https://www.hanmi.co.kr/about/news-media/press/detail-1862.hm,hanmi.co.kr,2025-04-14,또 한미약품은 HER2 변이암에 대한 경구용 치료제로 개발 중인 ‘선택적 HER2 저해제(HM100714)’의 중추신경계 종양에 대한 항암 효력과 엔허투 내성 극복에 대한 연구 결과를 공개한다.,,,
q052-batch,q052,"HM100714 in vivo efficacy in combination with another agent in Head and Neck Squamous Cell Carcinoma, including the combination partner",HM100714 HNSCC combination in vivo efficacy || HM100714 head and neck squamous cell carcinoma xenograft combination || HM100714 combination partner xenograft || HM100714 AACR HNSCC combination || HM100714 cisplatin or pembrolizumab HNSCC,4,"“탄탄한 근거 중심 R&D 집중”…한미약품, AACR서 국내 최다 ...",https://www.hanmi.co.kr/about/news-media/press/detail-3942.hm,hanmi.co.kr,2026-04-06,"또 한미약품은 HER2 변이 암 치료 목표로 개발 중인 경구용 표적항암 신약 ‘선택적 HER2 저해제(HM100714)’와 관련, 인공지능(AI) 기반 최신 분석 기술을 활용해 최적 적응증을 도출한 연구 결과를 공개한다.",,,
q052-batch,q052,"HM100714 in vivo efficacy in combination with another agent in Head and Neck Squamous Cell Carcinoma, including the combination partner",HM100714 HNSCC combination in vivo efficacy || HM100714 head and neck squamous cell carcinoma xenograft combination || HM100714 combination partner xenograft || HM100714 AACR HNSCC combination || HM100714 cisplatin or pembrolizumab HNSCC,5,Immunotherapy and Biomarker Testing in Recurrent and Metastatic Head and Neck Cancers: ASCO Guideline,https://ascopubs.org/doi/pdfdirect/10.1200/JCO.22.02328,ascopubs.org,,"Recommendation 2.1. Pembrolizumab monotherapy or pembrolizumab, platinum, and fluorouracil should be offered as first- line treatment for patients with recurrent or metastatic HNSCC with a CPS $ 1 (Type: Evidence based, benefits outweigh harms; Evidence quality: High; Strength of recommendation: Str",,,
q053-batch,q053,ADT-1004 in vivo single-agent monotherapy tumour growth inhibition TGI tumour regression or shrinkage in Pancreatic ductal adenocarcinoma animal models,ADT-1004 quantitative tumour growth inhibition percentage PDAC monotherapy || ADT-1004 tumour regression percentage MIA PaCa-2 xenograft || ADT-1004 KRAS G12D PDX tumour shrinkage monotherapy || ADT-1004 KPC orthotopic tumour volume change day 27 || ADT-1004 MIA-AMG-R xenograft final tumour volume monotherapy,1,"ADT-1004: a first-in-class, oral pan-RAS inhibitor with robust ...",https://link.springer.com/article/10.1186/s12943-025-02288-9?error=cookies_not_supported&code=d921b7d0-2285-448c-af48-bb748e5ce2b0,link.springer.com,2025-03-13,"ADT-1004 potently blocked tumor growth and RAS activation in mouse PDAC models without discernable toxicity with target engagement and reduced activated RAS and ERK phosphorylation. In addition, ADT-1004 suppressed tumor growth in PDX PDAC models with KRAS^G12D^, KRAS^G12V^, KRAS^G12C^, or KRAS^G13Q",,,
q053-batch,q053,ADT-1004 in vivo single-agent monotherapy tumour growth inhibition TGI tumour regression or shrinkage in Pancreatic ductal adenocarcinoma animal models,ADT-1004 quantitative tumour growth inhibition percentage PDAC monotherapy || ADT-1004 tumour regression percentage MIA PaCa-2 xenograft || ADT-1004 KRAS G12D PDX tumour shrinkage monotherapy || ADT-1004 KPC orthotopic tumour volume change day 27 || ADT-1004 MIA-AMG-R xenograft final tumour volume monotherapy,2,"ADT-1004: a first-in-class, oral pan-RAS inhibitor with ... - PubMed",https://pubmed.ncbi.nlm.nih.gov/40082968/?fc=20250217093552&ff=20250316024649&v=2.18.0.post9+e462414,pubmed.ncbi.nlm.nih.gov,2025-03-13,"We developed a novel pan-RAS inhibitor, ADT-1004 (an oral prodrug of ADT-007) and evaluated antitumor activity in murine and human PDAC models. ... To assess potential to overcome RAS inhibitor resistance, parental and resistant MIA PaCa-2 PDAC cells (KRAS^G12C^ mutation) were implanted subcutaneous",,,
q053-batch,q053,ADT-1004 in vivo single-agent monotherapy tumour growth inhibition TGI tumour regression or shrinkage in Pancreatic ductal adenocarcinoma animal models,ADT-1004 quantitative tumour growth inhibition percentage PDAC monotherapy || ADT-1004 tumour regression percentage MIA PaCa-2 xenograft || ADT-1004 KRAS G12D PDX tumour shrinkage monotherapy || ADT-1004 KPC orthotopic tumour volume change day 27 || ADT-1004 MIA-AMG-R xenograft final tumour volume monotherapy,3,Kras G12d,https://www.tandfonline.com/doi/full/10.2147/DDDT.S559325,tandfonline.com,2026-03-27,"Early clinical trials of targeted therapies have shown encouraging results, including tumor shrinkage and disease control in some patients. ... Preliminary results presented at ASCO 2025 from the G12D–mutant PDAC cohort (40 evaluable patients) demonstrated encouraging antitumor activity, with an ORR",,,
q053-batch,q053,ADT-1004 in vivo single-agent monotherapy tumour growth inhibition TGI tumour regression or shrinkage in Pancreatic ductal adenocarcinoma animal models,ADT-1004 quantitative tumour growth inhibition percentage PDAC monotherapy || ADT-1004 tumour regression percentage MIA PaCa-2 xenograft || ADT-1004 KRAS G12D PDX tumour shrinkage monotherapy || ADT-1004 KPC orthotopic tumour volume change day 27 || ADT-1004 MIA-AMG-R xenograft final tumour volume monotherapy,4,"Adt-1004: A First-in-Class, Orally Bioavailable Selective ...",https://augusta.elsevierpure.com/en/publications/adt-1004-a-first-in-class-orally-bioavailable-selective-pan-ras-i/fingerprints/,augusta.elsevierpure.com,,### Keyphrases - Tumor 100% ... - Pancreatic Ductal Adenocarcinoma 100% ... - PDAC Cells 75% - Tumor Growth 50% - Antitumor Activity 50% ... - Pancreas Adenocarcinoma 100% - Tumor Growth 66%,,,
q053-batch,q053,ADT-1004 in vivo single-agent monotherapy tumour growth inhibition TGI tumour regression or shrinkage in Pancreatic ductal adenocarcinoma animal models,ADT-1004 quantitative tumour growth inhibition percentage PDAC monotherapy || ADT-1004 tumour regression percentage MIA PaCa-2 xenograft || ADT-1004 KRAS G12D PDX tumour shrinkage monotherapy || ADT-1004 KPC orthotopic tumour volume change day 27 || ADT-1004 MIA-AMG-R xenograft final tumour volume monotherapy,5,"ADT-007 / ADT Pharma, ChemomAb",https://delta.larvol.com/Products/?ProductId=6ac1f0ab-2853-4944-b164-e472fe11819b,delta.larvol.com,,"Consistent with resistance experiments, ADT-1004 displayed superior efficacy than sotorasib or adagrasib in a xenograft model using a resistant MIA-PaCa-2. These findings support further development of ADT-1004 that holds promise for broad and durable efficacy against RAS-driven cancers."" ... These ",,,
q054-batch,q054,"DWP216 in vivo animal models and results: cell-line xenograft (CDX), patient-derived xenograft (PDX), syngeneic, orthotopic, or genetically engineered models",DWP216 HNSCC in vivo xenograft monotherapy || DWP216 NCI-H1373 monotherapy tumour volume || DWP216 pancreatic cancer PDX syngeneic orthotopic || DWP216 CAPAN-1 xenograft monotherapy 1200 mm3 || DWP216 genetically engineered mouse model,1,"[PDF] Development of DWP216, a TEAD1 selective inhibitor for NF2 ...",https://www.kddf.org/upload/files/1737437863_554b09394faaeee65d0a.pdf,kddf.org,,"TEAD1 selective inhibitors, on the other hand, lack sufficient potency. • ‌In an in vivo mouse model, DWP216 is superior to a TEAD1 selective  inhibitor, with tumor inhibition equivalent to a pan-TEAD inhibitor.",,,
q054-batch,q054,"DWP216 in vivo animal models and results: cell-line xenograft (CDX), patient-derived xenograft (PDX), syngeneic, orthotopic, or genetically engineered models",DWP216 HNSCC in vivo xenograft monotherapy || DWP216 NCI-H1373 monotherapy tumour volume || DWP216 pancreatic cancer PDX syngeneic orthotopic || DWP216 CAPAN-1 xenograft monotherapy 1200 mm3 || DWP216 genetically engineered mouse model,2,Patient Derived Xenograft,https://tumor.informatics.jax.org/mtbwi/pdxSearch.do,tumor.informatics.jax.org,,Patient-Derived Xenografts (PDX) are generated through the engraftment and passaging of tissue or cells from a patient's tumor into an immunodeficient or humanized mouse host. PDX models are an in vivo platform for cancer biology research and for pre-clinical testing of cancer drug efficacy.,,,
q054-batch,q054,"DWP216 in vivo animal models and results: cell-line xenograft (CDX), patient-derived xenograft (PDX), syngeneic, orthotopic, or genetically engineered models",DWP216 HNSCC in vivo xenograft monotherapy || DWP216 NCI-H1373 monotherapy tumour volume || DWP216 pancreatic cancer PDX syngeneic orthotopic || DWP216 CAPAN-1 xenograft monotherapy 1200 mm3 || DWP216 genetically engineered mouse model,3,pan-TEAD inhib News,https://sigma.larvol.com/moa.php?MoaId=1032265&tab=newstrac,sigma.larvol.com,2024-11-14,"In conclusion, DWP216 is a promising TEAD1 selective inhibitor for NF2 mutant tumor and may be a proper option for drug-resistance of targeted therapy.",,,
q054-batch,q054,"DWP216 in vivo animal models and results: cell-line xenograft (CDX), patient-derived xenograft (PDX), syngeneic, orthotopic, or genetically engineered models",DWP216 HNSCC in vivo xenograft monotherapy || DWP216 NCI-H1373 monotherapy tumour volume || DWP216 pancreatic cancer PDX syngeneic orthotopic || DWP216 CAPAN-1 xenograft monotherapy 1200 mm3 || DWP216 genetically engineered mouse model,4,Resource Page,https://www.wagnerlab.net/resource-page,wagnerlab.net,,This page lists genetically engineered mouse models generated and published by our team and how to obtain them from public repositories (links to repositories not shown on the mobile page).,,,
q054-batch,q054,"DWP216 in vivo animal models and results: cell-line xenograft (CDX), patient-derived xenograft (PDX), syngeneic, orthotopic, or genetically engineered models",DWP216 HNSCC in vivo xenograft monotherapy || DWP216 NCI-H1373 monotherapy tumour volume || DWP216 pancreatic cancer PDX syngeneic orthotopic || DWP216 CAPAN-1 xenograft monotherapy 1200 mm3 || DWP216 genetically engineered mouse model,5,{{ngMeta['og:title']}},https://bio.tools/pdxnet_portal,bio.tools,,This is a development version of the registry. There is no guarantee that the data entered here will be preserved in the future.,,,
q055-batch,q055,"DB-1305/Anti-PD-L1/VEGF Bispecific Antibody patients studied in Recurrent or Disseminated HNSCC (Oral Cavity/Oropharynx/Hypopharynx/Larynx), Incurable by Local Therapies trials: biomarker selection, disease severity, line of therapy, and required prior treatment",DB-1305 recurrent metastatic HNSCC prior treatment line of therapy || DB-1305 HNSCC PD-L1 biomarker eligibility || DB-1305 HNSCC ECOG measurable disease inclusion criteria,1,"PD-1, PD-L1: Head and Neck Cancer",https://www.ons.org/clinical-tools/biomarkers/head-and-neck-cancer/pd-1-pd-l1,ons.org,2024-11-25,PD-L1 is a predictive biomarker.** ** PD-L1 positivity of greater than 1% or CPS of 1 or greater indicates potential response to immune checkpoint inhibitors [2]. PD-L1 is also a prognostic biomarker. ... #### Pembrolizumab (Keytruda®) Anti-PD1 antibody - Indicated in combination with platinum and f,,,
q055-batch,q055,"DB-1305/Anti-PD-L1/VEGF Bispecific Antibody patients studied in Recurrent or Disseminated HNSCC (Oral Cavity/Oropharynx/Hypopharynx/Larynx), Incurable by Local Therapies trials: biomarker selection, disease severity, line of therapy, and required prior treatment",DB-1305 recurrent metastatic HNSCC prior treatment line of therapy || DB-1305 HNSCC PD-L1 biomarker eligibility || DB-1305 HNSCC ECOG measurable disease inclusion criteria,2,Assessing PD-L1 Expression in Head and Neck Squamous ...,https://pmc.ncbi.nlm.nih.gov/articles/PMC10739626/,pmc.ncbi.nlm.nih.gov,2023-11-06,PD-L1 expression assessed by immunohistochemistry is the single most clinically relevant biomarker predicting response to PD-1-blocking antibodies. ... The palliative treatment of unresectable locally recurrent or metastatic (R/M) HNSCC has recently been improved with the introduction of the immune ,,,
q055-batch,q055,"DB-1305/Anti-PD-L1/VEGF Bispecific Antibody patients studied in Recurrent or Disseminated HNSCC (Oral Cavity/Oropharynx/Hypopharynx/Larynx), Incurable by Local Therapies trials: biomarker selection, disease severity, line of therapy, and required prior treatment",DB-1305 recurrent metastatic HNSCC prior treatment line of therapy || DB-1305 HNSCC PD-L1 biomarker eligibility || DB-1305 HNSCC ECOG measurable disease inclusion criteria,3,DB-1311 in Combination With BNT327 or DB-1305 ...,https://www.uclahealth.org/clinical-trials/db-1311-combination-with-bnt327-or-db-1305,uclahealth.org,,"- For HNSCC patients: Histologically or cytologically confirmed recurrent (recurrent disease that is not amendable to curative treatment with local/ or systemic therapies)/ (disseminated) HNSCC of the oral cavity, oropharynx, hypopharynx, and larynx that is considered incurable by local therapies. .",,,
q055-batch,q055,"DB-1305/Anti-PD-L1/VEGF Bispecific Antibody patients studied in Recurrent or Disseminated HNSCC (Oral Cavity/Oropharynx/Hypopharynx/Larynx), Incurable by Local Therapies trials: biomarker selection, disease severity, line of therapy, and required prior treatment",DB-1305 recurrent metastatic HNSCC prior treatment line of therapy || DB-1305 HNSCC PD-L1 biomarker eligibility || DB-1305 HNSCC ECOG measurable disease inclusion criteria,4,First-in-human Study of DB-1305/BNT325 for... | Clinical Trial,https://trial.medpath.com/clinical-trial/7a3097cbb8397dc7/nct05438329-db-1305-advanced-metastatic-solid-tumors,trial.medpath.com,2026-05-12,"This study will enroll subjects with advanced/unresectable, recurrent, or metastatic malignant solid tumors. ... ### Inclusion Criteria - •Male or female adults (defined as ≥ 18 years of age or acceptable age according to local regulations at the time of voluntarily signing of informed consent). - •",,,
q055-batch,q055,"DB-1305/Anti-PD-L1/VEGF Bispecific Antibody patients studied in Recurrent or Disseminated HNSCC (Oral Cavity/Oropharynx/Hypopharynx/Larynx), Incurable by Local Therapies trials: biomarker selection, disease severity, line of therapy, and required prior treatment",DB-1305 recurrent metastatic HNSCC prior treatment line of therapy || DB-1305 HNSCC PD-L1 biomarker eligibility || DB-1305 HNSCC ECOG measurable disease inclusion criteria,5,Immunotherapy and Biomarker Testing in Recurrent and Metastatic Head and Neck Cancers: ASCO Guideline,https://ascopubs.org/doi/pdfdirect/10.1200/JCO.22.02328,ascopubs.org,,"Patients with HNSCC commonly present with locoregionally advanced disease and often receive multimodality treatments, including surgery, radiation therapy, and/or chemotherapy. Although cisplatin is the most commonly used chemotherapy, the choice of chemotherapy depends on several factors, including",,,
q056-batch,q056,"MNPS Asset planned or expected data readouts, regulatory submissions, regulatory decisions, and expected timing in Head and Neck Cancer",MNPS Asset first-line recurrent metastatic head and neck cancer data readout || MNPS Asset head and neck cancer regulatory submission || MNPS Asset head and neck cancer regulatory decision,1,Internal Server Error,https://cdas.cancer.gov/approved-projects/5003/,cdas.cancer.gov,,"Please contact the server administrator at webcontacts@imsweb.com to inform them of the time this error occurred, and the actions you performed just before this error.",,,
q056-batch,q056,"MNPS Asset planned or expected data readouts, regulatory submissions, regulatory decisions, and expected timing in Head and Neck Cancer",MNPS Asset first-line recurrent metastatic head and neck cancer data readout || MNPS Asset head and neck cancer regulatory submission || MNPS Asset head and neck cancer regulatory decision,2,Search Page - Drug and Health Product Register,https://hpr-rps.hres.ca/reg-content/regulatory-decision-summary.php,hpr-rps.hres.ca,2014-10-23,## Regulatory Decision Summary Search All Regulatory Decision Summaries - **Date modified:** 2016-04-13,,,
q056-batch,q056,"MNPS Asset planned or expected data readouts, regulatory submissions, regulatory decisions, and expected timing in Head and Neck Cancer",MNPS Asset first-line recurrent metastatic head and neck cancer data readout || MNPS Asset head and neck cancer regulatory submission || MNPS Asset head and neck cancer regulatory decision,3,Live Head And Neck Cancer updates,https://www.miragenews.com/tag/head-and-neck-cancer/,miragenews.com,2026-10-02,Live Head And Neck Cancer news coverage of developments with the latest updates.,,,
q056-batch,q056,"MNPS Asset planned or expected data readouts, regulatory submissions, regulatory decisions, and expected timing in Head and Neck Cancer",MNPS Asset first-line recurrent metastatic head and neck cancer data readout || MNPS Asset head and neck cancer regulatory submission || MNPS Asset head and neck cancer regulatory decision,4,Regulatory Decision Summaries - Drug and Health Product Register,https://hpr-rps.hres.ca/reg-content/regulatory-decision-summary-result.php?lang=en&term=,hpr-rps.hres.ca,2014-10-23,Below are the results for Regulatory Decision Summaries. - Download excel ... 2016-04-13,,,
q056-batch,q056,"MNPS Asset planned or expected data readouts, regulatory submissions, regulatory decisions, and expected timing in Head and Neck Cancer",MNPS Asset first-line recurrent metastatic head and neck cancer data readout || MNPS Asset head and neck cancer regulatory submission || MNPS Asset head and neck cancer regulatory decision,5,Nasopharyngeal Carcinoma...,https://datalookout.com/head-neck-cancer-clinical-trials,datalookout.com,,The checkpoint immunotherapy era transformed recurrent/metastatic HNSCC: pembrolizumab (Keytruda) is FDA-approved as first-line monotherapy for high CPS scores and in combination with chemotherapy for all-comers; nivolumab (Opdivo) is approved in platinum-refractory disease. ... |NCT06589804|Cetuxim,,,
q057-batch,q057,CNP200137 first regulatory approval or market launch year for acute myeloid leukemia,CNP200137 regulatory approval AML || CNP200137 market launch AML,1,"Menin Inhibitor Drug Development Pipeline: AML, Diabetes ...",https://www.inflectionlabs.bio/reports/menin-inhibitor-pipeline,inflectionlabs.bio,,"**3. CNP200137 (CoBX Bio, Pharos iBio)** This is a pre-clinical stage, next-generation menin inhibitor that is designed to address menin resistance challenges.^[58]^ CNP200137 may well be the same molecule as CXB-001 with a different name, or a completely separate molecule being developed by the sam",,,
q057-batch,q057,CNP200137 first regulatory approval or market launch year for acute myeloid leukemia,CNP200137 regulatory approval AML || CNP200137 market launch AML,2,Oncology (Cancer)/Hematologic Malignancies Approval ...,https://www.fda.gov/drugs/resources-information-approved-drugs/oncology-cancerhematologic-malignancies-approval-notifications,fda.gov,2026-09-24,"venetoclax for newly diagnosed acute myeloid leukemia|On May 13, 2026, the Food and Drug Administration approved an oral combination of decitabine and cedazuridine tablets (Inqovi, Taiho Oncology, Inc.) with venetoclax for the treatment of newly diagnosed acute myeloid leukemia (AML) in adults 75 ye",,,
q057-batch,q057,CNP200137 first regulatory approval or market launch year for acute myeloid leukemia,CNP200137 regulatory approval AML || CNP200137 market launch AML,3,555 Security Incident Detected,https://2npharma.com/category/press-releases/page/4,2npharma.com,,You can see the detailed reason for this in your webserver logs.,,,
q057-batch,q057,CNP200137 first regulatory approval or market launch year for acute myeloid leukemia,CNP200137 regulatory approval AML || CNP200137 market launch AML,4,520: Web server is returning an unknown error,https://www.q-depot.com/blog/cnp-laboratory,q-depot.com,,Please include the Ray ID (which is at the bottom of this error page).,,,
q057-batch,q057,CNP200137 first regulatory approval or market launch year for acute myeloid leukemia,CNP200137 regulatory approval AML || CNP200137 market launch AML,5,"Acute Myeloid Leukemia: 2025 Update on Diagnosis, Risk-Stratification, and Management",https://onlinelibrary.wiley.com/doi/full/10.1002/ajh.27625,onlinelibrary.wiley.com,2025-05-01,"The FDA approved revumenib (SNDX−5613) for R/R *KMT2A* rearranged AML based on the results of AUGMENT-101, a phase I single agent clinical trial in *KMT2A*-rearranged and *NPM1*-mutated R/R AML [221].",,,
q058-batch,q058,"HEC234055 in vivo efficacy in combination with another agent in Pancreatic Ductal Adenocarcinoma, including the combination partner",HEC234055 combination pancreatic ductal adenocarcinoma in vivo || HEC234055 combination partner PDAC xenograft || HEC234055 AACR 2026 combination efficacy,1,C262019A_Sunshine Pharma 1..4,https://www.hkexnews.hk/listedco/listconews/sehk/2026/0423/2026042301900_c.pdf,hkexnews.hk,,本集團欣然宣佈，於2026 年4 月17 日至22 日在美國加利福尼亞州聖地亞哥舉行的 ... 二、HEC234055 — 攻克「不可成藥」靶點的口服高活性Pan-RAS分子膠抑制劑（摘 要號#2634） ... 的口服高活性Pan-RAS 分子膠抑制劑，旨在廣譜覆蓋KRAS 多種突變及野生型 ... 亞納摩爾級細胞活性：在多種KRAS 突變驅動的癌細胞系中，其抗增殖活 性達到亞納摩爾級別，半抑制濃度（「IC50」）低至0.49 納摩爾（「n M」），顯 示出優於當前對標分子的強效抑制能力。 ... 顯著的體內療效：在多種KRAS 突變的異種移植瘤模型中（涵蓋胰腺癌、 肺癌及結直腸癌），口服給,,,
q058-batch,q058,"HEC234055 in vivo efficacy in combination with another agent in Pancreatic Ductal Adenocarcinoma, including the combination partner",HEC234055 combination pancreatic ductal adenocarcinoma in vivo || HEC234055 combination partner PDAC xenograft || HEC234055 AACR 2026 combination efficacy,2,"Sunshine Lake Pharma Co., Ltd. Showcases Three Innovative ...",https://www.marketscreener.com/news/sunshine-lake-pharma-co-ltd-showcases-three-innovative-oncology-drug-candidates-at-2026-aacr-annu-ce7f58d8dd8ffe27,marketscreener.com,2026-04-23,"At the 2026 Annual Meeting of the American Association for Cancer Research (AACR), held from 17 to 22 April 2026 in San Diego, California, USA, the Group presented the latest preclinical research results of three oncology pipeline candidates through three poster presentations. ... HEC234055 is an or",,,
q058-batch,q058,"HEC234055 in vivo efficacy in combination with another agent in Pancreatic Ductal Adenocarcinoma, including the combination partner",HEC234055 combination pancreatic ductal adenocarcinoma in vivo || HEC234055 combination partner PDAC xenograft || HEC234055 AACR 2026 combination efficacy,3,Combing Treatment for PDAC,https://public-pages-files-2025.frontiersin.org/journals/oncology/articles/10.3389/fonc.2020.01378/epub,public-pages-files-2025.frontiersin.org,,"H*WI#��U�4&��Y� i�ϐ�����4#ʹ �9i1H�.���%�'�H+miMZ�T҆���-i�u �H;--iO��9ҁt���#鈿'�H'��L:kKH�O%]IWW)ҍt��Hw�]=Cz��'�r��""���7��>�xI_��U��#��Gҟ�G�2@kF����Ad�@��8B��b��d��'F�)�p2\IF���d$�P2��R���d4NFƐ1�a2����82���'��d��L$�RJ�IdJN&��Z2�L�+�T2UkE��iZ2�L���2��d&�Mf�Y�l�/�A>#�)}�2�!��ϕ���%s���<2O9B����, p#��,TYD",,,
q058-batch,q058,"HEC234055 in vivo efficacy in combination with another agent in Pancreatic Ductal Adenocarcinoma, including the combination partner",HEC234055 combination pancreatic ductal adenocarcinoma in vivo || HEC234055 combination partner PDAC xenograft || HEC234055 AACR 2026 combination efficacy,4,AACR Annual Meeting 2026 – Post-event summary,https://www.insights.bio/bioinsights/journal/article/3821/aacr-annual-meeting-2026-postevent-summary-clinical-data-readouts-and-emerging-themes,insights.bio,2026-05-14,"TNG961 caused complete tumor regression in pancreatic and lung cancer models and demonstrated combinatorial activity with inhibitors targeting MTAP deletion, which frequently co-occurs.",,,
q058-batch,q058,"HEC234055 in vivo efficacy in combination with another agent in Pancreatic Ductal Adenocarcinoma, including the combination partner",HEC234055 combination pancreatic ductal adenocarcinoma in vivo || HEC234055 combination partner PDAC xenograft || HEC234055 AACR 2026 combination efficacy,5,東陽光薬（06887.HK）の3種類の創薬が2026年AACR年次総会で発表,https://www.moomoo.com/ja/news/post/68755580,moomoo.com,2026-04-23,グローベンター（格隆汇）4月23日付｜東陽光薬（06887. HK）は、2026年4月17日から22日まで米国カリフォルニア州サンディエゴで開催された2026年米国癌学会（AACR）年会上において、グループが3つのポスター発表形式で腫瘍 治療領域における3つの研究開発パイプライン（CDH17/4-1BB二重特異性抗体「HEC-922」、経口高活性Pan-RAS分子グリュー阻害剤「HEC234055」、経口低分子PD-L1阻害剤「HEC201625」）の最新前臨床研究成果を集中的に発表したことを発表しました。,,,
q059-batch,q059,"HEC234055 in vivo animal models and results: cell-line xenograft (CDX), patient-derived xenograft (PDX), syngeneic, orthotopic, genetically engineered models",HEC234055 HNSCC xenograft || HEC234055 PDX model || HEC234055 syngeneic model || HEC234055 orthotopic pancreatic model || HEC234055 genetically engineered mouse model,1,[PDF] E262019A_Sunshine Pharma 1..4 - HKEXnews,https://www1.hkexnews.hk/listedco/listconews/sehk/2026/0423/2026042301899.pdf,www1.hkexnews.hk,,"HEC234055 — Orally Available High-Activity Pan-RAS Molecular Glue Inhibitor Targeting the ‘‘Undruggable’’ (Abstract #2634) RAS gene mutations drive approximately one-quarter of human cancers, with common mutation subtypes such as KRAS G12D and G12V still representing significant unmet clinical needs",,,
q059-batch,q059,"HEC234055 in vivo animal models and results: cell-line xenograft (CDX), patient-derived xenograft (PDX), syngeneic, orthotopic, genetically engineered models",HEC234055 HNSCC xenograft || HEC234055 PDX model || HEC234055 syngeneic model || HEC234055 orthotopic pancreatic model || HEC234055 genetically engineered mouse model,2,Find Your Research Mouse Model 丨 GemPharmatech,https://en.gempharmatech.com/product/search_608.html,en.gempharmatech.com,,"Use this search tool to find knockout, knock-in, transgenic, humanized mouse models and more by gene, disease area, or model type.",,,
q059-batch,q059,"HEC234055 in vivo animal models and results: cell-line xenograft (CDX), patient-derived xenograft (PDX), syngeneic, orthotopic, genetically engineered models",HEC234055 HNSCC xenograft || HEC234055 PDX model || HEC234055 syngeneic model || HEC234055 orthotopic pancreatic model || HEC234055 genetically engineered mouse model,3,International Mouse Strain Resource,https://www.findmice.org/,findmice.org,,"The IMSR is a searchable online database of mouse strains, stocks, and mutant ES cell lines available worldwide, including inbred, mutant, and genetically engineered strains.",,,
q059-batch,q059,"HEC234055 in vivo animal models and results: cell-line xenograft (CDX), patient-derived xenograft (PDX), syngeneic, orthotopic, genetically engineered models",HEC234055 HNSCC xenograft || HEC234055 PDX model || HEC234055 syngeneic model || HEC234055 orthotopic pancreatic model || HEC234055 genetically engineered mouse model,4,C262019A_Sunshine Pharma 1..4,https://www.hkexnews.hk/listedco/listconews/sehk/2026/0423/2026042301900_c.pdf,hkexnews.hk,,二、HEC234055 — 攻克「不可成藥」靶點的口服高活性Pan-RAS分子膠抑制劑（摘 要號#2634） ... 亞型仍存在巨大未滿足的臨床需求。在研產品HEC234055 為本集團自主研發 的口服高活性Pan-RAS 分子膠抑制劑，旨在廣譜覆蓋KRAS 多種突變及野生型 擴增。此次公佈的臨床前數據亮點如下： ... 廣譜覆蓋與高活性：可同時作用於KRAS 的活性（三磷酸鳥苷（「GTP 」）結 合）與非活性（GDP 結合）狀態，並覆蓋G12D 、G12C 、G12V 、G13D 、 Q61H等多種突變類型及野生型擴增。 ... 亞納摩爾級細胞活性：在多種KRAS 突變驅動的癌細胞系中，其抗,,,
q059-batch,q059,"HEC234055 in vivo animal models and results: cell-line xenograft (CDX), patient-derived xenograft (PDX), syngeneic, orthotopic, genetically engineered models",HEC234055 HNSCC xenograft || HEC234055 PDX model || HEC234055 syngeneic model || HEC234055 orthotopic pancreatic model || HEC234055 genetically engineered mouse model,5,PDX Model Database Registration,https://www.crownbio.com/databases/pdx-models,crownbio.com,2025-09-26,"Our online, searchable patient-derived xenograft (PDX) database enables scientists around the world to quickly and easily search for models that meet their specific research needs. ... **Browse the collection to:** - Access a diverse collection of over 2,400 well-characterized and ready-for-service ",,,
q060-batch,q060,EOM613 sponsor development stage indication public source,EOM613 Crohn's disease trial current status || EOM613 Crohn's disease Phase 2 initiation 2026 || EOM613 Crohn's disease clinical trial registry,1,EOM Pharmaceutical Holdings Reports Promising ...,https://www.biospace.com/press-releases/eom-pharmaceutical-holdings-reports-promising-preclinical-results-and-provides-an-update-on-eom613-and-eom147,biospace.com,2026-01-08,"In 2025, the company completed IND-enabling toxicological and dosing preclinical animal studies for EOM613 with favorable results. ... Based on these data, combined with previously reported promising results of our Phase I/IIa 2023 human clinical trial in hospitalized COVID-19 patients with cytokine",,,
q060-batch,q060,EOM613 sponsor development stage indication public source,EOM613 Crohn's disease trial current status || EOM613 Crohn's disease Phase 2 initiation 2026 || EOM613 Crohn's disease clinical trial registry,2,EOM Pharmaceutical Holdings Reports FDA Clearance of ...,https://www.globenewswire.com/news-release/2026/05/27/3301943/0/en/eom-pharmaceutical-holdings-reports-fda-clearance-of-an-ind-for-a-clinical-trial-in-cachectic-cancer-patients.html,globenewswire.com,2026-05-27,"The trial is anticipated to be initiated early in the third quarter of 2026. The Company is also planning an additional exploratory, open-label EOM613 clinical trial in Crohn’s disease. This trial is intended to be conducted at clinical sites in New Brunswick and Lakewood, NJ, under Principal Invest",,,
q060-batch,q060,EOM613 sponsor development stage indication public source,EOM613 Crohn's disease trial current status || EOM613 Crohn's disease Phase 2 initiation 2026 || EOM613 Crohn's disease clinical trial registry,3,"ImmunoCellular Therapeutics Ltd. - Drug pipelines, Patents, Clinical ...",https://synapse.patsnap.com/organization/5ce8654ab76cb12db589696a5cb380f9,synapse.patsnap.com,,"Clinical Trials associated with ImmunoCellular Therapeutics Ltd. NCT05212532 / Unknown statusPhase 1 A Proof-of-Concept Study Evaluating Safety, Tolerability, and Preliminary Efficacy of EOM613 in COVID-19 Infected Patients With Severe Symptoms ... In light of these clinical trial results, the compa",,,
q060-batch,q060,EOM613 sponsor development stage indication public source,EOM613 Crohn's disease trial current status || EOM613 Crohn's disease Phase 2 initiation 2026 || EOM613 Crohn's disease clinical trial registry,4,EOM Pharmaceutical Holdings Provides an Update on its ...,https://www.prnewswire.com/news-releases/eom-pharmaceutical-holdings-provides-an-update-on-its-lead-drug-candidate-eom613-301978052.html,prnewswire.com,2023-11-07,"In light of these clinical trial results, the company is currently preparing to initiate an EOM613 clinical program in Crohn's disease. ... ""EOM is now planning and designing a future clinical program for Crohn's disease patients who have failed currently available therapies or are unable to tolerat",,,
q060-batch,q060,EOM613 sponsor development stage indication public source,EOM613 Crohn's disease trial current status || EOM613 Crohn's disease Phase 2 initiation 2026 || EOM613 Crohn's disease clinical trial registry,5,Clinical Trials in the European Union - EMA,https://euclinicaltrials.eu/,euclinicaltrials.eu,,This website provides information on individual clinical trials in the European Union and European Economic Area since its launch on 31 January 2022.,,,
q061-batch,q061,FG-3149 sponsor development stage indication public source,FG-3149 sponsor development stage || FG-3149 Crohn's disease || FG-3149 FibroGen clinical development,1,Mechanical stress-induced connective tissue growth factor ...,https://researchexperts.utmb.edu/en/publications/mechanical-stress-induced-connective-tissue-growth-factor-plays-a/,researchexperts.utmb.edu,2024-08-07,Treatment of CD rats with anti-CTGF antibody FG-3149 reduced fibrosis and collagen content in both sites P and I and exhibited consistent trends toward normalizing expression of collagen mRNAs.,,,
q061-batch,q061,FG-3149 sponsor development stage indication public source,FG-3149 sponsor development stage || FG-3149 Crohn's disease || FG-3149 FibroGen clinical development,2,Mechanical stress-induced connective tissue growth factor ...,https://pmc.ncbi.nlm.nih.gov/articles/PMC11427090/,pmc.ncbi.nlm.nih.gov,2024-07-02,"Treatment of CD rats with anti-CTGF antibody FG-3149 reduced fibrosis and collagen content in both *sites P* and *I* and exhibited consistent trends toward normalizing expression of collagen mRNAs. ... To test the effect of neutralizing anti-CTGF antibody in the model, TNBS-instilled rats were admin",,,
q061-batch,q061,FG-3149 sponsor development stage indication public source,FG-3149 sponsor development stage || FG-3149 Crohn's disease || FG-3149 FibroGen clinical development,3,New weapons for the management of perianal Crohn's disease,https://oamonitor.ireland.openaire.eu/national/search/publication?pid=10.1016/j.bpg.2025.102030,oamonitor.ireland.openaire.eu,,Researcher Monitors ... We’re experiencing a temporary issue. Please refresh the page,,,
q061-batch,q061,FG-3149 sponsor development stage indication public source,FG-3149 sponsor development stage || FG-3149 Crohn's disease || FG-3149 FibroGen clinical development,4,Serum biomarkers of fibrostenotic Crohn's disease,https://onlinelibrary.wiley.com/doi/pdf/10.1111/1751-2980.12913,onlinelibrary.wiley.com,2020-06-01,Opens an external website Opens an external website in a new window ... Reject Non-Essential,,,
q061-batch,q061,FG-3149 sponsor development stage indication public source,FG-3149 sponsor development stage || FG-3149 Crohn's disease || FG-3149 FibroGen clinical development,5,Kyntra Bio - Wikipedia,https://en.wikipedia.org/wiki/Kyntra_Bio,en.wikipedia.org,2025-09-10,"By 2026, Kyntra was mainly reduced to a single early-stage oncology drug candidate. ... Over the next few years, multiple late-stage clinical trials across its pipeline failed, leading the company to significantly reduce its workforce in 2023 and 2024. ... Following the sale of its Chinese subsidiar",,,
q062-batch,q062,"HDM-3018 sponsor Huadong Medicine Co. Ltd., development stage Preclinical, and indication Inflammatory Bowel Disease",HDM-3018 Huadong Medicine sponsor || HDM-3018 development stage || HDM-3018 inflammatory bowel disease indication,1,"HDM3018 - Drug Targets, Indications, Patents - Synapse",https://synapse.patsnap.com/drug/ec96b3573d7243f68cb87561b892a60f,synapse.patsnap.com,,"Bispecific antibody ... Originator Organization Huadong Medicine Co., Ltd. Active Organization Huadong Medicine Co., Ltd. ... Drug Highest Phase Preclinical First Approval Date ... Indication Highest Phase Country/Location Organization Date Arthritis, Psoriatic Preclinical China Huadong Medicine Co.",,,
q062-batch,q062,"HDM-3018 sponsor Huadong Medicine Co. Ltd., development stage Preclinical, and indication Inflammatory Bowel Disease",HDM-3018 Huadong Medicine sponsor || HDM-3018 development stage || HDM-3018 inflammatory bowel disease indication,2,"Huadong Medicine Co., Ltd.",http://static.cninfo.com.cn/finalpage/2025-10-22/1224723788.pdf,static.cninfo.com.cn,2025-10-22,"The Company’s first-in-class bispecific antibody candidate HDM3018 injection is under IND- enabling development, with IND filings in both China and the U.S. expected by Q3 2026. The planned indications include inflammatory bowel disease (IBD), plaque psoriasis (PsO), and psoriatic arthritis (PsA).",,,
q062-batch,q062,"HDM-3018 sponsor Huadong Medicine Co. Ltd., development stage Preclinical, and indication Inflammatory Bowel Disease",HDM-3018 Huadong Medicine sponsor || HDM-3018 development stage || HDM-3018 inflammatory bowel disease indication,3,Company News,https://en.huadongmedicine.com/companynews/,en.huadongmedicine.com,2026-09-07,"- Huadong Medicine and Heidelberg Pharma Sign Next-Generation ADC Co-Development Agreement, Upgrading Strategic Collaboration",,,
q062-batch,q062,"HDM-3018 sponsor Huadong Medicine Co. Ltd., development stage Preclinical, and indication Inflammatory Bowel Disease",HDM-3018 Huadong Medicine sponsor || HDM-3018 development stage || HDM-3018 inflammatory bowel disease indication,4,Huadong Medicine Group - CGE,https://www.cgeinc.com/en/huadong-medicine.html,cgeinc.com,,"Huadong Medicine Group - CGE ... Its core products, HDM1002 and HDM1005, have both advanced into Phase III clinical trials for diabetes and weight-management indications.",,,
q062-batch,q062,"HDM-3018 sponsor Huadong Medicine Co. Ltd., development stage Preclinical, and indication Inflammatory Bowel Disease",HDM-3018 Huadong Medicine sponsor || HDM-3018 development stage || HDM-3018 inflammatory bowel disease indication,5,"Huadong Medicine Co., Ltd. - Drug pipelines, Patents, ...",https://synapse.patsnap.com/organization/ad27da775abc9ac7f5faf668b8182538,synapse.patsnap.com,,"|Sponsor / Collaborator Hangzhou Zhongmeihuadong Pharmaceutical Co., Ltd.",,,
q063-batch,q063,"Granisetron in Head and Neck Cancer: clinical trial population, biomarker or severity selection, line of therapy, and required prior treatment",Granisetron recurrent metastatic head and neck cancer clinical trial eligibility || Granisetron head and neck cancer Phase 2 prior treatment || Granisetron head and neck cancer biomarker ECOG || Granisetron Kyowa Kirin head and neck cancer trial,1,NCT00588770,https://www.loyolamedicine.org/clinical-research/clinical-trials/nct00588770,loyolamedicine.org,,"Inclusion Criteria: * Patients must have histologically or cytologically confirmed squamous cell cancer of the head and neck (SCCHN), from any primary site, including unknown primary cancers of the head and neck; patient must not have nasopharyngeal carcinoma of histologic types World Health Organiz",,,
q063-batch,q063,"Granisetron in Head and Neck Cancer: clinical trial population, biomarker or severity selection, line of therapy, and required prior treatment",Granisetron recurrent metastatic head and neck cancer clinical trial eligibility || Granisetron head and neck cancer Phase 2 prior treatment || Granisetron head and neck cancer biomarker ECOG || Granisetron Kyowa Kirin head and neck cancer trial,2,A Study for Participants With Recurrent or Metastatic ...,https://clinicaltrials.gov/study/NCT01087970,clinicaltrials.gov,2010-03-15,"Inclusion Criteria: Histologic or cytologic diagnosis of squamous cell head and neck cancer (HNC) - Recurrent disease (locally advanced or metastatic) that is not amenable to local therapy, (i) with at least 6 months since completion of systemic therapy (chemotherapy or biological anticancer therapy",,,
q063-batch,q063,"Granisetron in Head and Neck Cancer: clinical trial population, biomarker or severity selection, line of therapy, and required prior treatment",Granisetron recurrent metastatic head and neck cancer clinical trial eligibility || Granisetron head and neck cancer Phase 2 prior treatment || Granisetron head and neck cancer biomarker ECOG || Granisetron Kyowa Kirin head and neck cancer trial,3,Axitinib in Treating Patients with Recurrent or Metastatic Head and ...,https://www.cancer.gov/research/participate/clinical-trials-search/v?id=NCI-2016-01064,cancer.gov,2016-06-23,"### Inclusion Criteria - Histologically documented squamous cell head and neck cancer with or without metastases, not amenable to curative treatment; or the patient has documented refusal of curative treatment ... - Age >= 18 years",,,
q063-batch,q063,"Granisetron in Head and Neck Cancer: clinical trial population, biomarker or severity selection, line of therapy, and required prior treatment",Granisetron recurrent metastatic head and neck cancer clinical trial eligibility || Granisetron head and neck cancer Phase 2 prior treatment || Granisetron head and neck cancer biomarker ECOG || Granisetron Kyowa Kirin head and neck cancer trial,4,Clinical Trial 23276,https://www.moffitt.org/clinical-trials-and-studies/clinical-trial-23276/,moffitt.org,2001-01-01,- Age 18 years or older. - A diagnosis of recurrent or metastatic HNSCC at 1 of the following sites: Nasal/paranasal sinuses Nasopharynx (Epstein-Barr virus [EBV] negative only) Oral cavity Oropharynx Hypopharynx Larynx - Disease progression after treatment with PD-L1-based immune checkpoint inhibit,,,
q063-batch,q063,"Granisetron in Head and Neck Cancer: clinical trial population, biomarker or severity selection, line of therapy, and required prior treatment",Granisetron recurrent metastatic head and neck cancer clinical trial eligibility || Granisetron head and neck cancer Phase 2 prior treatment || Granisetron head and neck cancer biomarker ECOG || Granisetron Kyowa Kirin head and neck cancer trial,5,Granisetron Monograph for Professionals,https://www.drugs.com/monograph/granisetron.html,drugs.com,2026-07-19,### Contraindications - Known hypersensitivity to granisetron or any ingredient in the formulation.^^ ^^,,,
q064-batch,q064,"HPV Vaccine (HAd5 Vector) in Head and Neck Cancer: clinical trial population, biomarker or severity selection, line of therapy, and required prior treatment",HPV Vaccine (HAd5 Vector) ImmunityBio head and neck cancer clinical trial eligibility || HPV Vaccine (HAd5 Vector) ImmunityBio HPV biomarker head and neck cancer || HPV Vaccine (HAd5 Vector) ImmunityBio recurrent metastatic head and neck cancer prior treatment || HPV Vaccine (HAd5 Vector) ImmunityBio phase 2 trial inclusion criteria,1,Find Clinical Trials Near Me - Regenerative Medicine,https://immunitybio.com/find-a-trial/,immunitybio.com,2026-01-06,"If you are interested in participating in one of ImmunityBio’s clinical trials, it is easy to apply: Simply complete the patient form on our website and a member of our team or a trial partner will follow up with you. ... HPV QUILT-3.100 This Phase 1 open-label study is evaluating the safety of Immu",,,
q064-batch,q064,"HPV Vaccine (HAd5 Vector) in Head and Neck Cancer: clinical trial population, biomarker or severity selection, line of therapy, and required prior treatment",HPV Vaccine (HAd5 Vector) ImmunityBio head and neck cancer clinical trial eligibility || HPV Vaccine (HAd5 Vector) ImmunityBio HPV biomarker head and neck cancer || HPV Vaccine (HAd5 Vector) ImmunityBio recurrent metastatic head and neck cancer prior treatment || HPV Vaccine (HAd5 Vector) ImmunityBio phase 2 trial inclusion criteria,2,HPV+ / HPV- 2nd Line Head & Neck Cancer,https://immunitybio.com/trial/hpv-hpv-2nd-line-head-neck-cancer/,immunitybio.com,2026-01-06,"This Phase 1 open-label study is evaluating the safety of ImmunityBio’s IBRX-042 therapeutic Vaccine in patients with HPV-associated tumors (cervical, esophageal, head, neck, and anal squamous cell carcinomas, as well as vaginal, vulvar, and penile cancers). Acceptance Requirements Adult patients di",,,
q064-batch,q064,"HPV Vaccine (HAd5 Vector) in Head and Neck Cancer: clinical trial population, biomarker or severity selection, line of therapy, and required prior treatment",HPV Vaccine (HAd5 Vector) ImmunityBio head and neck cancer clinical trial eligibility || HPV Vaccine (HAd5 Vector) ImmunityBio HPV biomarker head and neck cancer || HPV Vaccine (HAd5 Vector) ImmunityBio recurrent metastatic head and neck cancer prior treatment || HPV Vaccine (HAd5 Vector) ImmunityBio phase 2 trial inclusion criteria,3,"NCT07628062 | Phase 2 Study of NAI, HPV Vaccine, and Nab ...",https://clinicaltrials.gov/study/NCT07628062,clinicaltrials.gov,2026-06-04,"Not yet recruiting** ... ClinicalTrials.gov ID ** NCT07628062 ... This Phase 2a/2 study evaluates the safety, tolerability, and efficacy of neoadjuvant and adjuvant NAI, hAd5-HPV vaccine (IBRX-042), and nab-paclitaxel in participants with locally advanced HPV-positive oropharyngeal squamous cell car",,,
q064-batch,q064,"HPV Vaccine (HAd5 Vector) in Head and Neck Cancer: clinical trial population, biomarker or severity selection, line of therapy, and required prior treatment",HPV Vaccine (HAd5 Vector) ImmunityBio head and neck cancer clinical trial eligibility || HPV Vaccine (HAd5 Vector) ImmunityBio HPV biomarker head and neck cancer || HPV Vaccine (HAd5 Vector) ImmunityBio recurrent metastatic head and neck cancer prior treatment || HPV Vaccine (HAd5 Vector) ImmunityBio phase 2 trial inclusion criteria,4,Human Papillomavirus,https://immunitybio.com/human-papillomavirus/,immunitybio.com,2026-02-03,"**QUILT-3.100: Phase 1 Open-Label Study to Evaluate Safety And Determine The Maximum Tolerated Dose of IBRX-042 In Subjects With HPV-Associated Tumors.** We are conducting a phase 1 trial to study a vaccine, IBRX-042, targeting proteins produced by HPV after infection that has the potential to treat",,,
q064-batch,q064,"HPV Vaccine (HAd5 Vector) in Head and Neck Cancer: clinical trial population, biomarker or severity selection, line of therapy, and required prior treatment",HPV Vaccine (HAd5 Vector) ImmunityBio head and neck cancer clinical trial eligibility || HPV Vaccine (HAd5 Vector) ImmunityBio HPV biomarker head and neck cancer || HPV Vaccine (HAd5 Vector) ImmunityBio recurrent metastatic head and neck cancer prior treatment || HPV Vaccine (HAd5 Vector) ImmunityBio phase 2 trial inclusion criteria,5,"a phase 2/3, placebo-controlled",https://cdn.clinicaltrials.gov/large-docs/24/NCT06022224/Prot_SAP_000.pdf,cdn.clinicaltrials.gov,,Subjects will be ≥ 16 years of age who are healthy or have medically-stable chronic diseases and are at increased risk for SARS-CoV-2 infection and COVID-19. ... Inclusion Criteria:  Subjects are eligible to be included in the study only if all of the following criteria apply:  Age and Sex: 1. Male ,,,
