case_id,row_id,objective,query,rank,title,url,domain,date,snippet,relevant,answers_objective,notes
q001-1,q001,Tamuzimod safety findings and adverse events in Moderately to severely active ulcerative colitis Ulcerative Colitis,Tamuzimod long-term extension safety ulcerative colitis,1,[PDF] Efficacy and safety of tamuzimod in moderately to severely active ...,https://ventyxbio.com/wp-content/uploads/2024/10/VTX002-Phase-2-LTE-Presentation-UEG-Week-2024.pdf,ventyxbio.com,,"Efficacy and safety of tamuzimod in moderately to severely active ulcerative colitis through 52 weeks: phase 2 long-term extension data ... treatment of UC • The efficacy and safety of tamuzimod as induction therapy was previously demonstrated in a phase 2,  multicentre, randomised, double-blind, pl",,,
q001-1,q001,Tamuzimod safety findings and adverse events in Moderately to severely active ulcerative colitis Ulcerative Colitis,Tamuzimod long-term extension safety ulcerative colitis,2,Silvio Danese - ScienceDirect.com,https://www.sciencedirect.com/author/7004453034/silvio-danese,sciencedirect.com,,"In the long-term extension-only safety analysis, we assessed data from 467 patients, representing 1027·9 patient-years of continuous long-term extension exposure on a consistent upadacitinib dose. Treatment-emergent adverse events were recorded at 238·5 events per 100 patient-years for upadacitinib ",,,
q001-1,q001,Tamuzimod safety findings and adverse events in Moderately to severely active ulcerative colitis Ulcerative Colitis,Tamuzimod long-term extension safety ulcerative colitis,3,Ventyx Biosciences Presents New 52-Week Results from the Phase ...,https://www.nasdaq.com/press-release/ventyx-biosciences-presents-new-52-week-results-phase-2-trial-vtx002-tamuzimod,nasdaq.com,2024-10-15,"### Late-breaking abstract highlights high rates of clinical and endoscopic remission among LTE completers at Week 52 SAN DIEGO, Oct. 15, 2024 (GLOBE NEWSWIRE) -- Ventyx Biosciences, Inc. (Nasdaq: VTYX) (“Ventyx”), a clinical-stage biopharmaceutical company focused on advancing novel oral therapies ",,,
q001-1,q001,Tamuzimod safety findings and adverse events in Moderately to severely active ulcerative colitis Ulcerative Colitis,Tamuzimod long-term extension safety ulcerative colitis,4,UEG Week 2024 - CONFERENCE REPORTPEER-REVIEWED,https://conferences.medicom-publishers.com/wp-content/uploads/2024/11/E-UEGW-MCR-2024.pdf,conferences.medicom-publishers.com,,A subgroup analysis of the phase 3 LUCENT-2 study demonstrated that the corticosteroid-sparing effect of mirikizumab was clinically meaningful among participants with moderately to severely active ulcerative colitis (UC). ... bowel  ... Tamuzimod delivers promising long-term data  in UC  Tamuzimod w,,,
q001-1,q001,Tamuzimod safety findings and adverse events in Moderately to severely active ulcerative colitis Ulcerative Colitis,Tamuzimod long-term extension safety ulcerative colitis,5,The Current Sphingosine 1 Phosphate Receptor Modulators ... - PMC,https://pmc.ncbi.nlm.nih.gov/articles/PMC12111885/,pmc.ncbi.nlm.nih.gov,2025-05-15,"No new safety signals were identified [32,33], but the risk of rarer adverse events with longer-term use remains to be elucidated. ... The study is still ongoing, and an interim analysis demonstrated clinical response and remission rates comparable to the True North studies, with no new safety signa",,,
q001-2,q001,Tamuzimod safety findings and adverse events in Moderately to severely active ulcerative colitis Ulcerative Colitis,Tamuzimod maintenance adverse events ulcerative colitis,1,Silvio Danese - ScienceDirect.com,https://www.sciencedirect.com/author/7004453034/silvio-danese,sciencedirect.com,,Treatment-emergent adverse events were recorded at 238·5 events per 100 patient-years for upadacitinib 15 mg and 233·4 events per 100 patient-years for upadacitinib 30 mg. Event rates of serious treatment-emergent adverse events were 11·7 events per 100 patient-years for upadacitinib 15 mg and 12·4 ,,,
q001-2,q001,Tamuzimod safety findings and adverse events in Moderately to severely active ulcerative colitis Ulcerative Colitis,Tamuzimod maintenance adverse events ulcerative colitis,2,Sphingosine-1-Phosphate (S1P) Receptor Modulators for the ... - PMC,https://pmc.ncbi.nlm.nih.gov/articles/PMC12650479/,pmc.ncbi.nlm.nih.gov,2025-10-29,"They also appear to have a favourable safety profile, although awareness of potential cardiovascular and ophthalmological side-effects is crucial for safe use. ... Bradycardia occurred more often with ozanimod in the induction cohort; however, there was no difference from placebo during the maintena",,,
q001-2,q001,Tamuzimod safety findings and adverse events in Moderately to severely active ulcerative colitis Ulcerative Colitis,Tamuzimod maintenance adverse events ulcerative colitis,3,UEG Week 2024 - CONFERENCE REPORTPEER-REVIEWED,https://conferences.medicom-publishers.com/wp-content/uploads/2024/11/E-UEGW-MCR-2024.pdf,conferences.medicom-publishers.com,,"mirikizumab 300 mg, intravenous, every 4 weeks up to week  ... After 28 weeks of maintenance therapy,  89.6% (as observed) of baseline corticosteroid users had  discontinued this therapy. ... In the 12-week dosing group,  26 participants experienced a so-called drug event, defined  as a change in do",,,
q001-2,q001,Tamuzimod safety findings and adverse events in Moderately to severely active ulcerative colitis Ulcerative Colitis,Tamuzimod maintenance adverse events ulcerative colitis,4,Mirikizumab as Induction and Maintenance Therapy for Ulcerative Colitis | NEJM,https://www.nejm.org/doi/full/10.1056/NEJMoa2207940,nejm.org,,"Opportunistic infection (herpes zoster) occurred in 1 patient who received placebo in the induction trial.During the 52-week treatment period, among the 1217 patients who received mirikizumab, cancer was reported in 8. Adenocarcinoma of the colon was reported in 2 patients during the induction trial",,,
q001-2,q001,Tamuzimod safety findings and adverse events in Moderately to severely active ulcerative colitis Ulcerative Colitis,Tamuzimod maintenance adverse events ulcerative colitis,5,AGA LIVING GUIDELINES: PHARMACOLOGICAL MANAGEMENT ...,https://pmc.ncbi.nlm.nih.gov/articles/PMC12162142/,pmc.ncbi.nlm.nih.gov,,Large observational studies have suggested no difference in the risk of adverse clinical outcomes between patients who continue vs. stop 5-ASA after starting advanced therapies or immunomodulators^99–101^.,,,
q001-3,q001,Tamuzimod safety findings and adverse events in Moderately to severely active ulcerative colitis Ulcerative Colitis,Tamuzimod UEGW 2024 safety,1,VTX002 UEGW 2024,https://ir.ventyxbio.com/static-files/47cbb9ba-f8c5-43e5-9235-01ca63f91f25,ir.ventyxbio.com,,Efficacy and safety of tamuzimod in moderately to severely active ulcerative colitis through 52 weeks: phase 2 long-term extension data ... • Tamuzimod (formerly VTX002) is a novel oral selective S1PR1 modulator in development for the  treatment of UC • The efficacy and safety of tamuzimod as induct,,,
q001-3,q001,Tamuzimod safety findings and adverse events in Moderately to severely active ulcerative colitis Ulcerative Colitis,Tamuzimod UEGW 2024 safety,2,UEG Week 2024 - CONFERENCE REPORTPEER-REVIEWED,https://conferences.medicom-publishers.com/wp-content/uploads/2024/11/E-UEGW-MCR-2024.pdf,conferences.medicom-publishers.com,,"bowel  ... The cumulative 24-week and 52-week drug survival rates were similar between the 12-week and 8-week dosing groups (70.2% vs 76.1%; P=0.45; see Figure). ... “These were, however, preliminary study results, and the completed follow-up—expected in May 2025—is needed for further confirmation.”",,,
q001-3,q001,Tamuzimod safety findings and adverse events in Moderately to severely active ulcerative colitis Ulcerative Colitis,Tamuzimod UEGW 2024 safety,3,Ventyx Biosciences Presents New 52-Week Results from the Phase ...,https://ir.ventyxbio.com/news-releases/news-release-details/ventyx-biosciences-presents-new-52-week-results-phase-2-trial/,ir.ventyxbio.com,2024-10-15,"### Late-breaking abstract highlights high rates of clinical and endoscopic remission among LTE completers at Week 52 SAN DIEGO, Oct. 15, 2024 (GLOBE NEWSWIRE) -- Ventyx Biosciences, Inc. (Nasdaq: VTYX) (“Ventyx”), a clinical-stage biopharmaceutical company focused on advancing novel oral therapies ",,,
q001-3,q001,Tamuzimod safety findings and adverse events in Moderately to severely active ulcerative colitis Ulcerative Colitis,Tamuzimod UEGW 2024 safety,4,tamuzimod (VTX002) / Eli Lilly,https://delta.larvol.com/Products/?ProductId=c9a09d69-e0fc-4b37-ab3a-5af0056bd49c,delta.larvol.com,,## VTX002 Versus Placebo for the Treatment of Moderately to Severely Active Ulcerative Colitis (clinicaltrials.gov) - P2 | N=213 | Terminated | Sponsor: Oppilan Pharma Ltd | The Sponsor decided to terminate clinical conduct in the Open-Label Extension Period. The decision to terminate the study was ,,,
q001-3,q001,Tamuzimod safety findings and adverse events in Moderately to severely active ulcerative colitis Ulcerative Colitis,Tamuzimod UEGW 2024 safety,5,Ventyx Biosciences' Tamuzimod Shows Promising Long-Term ...,https://trial.medpath.com/news/ventyx-biosciences-presents-new-52-week-results-from-the-phase-2-trial-of-vtx002,trial.medpath.com,2024-10-15,"## Key Insights - Ventyx BiosciencesView company profile presented 52-week data from its Phase 2 trial of tamuzimodView drug details (VTX002View drug details) in ulcerative colitis (search)Search disease at UEG Week 2024, showcasing sustained efficacy. - The data reinforce tamuzimodView drug details",,,
q001-4,q001,Tamuzimod safety findings and adverse events in Moderately to severely active ulcerative colitis Ulcerative Colitis,Tamuzimod open-label extension adverse events,1,VTX002 UEGW 2024,https://ir.ventyxbio.com/static-files/47cbb9ba-f8c5-43e5-9235-01ca63f91f25,ir.ventyxbio.com,,"Open-label extension – Tamuzimod 60 mg up to ~ 2 years Patients with loss of response ... Key eligibility criteria: • Moderately to severely active UC • No/insufficient response, loss of response, and/or intolerance to conventional or advanced therapies (≤ 2 biologics with different mechanisms of ac",,,
q001-4,q001,Tamuzimod safety findings and adverse events in Moderately to severely active ulcerative colitis Ulcerative Colitis,Tamuzimod open-label extension adverse events,2,Ventyx Corporate Presentation - datocms-assets.com,https://www.datocms-assets.com/92605/1772147952-ventyx-investor-deck-june-2025-final.pdf,datocms-assets.com,,Preliminary open-label extension data cut reported Q1 2024 (as of February 2024) Induction results reported Q4 2023 OPEN-LABEL EXTENSION – VTX002 60 MG UP TO ~2 YEARS Patients with  moderate to  severe UC (N=213) ... Subgroup analysis demonstrated differentiated clinical remission and endoscopic rem,,,
q001-4,q001,Tamuzimod safety findings and adverse events in Moderately to severely active ulcerative colitis Ulcerative Colitis,Tamuzimod open-label extension adverse events,3,Font.pdf,https://www.sec.gov/Archives/edgar/data/1851194/000095017025057492/vtyx_-_ars_-_2024_form_1.pdf,sec.gov,,"adults, tamuzimod was well tolerated with no serious adverse events. ... In our Phase 1 trial, tamuzimod was well-tolerated with no serious adverse events or notable safety findings. ... Tamuzimod was well tolerated in both the 30 mg and 60 mg dose cohorts, with no treatment-related serious adverse ",,,
q001-4,q001,Tamuzimod safety findings and adverse events in Moderately to severely active ulcerative colitis Ulcerative Colitis,Tamuzimod open-label extension adverse events,4,UEG Week 2024 - CONFERENCE REPORTPEER-REVIEWED,https://conferences.medicom-publishers.com/wp-content/uploads/2024/11/E-UEGW-MCR-2024.pdf,conferences.medicom-publishers.com,,"events (n=168 vs n=315) and serious adverse events (n=15  ... In the 12-week dosing group,  26 participants experienced a so-called drug event, defined  as a change in dosing interval or re-introduction during the follow-up period. Of these, 22 intensified their ustekinumab therapy (mostly switching",,,
q001-4,q001,Tamuzimod safety findings and adverse events in Moderately to severely active ulcerative colitis Ulcerative Colitis,Tamuzimod open-label extension adverse events,5,tamuzimod (VTX002) / Eli Lilly,https://delta.larvol.com/Products/?ProductId=c9a09d69-e0fc-4b37-ab3a-5af0056bd49c,delta.larvol.com,,## VTX002 Versus Placebo for the Treatment of Moderately to Severely Active Ulcerative Colitis (clinicaltrials.gov) - P2 | N=213 | Terminated | Sponsor: Oppilan Pharma Ltd | The Sponsor decided to terminate clinical conduct in the Open-Label Extension Period. The decision to terminate the study was ,,,
q002-1,q002,"C. difficile Infection Episode: Receipt of SOC Antibacterial Therapy (Fidaxomicin, Vancomycin, Metronidazole) With Planned Duration 10–25 Days at Time of IMP Administration competing agents in the same mechanistic class as AZD5148, including Monoclonal Antibody targeting Clostridioides Difficile Toxin B TcdB",AZD5148 competing anti-TcdB monoclonal antibodies Phase 2 2026,1,Clinical Trials Appendix - Q1 2026 Results Update,https://www.astrazeneca.com/content/dam/az/PDF/2026/eq1/Q1-2026-results-clinical-trials-appendix.pdf,astrazeneca.com,,"Clostridium difficile AZD5148 (anti-TcdB mAb) Trial Population Patients Design Endpoints Status Phase IIb PRISM NCT07285213 Adults with qualifying C. difficile infection episode 230 • Randomised, double-blind, placebo-controlled • AZD5148 or placebo • Primary endpoint: efficacy • Secondary endpoint:",,,
q002-1,q002,"C. difficile Infection Episode: Receipt of SOC Antibacterial Therapy (Fidaxomicin, Vancomycin, Metronidazole) With Planned Duration 10–25 Days at Time of IMP Administration competing agents in the same mechanistic class as AZD5148, including Monoclonal Antibody targeting Clostridioides Difficile Toxin B TcdB",AZD5148 competing anti-TcdB monoclonal antibodies Phase 2 2026,2,H1 and Q2 2026 Results Clinical Trials Appendix,https://www.astrazeneca.com/content/dam/az/PDF/2026/h1q2/H1-and-Q2-2026-results-clinical-trials-appendix.pdf,astrazeneca.com,,"AZD5148 anti-clostridioides difficile TcdB mAb reduction of  C.diff recurrence ... Clostridium difficile AZD5148 (anti-TcdB mAb) Trial Population Patients Design Endpoints Status Phase IIb PRISM NCT07285213 Adults with qualifying C. difficile infection episode 230 • Randomised, double-blind, placebo",,,
q002-1,q002,"C. difficile Infection Episode: Receipt of SOC Antibacterial Therapy (Fidaxomicin, Vancomycin, Metronidazole) With Planned Duration 10–25 Days at Time of IMP Administration competing agents in the same mechanistic class as AZD5148, including Monoclonal Antibody targeting Clostridioides Difficile Toxin B TcdB",AZD5148 competing anti-TcdB monoclonal antibodies Phase 2 2026,3,Monoclonal Antibodies Targeting Bacterial Infections: A Broad ...,https://link.springer.com/article/10.1007/s40259-026-00787-9?error=cookies_not_supported&code=af775e43-3e18-4b1b-b35f-7510a7360bfd,link.springer.com,,"AstraZeneca is developing another anti-TcdB mAb, having licensed two anti-toxin mAbs from Progenics (both IgG1κ) [31]. The anti-TcdB mAb, AZD5148, was engineered with a YTE substitution, a triple-mutation M252Y/S254T/T256E in the Fc region that extends the mAb’s half-life in human sera [32, 33]. AZD",,,
q002-1,q002,"C. difficile Infection Episode: Receipt of SOC Antibacterial Therapy (Fidaxomicin, Vancomycin, Metronidazole) With Planned Duration 10–25 Days at Time of IMP Administration competing agents in the same mechanistic class as AZD5148, including Monoclonal Antibody targeting Clostridioides Difficile Toxin B TcdB",AZD5148 competing anti-TcdB monoclonal antibodies Phase 2 2026,4,Monoclonal Antibodies Targeting Bacterial Infections: A Broad Review of the Field,https://pmc.ncbi.nlm.nih.gov/articles/PMC13337890/,pmc.ncbi.nlm.nih.gov,2026-06-15,"AstraZeneca is developing another anti-TcdB mAb, having licensed two anti-toxin mAbs from Progenics (both IgG1κ) [31]. The anti-TcdB mAb, AZD5148, was engineered with a YTE substitution, a triple-mutation M252Y/S254T/T256E in the Fc region that extends the mAb’s half-life in human sera [32, 33]. AZD",,,
q002-1,q002,"C. difficile Infection Episode: Receipt of SOC Antibacterial Therapy (Fidaxomicin, Vancomycin, Metronidazole) With Planned Duration 10–25 Days at Time of IMP Administration competing agents in the same mechanistic class as AZD5148, including Monoclonal Antibody targeting Clostridioides Difficile Toxin B TcdB",AZD5148 competing anti-TcdB monoclonal antibodies Phase 2 2026,5,A single amino acid substitution determines susceptibility of ...,https://pmc.ncbi.nlm.nih.gov/articles/PMC13253237/,pmc.ncbi.nlm.nih.gov,2026-05-28,"2026 May 28;16:1849926. ... In this brief report, we uncover the molecular mechanism underlying a key limitation of bezlotoxumab, a monoclonal antibody targeting *Clostridioides difficile* toxin B (TcdB), specifically its reduced neutralizing activity against certain TcdB variants. ... This may also",,,
q002-2,q002,"C. difficile Infection Episode: Receipt of SOC Antibacterial Therapy (Fidaxomicin, Vancomycin, Metronidazole) With Planned Duration 10–25 Days at Time of IMP Administration competing agents in the same mechanistic class as AZD5148, including Monoclonal Antibody targeting Clostridioides Difficile Toxin B TcdB",AZD5148 TcdB antibody competitors licensing,1,Monoclonal Antibodies Targeting Bacterial Infections: A Broad ...,https://link.springer.com/article/10.1007/s40259-026-00787-9?error=cookies_not_supported&code=d6acfad0-c39d-44cd-90d2-d4edff505376,link.springer.com,,"Despite these advancements—and the approval of numerous mAbs for other indications—few anti-bacterial mAbs have been approved for clinical use, which is limited to obiltoxaximab (Anthim) and raxibacumab (Abthrax) for treatment of *Bacillus anthracis* toxin exposure, and bezlotoxumab (Zinplava^®^) fo",,,
q002-2,q002,"C. difficile Infection Episode: Receipt of SOC Antibacterial Therapy (Fidaxomicin, Vancomycin, Metronidazole) With Planned Duration 10–25 Days at Time of IMP Administration competing agents in the same mechanistic class as AZD5148, including Monoclonal Antibody targeting Clostridioides Difficile Toxin B TcdB",AZD5148 TcdB antibody competitors licensing,2,Monoclonal Antibodies Targeting Bacterial Infections: A Broad Review of the Field,https://pmc.ncbi.nlm.nih.gov/articles/PMC13337890/,pmc.ncbi.nlm.nih.gov,2026-06-15,"Medarex was the first to report anti-toxin mAbs, which were later licensed by Merck [23]. Two fully human IgG1κ mAbs, anti-TcdA (CDA1/actoxumab) and TcdB (CDB1/bezlotoxumab) were selected for in vitro potency, and efficacy in a lethal intoxication hamster model [24]. ... AstraZeneca is developing an",,,
q002-2,q002,"C. difficile Infection Episode: Receipt of SOC Antibacterial Therapy (Fidaxomicin, Vancomycin, Metronidazole) With Planned Duration 10–25 Days at Time of IMP Administration competing agents in the same mechanistic class as AZD5148, including Monoclonal Antibody targeting Clostridioides Difficile Toxin B TcdB",AZD5148 TcdB antibody competitors licensing,3,Clostridium Difficile Infections Pipeline Set - openPR.com,https://www.openpr.com/news/4491579/clostridium-difficile-infections-pipeline-set,openpr.com,2026-04-27,"Key Clostridium Difficile Infections Companies are Acurx Pharmaceuticals, Adiso Therapeutics, Summit Therapeutics, Finch Therapeutics, Vedanta Biosciences, and others. ... Leading companies such as Vedanta Biosciences, Acurx Pharmaceuticals, Summit Therapeutics, Finch Therapeutics Group, and Adiso T",,,
q002-2,q002,"C. difficile Infection Episode: Receipt of SOC Antibacterial Therapy (Fidaxomicin, Vancomycin, Metronidazole) With Planned Duration 10–25 Days at Time of IMP Administration competing agents in the same mechanistic class as AZD5148, including Monoclonal Antibody targeting Clostridioides Difficile Toxin B TcdB",AZD5148 TcdB antibody competitors licensing,4,The monoclonal antibody AZD5148 confers broad protection against ...,https://pmc.ncbi.nlm.nih.gov/articles/PMC12594360/,pmc.ncbi.nlm.nih.gov,2025-11-03,The TcdB-targeting monoclonal antibody (mAb) bezlotoxumab (Zinplava) was indicated to reduce CDI recurrence in patients 18 years of age or older who are receiving antibacterial drug treatment for CDI and are at high risk for CDI recurrence. ... AZD5148 is a humanized anti-TcdB mAb that neutralizes t,,,
q002-2,q002,"C. difficile Infection Episode: Receipt of SOC Antibacterial Therapy (Fidaxomicin, Vancomycin, Metronidazole) With Planned Duration 10–25 Days at Time of IMP Administration competing agents in the same mechanistic class as AZD5148, including Monoclonal Antibody targeting Clostridioides Difficile Toxin B TcdB",AZD5148 TcdB antibody competitors licensing,5,"Epitope Conservation of AZD5148, a Broadly Neutralizing Anti-Toxin B Monoclonal Antibody, Among Diverse and Global Contemporary Clostridioides difficile Isolates",https://pmc.ncbi.nlm.nih.gov/articles/PMC12614991/,pmc.ncbi.nlm.nih.gov,2025-08-14,"AZD5148 is a toxin B–neutralizing human monoclonal antibody that binds to an epitope on the toxin B glucosyltransferase domain. ... Herein, we showed that the AZD5148 epitope is highly conserved across all geographic regions and sequence types and has a higher average conservation frequency in its b",,,
q002-3,q002,"C. difficile Infection Episode: Receipt of SOC Antibacterial Therapy (Fidaxomicin, Vancomycin, Metronidazole) With Planned Duration 10–25 Days at Time of IMP Administration competing agents in the same mechanistic class as AZD5148, including Monoclonal Antibody targeting Clostridioides Difficile Toxin B TcdB",AZD5148 RePreve comparator anti-toxin antibody,1,The monoclonal antibody AZD5148 confers broad protection against ...,https://pmc.ncbi.nlm.nih.gov/articles/PMC12594360/,pmc.ncbi.nlm.nih.gov,2025-11-03,"AZD5148 is a humanized anti-TcdB mAb that neutralizes toxin activity by blocking the delivery of the enzymatic glucosyltransferase domain (GTD) into host cells. ... AZD5148 potently neutralized TcdB1 and TcdB2 *in vitro*, with EC~50~ values 1,000- to 14,000-fold lower than those of bezlotoxumab. In ",,,
q002-3,q002,"C. difficile Infection Episode: Receipt of SOC Antibacterial Therapy (Fidaxomicin, Vancomycin, Metronidazole) With Planned Duration 10–25 Days at Time of IMP Administration competing agents in the same mechanistic class as AZD5148, including Monoclonal Antibody targeting Clostridioides Difficile Toxin B TcdB",AZD5148 RePreve comparator anti-toxin antibody,2,"Epitope Conservation of AZD5148, a Broadly Neutralizing Anti-Toxin ...",https://academic.oup.com/jid/article/232/5/e741/8234296,academic.oup.com,2025-11-14,*Clostridioides difficile* toxin B is a virulence factor for *C. difficile* infections and a clinically validated target for prevention of *C. difficile* infection recurrence. AZD5148 is a toxin B–neutralizing human monoclonal antibody that binds to an epitope on the toxin B glucosyltransferase doma,,,
q002-3,q002,"C. difficile Infection Episode: Receipt of SOC Antibacterial Therapy (Fidaxomicin, Vancomycin, Metronidazole) With Planned Duration 10–25 Days at Time of IMP Administration competing agents in the same mechanistic class as AZD5148, including Monoclonal Antibody targeting Clostridioides Difficile Toxin B TcdB",AZD5148 RePreve comparator anti-toxin antibody,3,P-1055. Anti-Toxin B Neutralizing Monoclonal Antibody ...,https://academic.oup.com/ofid/article/12/Supplement_1/ofae631.1244/7988549,academic.oup.com,2025-01-29,"Because toxin B is a clinically validated target for CDI, we have generated an anti-toxin B neutralizing monoclonal antibody (mAb) AZD5148. We previously demonstrated that AZD5148 administered at 10, 1 and 0.5 mg/kg prevents severe disease development in a gnotobiotic piglet model, which recapitulat",,,
q002-3,q002,"C. difficile Infection Episode: Receipt of SOC Antibacterial Therapy (Fidaxomicin, Vancomycin, Metronidazole) With Planned Duration 10–25 Days at Time of IMP Administration competing agents in the same mechanistic class as AZD5148, including Monoclonal Antibody targeting Clostridioides Difficile Toxin B TcdB",AZD5148 RePreve comparator anti-toxin antibody,4,Monoclonal Antibodies Targeting Bacterial Infections: A Broad ...,https://link.springer.com/article/10.1007/s40259-026-00787-9?error=cookies_not_supported&code=4a84a7e5-36eb-4570-816b-0a66845a7ec3,link.springer.com,2026-06-15,"AstraZeneca is developing another anti-TcdB mAb, having licensed two anti-toxin mAbs from Progenics (both IgG1κ) [31]. The anti-TcdB mAb, AZD5148, was engineered with a YTE substitution, a triple-mutation M252Y/S254T/T256E in the Fc region that extends the mAb’s half-life in human sera [32, 33]. AZD",,,
q002-3,q002,"C. difficile Infection Episode: Receipt of SOC Antibacterial Therapy (Fidaxomicin, Vancomycin, Metronidazole) With Planned Duration 10–25 Days at Time of IMP Administration competing agents in the same mechanistic class as AZD5148, including Monoclonal Antibody targeting Clostridioides Difficile Toxin B TcdB",AZD5148 RePreve comparator anti-toxin antibody,5,The monoclonal antibody AZD5148 confers broad protection ... - PLOS,https://journals.plos.org/plospathogens/article/figures?id=10.1371/journal.ppat.1013651,journals.plos.org,2025-11-03,"AZD5148 potently neutralizes TcdB1 and TcdB2 but not TcdB3 in vitro. (A-B) In vitro neutralization of 30 fM TcdB1, TcdB2, or TcdB3 by AZD5148 (A) or bezlotoxumab (B) in Vero cells. ... AZD5148 protects against severe disease caused by the RT027 strain R20291. ... AZD5148 provides superior protection",,,
q002-4,q002,"C. difficile Infection Episode: Receipt of SOC Antibacterial Therapy (Fidaxomicin, Vancomycin, Metronidazole) With Planned Duration 10–25 Days at Time of IMP Administration competing agents in the same mechanistic class as AZD5148, including Monoclonal Antibody targeting Clostridioides Difficile Toxin B TcdB",AZD5148 TcdB epitope binding mechanism,1,"Epitope Conservation of AZD5148, a Broadly Neutralizing Anti-Toxin B Monoclonal Antibody, Among Diverse and Global Contemporary Clostridioides difficile Isolates",https://pmc.ncbi.nlm.nih.gov/articles/PMC12614991/,pmc.ncbi.nlm.nih.gov,2025-08-14,"AZD5148 is a toxin B–neutralizing human monoclonal antibody that binds to an epitope on the toxin B glucosyltransferase domain. ... TcdB is a potent virulence factor and a clinically validated target [5–9], which initiates a multistep process starting with the combined repetitive oligopeptide sequen",,,
q002-4,q002,"C. difficile Infection Episode: Receipt of SOC Antibacterial Therapy (Fidaxomicin, Vancomycin, Metronidazole) With Planned Duration 10–25 Days at Time of IMP Administration competing agents in the same mechanistic class as AZD5148, including Monoclonal Antibody targeting Clostridioides Difficile Toxin B TcdB",AZD5148 TcdB epitope binding mechanism,2,The monoclonal antibody AZD5148 confers broad protection against ...,https://pmc.ncbi.nlm.nih.gov/articles/PMC12594360/,pmc.ncbi.nlm.nih.gov,2025-11-03,"AZD5148 is a humanized anti-TcdB mAb that neutralizes toxin activity by blocking the delivery of the enzymatic glucosyltransferase domain (GTD) into host cells. ... We previously identified AZD5148, a humanized mAb that blocks the delivery of the toxic TcdB glucosyltransferase enzyme into host cells",,,
q002-4,q002,"C. difficile Infection Episode: Receipt of SOC Antibacterial Therapy (Fidaxomicin, Vancomycin, Metronidazole) With Planned Duration 10–25 Days at Time of IMP Administration competing agents in the same mechanistic class as AZD5148, including Monoclonal Antibody targeting Clostridioides Difficile Toxin B TcdB",AZD5148 TcdB epitope binding mechanism,3,Monoclonal Antibodies Targeting Bacterial Infections: A Broad ...,https://link.springer.com/article/10.1007/s40259-026-00787-9?error=cookies_not_supported&code=2487fb5c-a174-4489-a3aa-8931585c2cf7,link.springer.com,2026-06-15,"AstraZeneca is developing another anti-TcdB mAb, having licensed two anti-toxin mAbs from Progenics (both IgG1κ) [31]. The anti-TcdB mAb, AZD5148, was engineered with a YTE substitution, a triple-mutation M252Y/S254T/T256E in the Fc region that extends the mAb’s half-life in human sera [32, 33]. AZD",,,
q002-4,q002,"C. difficile Infection Episode: Receipt of SOC Antibacterial Therapy (Fidaxomicin, Vancomycin, Metronidazole) With Planned Duration 10–25 Days at Time of IMP Administration competing agents in the same mechanistic class as AZD5148, including Monoclonal Antibody targeting Clostridioides Difficile Toxin B TcdB",AZD5148 TcdB epitope binding mechanism,4,Immune aspects of Clostridioides difficile infection and vaccine ...,https://pmc.ncbi.nlm.nih.gov/articles/PMC12767691/,pmc.ncbi.nlm.nih.gov,2025-08-12,"Endosome acidification triggers structural changes in the toxins, resulting in pore formation and cytosolic delivery of an enzymatic glucosyltransferase domain. ... TcdA and TcdB consist of four functional domains: the N-terminal glucosyltransferase domain (GTD), an autoprotease domain (APD), the de",,,
q002-4,q002,"C. difficile Infection Episode: Receipt of SOC Antibacterial Therapy (Fidaxomicin, Vancomycin, Metronidazole) With Planned Duration 10–25 Days at Time of IMP Administration competing agents in the same mechanistic class as AZD5148, including Monoclonal Antibody targeting Clostridioides Difficile Toxin B TcdB",AZD5148 TcdB epitope binding mechanism,5,A single amino acid substitution determines susceptibility of ...,https://pmc.ncbi.nlm.nih.gov/articles/PMC13253237/,pmc.ncbi.nlm.nih.gov,2026-05-28,"Bezlotoxumab neutralized TcdB1 and TcdB3 mediated cell death in human colonic epithelial cells, but not TcdB2 or TcdB4. Sequence analysis revealed that TcdB1 and TcdB3 share a conserved residue within a key antibody-neutralizing region, containing glutamic acid at position 2033 (E2033), whereas TcdB",,,
q002-5,q002,"C. difficile Infection Episode: Receipt of SOC Antibacterial Therapy (Fidaxomicin, Vancomycin, Metronidazole) With Planned Duration 10–25 Days at Time of IMP Administration competing agents in the same mechanistic class as AZD5148, including Monoclonal Antibody targeting Clostridioides Difficile Toxin B TcdB",AZD5148 clinical pipeline TcdB antibody 2026,1,Clinical Trials Appendix - Q1 2026 Results Update,https://www.astrazeneca.com/content/dam/az/PDF/2026/eq1/Q1-2026-results-clinical-trials-appendix.pdf,astrazeneca.com,,"Clostridium difficile AZD5148 (anti-TcdB mAb) Trial Population Patients Design Endpoints Status Phase IIb PRISM NCT07285213 Adults with qualifying C. difficile infection episode 230 • Randomised, double-blind, placebo-controlled • AZD5148 or placebo • Primary endpoint: efficacy • Secondary endpoint:",,,
q002-5,q002,"C. difficile Infection Episode: Receipt of SOC Antibacterial Therapy (Fidaxomicin, Vancomycin, Metronidazole) With Planned Duration 10–25 Days at Time of IMP Administration competing agents in the same mechanistic class as AZD5148, including Monoclonal Antibody targeting Clostridioides Difficile Toxin B TcdB",AZD5148 clinical pipeline TcdB antibody 2026,2,H1 and Q2 2026 Results Clinical Trials Appendix,https://www.astrazeneca.com/content/dam/az/PDF/2026/h1q2/H1-and-Q2-2026-results-clinical-trials-appendix.pdf,astrazeneca.com,,H1 2026 Results Update 27 July 2026 ... AZD5148 anti-clostridioides difficile TcdB mAb reduction of  C.diff recurrence ... Clostridium difficile AZD5148 (anti-TcdB mAb) Trial Population Patients Design Endpoints Status Phase IIb PRISM NCT07285213 Adults with qualifying C. difficile infection episode,,,
q002-5,q002,"C. difficile Infection Episode: Receipt of SOC Antibacterial Therapy (Fidaxomicin, Vancomycin, Metronidazole) With Planned Duration 10–25 Days at Time of IMP Administration competing agents in the same mechanistic class as AZD5148, including Monoclonal Antibody targeting Clostridioides Difficile Toxin B TcdB",AZD5148 clinical pipeline TcdB antibody 2026,3,Pipeline,https://www.astrazeneca.com/our-therapy-areas/pipeline.html,astrazeneca.com,,AZD4144 ** *cardiorenal disease* #### AZD4144 - Phase II Close - **Mechanism:** NLRP3 - **Area under investigation:** cardiorenal disease ... AZD5148 ** *reduction of C. diff recurrence* #### AZD5148 - Phase II Close - **Mechanism:** anti-clostridioides difficile TcdB mAb - **Area under investigatio,,,
q002-5,q002,"C. difficile Infection Episode: Receipt of SOC Antibacterial Therapy (Fidaxomicin, Vancomycin, Metronidazole) With Planned Duration 10–25 Days at Time of IMP Administration competing agents in the same mechanistic class as AZD5148, including Monoclonal Antibody targeting Clostridioides Difficile Toxin B TcdB",AZD5148 clinical pipeline TcdB antibody 2026,4,Monoclonal Antibodies Targeting Bacterial Infections: A Broad ...,https://link.springer.com/article/10.1007/s40259-026-00787-9?error=cookies_not_supported&code=2487fb5c-a174-4489-a3aa-8931585c2cf7,link.springer.com,2026-06-15,"AstraZeneca is developing another anti-TcdB mAb, having licensed two anti-toxin mAbs from Progenics (both IgG1κ) [31]. The anti-TcdB mAb, AZD5148, was engineered with a YTE substitution, a triple-mutation M252Y/S254T/T256E in the Fc region that extends the mAb’s half-life in human sera [32, 33]. AZD",,,
q002-5,q002,"C. difficile Infection Episode: Receipt of SOC Antibacterial Therapy (Fidaxomicin, Vancomycin, Metronidazole) With Planned Duration 10–25 Days at Time of IMP Administration competing agents in the same mechanistic class as AZD5148, including Monoclonal Antibody targeting Clostridioides Difficile Toxin B TcdB",AZD5148 clinical pipeline TcdB antibody 2026,5,Ozmosi | AZD-5148 Drug Profile,https://pryzm.ozmosi.com/product/33039,pryzm.ozmosi.com,2025-01-23,"Anti-toxin B neutralizing mAb AZD5148 provides protection in a Clostridioides difficile gnotobiotic piglet model. ... Mechanisms of Action: TcdB Inhibitor Novel Mechanism: Yes Modality: Antibody Route of Administration: Intravenous,Intramuscular FDA Designation: * Approval Status: Not Approved Appro",,,
q003-1,q003,Distal Ulcerative Colitis competing agents in the same mechanistic class as RpoB Small Molecule,Distal Ulcerative Colitis RpoB inhibitors pipeline,1,Advancing therapeutic frontiers: a pipeline of novel drugs for ...,https://pmc.ncbi.nlm.nih.gov/articles/PMC12952356/,pmc.ncbi.nlm.nih.gov,2026-01-30,"The therapeutic pipeline for moderate to severe ulcerative colitis currently encompasses over 100 investigational agents in Phase II and III clinical development. Emerging mechanisms include next-generation Janus kinase and tyrosine kinase 2 inhibitors with enhanced selectivity, novel cell trafficki",,,
q003-1,q003,Distal Ulcerative Colitis competing agents in the same mechanistic class as RpoB Small Molecule,Distal Ulcerative Colitis RpoB inhibitors pipeline,2,The IBD Therapeutic Pipeline Is Primed to Produce,https://practicalgastro.com/2019/04/10/the-ibd-therapeutic-pipeline-is-primed-to-produce/,practicalgastro.com,2019-04-10,"A phase IIb/III trial of MEDI2070 in patients with moderate to severe CD is currently active (NCT03759288) as is a phase II trial of MEDI2070 in patients with UC (NCT03616821). ... Several other IL23 specific inhibitors are rapidly entering clinical trials for CD and UC, including mirikizumab (LY307",,,
q003-1,q003,Distal Ulcerative Colitis competing agents in the same mechanistic class as RpoB Small Molecule,Distal Ulcerative Colitis RpoB inhibitors pipeline,3,Advancing therapeutic frontiers: a pipeline of novel drugs ...,https://www.frontiersin.org/journals/gastroenterology/articles/10.3389/fgstr.2026.1747118/full,frontiersin.org,2026-01-30,"The therapeutic pipeline for moderate to severe ulcerative colitis currently encompasses over 100 investigational agents in Phase II and III clinical development. Emerging mechanisms include next-generation Janus kinase and tyrosine kinase 2 inhibitors with enhanced selectivity, novel cell trafficki",,,
q003-1,q003,Distal Ulcerative Colitis competing agents in the same mechanistic class as RpoB Small Molecule,Distal Ulcerative Colitis RpoB inhibitors pipeline,4,Emerging Treatment Options in Mild to Moderate Ulcerative Colitis,https://pmc.ncbi.nlm.nih.gov/articles/PMC4609145/,pmc.ncbi.nlm.nih.gov,,"Biologic therapy for patients with UC includes the anti-TNF agents infliximab, adalimumab, and golimumab and the integrin inhibitor vedolizumab (Figure 4). ... ^31^ A second integrin inhibitor, vedolizumab, was developed that is directed against the integrin α~4~β~7~. ... Moreover, vedolizumab was b",,,
q003-1,q003,Distal Ulcerative Colitis competing agents in the same mechanistic class as RpoB Small Molecule,Distal Ulcerative Colitis RpoB inhibitors pipeline,5,academic.oup.com · ecco-jcc · articleECCO Guidelines on Therapeutics in Ulcerative Colitis ...,https://academic.oup.com/ecco-jcc/article/20/7/jjag066/8726617,academic.oup.com,2026-07-07,"Among the most promising alternatives to infliximab and calcineurin inhibitors in ASUC are JAKi^195^. Some of the potential advantages of JAKi are rapid absorption and clearance and lack of effect on plasma albumin levels, which may hamper the effectiveness of monoclonal antibodies.^187^ A systemati",,,
q003-2,q003,Distal Ulcerative Colitis competing agents in the same mechanistic class as RpoB Small Molecule,Distal Ulcerative Colitis RpoB competitors Phase 2,1,ECCO Guidelines on Therapeutics in Ulcerative Colitis ...,https://academic.oup.com/ecco-jcc/article/16/1/2/6390052,academic.oup.com,2022-01-28,"We recommend topical [rectal] 5-ASA at a dose of ≥1 g/d for the induction of remission in active distal colitis [strong recommendation, low-quality evidence] ... We recommend treatment with anti-tumour necrosis factor [TNF] agents [infliximab, adalimumab, and golimumab] to induce remission in patien",,,
q003-2,q003,Distal Ulcerative Colitis competing agents in the same mechanistic class as RpoB Small Molecule,Distal Ulcerative Colitis RpoB competitors Phase 2,2,Reviewing treatments and outcomes in the evolving landscape of ulcerative colitis,https://www.tandfonline.com/doi/full/10.1080/00325481.2017.1319730,tandfonline.com,2017-07-04,"The first-line therapy for patients with active, mild-to-moderate forms of distal UC is rectal 5-aminosalicylic acid (5-ASA) therapy [Citation22,Citation35]. ... Rectal corticosteroids are also recommended for patients with mild-to-moderate distal UC [Citation22], but as second-line therapy in patie",,,
q003-2,q003,Distal Ulcerative Colitis competing agents in the same mechanistic class as RpoB Small Molecule,Distal Ulcerative Colitis RpoB competitors Phase 2,3,Pharmacological Therapy in Inflammatory Bowel Diseases,https://pmc.ncbi.nlm.nih.gov/articles/PMC10537095/,pmc.ncbi.nlm.nih.gov,2023-09-08,"|Aminosalicylates [26,28,30]|5-ASA|UC|Distal colitis: rectal 5-ASA ≥ 1 g/d Extensive colitis: rectal 5-ASA ≥ 1 g/d + oral 5-ASA ≥ 2 g/d|≥1 g/d >2 g/d|- >4 g/d| ... Mirikizumab is a p19-driven antibody against interleukin-23. Its efficacy and safety in the treatment of UC were evaluated in the LUCENT",,,
q003-2,q003,Distal Ulcerative Colitis competing agents in the same mechanistic class as RpoB Small Molecule,Distal Ulcerative Colitis RpoB competitors Phase 2,4,What are the key players in the ulcerative colitis treatment ...,https://synapse.patsnap.com/article/what-are-the-key-players-in-the-ulcerative-colitis-treatment-market,synapse.patsnap.com,2025-03-11,"Small molecule inhibitors, such as tofacitinib and upadacitinib, have further expanded the therapeutic horizon by acting on Janus kinases (JAKs) to modulate inflammatory signaling cascades. ... stands out as a leader largely because of its blockbuster anti‐TNF agent and other biologics that are heav",,,
q003-2,q003,Distal Ulcerative Colitis competing agents in the same mechanistic class as RpoB Small Molecule,Distal Ulcerative Colitis RpoB competitors Phase 2,5,Ulcerative colitis - PMC - NIH,https://pmc.ncbi.nlm.nih.gov/articles/PMC6487890/,pmc.ncbi.nlm.nih.gov,2016-12-01,"There are at least 27 new drugs for ulcerative colitis with either recently completed or active trials.^170^ One example is the oral pan-janus kinase inhibitor tofacitinib, which has shown higher rates of clinical remission than placebo in phase 2 studies. ^171^ Etrolizumab, a subcutaneous monoclona",,,
q003-3,q003,Distal Ulcerative Colitis competing agents in the same mechanistic class as RpoB Small Molecule,Distal Ulcerative Colitis RpoB mechanism clinical trial,1,"Ulcerative Colitis - 1,154 clinical trials",https://atlasbyauro.com/trials/condition/ulcerative-colitis,atlasbyauro.com,,|Mirikizumab Administered at the Same Time as Tirzepatide in Adult Participants With Moderately to Severely Active Ulcerative Colitis and Obesity or Overweight: Phase 3b Study (NCT06937086)|Eli Lilly and Company|2025-06-26|,,,
q003-3,q003,Distal Ulcerative Colitis competing agents in the same mechanistic class as RpoB Small Molecule,Distal Ulcerative Colitis RpoB mechanism clinical trial,2,Colitis clinical trials,https://clinicaltrials.gg/conditions/colitis,clinicaltrials.gg,,- A Pilot Study Testing the Safety and Feasibility of Restorative Microbiota Therapy (RMT) in Patients With Refractory Immune-checkpoint Inhibitor-related ColitisRecruitingNCT05726396Phase 21 country ... - Tacrolimus Lipid Suspension for Enema in Adult Subjects with Mild to Moderately Active Left-si,,,
q003-3,q003,Distal Ulcerative Colitis competing agents in the same mechanistic class as RpoB Small Molecule,Distal Ulcerative Colitis RpoB mechanism clinical trial,3,Gut microbiome‐targeted therapies as adjuvant treatments ...,https://onlinelibrary.wiley.com/doi/full/10.1111/jgh.16795,onlinelibrary.wiley.com,2025-01-01,"Thirty-eight RCTs met the inclusion criteria. Firstly, we compared the efficacy of MTTs in IBD patients. Only FMT and probiotics were superior to placebo in all outcomes, but FMT ranked best in improving clinical response rate and clinical and endoscopic remission rate, and probiotics ranked second ",,,
q003-3,q003,Distal Ulcerative Colitis competing agents in the same mechanistic class as RpoB Small Molecule,Distal Ulcerative Colitis RpoB mechanism clinical trial,4,Clinical outcomes of best practices for the treatment of distal ... - OUCI,https://ouci.dntb.gov.ua/en/works/4YmAbXPQ/,ouci.dntb.gov.ua,,"Distal ulcerative colitis (DUC), affecting 30–50% of ulcerative colitis (UC) patients, is a subtype characterized by inflammation limited to the rectum and sigmoid colon. The pathogenesis involves a complex interplay of genetic, environmental, and immune factors, with cytokines like TNF-α, IL-1β, IL",,,
q003-3,q003,Distal Ulcerative Colitis competing agents in the same mechanistic class as RpoB Small Molecule,Distal Ulcerative Colitis RpoB mechanism clinical trial,5,Randomised clinical trial: the effectiveness of __Lactobacillus reuteri__ ATCC 55730 rectal enema in children with active distal ulcerative colitis,https://onlinelibrary.wiley.com/doi/full/10.1111/j.1365-2036.2011.04939.x,onlinelibrary.wiley.com,,"Randomised clinical trial: the effectiveness of __Lactobacillus reuteri__ ATCC 55730 rectal enema in children with active distal ulcerative colitis ... **Background** Intestinal microbiota manipulation, one of the pathogenetic components of inflammatory bowel disease (IBD), has become an attractive ",,,
q004-1,q004,"competing agents in the same mechanistic class for this indication MT501, Mirador Therapeutics, Crohn's Disease, Moderately to Severely Active by CDAI and SES-CD",MT501 mechanism of action mechanistic class,1,"MT-501 - Drug Targets, Indications, Patents - Patsnap Synapse",https://synapse.patsnap.com/drug/477311c534e0406d8c27a73fc39e6074,synapse.patsnap.com,,"|Drug Type Small molecule drug| ... |Colitis, Ulcerative|Phase 2|United States|Mirador Therapeutics, Inc.|26 Jun 2025|",,,
q004-1,q004,"competing agents in the same mechanistic class for this indication MT501, Mirador Therapeutics, Crohn's Disease, Moderately to Severely Active by CDAI and SES-CD",MT501 mechanism of action mechanistic class,2,Ozmosi | MT-501 Drug Profile,https://pryzm.ozmosi.com/product/33772,pryzm.ozmosi.com,2025-06-19,Mechanisms of Action: Unknown Novel Mechanism: No Modality: Small Molecule,,,
q004-1,q004,"competing agents in the same mechanistic class for this indication MT501, Mirador Therapeutics, Crohn's Disease, Moderately to Severely Active by CDAI and SES-CD",MT501 mechanism of action mechanistic class,3,Shimano disc brake MT501/MT520 | buy online - Fitstore24.com,https://www.fitstore24.com/en/shimano-disc-set-hr-blmt501-brmt5201,fitstore24.com,,The Shimano disc set HR BLMT501/BRMT520 impresses with SERVO WAVE performance for highest MTB demands. The hydraulic disc brake with its robust 4-piston design ensures riding fun and a safe ride. ... The Servo Wave brake lever absorbs a lot of brake travel at the beginning of its movement so that th,,,
q004-1,q004,"competing agents in the same mechanistic class for this indication MT501, Mirador Therapeutics, Crohn's Disease, Moderately to Severely Active by CDAI and SES-CD",MT501 mechanism of action mechanistic class,4,MT501,https://javadoc.io/doc/com.prowidesoftware/pw-swift-core/SRU2022-9.3.6/com/prowidesoftware/swift/model/mt/mt5xx/MT501.html,javadoc.io,2023-10-01,SRU2023-10.1.18 ... Current version SRU2022-9.3.6,,,
q004-1,q004,"competing agents in the same mechanistic class for this indication MT501, Mirador Therapeutics, Crohn's Disease, Moderately to Severely Active by CDAI and SES-CD",MT501 mechanism of action mechanistic class,5,GF-MT501 Q&A,https://manuals.answerbase.com/Topic/GF-MT501/Contributors/12660864,manuals.answerbase.com,2025-06-14,## Browse by Topic - User Manual x 21654 ... - LED x 1010,,,
q004-2,q004,"competing agents in the same mechanistic class for this indication MT501, Mirador Therapeutics, Crohn's Disease, Moderately to Severely Active by CDAI and SES-CD",MT501 Crohn's disease target pathway,1,"MT-501 - Drug Targets, Indications, Patents - Patsnap Synapse",https://synapse.patsnap.com/drug/477311c534e0406d8c27a73fc39e6074,synapse.patsnap.com,,"|Active Indication Colitis, UlcerativeCrohn Disease| ... |Crohn Disease|Phase 2|United States|Mirador Therapeutics, Inc.|26 Jun 2025|",,,
q004-2,q004,"competing agents in the same mechanistic class for this indication MT501, Mirador Therapeutics, Crohn's Disease, Moderately to Severely Active by CDAI and SES-CD",MT501 Crohn's disease target pathway,2,MT-501 for Inflammatory Bowel Disease (ASCEND-IBD Trial),https://www.withpower.com/trial/phase-2-inflammatory-bowel-diseases-5-2025-6303d,withpower.com,2021-10-09,"This trial tests a new treatment, MT-501, for individuals with inflammatory bowel disease (IBD), specifically Crohn's Disease or Ulcerative Colitis. ... Unlike traditional treatments, which often rely on suppressing the immune system, MT-501 targets specific inflammatory pathways, potentially reduci",,,
q004-2,q004,"competing agents in the same mechanistic class for this indication MT501, Mirador Therapeutics, Crohn's Disease, Moderately to Severely Active by CDAI and SES-CD",MT501 Crohn's disease target pathway,3,"Advancing therapeutic frontiers: a pipeline of novel drugs for luminal and perianal Crohn's disease management - Luisa Bertin, Martina Crepaldi, Miriana Zanconato, Greta Lorenzon, Daria Maniero, Caterina de Barba, Erica Bonazzi, Sonia Facchin, Marco Scarpa, Cesare Ruffolo, Imerio Angriman, Andrea Buda, Fabiana Zingone, Brigida Barberio, Edoardo Vincenzo Savarino, 2024",https://journals.sagepub.com/doi/full/10.1177/17562848241303651,journals.sagepub.com,2024-12-05,"Some of these drugs target well-known pathways, like JAK inhibitors and IL-23 blockers, while others focus on newer areas, such as specific receptors or molecules involved in inflammation. ... Mirikizumab, a humanized IgG4 monoclonal antibody targeting the p19 component of IL-23, offers both IV and ",,,
q004-2,q004,"competing agents in the same mechanistic class for this indication MT501, Mirador Therapeutics, Crohn's Disease, Moderately to Severely Active by CDAI and SES-CD",MT501 Crohn's disease target pathway,4,MT-501 - AssetMemo,https://assetmemo.bio/drug/mt-501,assetmemo.bio,,"Phase 1 / first-in-human studies establish safety, tolerability, and dosing — they are not designed to demonstrate efficacy, so no evidence signal is assigned yet.",,,
q004-2,q004,"competing agents in the same mechanistic class for this indication MT501, Mirador Therapeutics, Crohn's Disease, Moderately to Severely Active by CDAI and SES-CD",MT501 Crohn's disease target pathway,5,Phase 2 Study of MT-501 and MT-201 for Active Crohn's Disease or ...,https://aidyhq.com/clinical-trials/nct07113522,aidyhq.com,,"This Phase 2 platform study is assessing the safety, activity, drug levels, and biological effects of MT-501 and MT-201 in adults with moderately to severely active Crohn’s disease or ulcerative colitis. ... ### What participants may receive or do - MT-501: Participants assigned to either the Crohn’",,,
q004-3,q004,"competing agents in the same mechanistic class for this indication MT501, Mirador Therapeutics, Crohn's Disease, Moderately to Severely Active by CDAI and SES-CD",MT501 inflammatory bowel disease competitors same mechanism,1,Inflammatory bowel disease treatment: Mechanisms ...,https://www.spandidos-publications.com/10.3892/ijmm.2026.5961,spandidos-publications.com,2026-10-01,"The mechanism of action primarily involves inhibiting natural killer cell activity, suppressing the cyclooxygenase and lipoxygenase pathways of arachidonic acid metabolism, thereby decreasing prostaglandin and leukotriene levels, inhibiting th ... Methotrexate (MTX) is a dihydrofolate reductase inhi",,,
q004-3,q004,"competing agents in the same mechanistic class for this indication MT501, Mirador Therapeutics, Crohn's Disease, Moderately to Severely Active by CDAI and SES-CD",MT501 inflammatory bowel disease competitors same mechanism,2,Pharmacological Therapy in Inflammatory Bowel Diseases,https://pmc.ncbi.nlm.nih.gov/articles/PMC10537095/,pmc.ncbi.nlm.nih.gov,2023-09-08,"New therapeutic perspectives emerged with biological therapy, initially with anti-TNF, followed by anti-integrins and anti-interleukins. Despite the different mechanisms of action, there are similarities between the general rates of effectiveness. These similar results were also evidenced in JAK inh",,,
q004-3,q004,"competing agents in the same mechanistic class for this indication MT501, Mirador Therapeutics, Crohn's Disease, Moderately to Severely Active by CDAI and SES-CD",MT501 inflammatory bowel disease competitors same mechanism,3,Inflammatory Bowel Competitive Landscape Analysis 2026 | Eureka,https://eureka.patsnap.com/blog/life-science/inflammatory-bowel-diseases-global-competitive-landscape-report-2026/,eureka.patsnap.com,2026-05-14,"Moreover, inflammatory Bowel Diseases (IBD) — covering ulcerative colitis (UC) and Crohn’s disease (CD) — anchor 1,837 active drug programs, 7,198 patent filings since January 2023, and 1,244 ongoing Phase 2 and Phase 3 trials. Notably, 2025-2026 has produced an exceptional wave of approvals includi",,,
q004-3,q004,"competing agents in the same mechanistic class for this indication MT501, Mirador Therapeutics, Crohn's Disease, Moderately to Severely Active by CDAI and SES-CD",MT501 inflammatory bowel disease competitors same mechanism,4,Understanding the therapeutic toolkit for inflammatory bowel disease,https://s29.q4cdn.com/642306244/files/doc_downloads/2025/Publications/Danese-2025.pdf,s29.q4cdn.com,,"Subsequent advancements led to the development of new biologic agents with distinct mechanisms of action: vedolizumab, an anti-integrin α4β7 agent29,30; ustekinumab, which inhibits IL-12 and IL-2331,32; and risankizumab and mirikizumab, which specifically target ... and tailored lifestyle modificati",,,
q004-3,q004,"competing agents in the same mechanistic class for this indication MT501, Mirador Therapeutics, Crohn's Disease, Moderately to Severely Active by CDAI and SES-CD",MT501 inflammatory bowel disease competitors same mechanism,5,www.frontiersin.org › journals › pharmacologyFrontiers | Biologic and small-molecule therapies for ...,https://www.frontiersin.org/journals/pharmacology/articles/10.3389/fphar.2026.1948258/full,frontiersin.org,2026-07-25,Three selective interleukin (IL)-23p19 antagonists have been approved for both UC and CD; two sphingosine-1-phosphate receptor modulators and a second-generation Janus kinase (JAK) inhibitor have entered routine practice; subcutaneous formulations have altered delivery; and the first formal head-to-,,,
q005-1,q005,SOR102 safety findings and adverse events in Crohn's Disease Ulcerative Colitis,SOR102 Crohn's disease safety adverse events,1,Safely targeting combination TNF and IL-23 using a gut-restricted ...,https://pmc.ncbi.nlm.nih.gov/articles/PMC13263963/,pmc.ncbi.nlm.nih.gov,2026-05-28,"Overall, SOR102 was well tolerated in both healthy participants and patients with UC, with a low incidence of treatment-emergent adverse events (TEAEs), most of which were mild to moderate in severity. In part 1, TEAEs were reported in 3/24 (13%) participants receiving SOR102 compared with 2/8 (25%)",,,
q005-1,q005,SOR102 safety findings and adverse events in Crohn's Disease Ulcerative Colitis,SOR102 Crohn's disease safety adverse events,2,"PHASE 1B STUDY OF SOR102, A NOVEL, ORALLY ...",https://eposters.ddw.org/ddw/2025/ddw-2025/4155984/vipul.jairath.phase.1b.study.of.sor102.a.novel.orally.delivered.bispecific.html?f=menu=6*browseby=8*sortby=2*ce_id=2855*ot_id=31400*marker=5698,eposters.ddw.org,2025-03-31,"TEAEs were reported in 57%, 29%, and 50% of patients receiving SOR102 810mg BID, SOR102 810mg QD, or placebo, respectively (Table 1). Most were mild-to-moderate in severity. One AE (SOR102 810mg BID arm) was considered possibly related to SOR102 (abdominal pain of mild severity). One serious AE of w",,,
q005-1,q005,SOR102 safety findings and adverse events in Crohn's Disease Ulcerative Colitis,SOR102 Crohn's disease safety adverse events,3,Oral Administration of SOR102 Delivers Anti-TNF/IL-23 ...,https://sorrisopharma.com/app/uploads/UEG-Week-2025-Poster-v4.pdf,sorrisopharma.com,,"22 patients were randomized (ITT; Table  1), 17 patients completed the study Per  Protocol (QD n=6, BID n=5, Placebo n=6). Reasons for discontinuation: worsening of  UC (n=2), study schedule non-compliance  (n=2) and consent withdrawal (n=1). ... No clinically significant changes in safety laborator",,,
q005-1,q005,SOR102 safety findings and adverse events in Crohn's Disease Ulcerative Colitis,SOR102 Crohn's disease safety adverse events,4,Journal Scan_Jan 2026,https://www.ibdenc.org/journalscan-jan2026,ibdenc.org,,"A novel oral bispecific antibody (SOR102) targeting TNF and IL-23 shows a favourable safety profile with encouraging early efficacy in ulcerative colitis. ... SOR102 is an oral bispecific antibody targeting TNF and IL-23p19 developed for ulcer ative colitis. This phase 1, double blind, placebo-contr",,,
q005-1,q005,SOR102 safety findings and adverse events in Crohn's Disease Ulcerative Colitis,SOR102 Crohn's disease safety adverse events,5,"SOR-102 - Drug Targets, Indications, Patents",https://synapse.patsnap.com/drug/c4ffffc6839e4416b41bd1cd9d28f2d9,synapse.patsnap.com,2025-01-17,"|Active Indication Colitis, UlcerativeCrohn Disease| ... SOR102-101 is a Phase 1, 3-part, randomised, double-blind, placebo-controlled, FIH study to determine the safety, tolerability, and PK of single, ascending oral doses (SAD) of SOR102 (Part 1) and multiple oral doses (Part 2) of SOR102 in healt",,,
q005-2,q005,SOR102 safety findings and adverse events in Crohn's Disease Ulcerative Colitis,SOR102-101 registry identifier safety,1,PowerPoint-Präsentation,https://sorrisopharma.com/app/uploads/UEG-2024-presentation.pdf,sorrisopharma.com,,"Objectives of Parts 1 and 2: • To evaluate the safety and tolerability of  SAD (Part 1) and MD (Part 2) of SOR102 ... SOR102-101 (NCT06080048) is a Phase 1, first in human study that consists of 3 parts. Parts 1 and 2 enrolled healthy subjects (HS) age 18-55 years and evaluated single ascending (SAD",,,
q005-2,q005,SOR102 safety findings and adverse events in Crohn's Disease Ulcerative Colitis,SOR102-101 registry identifier safety,2,"Sorriso Pharmaceuticals, Inc. - Drug pipelines, Patents ...",https://synapse.patsnap.com/organization/91d3bdda199f847ec2b338400a1a78ff,synapse.patsnap.com,,NCT06080048 / CompletedPhase 1 A Ph I Randomized Double-Blind First-in-Human Single Ascending Dose & Multiple Dose Study to Investigate the Safety Tolerability and Pharmacokinetics of SOR102 in Healthy Adult Participants and Patient Volunteers With Mild to Severe Ulcerative Colitis SOR102-101 is a P,,,
q005-2,q005,SOR102 safety findings and adverse events in Crohn's Disease Ulcerative Colitis,SOR102-101 registry identifier safety,3,A Clinical Trial to Assess the Safety of SOR102 in Healthy ...,https://ctv.veeva.com/study/a-clinical-trial-to-assess-the-safety-of-sor102-in-healthy-participants-and-patients-with-ulcerative,ctv.veeva.com,,"# A Clinical Trial to Assess the Safety of SOR102 in Healthy Participants and Patients With Ulcerative Colitis ... Status and phase Completed Phase 1 Conditions Ulcerative Colitis ... Identifiers NCT06080048 SOR102-101 ... SOR102-101 is a Phase 1, 3-part, randomised, double-blind, placebo-controlled",,,
q005-2,q005,SOR102 safety findings and adverse events in Crohn's Disease Ulcerative Colitis,SOR102-101 registry identifier safety,4,"Phase 1b study of SOR102, a novel, orally delivered ...",https://sorrisopharma.com/app/uploads/ECCO-2025-presentation.pdf,sorrisopharma.com,,"SOR102-1011: Phase 1b Study Design Randomized, Double-Blinded, Placebo-Controlled in Mild to Severe UC  SOR102-101 was a 3-part FIH study Part 1 (Single Ascending Dose) and Part 2 (Multiple Dose) in healthy volunteers showed no safety or tolerability concerns at SOR102 doses above Phase 1b dose le",,,
q005-2,q005,SOR102 safety findings and adverse events in Crohn's Disease Ulcerative Colitis,SOR102-101 registry identifier safety,5,"SOR-102 - Drug Targets, Indications, Patents",https://synapse.patsnap.com/drug/c4ffffc6839e4416b41bd1cd9d28f2d9,synapse.patsnap.com,2025-01-17,NCT06080048 / CompletedPhase 1 A Ph I Randomized Double-Blind First-in-Human Single Ascending Dose & Multiple Dose Study to Investigate the Safety Tolerability and Pharmacokinetics of SOR102 in Healthy Adult Participants and Patient Volunteers With Mild to Severe Ulcerative Colitis SOR102-101 is a P,,,
q005-3,q005,SOR102 safety findings and adverse events in Crohn's Disease Ulcerative Colitis,SOR102 ulcerative colitis individual adverse events infections deaths,1,"Sorriso Pharmaceuticals, Inc. - Drug pipelines, Patents, Clinical trials",https://synapse-patsnap-com.libproxy1.nus.edu.sg/organization/91d3bdda199f847ec2b338400a1a78ff,synapse-patsnap-com.libproxy1.nus.edu.sg,,"Login to view more data ... In part 1, treatment-emergent adverse events (TEAEs) occurred in three (13%) of 24 participants who received SOR102 (two in the SOR102 135 mg dose group and one in the SOR102 405 mg dose group; mild diarrhoea and moderate dysmenorrhoea both in a single participant in the ",,,
q005-3,q005,SOR102 safety findings and adverse events in Crohn's Disease Ulcerative Colitis,SOR102 ulcerative colitis individual adverse events infections deaths,2,Safely targeting combination TNF and IL-23 using a gut-restricted ...,https://pmc.ncbi.nlm.nih.gov/articles/PMC13263963/,pmc.ncbi.nlm.nih.gov,2026-05-28,"Overall, SOR102 was well tolerated in both healthy participants and patients with UC, with a low incidence of treatment-emergent adverse events (TEAEs), most of which were mild to moderate in severity. In part 1, TEAEs were reported in 3/24 (13%) participants receiving SOR102 compared with 2/8 (25%)",,,
q005-3,q005,SOR102 safety findings and adverse events in Crohn's Disease Ulcerative Colitis,SOR102 ulcerative colitis individual adverse events infections deaths,3,PowerPoint Presentation,https://sorrisopharma.com/app/uploads/DDW-2025-poster.pdf,sorrisopharma.com,,"Data are n (%), mean (SD), or median (min, max); FCAL=fecal calprotectin; CRP=C-reactive protein * One patient received adalimumab, and one patient received mirikizumab, both in clinical trials ... SOR102 was safe and well tolerated. ... ADA titers were low in most patients and not associated with s",,,
q005-3,q005,SOR102 safety findings and adverse events in Crohn's Disease Ulcerative Colitis,SOR102 ulcerative colitis individual adverse events infections deaths,4,Oral Administration of SOR102 Delivers Anti-TNF/IL-23 ...,https://sorrisopharma.com/app/uploads/UEG-Week-2025-Poster-v4.pdf,sorrisopharma.com,,"22 patients were randomized (ITT; Table  1), 17 patients completed the study Per  Protocol (QD n=6, BID n=5, Placebo n=6). Reasons for discontinuation: worsening of  UC (n=2), study schedule non-compliance  (n=2) and consent withdrawal (n=1). ... No clinically significant changes in safety laborator",,,
q005-3,q005,SOR102 safety findings and adverse events in Crohn's Disease Ulcerative Colitis,SOR102 ulcerative colitis individual adverse events infections deaths,5,gutflix.eu › search › dIMPROVEMENT IN INFLAMMATORY BIOMARKER LEVELS THROUGH WEEK 12 ...,https://gutflix.eu/search/d/53f9ac8e-743b-11ee-bede-0242ac140004,gutflix.eu,2023-10-15,"All 42 enrolled participants completed the study. Seven adverse events (AE) were observed, all occurring in Part 1. AE severity was mild or moderate. There was one treatment-related AE (loose stools) of mild intensity and 17 hours duration occurring in the lowest dose cohort. ... SOR102 was well tol",,,
q005-4,q005,SOR102 safety findings and adverse events in Crohn's Disease Ulcerative Colitis,SOR102 Grade 3 adverse events 810 mg,1,"Safety and pharmacokinetics of SOR102, an oral bispecific ...",https://pure.amsterdamumc.nl/ws/portalfiles/portal/173141909/Safety-and-pharmacokinetics-of-sor102-an-oral-bispecific-inhibitor-of-tnf-and-interleukin-23-in-healthy-participants-an.pdf,pure.amsterdamumc.nl,,"In part 3, at least one TEAE occurred in seven (44%) of 16 patients who received SOR102 (five in the SOR102 810 mg twice-daily dose group and two in the SOR102 810 mg once-daily dose group) and three (50%) of six patients who received placebo. Two patients in the SOR102 twice-daily group had TEAEs o",,,
q005-4,q005,SOR102 safety findings and adverse events in Crohn's Disease Ulcerative Colitis,SOR102 Grade 3 adverse events 810 mg,2,"SOR-102 - Drug Targets, Indications, Patents",https://synapse.patsnap.com/drug/c4ffffc6839e4416b41bd1cd9d28f2d9,synapse.patsnap.com,2025-01-17,"In part 3, seven patients with ulcerative colitis were randomly assigned to receive SOR102 810 mg once-daily, nine to receive the same dose twice-daily, and six to receive placebo. ... Only the TEAE of mild diarrhoea was deemed treatment-related. ... In part 3, at least one TEAE occurred in seven (4",,,
q005-4,q005,SOR102 safety findings and adverse events in Crohn's Disease Ulcerative Colitis,SOR102 Grade 3 adverse events 810 mg,3,"PHASE 1B STUDY OF SOR102, A NOVEL, ORALLY ...",https://eposters.ddw.org/ddw/2025/ddw-2025/4155984/vipul.jairath.phase.1b.study.of.sor102.a.novel.orally.delivered.bispecific.html?f=menu=6*browseby=8*sortby=2*ce_id=2855*ot_id=31400*marker=5698,eposters.ddw.org,2025-03-31,"TEAEs were reported in 57%, 29%, and 50% of patients receiving SOR102 810mg BID, SOR102 810mg QD, or placebo, respectively (Table 1). Most were mild-to-moderate in severity. One AE (SOR102 810mg BID arm) was considered possibly related to SOR102 (abdominal pain of mild severity). One serious AE of w",,,
q005-4,q005,SOR102 safety findings and adverse events in Crohn's Disease Ulcerative Colitis,SOR102 Grade 3 adverse events 810 mg,4,"Phase 1b study of SOR102, a novel, orally delivered ...",https://sorrisopharma.com/app/uploads/ECCO-2025-presentation.pdf,sorrisopharma.com,,"6-week SOR102 treatment: 810 mg QD, 810 mg BID, or placebo BID ... Safety Analysis Set ... SOR102  810mg QD  (N=7) SOR102  810mg BID  (N=9) Total  (N=22) Total Number of TEAEs 5 2 6 13 Number of patients with ≥1 TEAE 3 (50) 2 (29) 5 (56) 10 (46) Number of patients with TEAEs leading to study discont",,,
q005-4,q005,SOR102 safety findings and adverse events in Crohn's Disease Ulcerative Colitis,SOR102 Grade 3 adverse events 810 mg,5,"OP31 Phase 1b study of SOR102, a novel, orally delivered ...",https://academic.oup.com/ecco-jcc/article/19/Supplement_1/i62/7966975,academic.oup.com,2025-01-22,"Pts with Mayo endoscopy score (ES) ≥2, rectal bleeding score (RBS) ≥1 and stool frequency score (SFS) ≥1 were randomized 1:1:1 to receive SOR102 810mg BID, SOR102 810mg QD, or placebo for 6 weeks. ... Twenty-two pts were randomized (SOR102 810mg BID=9; SOR102 810mg QD=7; placebo=6); 17 pts completed",,,
q005-5,q005,SOR102 safety findings and adverse events in Crohn's Disease Ulcerative Colitis,SOR102 900 mg 42-day safety results,1,"SOR-102 - Drug Targets, Indications, Patents",https://synapse.patsnap.com/drug/c4ffffc6839e4416b41bd1cd9d28f2d9,synapse.patsnap.com,2025-01-17,"SOR102-101 is a Phase 1, 3-part, randomised, double-blind, placebo-controlled, FIH study to determine the safety, tolerability, and PK of single, ascending oral doses (SAD) of SOR102 (Part 1) and multiple oral doses (Part 2) of SOR102 in healthy adult participants, and to assess the safety, tolerabi",,,
q005-5,q005,SOR102 safety findings and adverse events in Crohn's Disease Ulcerative Colitis,SOR102 900 mg 42-day safety results,2,"Safety and pharmacokinetics of SOR102, an oral bispecific ...",https://pure.amsterdamumc.nl/ws/portalfiles/portal/173141909/Safety-and-pharmacokinetics-of-sor102-an-oral-bispecific-inhibitor-of-tnf-and-interleukin-23-in-healthy-participants-an.pdf,pure.amsterdamumc.nl,,"In part 3, patients with mildly-to-severely active ulcerative colitis were randomly assigned (1:1:1) to once-daily or twice-daily SOR102 or placebo for 42 days. ... In part 3, at least one TEAE occurred in seven (44%) of 16 patients who received SOR102 (five in the SOR102 810 mg twice-daily dose gro",,,
q005-5,q005,SOR102 safety findings and adverse events in Crohn's Disease Ulcerative Colitis,SOR102 900 mg 42-day safety results,3,Genomeditech(Shanghai) Co.LTD,https://en.genomeditech.com/news/detail?id=342,en.genomeditech.com,2026-02-06,"Phase I clinical data demonstrated favorable safety and preliminary efficacy, with a 56% clinical response rate, and a Phase II study is planned. ... In Part 3 of the study, on Day 42, the clinical response rates based on the Mayo score were 43% (3/7) and 56% (5/9) in the once-daily and twice-daily ",,,
q005-5,q005,SOR102 safety findings and adverse events in Crohn's Disease Ulcerative Colitis,SOR102 900 mg 42-day safety results,4,Oral Administration of SOR102 Delivers Anti-TNF/IL-23 ...,https://sorrisopharma.com/app/uploads/UEG-Week-2025-Poster-v4.pdf,sorrisopharma.com,,"22 patients were randomized (ITT; Table  1), 17 patients completed the study Per  Protocol (QD n=6, BID n=5, Placebo n=6). ... No clinically significant changes in safety laboratory  parameters,  dose-limiting  toxicities,  or  events  suggestive  of  pronounced immunosuppression • All but one TEAE ",,,
q005-5,q005,SOR102 safety findings and adverse events in Crohn's Disease Ulcerative Colitis,SOR102 900 mg 42-day safety results,5,"Phase 1b study of SOR102, a novel, orally delivered ...",https://sorrisopharma.com/app/uploads/ECCO-2025-presentation.pdf,sorrisopharma.com,,"Part 1 (Single Ascending Dose) and Part 2 (Multiple Dose) in healthy volunteers showed no safety or tolerability concerns at SOR102 doses above Phase 1b dose levels; results were presented previously2 ... 6-week SOR102 treatment: 810 mg QD, 810 mg BID, or placebo BID ... Sigmoidoscopy  and Biopsies",,,
q006-1,q006,"Moderately to Severely Active Crohn's Disease Moderately to Severely Active Crohn’s Disease Refractory to Systemic Therapies Moderately to Severely Active Ulcerative Colitis Refractory to Systemic Therapies Moderately to Severely Active Ulcerative Colitis with inadequate response, loss of response, or intolerance to ≥1 biologic or novel oral with biologic-like activity competing agents in the same mechanistic class as JNJ-4804 Co Antibody Therapy, including Antibody Cocktail Monoclonal Antibody and IL-23 IL23A TNF-α Tumor Necrosis Factor Alpha therapies",JNJ-4804 guselkumab golimumab IL-23 TNF-α competitors IBD,1,JNJ-4804 demonstrated highest rates of clinical ...,https://www.jnj.com/media-center/press-releases/johnson-johnson-investigational-co-antibody-therapy-jnj-4804-shows-potential-to-raise-the-bar-for-clinical-efficacy-in-treating-refractory-inflammatory-bowel-disease,jnj.com,2026-05-05,## JNJ-4804 demonstrated highest rates of clinical and endoscopic outcomes compared to golimumab and guselkumab in patients with ulcerative colitis or Crohn’s disease who have had inadequate response to two or more systemic therapy classes JNJ-4804 is the first and only fixed dose co-antibody design,,,
q006-1,q006,"Moderately to Severely Active Crohn's Disease Moderately to Severely Active Crohn’s Disease Refractory to Systemic Therapies Moderately to Severely Active Ulcerative Colitis Refractory to Systemic Therapies Moderately to Severely Active Ulcerative Colitis with inadequate response, loss of response, or intolerance to ≥1 biologic or novel oral with biologic-like activity competing agents in the same mechanistic class as JNJ-4804 Co Antibody Therapy, including Antibody Cocktail Monoclonal Antibody and IL-23 IL23A TNF-α Tumor Necrosis Factor Alpha therapies",JNJ-4804 guselkumab golimumab IL-23 TNF-α competitors IBD,2,‘Strikingly better’: Co-antibody combination tops golimumab ...,https://www.healio.com/news/gastroenterology/20260521/strikingly-better-coantibody-combination-tops-golimumab-guselkumab-in-refractory-ibd,healio.com,2026-05-22,"- Co-antibody combination therapy showed positive results in patients with IBD with inadequate response to two or more systemic therapies. - At week 48, high dose co-antibody combination outperformed golimumab. CHICAGO — Combining golimumab and guselkumab into JNJ-78934804, a fixed-dose co-antibody ",,,
q006-1,q006,"Moderately to Severely Active Crohn's Disease Moderately to Severely Active Crohn’s Disease Refractory to Systemic Therapies Moderately to Severely Active Ulcerative Colitis Refractory to Systemic Therapies Moderately to Severely Active Ulcerative Colitis with inadequate response, loss of response, or intolerance to ≥1 biologic or novel oral with biologic-like activity competing agents in the same mechanistic class as JNJ-4804 Co Antibody Therapy, including Antibody Cocktail Monoclonal Antibody and IL-23 IL23A TNF-α Tumor Necrosis Factor Alpha therapies",JNJ-4804 guselkumab golimumab IL-23 TNF-α competitors IBD,3,"EFFICACY AND SAFETY OF THE FIRST CO-ANTIBODY THERAPY, JNJ ...",https://www.jnjmedicalconnect.com/media/attestation/congresses/immunology/2026/ddw/efficacy-and-safety-of-the-first-coantibody-therapy-jnj78934804-in-patients.pdf,jnjmedicalconnect.com,,"JNJ-4804 (JNJ-78934804; guselkumab and golimumab fixed-dose combination), the first co-antibody therapy in IBD, aims to address the high unmet need in patients with disease refractory to current systemic therapies Objective: The Phase 2b DUET-CD trial (NCT05242471) evaluated the efficacy and safety ",,,
q006-1,q006,"Moderately to Severely Active Crohn's Disease Moderately to Severely Active Crohn’s Disease Refractory to Systemic Therapies Moderately to Severely Active Ulcerative Colitis Refractory to Systemic Therapies Moderately to Severely Active Ulcerative Colitis with inadequate response, loss of response, or intolerance to ≥1 biologic or novel oral with biologic-like activity competing agents in the same mechanistic class as JNJ-4804 Co Antibody Therapy, including Antibody Cocktail Monoclonal Antibody and IL-23 IL23A TNF-α Tumor Necrosis Factor Alpha therapies",JNJ-4804 guselkumab golimumab IL-23 TNF-α competitors IBD,4,Landscape of new drugs and targets in inflammatory bowel disease,https://onlinelibrary.wiley.com/doi/10.1002/ueg2.12305,onlinelibrary.wiley.com,2022-12-01,"To date, a series of biologics and small molecules are available for the treatment of IBD, including anti-tumour necrosis factor-α or tumour necrosis factor alpha (TNF-α) (such as infliximab (IFX),^1, 2^ adalimumab,^3^ certolizumab pegol^4^ and golimumab(GOL)^5^), anti-integrin *α* ~4~*β* ~7~ (vedol",,,
q006-1,q006,"Moderately to Severely Active Crohn's Disease Moderately to Severely Active Crohn’s Disease Refractory to Systemic Therapies Moderately to Severely Active Ulcerative Colitis Refractory to Systemic Therapies Moderately to Severely Active Ulcerative Colitis with inadequate response, loss of response, or intolerance to ≥1 biologic or novel oral with biologic-like activity competing agents in the same mechanistic class as JNJ-4804 Co Antibody Therapy, including Antibody Cocktail Monoclonal Antibody and IL-23 IL23A TNF-α Tumor Necrosis Factor Alpha therapies",JNJ-4804 guselkumab golimumab IL-23 TNF-α competitors IBD,5,IBD治疗领域存在未满足的需求，关注新靶点,https://pdf.dfcfw.com/pdf/H3_AP202506171692727016_1.pdf?1750195099000.pdf,pdf.dfcfw.com,,1L：对于biologics naïve患者，AGA 2024指南 从疗效角度高度推荐Infliximab 、 Vedolizumab 、Ozanimod 、Etrasimod 、 Risankizumab 及Guselkumab ，较为推荐 Golimumab、Ustekinumab及Mirikizumab； ... ◼Guselkumab（Tremfya）：由Jassen/JNJ开发的靶向IL-23p19亚基的全人源IgG1λ抗体，同时其Fc片段可靶向CD64（FcγRI，存在于部分表达IL-23的髓系 抗原呈递细胞表面），先后获批PsO（2017）、PsA（2020）、CD（2024.0,,,
q006-2,q006,"Moderately to Severely Active Crohn's Disease Moderately to Severely Active Crohn’s Disease Refractory to Systemic Therapies Moderately to Severely Active Ulcerative Colitis Refractory to Systemic Therapies Moderately to Severely Active Ulcerative Colitis with inadequate response, loss of response, or intolerance to ≥1 biologic or novel oral with biologic-like activity competing agents in the same mechanistic class as JNJ-4804 Co Antibody Therapy, including Antibody Cocktail Monoclonal Antibody and IL-23 IL23A TNF-α Tumor Necrosis Factor Alpha therapies",JNJ-4804 IL-23 TNF-α dual antibody competing agents IBD,1,JNJ-4804 demonstrated highest rates of clinical ...,https://www.jnj.com/media-center/press-releases/johnson-johnson-investigational-co-antibody-therapy-jnj-4804-shows-potential-to-raise-the-bar-for-clinical-efficacy-in-treating-refractory-inflammatory-bowel-disease,jnj.com,2026-05-05,## JNJ-4804 demonstrated highest rates of clinical and endoscopic outcomes compared to golimumab and guselkumab in patients with ulcerative colitis or Crohn’s disease who have had inadequate response to two or more systemic therapy classes JNJ-4804 is the first and only fixed dose co-antibody design,,,
q006-2,q006,"Moderately to Severely Active Crohn's Disease Moderately to Severely Active Crohn’s Disease Refractory to Systemic Therapies Moderately to Severely Active Ulcerative Colitis Refractory to Systemic Therapies Moderately to Severely Active Ulcerative Colitis with inadequate response, loss of response, or intolerance to ≥1 biologic or novel oral with biologic-like activity competing agents in the same mechanistic class as JNJ-4804 Co Antibody Therapy, including Antibody Cocktail Monoclonal Antibody and IL-23 IL23A TNF-α Tumor Necrosis Factor Alpha therapies",JNJ-4804 IL-23 TNF-α dual antibody competing agents IBD,2,"EFFICACY AND SAFETY OF THE FIRST CO-ANTIBODY THERAPY, JNJ ...",https://www.jnjmedicalconnect.com/media/attestation/congresses/immunology/2026/ddw/efficacy-and-safety-of-the-first-coantibody-therapy-jnj78934804-in-patients.pdf,jnjmedicalconnect.com,,"JNJ-4804 (JNJ-78934804; guselkumab and golimumab fixed-dose combination), the first co-antibody therapy in IBD, aims to address the high unmet need in patients with disease refractory to current systemic therapies Objective: The Phase 2b DUET-CD trial (NCT05242471) evaluated the efficacy and safety ",,,
q006-2,q006,"Moderately to Severely Active Crohn's Disease Moderately to Severely Active Crohn’s Disease Refractory to Systemic Therapies Moderately to Severely Active Ulcerative Colitis Refractory to Systemic Therapies Moderately to Severely Active Ulcerative Colitis with inadequate response, loss of response, or intolerance to ≥1 biologic or novel oral with biologic-like activity competing agents in the same mechanistic class as JNJ-4804 Co Antibody Therapy, including Antibody Cocktail Monoclonal Antibody and IL-23 IL23A TNF-α Tumor Necrosis Factor Alpha therapies",JNJ-4804 IL-23 TNF-α dual antibody competing agents IBD,3,"efficacy and safety of the first co-antibody therapy, jnj- ...",https://www.jnjmedicalconnect.com/media/attestation/congresses/immunology/2026/ddw/efficacy-and-safety-of-the-first-coantibody-therapy-jnj78934804-in-patients-with-moderately-to-sever.pdf,jnjmedicalconnect.com,,"JNJ-4804 (JNJ-78934804; guselkumab and golimumab fixed-dose combination), the first co-antibody therapy in IBD, aims to address the high unmet need in patients with disease refractory to current systemic therapies In the Phase 2a VEGA study in ulcerative colitis,1,2 guselkumab and golimumab combinat",,,
q006-2,q006,"Moderately to Severely Active Crohn's Disease Moderately to Severely Active Crohn’s Disease Refractory to Systemic Therapies Moderately to Severely Active Ulcerative Colitis Refractory to Systemic Therapies Moderately to Severely Active Ulcerative Colitis with inadequate response, loss of response, or intolerance to ≥1 biologic or novel oral with biologic-like activity competing agents in the same mechanistic class as JNJ-4804 Co Antibody Therapy, including Antibody Cocktail Monoclonal Antibody and IL-23 IL23A TNF-α Tumor Necrosis Factor Alpha therapies",JNJ-4804 IL-23 TNF-α dual antibody competing agents IBD,4,Inflammatory Bowel Disease Market to Experience Strong ...,https://news.futunn.com/en/post/76868809/inflammatory-bowel-disease-market-to-experience-strong-uptake-during-the,news.futunn.com,2026-07-30,"- Growing Adoption of Advanced Biologic Therapies: The widespread use of biologics targeting TNF-α, IL-12/23, IL-23, and integrins has transformed IBD treatment. Their superior efficacy in achieving long-term remission is driving higher treatment uptake and market value. ... - The IBD treatment land",,,
q006-2,q006,"Moderately to Severely Active Crohn's Disease Moderately to Severely Active Crohn’s Disease Refractory to Systemic Therapies Moderately to Severely Active Ulcerative Colitis Refractory to Systemic Therapies Moderately to Severely Active Ulcerative Colitis with inadequate response, loss of response, or intolerance to ≥1 biologic or novel oral with biologic-like activity competing agents in the same mechanistic class as JNJ-4804 Co Antibody Therapy, including Antibody Cocktail Monoclonal Antibody and IL-23 IL23A TNF-α Tumor Necrosis Factor Alpha therapies",JNJ-4804 IL-23 TNF-α dual antibody competing agents IBD,5,JNJ-4804 Doubles Remission in Refractory Crohn's - allsci.com,https://allsci.com/news/clinical-trials/johnson-johnsons-jnj-4804-doubles-clinical-remission-in-phase-iib-refractory-crohns-disease-trial/,allsci.com,2026-05-05,"Johnson & Johnson (NYSE: JNJ) reported Phase IIb data showing that JNJ-4804 (also known as JNJ-78934804), its investigational co-antibody combining guselkumab and golimumab, produced clinical remission rates roughly double those of golimumab monotherapy at Week 48 in patients with refractory Crohn's",,,
q006-3,q006,"Moderately to Severely Active Crohn's Disease Moderately to Severely Active Crohn’s Disease Refractory to Systemic Therapies Moderately to Severely Active Ulcerative Colitis Refractory to Systemic Therapies Moderately to Severely Active Ulcerative Colitis with inadequate response, loss of response, or intolerance to ≥1 biologic or novel oral with biologic-like activity competing agents in the same mechanistic class as JNJ-4804 Co Antibody Therapy, including Antibody Cocktail Monoclonal Antibody and IL-23 IL23A TNF-α Tumor Necrosis Factor Alpha therapies",JNJ-4804 same mechanistic class IBD pipeline,1,Johnson & Johnson investigational co-antibody therapy JNJ-4804 ...,https://www.investor.jnj.com/investor-news/news-details/2026/Johnson--Johnson-investigational-co-antibody-therapy-JNJ-4804-shows-potential-to-raise-the-bar-for-clinical-efficacy-in-treating-refractory-inflammatory-bowel-disease/default.aspx?_sp=75fe9bba-8c8e-4470-a97f-efa1931f0f46,investor.jnj.com,2026-05-05,*JNJ-4804 demonstrated highest rates of clinical and endoscopic outcomes compared to golimumab and guselkumab in patients with ulcerative colitis or Crohn's disease who have had inadequate response to two or more systemic therapy classes* *JNJ-4804 is the first and only fixed dose co-antibody design,,,
q006-3,q006,"Moderately to Severely Active Crohn's Disease Moderately to Severely Active Crohn’s Disease Refractory to Systemic Therapies Moderately to Severely Active Ulcerative Colitis Refractory to Systemic Therapies Moderately to Severely Active Ulcerative Colitis with inadequate response, loss of response, or intolerance to ≥1 biologic or novel oral with biologic-like activity competing agents in the same mechanistic class as JNJ-4804 Co Antibody Therapy, including Antibody Cocktail Monoclonal Antibody and IL-23 IL23A TNF-α Tumor Necrosis Factor Alpha therapies",JNJ-4804 same mechanistic class IBD pipeline,2,News Details - JNJ Investor Relations,https://www.investor.jnj.com/investor-news/news-details/2026/Johnson--Johnson-investigational-co-antibody-therapy-JNJ-4804-shows-potential-to-raise-the-bar-for-clinical-efficacy-in-treating-refractory-inflammatory-bowel-disease/default.aspx?_sp=649ecbb8-bb9f-4dba-8dc0-824bc2fff7e2,investor.jnj.com,2026-05-05,*JNJ-4804 demonstrated highest rates of clinical and endoscopic outcomes compared to golimumab and guselkumab in patients with ulcerative colitis or Crohn's disease who have had inadequate response to two or more systemic therapy classes* *JNJ-4804 is the first and only fixed dose co-antibody design,,,
q006-3,q006,"Moderately to Severely Active Crohn's Disease Moderately to Severely Active Crohn’s Disease Refractory to Systemic Therapies Moderately to Severely Active Ulcerative Colitis Refractory to Systemic Therapies Moderately to Severely Active Ulcerative Colitis with inadequate response, loss of response, or intolerance to ≥1 biologic or novel oral with biologic-like activity competing agents in the same mechanistic class as JNJ-4804 Co Antibody Therapy, including Antibody Cocktail Monoclonal Antibody and IL-23 IL23A TNF-α Tumor Necrosis Factor Alpha therapies",JNJ-4804 same mechanistic class IBD pipeline,3,Johnson & Johnson investigational co-antibody therapy JNJ-4804 ...,https://www.investor.jnj.com/investor-news/news-details/2026/Johnson--Johnson-investigational-co-antibody-therapy-JNJ-4804-shows-potential-to-raise-the-bar-for-clinical-efficacy-in-treating-refractory-inflammatory-bowel-disease/default.aspx?_sp=e3b61bd0-dde7-4baf-b9aa-d1c78da2ab25,investor.jnj.com,2026-05-05,"*JNJ-4804 is the first and only fixed dose co-antibody designed to deliver molecular synergy in IBD by blocking the complementary IL-23 and TNF pathways* *Data from Phase 2b DUET studies show potential to address a critical unmet need and support advancement to Phase 3 trials* CHICAGO, May 5, 2026 /",,,
q006-3,q006,"Moderately to Severely Active Crohn's Disease Moderately to Severely Active Crohn’s Disease Refractory to Systemic Therapies Moderately to Severely Active Ulcerative Colitis Refractory to Systemic Therapies Moderately to Severely Active Ulcerative Colitis with inadequate response, loss of response, or intolerance to ≥1 biologic or novel oral with biologic-like activity competing agents in the same mechanistic class as JNJ-4804 Co Antibody Therapy, including Antibody Cocktail Monoclonal Antibody and IL-23 IL23A TNF-α Tumor Necrosis Factor Alpha therapies",JNJ-4804 same mechanistic class IBD pipeline,4,"efficacy and safety of the first co-antibody therapy, jnj- ...",https://www.jnjmedicalconnect.com/media/attestation/congresses/immunology/2026/ddw/efficacy-and-safety-of-the-first-coantibody-therapy-jnj78934804-in-patients-with-moderately-to-sever.pdf,jnjmedicalconnect.com,,"JNJ-4804 (JNJ-78934804; guselkumab and golimumab fixed-dose combination), the first co-antibody therapy in IBD, aims to address the high unmet need in patients with disease refractory to current systemic therapies In the Phase 2a VEGA study in ulcerative colitis,1,2 guselkumab and golimumab combinat",,,
q006-3,q006,"Moderately to Severely Active Crohn's Disease Moderately to Severely Active Crohn’s Disease Refractory to Systemic Therapies Moderately to Severely Active Ulcerative Colitis Refractory to Systemic Therapies Moderately to Severely Active Ulcerative Colitis with inadequate response, loss of response, or intolerance to ≥1 biologic or novel oral with biologic-like activity competing agents in the same mechanistic class as JNJ-4804 Co Antibody Therapy, including Antibody Cocktail Monoclonal Antibody and IL-23 IL23A TNF-α Tumor Necrosis Factor Alpha therapies",JNJ-4804 same mechanistic class IBD pipeline,5,golimumab/guselkumab (JNJ-4804) / J&J,https://delta.larvol.com/Products/?ProductId=88cea786-38b9-44cc-991d-4a77387520d6,delta.larvol.com,,"## EFFICACY AND SAFETY OF THE FIRST CO-ANTIBODY THERAPY, JNJ-78934804, IN PATIENTS WITH MODERATELY TO SEVERELY ACTIVE ULCERATIVE COLITIS REFRACTORY TO TWO OR MORE SYSTEMIC THERAPY MECHANISMS (UEGW 2026) - ""JNJ-4804, the first co-antibody therapy in development for IBD, delivered substantial and clin",,,
q006-4,q006,"Moderately to Severely Active Crohn's Disease Moderately to Severely Active Crohn’s Disease Refractory to Systemic Therapies Moderately to Severely Active Ulcerative Colitis Refractory to Systemic Therapies Moderately to Severely Active Ulcerative Colitis with inadequate response, loss of response, or intolerance to ≥1 biologic or novel oral with biologic-like activity competing agents in the same mechanistic class as JNJ-4804 Co Antibody Therapy, including Antibody Cocktail Monoclonal Antibody and IL-23 IL23A TNF-α Tumor Necrosis Factor Alpha therapies",JNJ-4804 competing IL-23 TNF-α antibody Crohn's disease ulcerative colitis,1,JNJ-4804 demonstrated highest rates of clinical ...,https://www.jnj.com/media-center/press-releases/johnson-johnson-investigational-co-antibody-therapy-jnj-4804-shows-potential-to-raise-the-bar-for-clinical-efficacy-in-treating-refractory-inflammatory-bowel-disease,jnj.com,2026-05-05,## JNJ-4804 demonstrated highest rates of clinical and endoscopic outcomes compared to golimumab and guselkumab in patients with ulcerative colitis or Crohn’s disease who have had inadequate response to two or more systemic therapy classes JNJ-4804 is the first and only fixed dose co-antibody design,,,
q006-4,q006,"Moderately to Severely Active Crohn's Disease Moderately to Severely Active Crohn’s Disease Refractory to Systemic Therapies Moderately to Severely Active Ulcerative Colitis Refractory to Systemic Therapies Moderately to Severely Active Ulcerative Colitis with inadequate response, loss of response, or intolerance to ≥1 biologic or novel oral with biologic-like activity competing agents in the same mechanistic class as JNJ-4804 Co Antibody Therapy, including Antibody Cocktail Monoclonal Antibody and IL-23 IL23A TNF-α Tumor Necrosis Factor Alpha therapies",JNJ-4804 competing IL-23 TNF-α antibody Crohn's disease ulcerative colitis,2,J&J pushes dual-antibody IBD therapy into Phase 3 ...,https://www.biospace.com/drug-development/j-j-pushes-dual-antibody-ibd-therapy-into-phase-3-despite-mid-stage-fails,biospace.com,2026-05-06,"## Johnson & Johnson plans to advance the co-antibody therapy, which combines its IL-23 blocker Tremfya and the TNF-alpha inhibitor Simponi, into late-stage testing for Crohn’s disease and ulcerative colitis. Johnson & Johnson’s investigational antibody combo failed to significantly improve remissio",,,
q006-4,q006,"Moderately to Severely Active Crohn's Disease Moderately to Severely Active Crohn’s Disease Refractory to Systemic Therapies Moderately to Severely Active Ulcerative Colitis Refractory to Systemic Therapies Moderately to Severely Active Ulcerative Colitis with inadequate response, loss of response, or intolerance to ≥1 biologic or novel oral with biologic-like activity competing agents in the same mechanistic class as JNJ-4804 Co Antibody Therapy, including Antibody Cocktail Monoclonal Antibody and IL-23 IL23A TNF-α Tumor Necrosis Factor Alpha therapies",JNJ-4804 competing IL-23 TNF-α antibody Crohn's disease ulcerative colitis,3,Study highlights breakthrough in overcoming diminishing returns of sequential IBD therapies,https://www.news-medical.net/news/20260505/Study-highlights-breakthrough-in-overcoming-diminishing-returns-of-sequential-IBD-therapies.aspx,news-medical.net,2026-05-05,"For patients with Crohn's disease or ulcerative colitis who have exhausted other treatment options, a new combination therapy is showing results that offer hope for one of medicine's most treatment-resistant populations, according to findings from two studies to be presented today at Digestive Disea",,,
q007-1,q007,Ulcerative Colitis competing agents in the same mechanistic class as FN1 IL-10RB IL10RA Interleukin-10 Antibody-Cytokine Conjugate Fusion Protein Biologic,Dekavil ulcerative colitis IL-10 fusion competitors,1,Advancing therapeutic frontiers: a pipeline of novel drugs ...,https://www.frontiersin.org/journals/gastroenterology/articles/10.3389/fgstr.2026.1747118/full,frontiersin.org,2026-01-30,"|IP-10 antagonist|Eldelumab (BMS-936557)|Fully human monoclonal IgG1 antibody targeting IP-10/CXCL10|NCT00656890, NCT01294410|Phase 2, Phase 2b|Completed; failed to meet primary endpoints| ... |Combination|AMT-101 + Adalimumab|IL-10 fusion protein + TNF antagonist|NCT04583358 (LOMBARD), NCT05372939 ",,,
q007-1,q007,Ulcerative Colitis competing agents in the same mechanistic class as FN1 IL-10RB IL10RA Interleukin-10 Antibody-Cytokine Conjugate Fusion Protein Biologic,Dekavil ulcerative colitis IL-10 fusion competitors,2,Targeting IL-10 Family Cytokines for the Treatment of Human ...,https://pmc.ncbi.nlm.nih.gov/articles/PMC6360861/,pmc.ncbi.nlm.nih.gov,,"TNF-blocking agents, including anti-TNF antibodies, such as infliximab, adalimumab, and certolizumab, have shown good clinical efficacy in the treatment of both CD and UC, and are currently the standard of care for patients with moderate-to-severe disease (Hanauer et al. 2002, 2006; Järnerot et al. ",,,
q007-1,q007,Ulcerative Colitis competing agents in the same mechanistic class as FN1 IL-10RB IL10RA Interleukin-10 Antibody-Cytokine Conjugate Fusion Protein Biologic,Dekavil ulcerative colitis IL-10 fusion competitors,3,La varietà delle terapie biologiche nelle IBD - AIGO,https://webaigo.it/download/20220412212515.pdf,webaigo.it,,(3) Antiinflammatory Agent F8-IL-10 SMAD7 Dekavil Mongersen Intracellular and Intranuclear,,,
q007-1,q007,Ulcerative Colitis competing agents in the same mechanistic class as FN1 IL-10RB IL10RA Interleukin-10 Antibody-Cytokine Conjugate Fusion Protein Biologic,Dekavil ulcerative colitis IL-10 fusion competitors,4,Emerging Therapies for Ulcerative Colitis: Updates from Recent ...,https://pmc.ncbi.nlm.nih.gov/articles/PMC10441644/,pmc.ncbi.nlm.nih.gov,2023-08-17,"### AMT-101 (IL-10) IL-10 is a cytokine that has important anti-inflammatory properties. SC administration of recombinant human IL-10 has been demonstrated to result in clinical and endoscopic improvement in Crohn’s disease, but its utilization is limited due to systemic toxicities including anemia ",,,
q007-1,q007,Ulcerative Colitis competing agents in the same mechanistic class as FN1 IL-10RB IL10RA Interleukin-10 Antibody-Cytokine Conjugate Fusion Protein Biologic,Dekavil ulcerative colitis IL-10 fusion competitors,5,Top 7 Breakthrough Drugs for Ulcerative Colitis Treatment,https://www.delveinsight.com/blog/emerging-drugs-for-ulcerative-colitis-treatment,delveinsight.com,2026-06-25,"The current ulcerative colitis medications list includes several approved therapies, with commonly referenced ulcerative colitis medications names such as **TREMFYA **(Janssen Pharmaceuticals), **SIMPONI **(Janssen Pharmaceuticals), **ENTYVIO **(Takeda Pharmaceuticals), **XELJANZ/ XELJANZ XR** (Pfiz",,,
q007-2,q007,Ulcerative Colitis competing agents in the same mechanistic class as FN1 IL-10RB IL10RA Interleukin-10 Antibody-Cytokine Conjugate Fusion Protein Biologic,Dekavil ulcerative colitis antibody-cytokine fusion pipeline,1,"Dekavil - Drug Targets, Indications, Patents - Synapse",https://synapse.patsnap.com/drug/c932383d8dcb4af180c9a51971a82032,synapse.patsnap.com,,"|Drug Type Fusion protein| |--| |Synonyms F8-IL10, PF 06687234, PF-06687234| |Target EDA-FN x IL-10R| |Action inhibitors, stimulants| |Mechanism EDA-FN inhibitors(extra domain A of fibronectin inhibitors), IL-10R stimulants(Interleukin 10 receptor stimulants)| |Therapeutic Areas Immune System Diseas",,,
q007-2,q007,Ulcerative Colitis competing agents in the same mechanistic class as FN1 IL-10RB IL10RA Interleukin-10 Antibody-Cytokine Conjugate Fusion Protein Biologic,Dekavil ulcerative colitis antibody-cytokine fusion pipeline,2,Inflammatory Bowel Disease: Updates on Molecular ...,https://pmc.ncbi.nlm.nih.gov/articles/PMC5491079/,pmc.ncbi.nlm.nih.gov,2017-05-11,"^37^ However, no clear therapeutic effect of IL-10 has yet been demonstrated in human clinical trials. However, newer formulations of IL-10 targeted at sites of inflammation, such as F8-IL-10 (Dekavil) may show promise for the treatment of IBD. Dekavil is an immunocytokine consisting of a targeting ",,,
q007-2,q007,Ulcerative Colitis competing agents in the same mechanistic class as FN1 IL-10RB IL10RA Interleukin-10 Antibody-Cytokine Conjugate Fusion Protein Biologic,Dekavil ulcerative colitis antibody-cytokine fusion pipeline,3,"F8IL10, F8-IL10, PF-06687234 Clinical Immunoconjugate ...",https://db.antibodysociety.org/db0/622/,db.antibodysociety.org,,"# F8IL10, F8-IL10, PF-06687234 Clinical Immunoconjugate, Immunocytokine ... |INN|None| |Status|Clinical| |Drug code(s)|F8IL10, F8-IL10, PF-06687234| |Brand name|Dekavil| ... |General Molecular Category|Immunoconjugate, Immunocytokine| |Format, general category|Fragment fusion| |Format details|scFv-I",,,
q007-2,q007,Ulcerative Colitis competing agents in the same mechanistic class as FN1 IL-10RB IL10RA Interleukin-10 Antibody-Cytokine Conjugate Fusion Protein Biologic,Dekavil ulcerative colitis antibody-cytokine fusion pipeline,4,Antibody-cytokine fusion proteins: a novel class of ... - PMC - NIH,https://pmc.ncbi.nlm.nih.gov/articles/PMC6994257/,pmc.ncbi.nlm.nih.gov,2019-04-13,"Antibody-cytokine fusion proteins represent a novel class of biopharmaceuticals, with the potential to increase the therapeutic index of cytokine payloads and to promote leukocyte infiltration at the site of disease. ... One product based on IL10 (F8-IL10) is currently being investigated in Phase II",,,
q007-2,q007,Ulcerative Colitis competing agents in the same mechanistic class as FN1 IL-10RB IL10RA Interleukin-10 Antibody-Cytokine Conjugate Fusion Protein Biologic,Dekavil ulcerative colitis antibody-cytokine fusion pipeline,5,"Dekavil (F8-IL10) / Pfizer, Philogen",https://delta.larvol.com/Products/?ProductId=38609b33-9fa9-4d28-ad56-2b75573a091a,delta.larvol.com,,"Dekavil (F8-IL10) / Pfizer, Philogen ... February 13, 2026 Efficacy and safety of the interleukin-10-fragment F8 fusion protein PF-06687234 as add-on therapy to infliximab in patients with active ulcerative colitis: a randomized, phase IIa clinical trial. (PubMed, Therap Adv Gastroenterol) - P2a | """,,,
q007-3,q007,Ulcerative Colitis competing agents in the same mechanistic class as FN1 IL-10RB IL10RA Interleukin-10 Antibody-Cytokine Conjugate Fusion Protein Biologic,Dekavil PF-06687234 sponsor ownership,1,Clinical trials,https://www.clinicaltrialsregister.eu/ctr-search/trial/2017-002108-28/BE,clinicaltrialsregister.eu,,"Sponsor Information| ... |B.Sponsor: 1| |B.1.1|Name of Sponsor|Pfizer Inc, 235 East 42nd Street, New York, New York 10017| |B.1.3.4|Country|United States| |B.3.1 and B.3.2|Status of the sponsor|Commercial| ... |B.4.1|Name of organisation providing support|Pfizer Inc.| ... |D.3.1|Product name|Dekavil",,,
q007-3,q007,Ulcerative Colitis competing agents in the same mechanistic class as FN1 IL-10RB IL10RA Interleukin-10 Antibody-Cytokine Conjugate Fusion Protein Biologic,Dekavil PF-06687234 sponsor ownership,2,EudraCT Number 2017-002108-28 - Clinical trial results,https://www.clinicaltrialsregister.eu/ctr-search/trial/2017-002108-28/results,clinicaltrialsregister.eu,2017-09-06,"|Sponsor protocol code|B7581002| ... |US NCT number|NCT03269695| ... |Sponsors| |Sponsor organisation name|Pfizer, Inc.| |Sponsor organisation address|235 E 42nd Street, New York, United States, NY 10017| |Public contact|Pfizer ClinicalTrials.gov Call Center, Pfizer, Inc., +1 18007181021, ClinicalTr",,,
q007-3,q007,Ulcerative Colitis competing agents in the same mechanistic class as FN1 IL-10RB IL10RA Interleukin-10 Antibody-Cytokine Conjugate Fusion Protein Biologic,Dekavil PF-06687234 sponsor ownership,3,PF-06687234 | MedPath,https://trial.medpath.com/drug/3757adc953a1d685/pf-06687234,trial.medpath.com,2022-11-18,|2022/11/18|Phase 1|Not yet recruiting|Philogen S.p.A.| ... |2014/10/21|Phase 2|Terminated|Philogen S.p.A.| |2014/03/03|Phase 1|Completed|Philogen S.p.A.|,,,
q007-3,q007,Ulcerative Colitis competing agents in the same mechanistic class as FN1 IL-10RB IL10RA Interleukin-10 Antibody-Cytokine Conjugate Fusion Protein Biologic,Dekavil PF-06687234 sponsor ownership,4,"Dekavil (F8-IL10) / Pfizer, Philogen",https://delta.larvol.com/Products/?ProductId=38609b33-9fa9-4d28-ad56-2b75573a091a,delta.larvol.com,,"Dekavil (F8-IL10) / Pfizer, Philogen - LARVOL DELTA ... - P2a | ""https://clinicaltrials.gov/study/NCT03269695. ... - P1 | N=42 | Recruiting | Sponsor: Philogen S.p.A.",,,
q007-3,q007,Ulcerative Colitis competing agents in the same mechanistic class as FN1 IL-10RB IL10RA Interleukin-10 Antibody-Cytokine Conjugate Fusion Protein Biologic,Dekavil PF-06687234 sponsor ownership,5,"Dekavil - Drug Targets, Indications, Patents - Synapse",https://synapse.patsnap.com/drug/c932383d8dcb4af180c9a51971a82032,synapse.patsnap.com,,|Originator Organization Philogen SpA| |--| |Active Organization-| |Inactive Organization Pfizer Inc.Philogen SpA| |License Organization Pfizer Inc.Philogen SpA|,,,
q007-4,q007,Ulcerative Colitis competing agents in the same mechanistic class as FN1 IL-10RB IL10RA Interleukin-10 Antibody-Cytokine Conjugate Fusion Protein Biologic,Dekavil ulcerative colitis current development status,1,Press Release: Sanofi and Teva's duvakitug phase 2b ...,https://www.sanofi.com/en/media-room/press-releases/2026/2026-02-17-11-00-00-3239014,sanofi.com,2026-02-17,"- In the RELIEVE UCCD LTE phase 2b study, duvakitug showed robust, durable efficacy for an additional 44 weeks in UC and CD patients who had responded after 14 weeks of induction ... - Findings reinforce the potential of duvakitug which is in ongoing phase 3 programs in UC and CD **Paris and Parsipp",,,
q007-4,q007,Ulcerative Colitis competing agents in the same mechanistic class as FN1 IL-10RB IL10RA Interleukin-10 Antibody-Cytokine Conjugate Fusion Protein Biologic,Dekavil ulcerative colitis current development status,2,"Dekavil - Drug Targets, Indications, Patents - Synapse",https://synapse.patsnap.com/drug/c932383d8dcb4af180c9a51971a82032,synapse.patsnap.com,,"|Active Indication-| |Inactive Indication Colitis, UlcerativeCrohn DiseaseRheumatoid Arthritis| ... |Drug Highest PhaseDiscontinuedPhase 2| ... NCT05622175 / WithdrawnPhase 1 ... NCT03414788 / WithdrawnPhase 1 PHASE 1B, OPEN LABEL STUDY TO CHARACTERIZE THE DISTRIBUTION OF A SINGLE INTRAVENOUS DOSE O",,,
q007-4,q007,Ulcerative Colitis competing agents in the same mechanistic class as FN1 IL-10RB IL10RA Interleukin-10 Antibody-Cytokine Conjugate Fusion Protein Biologic,Dekavil ulcerative colitis current development status,3,"F8IL10, F8-IL10, PF-06687234 Clinical Immunoconjugate ...",https://db.antibodysociety.org/db0/622/,db.antibodysociety.org,,"|INN|None| |Status|Clinical| ... |Indications of clinical studies|Ulcerative colitis, Rheumatoid arthritis| ... |Most advanced stage of development (global)|Phase 2| |--|--| |Status|Active| |Start of clinical phase (IND filing or first Phase 1)|July 01, 2011| |Start of Phase 2|October 15, 2014| ... ",,,
q007-4,q007,Ulcerative Colitis competing agents in the same mechanistic class as FN1 IL-10RB IL10RA Interleukin-10 Antibody-Cytokine Conjugate Fusion Protein Biologic,Dekavil ulcerative colitis current development status,4,"Dekavil (F8-IL10) / Pfizer, Philogen",https://delta.larvol.com/Products/?ProductId=38609b33-9fa9-4d28-ad56-2b75573a091a,delta.larvol.com,,"/ Pfizer, Philogen ... February 13, 2026 Efficacy and safety of the interleukin-10-fragment F8 fusion protein PF-06687234 as add-on therapy to infliximab in patients with active ulcerative colitis: a randomized, phase IIa clinical trial. (PubMed, Therap Adv Gastroenterol) - P2a | ""https://clinicaltr",,,
q007-4,q007,Ulcerative Colitis competing agents in the same mechanistic class as FN1 IL-10RB IL10RA Interleukin-10 Antibody-Cytokine Conjugate Fusion Protein Biologic,Dekavil ulcerative colitis current development status,5,DataLookout — Clinical Trial Intelligence,https://dashboard.datalookout.com/disease/ulcerative-colitis,dashboard.datalookout.com,2026-09-25,NCT06581328 A Study of Vedolizumab in Adults With Ulcerative Colitis (UC) or Crohn's Disease (CD) in… · Takeda · Phase 4 ... Phase changed: Phase 1/2 → Phase 1 Trial completed,,,
q008-1,q008,"Clostridioides Difficile Colitis competing agents in the same mechanistic class as LMN-201, including Antibody Fragment Enzyme Biological Biologic Cocktail and Clostridioides Difficile Toxin B TcdB therapies",LMN-201 TcdB antitoxin competitors Phase 2 clinical,1,"The Urgent Threat of Clostridioides difficile Infection: A Glimpse of the Drugs of the Future, with Related Patents and Prospects",https://www.mdpi.com/2227-9059/11/2/426,mdpi.com,2023-02-01,#### 4.3.2. LMN-201 **US2021338751A1**(Lumen Bioscience) claims a non-parenterally delivered composition of recombinant spirulina with two or more proteins that bind to a Clostridium toxin (toxin B) and a lysine [109]. This was validated in a completed phase I clinical trial that demonstrated strong,,,
q008-1,q008,"Clostridioides Difficile Colitis competing agents in the same mechanistic class as LMN-201, including Antibody Fragment Enzyme Biological Biologic Cocktail and Clostridioides Difficile Toxin B TcdB therapies",LMN-201 TcdB antitoxin competitors Phase 2 clinical,2,The Urgent Threat of Clostridioides difficile Infection - PMC - NIH,https://pmc.ncbi.nlm.nih.gov/articles/PMC9953237/,pmc.ncbi.nlm.nih.gov,2023-02-01,"Many possible drugs of the future for CDI, with diverse mechanisms of action, are in development in the form of microbiota-modulating agents (e.g., ADS024, CP101, RBX2660, RBX7455, SYN-004, SER-109, VE303, DAV132, MET-2 , and BB128), small molecules (e.g., ridinilazole, ibezapolstat, CRS3123, DNV383",,,
q008-1,q008,"Clostridioides Difficile Colitis competing agents in the same mechanistic class as LMN-201, including Antibody Fragment Enzyme Biological Biologic Cocktail and Clostridioides Difficile Toxin B TcdB therapies",LMN-201 TcdB antitoxin competitors Phase 2 clinical,3,Clostridium Difficile Infections Pipeline 2025: Latest FDA ...,https://www.barchart.com/press-releases/4646010/clostridium-difficile-infections-pipeline-2025-latest-fda-approvals-clinical-trials-and-emerging-therapies,barchart.com,2026-09-16,"As per DelveInsight’s latest evaluation, the global Clostridium Difficile Infections therapeutic pipeline includes 20+ active companies involved in advancing 22+ CDI treatment candidates, covering clinical trials, therapeutic approaches, mechanisms of action, routes of administration, and key ongoin",,,
q008-1,q008,"Clostridioides Difficile Colitis competing agents in the same mechanistic class as LMN-201, including Antibody Fragment Enzyme Biological Biologic Cocktail and Clostridioides Difficile Toxin B TcdB therapies",LMN-201 TcdB antitoxin competitors Phase 2 clinical,4,"Clostridium Difficile Infections Pipeline 2026: FDA Updates,",https://www.openpr.com/news/4584063/clostridium-difficile-infections-pipeline-2026-fda-updates,openpr.com,2026-07-22,"Replidyne, and others, are developing therapies for the Clostridium Difficile Infections treatment• Emerging Clostridium Difficile Infections therapies in the different phases of clinical trials are- ADS024, DNV3837, Ibezapolstat, LMN-201, Ridinilazole, CP101, SER 109, VE303, MGB-BP-3, CRS3123, and ",,,
q008-1,q008,"Clostridioides Difficile Colitis competing agents in the same mechanistic class as LMN-201, including Antibody Fragment Enzyme Biological Biologic Cocktail and Clostridioides Difficile Toxin B TcdB therapies",LMN-201 TcdB antitoxin competitors Phase 2 clinical,5,Table 1.,https://pmc.ncbi.nlm.nih.gov/articles/PMC12849448/table/Tab1/,pmc.ncbi.nlm.nih.gov,2026-01-01,"Overview of endolysin-based products that are or have been evaluated in clinical trials, together with the developing company, the indication, combination strategy with antibiotics, clinical development stage with ClinicalTrials.gov identifier (if available), as well as trial status ... |SAL200|SAL-",,,
q008-2,q008,"Clostridioides Difficile Colitis competing agents in the same mechanistic class as LMN-201, including Antibody Fragment Enzyme Biological Biologic Cocktail and Clostridioides Difficile Toxin B TcdB therapies",LMN-201 PA-41 development phase,1,Project Status Search,https://deldot.gov/Business/ProjectStatusQuery/,deldot.gov,,Project Status Search - Delaware Department of Transportation ... **Toll Free:** (800) 652 5600,,,
q008-2,q008,"Clostridioides Difficile Colitis competing agents in the same mechanistic class as LMN-201, including Antibody Fragment Enzyme Biological Biologic Cocktail and Clostridioides Difficile Toxin B TcdB therapies",LMN-201 PA-41 development phase,2,"Lumen Bioscience, Inc. - Drug pipelines, Patents, Clinical ...",https://synapse.patsnap.com/organization/b8442753a9f122a5435bfcee84970177,synapse.patsnap.com,,"NCT05330182 / Active, not recruitingPhase 2/3 A Phase 2, Randomized, Double-blind, Placebo-controlled Study of LMN-201 for Prevention of C. Difficile Infection Recurrence ... Lumen Bioscience's LMN-201 Achieves 100% Initial C. difficile Clinical Cure in Preliminary Cohort of RePreve Trial",,,
q008-2,q008,"Clostridioides Difficile Colitis competing agents in the same mechanistic class as LMN-201, including Antibody Fragment Enzyme Biological Biologic Cocktail and Clostridioides Difficile Toxin B TcdB therapies",LMN-201 PA-41 development phase,3,LMN-201 Clinical Mixture of 3,https://db.antibodysociety.org/db0/937/,db.antibodysociety.org,,"|Status|Clinical| ... Phase lengths are calculated from the start of the first in human (FIH) study (Start of clinical phase). ... |Most advanced stage of development (global)|Phase 2/3| |--|--| |Status|Active| |Start of clinical phase (IND filing or first Phase 1)|August 15, 2021| |Start of Phase 2",,,
q008-2,q008,"Clostridioides Difficile Colitis competing agents in the same mechanistic class as LMN-201, including Antibody Fragment Enzyme Biological Biologic Cocktail and Clostridioides Difficile Toxin B TcdB therapies",LMN-201 PA-41 development phase,4,"LMN-201 - Drug Targets, Indications, Patents - Patsnap Synapse",https://synapse.patsnap.com/drug/71dff2e4a26f4461827864de949a732a,synapse.patsnap.com,,"|Drug Highest PhasePhase 2/3| ... |Indication|Highest Phase|Country/Location|Organization|Date| |--|--|--|--|--| |Clostridium difficile infection|Phase 3|United States|Lumen Bioscience, Inc.|29 Aug 2024| ... |NCT05330182 (RePreve, PRNewswire) Manual|Phase 2/3|Clostridium difficile infection|21|LMN-2",,,
q008-2,q008,"Clostridioides Difficile Colitis competing agents in the same mechanistic class as LMN-201, including Antibody Fragment Enzyme Biological Biologic Cocktail and Clostridioides Difficile Toxin B TcdB therapies",LMN-201 PA-41 development phase,5,Meds Pipeline Monitor 2026,https://www.canada.ca/en/patented-medicine-prices-review/services/npduis/analytical-studies/meds-pipeline-monitor-2026.html,canada.ca,2026-04-27,|**LMN-201** Lumen Bioscience Inc.- Increased safety and efficacy - Novel mechanism - Fast Track|*C. difficile* infection|- It is a biologic cocktail of therapeutic proteins that neutralizes the *C. difficile* bacterium.^Footnote 146^ - Administered orally. - *C. difficile* infection is an antimicro,,,
q008-3,q008,"Clostridioides Difficile Colitis competing agents in the same mechanistic class as LMN-201, including Antibody Fragment Enzyme Biological Biologic Cocktail and Clostridioides Difficile Toxin B TcdB therapies",LMN-201 BL5-6.2 clinical development,1,Investigational Oral Biologic Achieves 100% C difficile ...,https://www.lumen.bio/news/2025/04/03/investigational-oral-biologic-achieves-100-c-difficile-clinical-cure-in-preliminary-cohort,lumen.bio,,"Today, Lumen Bioscience reported that its investigational oral biologic, LMN-201, achieved a 100% clinical cure rate of C difficile infection (CDI) in the sentinel cohort (Part A) of its RePreve clinical trial. All patients (21/21; 95% confidence interval [CI]: 85%-100%) achieved initial clinical re",,,
q008-3,q008,"Clostridioides Difficile Colitis competing agents in the same mechanistic class as LMN-201, including Antibody Fragment Enzyme Biological Biologic Cocktail and Clostridioides Difficile Toxin B TcdB therapies",LMN-201 BL5-6.2 clinical development,2,Meds Pipeline Monitor 2026,https://www.canada.ca/en/patented-medicine-prices-review/services/npduis/analytical-studies/meds-pipeline-monitor-2026.html,canada.ca,2026-04-27,|**LMN-201** Lumen Bioscience Inc.- Increased safety and efficacy - Novel mechanism - Fast Track|*C. difficile* infection|- It is a biologic cocktail of therapeutic proteins that neutralizes the *C. difficile* bacterium.^Footnote 146^ - Administered orally. - *C. difficile* infection is an antimicro,,,
q008-3,q008,"Clostridioides Difficile Colitis competing agents in the same mechanistic class as LMN-201, including Antibody Fragment Enzyme Biological Biologic Cocktail and Clostridioides Difficile Toxin B TcdB therapies",LMN-201 BL5-6.2 clinical development,3,"Lumen Bioscience, Inc. - Drug pipelines, Patents, Clinical ...",https://synapse.patsnap.com/organization/b8442753a9f122a5435bfcee84970177,synapse.patsnap.com,,"A Phase 2, Randomized, Double-blind, Placebo-controlled Study of LMN-201 for Prevention of C. Difficile Infection Recurrence ... Lumen Bioscience's LMN-201 Achieves 100% Initial C. difficile Clinical Cure in Preliminary Cohort of RePreve Trial Clinical ResultPhase 3",,,
q008-3,q008,"Clostridioides Difficile Colitis competing agents in the same mechanistic class as LMN-201, including Antibody Fragment Enzyme Biological Biologic Cocktail and Clostridioides Difficile Toxin B TcdB therapies",LMN-201 BL5-6.2 clinical development,4,Lumen Bioscience's LMN-201 Achieves 100% Initial C. difficile Clinical Cure in Preliminary Cohort of RePreve Trial,https://www.prnewswire.com/news-releases/lumen-biosciences-lmn-201-achieves-100-initial-c-difficile-clinical-cure-in-preliminary-cohort-of-repreve-trial-302419130.html,prnewswire.com,2025-04-03,"SEATTLE, April 3, 2025 /PRNewswire/ -- In a landmark achievement for its pioneering spirulina-based drug development platform, Lumen announced today top-line results from the sentinel cohort of its RePreve Clinical Trial evaluating LMN-201 for Clostridioides difficile infection (CDI). LMN-201 is an ",,,
q008-3,q008,"Clostridioides Difficile Colitis competing agents in the same mechanistic class as LMN-201, including Antibody Fragment Enzyme Biological Biologic Cocktail and Clostridioides Difficile Toxin B TcdB therapies",LMN-201 BL5-6.2 clinical development,5,Lumen Bioscience News and Press Releases | PR Newswire,https://www.prnewswire.com/news/lumen-bioscience/,prnewswire.com,2025-10-08,"### Apr 03, 2025, 07:00 ET Lumen Bioscience's LMN-201 Achieves 100% Initial C. difficile Clinical Cure in Preliminary Cohort of RePreve Trial In a landmark achievement for its pioneering spirulina-based drug development platform, Lumen announced today top-line results from the sentinel... ### Oct 17",,,
q008-4,q008,"Clostridioides Difficile Colitis competing agents in the same mechanistic class as LMN-201, including Antibody Fragment Enzyme Biological Biologic Cocktail and Clostridioides Difficile Toxin B TcdB therapies",LMN-201 AZD5148 clinical trial regulatory status,1,LMN-201 for Prevention of C. Difficile Infection Recurrence,https://clinicaltrials.gov/study/NCT05330182,clinicaltrials.gov,2022-04-08,"Drug: LMN-201 Drug: Placebo ... - CDMRP-PR221885 ( Other Grant/Funding Number ) (OTHER_GRANT: CDMRP) - CDMRP-PR221885 ( Other Grant/Funding Number ) (OTHER_GRANT: CDMRP) ... Inclusion Criteria: - Male or female, aged 18 or older. - Diagnosis of CDI defined as a new or recent history of 3 or more bow",,,
q008-4,q008,"Clostridioides Difficile Colitis competing agents in the same mechanistic class as LMN-201, including Antibody Fragment Enzyme Biological Biologic Cocktail and Clostridioides Difficile Toxin B TcdB therapies",LMN-201 AZD5148 clinical trial regulatory status,2,Prevention of Recurrent C. Difficile Infection Study With AZD5148 Monoclonal Antibody,https://med.agiltrace.com/clinical-trials/NCT07285213,med.agiltrace.com,,The purpose of this study is to evaluate the efficacy and safety of AZD5148 for prevention of recurrence of Clostridioides difficile infection in Individuals 18 years of age and above. ... ## Timeline & Regulatory - **Start** 2025-12-10 - **Primary Completion** 2027-04-20 - **Completion** 2028-01-18,,,
q008-4,q008,"Clostridioides Difficile Colitis competing agents in the same mechanistic class as LMN-201, including Antibody Fragment Enzyme Biological Biologic Cocktail and Clostridioides Difficile Toxin B TcdB therapies",LMN-201 AZD5148 clinical trial regulatory status,3,Clinical Trials Using Clostridioides difficile Toxin B-binding proteins ...,https://www.cancer.gov/research/participate/clinical-trials/intervention/C213489?pn=1,cancer.gov,2017-06-13,"Trials 1-1 of 1 - LMN-201 for Prevention of C. Difficile Infection Recurrence **Status:**Active **Location:**M D Anderson Cancer Center, Houston, Texas",,,
q008-4,q008,"Clostridioides Difficile Colitis competing agents in the same mechanistic class as LMN-201, including Antibody Fragment Enzyme Biological Biologic Cocktail and Clostridioides Difficile Toxin B TcdB therapies",LMN-201 AZD5148 clinical trial regulatory status,4,LMN-201 for Prevention of C. Difficile Infection Recurrence,https://med.agiltrace.com/clinical-trials/NCT05330182,med.agiltrace.com,,"This is a multisite study to evaluate the safety, tolerability, and efficacy of LMN-201 in participants recently diagnosed with CDI who are scheduled to receive or are receiving SOC antibiotic therapy against C. difficile. ... RANDOMIZED ... ## Timeline & Regulatory - **Start** 2024-08-29 - **Primar",,,
q008-4,q008,"Clostridioides Difficile Colitis competing agents in the same mechanistic class as LMN-201, including Antibody Fragment Enzyme Biological Biologic Cocktail and Clostridioides Difficile Toxin B TcdB therapies",LMN-201 AZD5148 clinical trial regulatory status,5,"Study Details | NCT06469151 | A Study to Evaluate the Safety, Tolerability and Pharmacokinetics of AZD5148 in Healthy Adults | ClinicalTrials.gov",https://clinicaltrials.gov/study/NCT06469151,clinicaltrials.gov,2024-06-17,This is a first in human study which will be conducted at four clinical units. ... |Number of participants with adverse events (AEs).|To evaluate the safety and tolerability of AZD5148 administered as a single IV or IM dose to healthy adult participants.|From Day -1 to Day 91| |Number of participant,,,
q008-5,q008,"Clostridioides Difficile Colitis competing agents in the same mechanistic class as LMN-201, including Antibody Fragment Enzyme Biological Biologic Cocktail and Clostridioides Difficile Toxin B TcdB therapies",LMN-201 bezlotoxumab withdrawal current status,1,LMN-201 Preliminary Cohort in Repreve Trial,https://www.lumen.bio/news/2025/04/02/lmn-201-achieves-100-initial-c-difficile-clinical-cure-in-preliminary-cohort-of-re-preve-trial,lumen.bio,,"The RePreve Trial was designed to facilitate comparisons to the MODIFY trial, which targeted the same patient population with the same SoC antibiotics combined with the IV-infused monoclonal antibody, bezlotoxumab. ... Sustained cure rates through Week 4 for SoC alone (MODIFY I/II), SoC plus LMN-201",,,
q008-5,q008,"Clostridioides Difficile Colitis competing agents in the same mechanistic class as LMN-201, including Antibody Fragment Enzyme Biological Biologic Cocktail and Clostridioides Difficile Toxin B TcdB therapies",LMN-201 bezlotoxumab withdrawal current status,2,Lumen Bioscience's Oral Biologic LMN-201 Achieves 100% Clinical ...,https://trial.medpath.com/news/lumen-bioscience-s-oral-biologic-lmn-201-achieves-100-clinical-cure-rate-for-c-difficile-infection-in-preliminary-trial,trial.medpath.com,2025-04-03,"## Key Insights ... - Only one patient (4.76%) experienced recurrence within 28 days after LMN-201View drug details treatment, compared to 26% with standard care alone and 14% with bezlotoxumabView drug details in previous MODIFY trials, suggesting strong potential for reducing the burden of recurre",,,
q008-5,q008,"Clostridioides Difficile Colitis competing agents in the same mechanistic class as LMN-201, including Antibody Fragment Enzyme Biological Biologic Cocktail and Clostridioides Difficile Toxin B TcdB therapies",LMN-201 bezlotoxumab withdrawal current status,3,LMN-201 Clinical Mixture of 3,https://db.antibodysociety.org/db0/937/,db.antibodysociety.org,,"|INN|None| |Status|Clinical| ... |Most advanced stage of development (global)|Phase 2/3| |--|--| |Status|Active| |Start of clinical phase (IND filing or first Phase 1)|August 15, 2021| |Start of Phase 2| | |Start of Phase 3|August 29, 2024| ... |US or EU approved indications|None| ... |Comments abou",,,
q008-5,q008,"Clostridioides Difficile Colitis competing agents in the same mechanistic class as LMN-201, including Antibody Fragment Enzyme Biological Biologic Cocktail and Clostridioides Difficile Toxin B TcdB therapies",LMN-201 bezlotoxumab withdrawal current status,4,Addressing Personalized Needs in Clostridioides Difficile Infection,https://med.agiltrace.com/clinical-trials/NCT04725123,med.agiltrace.com,,NCT03829475 ·Status: COMPLETED ·Phase: PHASE2 - LMN-201 for Prevention of C. Difficile Infection Recurrence NCT05330182 ·Status: ACTIVE_NOT_RECRUITING ·Phase: PHASE2/PHASE3,,,
q008-5,q008,"Clostridioides Difficile Colitis competing agents in the same mechanistic class as LMN-201, including Antibody Fragment Enzyme Biological Biologic Cocktail and Clostridioides Difficile Toxin B TcdB therapies",LMN-201 bezlotoxumab withdrawal current status,5,"Pfizer, Inc., et al.; Withdrawal of Approval of 26 New Drug Applications",https://www.federalregister.gov/documents/2024/11/19/2024-26913/pfizer-inc-et-al-withdrawal-of-approval-of-26-new-drug-applications,federalregister.gov,2024-11-19,Enter a search term or FR citation e.g. 88 FR 382 30 FR 7878 2024-13208 USDA 09/05/24 RULE 0503-AA39 SORN,,,
q009-1,q009,Inflammatory Bowel Disease competing agents in the same mechanistic class as CHRM1 CHRM3 CHRM4 CHRM5 Small Molecule,Dicyclomine inflammatory bowel disease muscarinic competitors,1,Antispasmodics for Chronic Abdominal Pain: Analysis of North ...,https://pmc.ncbi.nlm.nih.gov/articles/PMC8315189/,pmc.ncbi.nlm.nih.gov,2021-05-17,"Anticholinergic/antimuscarinic agents inhibit GI smooth muscle contraction, in part, by blocking calcium transport through calcium channels (31); furthermore, these agents decrease colonic motility (32). ... ##### Dicyclomine. In 2 randomized, placebo-controlled studies, dicyclomine improved symptom",,,
q009-1,q009,Inflammatory Bowel Disease competing agents in the same mechanistic class as CHRM1 CHRM3 CHRM4 CHRM5 Small Molecule,Dicyclomine inflammatory bowel disease muscarinic competitors,2,Pain management in patients with inflammatory bowel disease,https://pmc.ncbi.nlm.nih.gov/articles/PMC3437534/,pmc.ncbi.nlm.nih.gov,,"Since one of the cardinal features of intestinal inflammation is abdominal pain, inducing remission using standard of care IBD treatments (e.g. aminosalicylates, antibiotics, corticosteroids, enteral therapy, immunomodulators, and biological response modifiers) can alleviate inflammation-related pai",,,
q009-1,q009,Inflammatory Bowel Disease competing agents in the same mechanistic class as CHRM1 CHRM3 CHRM4 CHRM5 Small Molecule,Dicyclomine inflammatory bowel disease muscarinic competitors,3,Antispasmodics and IBD,https://www.ibdrelief.com/learn/treatment/medication-for-ibd/antispasmodics-and-ibd,ibdrelief.com,,"Antispasmodics suppress muscle spasms, helping to reduce stomach pain, cramping and bloating. They are sometimes used in IBD to relieve symptoms. ... Antispasmodic medicines are a type of symptomatic medicine, which suppress muscle spasms. They are used to help ease symptoms such as functional abdom",,,
q009-1,q009,Inflammatory Bowel Disease competing agents in the same mechanistic class as CHRM1 CHRM3 CHRM4 CHRM5 Small Molecule,Dicyclomine inflammatory bowel disease muscarinic competitors,4,Pharmacology,https://go.drugbank.com/drugs/DB00804,go.drugbank.com,2025-04-30,"- Muscarinic acetylcholine receptor M1Antagonist ... **Dicyclomine**is an antimuscarinic agent used to treat IBS. ... Dicyclomine is a muscarinic M1, M3, and M2 receptor antagonist as well as a non-competitive inhibitor of histamine and bradykinin used to treat spasms of the intestines seen in funct",,,
q009-1,q009,Inflammatory Bowel Disease competing agents in the same mechanistic class as CHRM1 CHRM3 CHRM4 CHRM5 Small Molecule,Dicyclomine inflammatory bowel disease muscarinic competitors,5,www.droracle.ai · articles · 856897What is the most appropriate over‑the‑counter treatment for ...,https://www.droracle.ai/articles/856897/what-is-the-most-appropriate-overthecounter-treatment-for-simultaneous,droracle.ai,2026-02-16,"**For simultaneous abdominal cramps and diarrhea, loperamide is the single most effective over-the-counter medication, addressing diarrhea control while providing modest pain relief, though antispasmodics like dicyclomine can be added if cramping persists.** 1 ... If cramping remains bothersome desp",,,
q009-2,q009,Inflammatory Bowel Disease competing agents in the same mechanistic class as CHRM1 CHRM3 CHRM4 CHRM5 Small Molecule,Dicyclomine IBD CHRM pipeline,1,DICYCLOMINE HYDROCHLORIDE,https://dailymed.nlm.nih.gov/dailymed/fda/fdaDrugXsl.cfm?setid=2131a563-f739-4aee-a3ea-cfdc399799ab,dailymed.nlm.nih.gov,,Dicyclomine hydrochloride is indicated for the treatment of patients with functional bowel/irritable bowel syndrome. ... Caution should be taken in patients with ulcerative colitis. Large doses may suppress intestinal motility to the point of producing a paralytic ileus and the use of this drug may ,,,
q009-2,q009,Inflammatory Bowel Disease competing agents in the same mechanistic class as CHRM1 CHRM3 CHRM4 CHRM5 Small Molecule,Dicyclomine IBD CHRM pipeline,2,dicyclomine hydrochloride tablet - DailyMed - NIH,https://dailymed.nlm.nih.gov/dailymed/drugInfo.cfm?setid=5a553bda-1e3d-4b80-913f-73dd54655033,dailymed.nlm.nih.gov,2021-11-30,Dicyclomine hydrochloride tablets are an antispasmodic and anticholinergic (antimuscarinic) agent indicated for the treatment of functional bowel/irritable bowel syndrome (1) ... Dicyclomine hydrochloride tablets are indicated for the treatment of patients with functional bowel/irritable bowel syndr,,,
q009-2,q009,Inflammatory Bowel Disease competing agents in the same mechanistic class as CHRM1 CHRM3 CHRM4 CHRM5 Small Molecule,Dicyclomine IBD CHRM pipeline,3,highlights of prescribing information,https://dailymed.nlm.nih.gov/dailymed/fda/fdaDrugXsl.cfm?setid=bb099db9-f635-4a64-8892-6236971dec45,dailymed.nlm.nih.gov,,Dicyclomine hydrochloride is an antispasmodic and anticholinergic (antimuscarinic) agent indicated for the treatment of functional bowel/irritable bowel syndrome (1) ... Caution should be taken in patients with ulcerative colitis. Large doses may suppress intestinal motility to the point of producin,,,
q009-2,q009,Inflammatory Bowel Disease competing agents in the same mechanistic class as CHRM1 CHRM3 CHRM4 CHRM5 Small Molecule,Dicyclomine IBD CHRM pipeline,4,highlights of prescribing information - DailyMed,https://dailymed.nlm.nih.gov/dailymed/fda/fdaDrugXsl.cfm?setid=88942e82-b798-4122-9ea2-0932ef09357f&type=display,dailymed.nlm.nih.gov,,Dicyclomine hydrochloride is an antispasmodic and anticholinergic (antimuscarinic) agent indicated for the treatment of functional bowel/irritable bowel syndrome (1) ... Dicyclomine hydrochloride is indicated for the treatment of patients with functional bowel/irritable bowel syndrome. ... The recom,,,
q009-2,q009,Inflammatory Bowel Disease competing agents in the same mechanistic class as CHRM1 CHRM3 CHRM4 CHRM5 Small Molecule,Dicyclomine IBD CHRM pipeline,5,DICYCLOMINE - Inxight Drugs,https://drugs.ncats.io/drug/4KV4X8IF6V,drugs.ncats.io,,"Dicyclomine is an anticholinergic tertiary amine used frequently by oral and parenteral route as an effective anti-spasmodic agent. Dicyclomine hydrochloride salt is approved under brand name bentyl for the treatment of functional bowel/irritable bowel syndrome. ... It was shown, that Dicyclomine is",,,
q009-3,q009,Inflammatory Bowel Disease competing agents in the same mechanistic class as CHRM1 CHRM3 CHRM4 CHRM5 Small Molecule,Dicyclomine inflammatory bowel disease clinical development,1,"efficacy and safety of hyoscyamine, dicyclomine, and desipramine in ...",https://academic.oup.com/crohnscolitis360/article/8/2/otag063/8711826,academic.oup.com,2026-04-22,"We performed a retrospective cohort study of IPAA patients followed at a pouch clinic between 2014 and 2025. Patients treated with hyoscyamine extended release (ER), dicyclomine, or desipramine for high bowel frequency or abdominal pain were included. ... In patients with high bowel frequency, 235 t",,,
q009-3,q009,Inflammatory Bowel Disease competing agents in the same mechanistic class as CHRM1 CHRM3 CHRM4 CHRM5 Small Molecule,Dicyclomine inflammatory bowel disease clinical development,2,Dicyclomine 20mg,https://dailymed.nlm.nih.gov/dailymed/fda/fdaDrugXsl.cfm?setid=a330a08e-0cb6-bc66-e053-2995a90ad9e9&type=display,dailymed.nlm.nih.gov,,"Dicyclomine hydrochloride tablets, USP are indicated for the treatment of patients with functional bowel/irritable bowel syndrome. ... The recommended initial dose is 20 mg four times a day. After one week treatment with the initial dose, the dose may be increased to 40 mg four times a day unless si",,,
q009-3,q009,Inflammatory Bowel Disease competing agents in the same mechanistic class as CHRM1 CHRM3 CHRM4 CHRM5 Small Molecule,Dicyclomine inflammatory bowel disease clinical development,3,Dicyclomine: Package Insert,https://www.drugs.com/pro/dicyclomine.html,drugs.com,2026-07-19,Initial U.S. Approval: 1950 ... Dicyclomine hydrochloride is an antispasmodic and anticholinergic (antimuscarinic) agent indicated for the treatment of functional bowel/irritable bowel syndrome (1) (1) ... Dicyclomine hydrochloride is indicated for the treatment of patients with functional bowel/irr,,,
q009-3,q009,Inflammatory Bowel Disease competing agents in the same mechanistic class as CHRM1 CHRM3 CHRM4 CHRM5 Small Molecule,Dicyclomine inflammatory bowel disease clinical development,4,https://nctr-crs.fda.gov/fdalabel/services/spl/ ...,https://nctr-crs.fda.gov/fdalabel/services/spl/set-ids/40e21575-320f-2ac6-e054-00144ff88e88/spl-doc?hl,nctr-crs.fda.gov,,Initial U.S. Approval: 1950 ... Dicyclomine hydrochloride is indicated for the treatment of patients with functional bowel/irritable bowel syndrome. Dicyclomine hydrochloride is an antispasmodic and anticholinergic (antimuscarinic) agent indicated for the treatment of functional bowel/irritable bowe,,,
q009-3,q009,Inflammatory Bowel Disease competing agents in the same mechanistic class as CHRM1 CHRM3 CHRM4 CHRM5 Small Molecule,Dicyclomine inflammatory bowel disease clinical development,5,The Impact of Antispasmodic Use on Abdominal Pain and ...,https://pmc.ncbi.nlm.nih.gov/articles/PMC12116234/,pmc.ncbi.nlm.nih.gov,2025-04-11,"Patients with inflammatory bowel disease (IBD) are often prescribed antispasmodics for chronic abdominal pain. Large-scale data regarding efficacy and impact on clinical outcomes are lacking. ... We included 85,859 patients (median age 50; 53.8% female) with IBD; 5,661 used antispasmodics. On follow",,,
q010-1,q010,"competing agents in the same mechanistic class for this indication LY4395089, Eli Lilly & Company, Crohn''s Disease",LY4395089 mechanism target Crohn’s disease,1,"LY-4395089 - Drug Targets, Indications, Patents - Patsnap Synapse",https://synapse.patsnap.com/drug/026286e1f04d4c549c14023c3c12d3ed,synapse.patsnap.com,,"Therapeutic Areas Immune System Diseases Digestive System Disorders Active Indication Crohn Disease Crohn's disease, active moderate Crohn's disease, active severe",,,
q010-1,q010,"competing agents in the same mechanistic class for this indication LY4395089, Eli Lilly & Company, Crohn''s Disease",LY4395089 mechanism target Crohn’s disease,2,Study Details | NCT07483099 | ClinicalTrials.gov - ClinicalTrials.gov,https://clinicaltrials.gov/study/NCT07483099,clinicaltrials.gov,2026-04-21,"The main purpose of this study is to see how the safety and efficacy of a farnesoid X receptor (FXR) agonist (LY4395089), given together with mirikizumab compares with mirikizumab (alone) in adults with moderately to severely active Crohn's disease (CD). ... |--|--|--| |Percentage of Participants wi",,,
q010-1,q010,"competing agents in the same mechanistic class for this indication LY4395089, Eli Lilly & Company, Crohn''s Disease",LY4395089 mechanism target Crohn’s disease,3,Multiple Drugs for Ulcerative Colitis or Crohn's Disease,https://www.withpower.com/trial/phase-2-crohn-disease-3-2026-c639c,withpower.com,2024-07-03,"This trial tests new treatments for individuals with ulcerative colitis or Crohn's disease, conditions that cause inflammation in the digestive tract. The focus is on evaluating the effectiveness and safety of these treatments for those with moderate to severe symptoms. ... For LY4395089, less infor",,,
q010-1,q010,"competing agents in the same mechanistic class for this indication LY4395089, Eli Lilly & Company, Crohn''s Disease",LY4395089 mechanism target Crohn’s disease,4,Mirikizumab | Drug Profile | Forefront,https://forefrontedge.com/drug/mirikizumab-2668384,forefrontedge.com,2023-05-26,Canonical name Mirikizumab ... Primary mechanism Interleukin-23 inhibitor Regulatory jurisdictions ... ## Pharmacology & targets 2 targets Known molecular targets and mechanisms supported by curated pharmacology databases. Interleukin-12 subunit beta IL12B · P29460 INHIBITORInterleukin-23 inhibitor ,,,
q010-1,q010,"competing agents in the same mechanistic class for this indication LY4395089, Eli Lilly & Company, Crohn''s Disease",LY4395089 mechanism target Crohn’s disease,5,LY4395089 + Mirikizumab for Crohn's Disease - WithPower,https://www.withpower.com/trial/phase-2-crohn-disease-3-2026-c750c,withpower.com,2021-10-09,"This trial tests a new combination treatment for individuals with moderate to severe Crohn's disease, a condition that causes inflammation in the digestive tract. Researchers aim to determine if combining LY4395089, an experimental drug, with mirikizumab is more effective than using mirikizumab alon",,,
q010-2,q010,"competing agents in the same mechanistic class for this indication LY4395089, Eli Lilly & Company, Crohn''s Disease",LY4395089 competing agents Crohn’s disease same mechanism,1,LY4395089 - Crohn Disease | Phase 2 | Eli Lilly and ...,https://www.biopharmawatch.com/company/LLY/drug/LY4395089,biopharmawatch.com,2026-09-22,"Highest phase Phase 2 ... NCT07483099A Study of LY4395089 and Mirikizumab (LY3074828) Given Together and Mirikizumab (Alone) in Adults With Crohn's DiseaseCrohn Disease ... |Itraconazole|DRUG|Administered orally| ... ## Competitive Landscape -Crohn's Disease 77 trials (matched to ""Crohn Disease"") To",,,
q010-2,q010,"competing agents in the same mechanistic class for this indication LY4395089, Eli Lilly & Company, Crohn''s Disease",LY4395089 competing agents Crohn’s disease same mechanism,2,Crohns' Disease Pipeline Appears Robust With 90+ Key Pharma ...,https://www.barchart.com/story/news/2494549/crohns-disease-pipeline-appears-robust-with-90-key-pharma-companies-actively-working-in-the-domain-delveinsight,barchart.com,2026-06-16,"Around 540 participants will be enrolled in the study at approximately 300 sites worldwide. - ***On June 04, 2026- Eli Lilly and Company* ** announced a phase 2 study is to see how the safety and efficacy of a farnesoid X receptor (FXR) agonist (LY4395089), given together with mirikizumab compares w",,,
q010-2,q010,"competing agents in the same mechanistic class for this indication LY4395089, Eli Lilly & Company, Crohn''s Disease",LY4395089 competing agents Crohn’s disease same mechanism,3,Study Details | NCT07483099 | ClinicalTrials.gov - ClinicalTrials.gov,https://clinicaltrials.gov/study/NCT07483099,clinicaltrials.gov,2026-04-21,"## A Study of LY4395089 and Mirikizumab (LY3074828) Given Together and Mirikizumab (Alone) in Adults With Crohn's Disease ... The main purpose of this study is to see how the safety and efficacy of a farnesoid X receptor (FXR) agonist (LY4395089), given together with mirikizumab compares with miriki",,,
q010-2,q010,"competing agents in the same mechanistic class for this indication LY4395089, Eli Lilly & Company, Crohn''s Disease",LY4395089 competing agents Crohn’s disease same mechanism,4,Crohns' Disease Clinical Trial Drug Development Pipeline ...,https://www.barchart.com/story/news/4798717/crohns-disease-clinical-trial-drug-development-pipeline-expands-with-contributions-from-90-key-companies-delveinsight,barchart.com,2026-09-25,"- ***On September 22, 2026- Eli Lilly and Company* ** initiated a phase 2 study is to see how the safety and efficacy of a farnesoid X receptor (FXR) agonist (LY4395089), given together with mirikizumab compares with mirikizumab (alone) in adults with moderately to severely active Crohn's disease (C",,,
q010-2,q010,"competing agents in the same mechanistic class for this indication LY4395089, Eli Lilly & Company, Crohn''s Disease",LY4395089 competing agents Crohn’s disease same mechanism,5,Ontamalimab (Ph 3) - Takeda Pharmaceutical Company Limited,https://www.biopharmawatch.com/company/TAK/drug/Ontamalimab,biopharmawatch.com,,"Crohn's Disease | Monoclonal antibody | Gastrointestinal |Takeda Pharmaceutical Company Limited|** Last Updated: Jun 21, 2024 ## Target and mechanism Molecular targetMADCAM1 Target classInhibitor ModalityMonoclonal antibody ... IndicationAll indications (2)Crohn's DiseaseUlcerative Colitis ... NCT03",,,
q011-1,q011,Inflammatory Bowel Disease competing agents in the same mechanistic class as Small Molecule targeting ITGA4 ITGB7 Integrin Alpha-4 Beta-7,α4β7 Inhibitor etrolizumab mechanism IBD,1,Research progress in molecular targeted therapy for inflammatory ...,https://link.springer.com/article/10.1186/s12967-025-07385-3?error=cookies_not_supported&code=1e53ce24-191f-48ed-a22e-45f1dec47600,link.springer.com,2025-12-05,"In IBD (CD, UC, pediatric CD), TNFR1/TNFR2 blockade dampens NF‑κB/MAPK activation in gut‑homing lymphocytes, restores epithelial barrier integrity, and limits mucosal infiltration. ... To reduce systemic toxicity, newer therapies such as vedolizumab exploit gut-selective targeting via α4β7–MAdCAM-1 ",,,
q011-1,q011,Inflammatory Bowel Disease competing agents in the same mechanistic class as Small Molecule targeting ITGA4 ITGB7 Integrin Alpha-4 Beta-7,α4β7 Inhibitor etrolizumab mechanism IBD,2,A randomised phase I study of etrolizumab (rhuMAb β7) in ...,https://pmc.ncbi.nlm.nih.gov/articles/PMC3711369/,pmc.ncbi.nlm.nih.gov,2012-06-20,"Etrolizumab (rhuMAb β7, anti-β7, PRO145223) is a humanised monoclonal antibody targeting the β7 subunit of the heterodimeric integrins α4β7 and αEβ7, which are implicated in leucocyte migration and retention in ulcerative colitis (UC). ... - Etrolizumab (antibodies to β7) does inhibit the migration ",,,
q011-1,q011,Inflammatory Bowel Disease competing agents in the same mechanistic class as Small Molecule targeting ITGA4 ITGB7 Integrin Alpha-4 Beta-7,α4β7 Inhibitor etrolizumab mechanism IBD,3,Etrolizumab,https://go.drugbank.com/drugs/DB12189,go.drugbank.com,2012-02-12,"**Etrolizumab**is a humanized IgG1κ anti-β7 integrin subunit monoclonal antibody under investigation for use in ulcerative colitis and Crohn's disease. ... Etrolizumab is a humanized IgG1κ monoclonal antibody directed against the β7 subunit of gastrointestinal α4β7 and αEβ7 integrins that, due to it",,,
q011-1,q011,Inflammatory Bowel Disease competing agents in the same mechanistic class as Small Molecule targeting ITGA4 ITGB7 Integrin Alpha-4 Beta-7,α4β7 Inhibitor etrolizumab mechanism IBD,4,Research progress in molecular targeted therapy for ...,https://link.springer.com/article/10.1186/s12967-025-07385-3?error=cookies_not_supported&code=0c8fefc4-9b58-46fd-9932-8178652bd368,link.springer.com,,"As shown in Fig. 1, current and emerging targeted therapies act via blocking extracellular signals, interfering with intracellular signaling, and modulating leukocyte trafficking. ... In IBD (CD, UC, pediatric CD), TNFR1/TNFR2 blockade dampens NF‑κB/MAPK activation in gut‑homing lymphocytes, restore",,,
q011-1,q011,Inflammatory Bowel Disease competing agents in the same mechanistic class as Small Molecule targeting ITGA4 ITGB7 Integrin Alpha-4 Beta-7,α4β7 Inhibitor etrolizumab mechanism IBD,5,Review article: nonclinical and clinical pharmacology ... - PMC,https://pmc.ncbi.nlm.nih.gov/articles/PMC6001693/,pmc.ncbi.nlm.nih.gov,2018-03-30,Etrolizumab exerts its effect via a unique dual MOA that inhibits both leucocyte trafficking to the intestinal mucosa and retention within the intestinal epithelial layer. The gut‐selectivity of etrolizumab results from its specific targeting of the β7 subunit of α4β7 and αEβ7 integrins. Etrolizumab,,,
q011-2,q011,Inflammatory Bowel Disease competing agents in the same mechanistic class as Small Molecule targeting ITGA4 ITGB7 Integrin Alpha-4 Beta-7,α4β7 Inhibitor vedolizumab current development status 2026,1,"Takeda Pipeline, September 2026: 127 Active Clinical Trials ...",https://datalookout.com/takeda-clinical-trials,datalookout.com,,"125 Active 82 Currently recruiting ... In gastroenterology, Entyvio (vedolizumab) for IBD has one of the most active label expansion programs in the specialty. ... - **Entyvio (vedolizumab)**: α4β7 integrin, IBD/Crohn's/UC ... |A Study of Vedolizumab in Adults With Ulcerative Colitis (UC) or Crohn's",,,
q011-2,q011,Inflammatory Bowel Disease competing agents in the same mechanistic class as Small Molecule targeting ITGA4 ITGB7 Integrin Alpha-4 Beta-7,α4β7 Inhibitor vedolizumab current development status 2026,2,Pipeline | Spyre Therapeutics,https://www.spyre.com/pipeline,spyre.com,,"SPY001 α4β7 Part A topline reported Q2 2026 ... Part A topline reported Q2 2026 ... SPY001 is a novel, half-life extended monoclonal antibody targeting α4β7 for the potential treatment of IBD In head-to-head preclinical studies, SPY001 demonstrated similar potency and selectivity as vedolizumab Inte",,,
q011-2,q011,Inflammatory Bowel Disease competing agents in the same mechanistic class as Small Molecule targeting ITGA4 ITGB7 Integrin Alpha-4 Beta-7,α4β7 Inhibitor vedolizumab current development status 2026,3,Integrin α4β7 Competitive Landscape After Lilly's Morphic ...,https://sleuthinsights.com/analysis/integrin-a4b7-landscape,sleuthinsights.com,2025-11-20,"Takeda’s Entyvio (vedolizumab) already blocks integrin α4β7, and the November 2025 chart from Sleuth and Vibe Bio counts 72 α4β7 assets across more than 50 companies, 51 of them active and 21 inactive or of unknown status. Morphic’s MORF-057 is an oral small-molecule α4β7 inhibitor for inflammatory ",,,
q011-2,q011,Inflammatory Bowel Disease competing agents in the same mechanistic class as Small Molecule targeting ITGA4 ITGB7 Integrin Alpha-4 Beta-7,α4β7 Inhibitor vedolizumab current development status 2026,4,www.fresenius-kabi.com › us › news-and-eventsFresenius Announces FDA and EMA ... - Fresenius Kabi Global,https://www.fresenius-kabi.com/us/news-and-events/review-vedolizumab-biosimilar,fresenius-kabi.com,2026-07-31,"July 31, 2026 - **U.S. FDA and EMA acceptance for review of Biologics License Application (BLA) and Marketing Authorisation Application (MAA), respectively, of intravenous vedolizumab biosimilar candidate, an integrin receptor antagonist.** ... **Bad Homburg, Germany** – July 31, 2026 – Fresenius Ka",,,
q011-2,q011,Inflammatory Bowel Disease competing agents in the same mechanistic class as Small Molecule targeting ITGA4 ITGB7 Integrin Alpha-4 Beta-7,α4β7 Inhibitor vedolizumab current development status 2026,5,Integrin Inhibitor Competitive Landscape Analysis 2026 | Eureka,https://eureka.patsnap.com/blog/life-science/integrin-inhibitor-competitive-landscape-2025-vedolizumab-oral-small-molecules-fibrosis-frontier/,eureka.patsnap.com,2026-05-28,"The integrin inhibitor market stands at a pivotal crossroads in 2025. Established biologics face mounting biosimilar pressure. Meanwhile, oral small molecules are attracting blockbuster-scale investment. Furthermore, fibrosis programs are advancing toward Phase 3 readouts that could reshape the αv i",,,
q011-3,q011,Inflammatory Bowel Disease competing agents in the same mechanistic class as Small Molecule targeting ITGA4 ITGB7 Integrin Alpha-4 Beta-7,α4β7 Inhibitor abrilumab current status IBD,1,Our Science,https://www.aviarapharma.com/ourscience,aviarapharma.com,,"Vedolizumab and natalizumab, the leading biological drugs (antibodies) that are used to treat IBD, act principally on the a4- integrins; the former targets the integrin α4β7, whereas the latter targets both α4β1 and α4β7 integrins. ... Nevertheless, both α4β1 and α4β7 integrins are validated, high-v",,,
q011-3,q011,Inflammatory Bowel Disease competing agents in the same mechanistic class as Small Molecule targeting ITGA4 ITGB7 Integrin Alpha-4 Beta-7,α4β7 Inhibitor abrilumab current status IBD,2,Internal Medicine Vol.65,https://pdfs.semanticscholar.org/6495/b5ef74c5b2f46901ddb86ce97a93ccddb0b8.pdf,pdfs.semanticscholar.org,,"Currently, antibody preparations targeting α4β7 integrin (vedolizumab) and an oral α4 integrin inhibi- tor (carotegrast methyl) are available in Japan (Figure). ... Abrilumab (AMG 181) Abrilumab is a fully humanized IgG2 mAb that targets α 4β7 and functions through a mechanism of action similar to t",,,
q011-3,q011,Inflammatory Bowel Disease competing agents in the same mechanistic class as Small Molecule targeting ITGA4 ITGB7 Integrin Alpha-4 Beta-7,α4β7 Inhibitor abrilumab current status IBD,3,pmc.ncbi.nlm.nih.gov · articles · PMC13453429Integrin α4β7: Pathogenic Roles in Metabolic and Inflammatory...,https://pmc.ncbi.nlm.nih.gov/articles/PMC13453429/,pmc.ncbi.nlm.nih.gov,2026-08-05,"^23^ Current research on integrin α4β7 primarily focuses on its association with IBD. It is considered a validated therapeutic target for IBD treatment, with numerous reports on the use of α4β7 antagonists, such as vedolizumab.^24^ However, there is currently a lack of systematic summaries of its ro",,,
q011-3,q011,Inflammatory Bowel Disease competing agents in the same mechanistic class as Small Molecule targeting ITGA4 ITGB7 Integrin Alpha-4 Beta-7,α4β7 Inhibitor abrilumab current status IBD,4,Emerging Therapies for Inflammatory Bowel Disease - Advances in Therapy,https://link.springer.com/article/10.1007/s12325-018-0795-9?error=cookies_not_supported&code=93e08bcb-943e-4265-9cfd-c0a51a461b0d,link.springer.com,2018-10-29,"Other agents are currently being developed at various stages of clinical trials including anti-adhesion agents such as etrolizumab and abrilumab, JAK inhibitors such as tofacitinib, and anti-trafficking molecules. ... AMG 181 (abrilumab) is an IgG2 human monoclonal antibody that targets the α4β7 het",,,
q011-3,q011,Inflammatory Bowel Disease competing agents in the same mechanistic class as Small Molecule targeting ITGA4 ITGB7 Integrin Alpha-4 Beta-7,α4β7 Inhibitor abrilumab current status IBD,5,Table 4.,https://pmc.ncbi.nlm.nih.gov/articles/PMC12649877/table/biomedicines-13-02659-t004/,pmc.ncbi.nlm.nih.gov,2025-02-19,|Abrilumab|Human IgG2 anti-α4β7 integrin dimer mAb|CD/UC|Phase II|Amgen|CD: NCT01696396 UC: NCT01694485|,,,
q011-4,q011,Inflammatory Bowel Disease competing agents in the same mechanistic class as Small Molecule targeting ITGA4 ITGB7 Integrin Alpha-4 Beta-7,α4β7 Inhibitor Phase 2 Phase 3 Crohn's disease competitors,1,Next generation therapeutics for inflammatory bowel disease,https://pmc.ncbi.nlm.nih.gov/articles/PMC5901649/,pmc.ncbi.nlm.nih.gov,2014-01-01,"This, along with the overall increase in clinical remission rates and treatment effect size by week 32, would suggest that treatment efficacy is time dependent, and extended treatment may be associated with improved healing.[9] Phase 3 trials in ulcerative colitis and Phase 2 trials in Crohn’s disea",,,
q011-4,q011,Inflammatory Bowel Disease competing agents in the same mechanistic class as Small Molecule targeting ITGA4 ITGB7 Integrin Alpha-4 Beta-7,α4β7 Inhibitor Phase 2 Phase 3 Crohn's disease competitors,2,Anti-Integrins for the Treatment of Inflammatory Bowel Disease,https://pmc.ncbi.nlm.nih.gov/articles/PMC8402953/,pmc.ncbi.nlm.nih.gov,2021-08-24,"Natalizumab (anti-α4) is approved for moderate to severe Crohn’s disease (CD), but its use is limited due to potential risk of progressive multifocal leukoencephalopathy. Vedolizumab (anti-α4β7) is approved for the treatment of ulcerative colitis (UC) and CD. ... Large phase 3 clinical trials evalua",,,
q011-4,q011,Inflammatory Bowel Disease competing agents in the same mechanistic class as Small Molecule targeting ITGA4 ITGB7 Integrin Alpha-4 Beta-7,α4β7 Inhibitor Phase 2 Phase 3 Crohn's disease competitors,3,Internal Medicine Vol.65,https://pdfs.semanticscholar.org/6495/b5ef74c5b2f46901ddb86ce97a93ccddb0b8.pdf,pdfs.semanticscholar.org,,"Currently, antibody preparations targeting α4β7 integrin (vedolizumab) and an oral α4 integrin inhibi- tor (carotegrast methyl) are available in Japan (Figure). ... Etrolizumab is a humanized IgG1 monoclonal antibody (mAb) that targets the β7 integrin subunit, inhibiting both α 4β7-MAdCAM-1 and αEβ7",,,
q011-4,q011,Inflammatory Bowel Disease competing agents in the same mechanistic class as Small Molecule targeting ITGA4 ITGB7 Integrin Alpha-4 Beta-7,α4β7 Inhibitor Phase 2 Phase 3 Crohn's disease competitors,4,IBD therapeutics: what is in the pipeline? - PMC,https://pmc.ncbi.nlm.nih.gov/articles/PMC9234727/,pmc.ncbi.nlm.nih.gov,2022-06-15,Etrolizumab is a gut selective monoclonal antibody (mAb) that selectively targets the β7 subunit of both α4β7 and α4E7 integrins.^9^ The HICKORY phase III study showed 105 mg 4 weekly etrolizumab-induced remission was significantly higher in patients with UC (18.5%) previously treated with anti-TNF ,,,
q011-4,q011,Inflammatory Bowel Disease competing agents in the same mechanistic class as Small Molecule targeting ITGA4 ITGB7 Integrin Alpha-4 Beta-7,α4β7 Inhibitor Phase 2 Phase 3 Crohn's disease competitors,5,Landscape of new drugs and targets in inflammatory bowel ...,https://pmc.ncbi.nlm.nih.gov/articles/PMC9752289/,pmc.ncbi.nlm.nih.gov,2022-09-16,"^29^ Phase 2 and phase 3 studies are currently underway in UC and CD (including a phase 3 study comparing risankizumab to UST in moderate to severe CD patients, who have failed anti‐TNF). ... Guselkumab (CNTO1959) is another IL‐23 p19 inhibitor, already approved in plaque psoriasis ^31^ and psoriati",,,
q011-5,q011,Inflammatory Bowel Disease competing agents in the same mechanistic class as Small Molecule targeting ITGA4 ITGB7 Integrin Alpha-4 Beta-7,α4β7 Inhibitor AJM300 natalizumab class comparison,1,"Past, Present and Future of Therapeutic Interventions Targeting Leukocyte Trafficking in Inflammatory Bowel Disease",https://academic.oup.com/ecco-jcc/article/12/suppl_2/S633/5077920?guestAccessKey=,academic.oup.com,2018-08-22,"Subsequently, the anti-α4 monoclonal antibody natalizumab proved efficacious for induction and maintenance of remission in Crohn’s disease, but was associated with progressive multifocal leukoencephalopathy due to its ability to interfere with both α4β1 and α4β7 function. Later developments in this ",,,
q011-5,q011,Inflammatory Bowel Disease competing agents in the same mechanistic class as Small Molecule targeting ITGA4 ITGB7 Integrin Alpha-4 Beta-7,α4β7 Inhibitor AJM300 natalizumab class comparison,2,Integrin antagonists as potential therapeutic options for ... - PMC,https://pmc.ncbi.nlm.nih.gov/articles/PMC4926164/,pmc.ncbi.nlm.nih.gov,,"Two agents, natalizumab and vedolizumab, are approved by the United States Food and Drug Administration for the treatment of Crohn’s disease, with vedolizumab the primary anti-integrin used due to a more favorable safety profile. ... Anti-integrin agents, like tumor necrosis factor (TNF)-α inhibitor",,,
q011-5,q011,Inflammatory Bowel Disease competing agents in the same mechanistic class as Small Molecule targeting ITGA4 ITGB7 Integrin Alpha-4 Beta-7,α4β7 Inhibitor AJM300 natalizumab class comparison,3,Old and New Biologics and Small Molecules in Inflammatory ...,https://pmc.ncbi.nlm.nih.gov/articles/PMC12285414/,pmc.ncbi.nlm.nih.gov,2024-08-25,"Other investigational anti-integrin therapies include abrilumab (anti-α4β7 IgG2), PN-943 (orally administered and gut-restricted α4β7 antagonist peptide), AJM300 (orally active small molecule inhibitor of α4), and ontamalimab (anti-MAdCAM-1 IgG). ... |Natalizmab|α4β1, α4β7|Humanized IgG1 mAb|IV|ENAC",,,
q011-5,q011,Inflammatory Bowel Disease competing agents in the same mechanistic class as Small Molecule targeting ITGA4 ITGB7 Integrin Alpha-4 Beta-7,α4β7 Inhibitor AJM300 natalizumab class comparison,4,Anti-integrin therapy for inflammatory bowel disease - PMC - NIH,https://pmc.ncbi.nlm.nih.gov/articles/PMC5937204/,pmc.ncbi.nlm.nih.gov,2018-05-07,"Anti-integrin therapy blocks the action of integrin on the surface of circulating immune cells and endothelial cell adhesion molecules, thereby inhibiting the interactions between leukocytes and intestinal blood vessels. Natalizumab, which acts on α4-integrin, was the first such drug to be approved ",,,
q011-5,q011,Inflammatory Bowel Disease competing agents in the same mechanistic class as Small Molecule targeting ITGA4 ITGB7 Integrin Alpha-4 Beta-7,α4β7 Inhibitor AJM300 natalizumab class comparison,5,"Oral treatment with a novel small molecule alpha 4 integrin antagonist, AJM300, prevents the development of experimental colitis in mice☆",https://academic.oup.com/ecco-jcc/article/7/11/e533/430319?login=false,academic.oup.com,,*Results:* HCA2969 selectively inhibited the *in vitro* binding of α4 integrin (α4β7/α4β1) to the cell adhesion molecules. Oral treatment with AJM300 dose-dependently inhibited lymphocyte homing to Peyer's patches and increased the peripheral lymphocyte count in the same dose range. AJM300 dose-depe,,,
q012-1,q012,"Lenvatinib + Nofazinlimab pivotal, registrational, or Phase 3 trial in Unresectable or Metastatic Hepatocellular Carcinoma: planned or initiated status and expected start date",Lenvatinib + Nofazinlimab NCT04194775 first patient enrollment date,1,A Study of Nofazinlimab (CS1003) in Subjects With Advanced Hepatocellular Carcinoma,https://www.cancerindex.io/trial/NCT04194775,cancerindex.io,,"NCT04194775CI-TRIAL-00119920active not recruitingPhase 3Results postedClinicalTrials.gov clinicaltrialsProvenance- **Source** ... ### Dates and enrollment - **Start** Dec 13, 2019 - **Primary completion** Jun 18, 2025 - **Completion** Sep 30, 2026 - **First posted** Dec 11, 2019 - **Last update post",,,
q012-1,q012,"Lenvatinib + Nofazinlimab pivotal, registrational, or Phase 3 trial in Unresectable or Metastatic Hepatocellular Carcinoma: planned or initiated status and expected start date",Lenvatinib + Nofazinlimab NCT04194775 first patient enrollment date,2,A Study of Nofazinlimab (CS1003) in... | Clinical Trial,https://trial.medpath.com/clinical-trial/f021ad7c4cfbc551/nct04194775-nofazinlimab-lenvatinib-advanced-hepatocellular-carcinoma,trial.medpath.com,2026-07-30,"CStone Pharmaceuticals125 sites in 6 countries534 enrolledStarted: December 13, 2019Last updated: July 30, 2026 ... 534 ... - **Primary Endpoint** ... 534 started · 0 completed",,,
q012-1,q012,"Lenvatinib + Nofazinlimab pivotal, registrational, or Phase 3 trial in Unresectable or Metastatic Hepatocellular Carcinoma: planned or initiated status and expected start date",Lenvatinib + Nofazinlimab NCT04194775 first patient enrollment date,3,Liver Epithelial Neoplasm,https://www.cancerindex.io/cancer/liver-epithelial-neoplasm/trials?status=ACTIVE_NOT_RECRUITING,cancerindex.io,,"|NCT04194775|A Study of Nofazinlimab (CS1003) in Subjects With Advanced Hepatocellular Carcinoma|active not recruiting|Phase 3|534|CStone PharmaceuticalsINDUSTRY|6|Jul 30, 2026|clinicaltrials|",,,
q012-1,q012,"Lenvatinib + Nofazinlimab pivotal, registrational, or Phase 3 trial in Unresectable or Metastatic Hepatocellular Carcinoma: planned or initiated status and expected start date",Lenvatinib + Nofazinlimab NCT04194775 first patient enrollment date,4,A Study of Nofazinlimab (CS1003) in Subjects With Advanced ...,https://www.guidelinecentral.com/clinical-trial/?id=NCT04194775,guidelinecentral.com,2019-12-12,"# A Study of Nofazinlimab (CS1003) in Subjects With Advanced Hepatocellular Carcinoma - Recruitment Status - ACTIVE, NOT RECRUITING(See Contacts and Locations)Verified November 2025 by CStone Pharmaceuticals ... |Actual Enrollment|534 participants| ... |Study Start Date|December 12, 2019| |Actual Pr",,,
q012-1,q012,"Lenvatinib + Nofazinlimab pivotal, registrational, or Phase 3 trial in Unresectable or Metastatic Hepatocellular Carcinoma: planned or initiated status and expected start date",Lenvatinib + Nofazinlimab NCT04194775 first patient enrollment date,5,Trials - Merck Clinical Trials,https://www.merckclinicaltrials.com/search/,merckclinicaltrials.com,2026-06-17,"If you’re not sure which area of focus you’re interested in, view all enrolling trials.",,,
q012-2,q012,"Lenvatinib + Nofazinlimab pivotal, registrational, or Phase 3 trial in Unresectable or Metastatic Hepatocellular Carcinoma: planned or initiated status and expected start date",Lenvatinib + Nofazinlimab NCT04194775 current trial status,1,A Study of Nofazinlimab (CS1003) in... | Clinical Trial,https://trial.medpath.com/clinical-trial/f021ad7c4cfbc551/nct04194775-nofazinlimab-lenvatinib-advanced-hepatocellular-carcinoma,trial.medpath.com,2026-07-30,"NCT04194775Active, not recruitingPhase 3 # A Multi-Center, Double-Blind, Randomized, Phase III Study to Investigate the Efficacy and Safety of Nofazinlimab (CS1003) in Combination With Lenvatinib Compared to Placebo in Combination With Lenvatinib as First-Line Therapy in Subjects With Advanced Hepat",,,
q012-2,q012,"Lenvatinib + Nofazinlimab pivotal, registrational, or Phase 3 trial in Unresectable or Metastatic Hepatocellular Carcinoma: planned or initiated status and expected start date",Lenvatinib + Nofazinlimab NCT04194775 current trial status,2,A Study of Nofazinlimab (CS1003) in Subjects With Advanced Hepatocellular Carcinoma,https://clinicaltrials.gov/study/NCT04194775,clinicaltrials.gov,2019-12-10,"Drug: Nofazinlimab (CS1003)+Lenvatinib Drug: Nofazinlimab (CS1003) Placebo+Lenvatinib - CS1003-305 ... Inclusion criteria - Age ≥18 years on the day of signing informed consent-(For Taiwan, the lower limit of age is 20 years). - Subjects with unresectable advanced HCC, that is not eligible for surge",,,
q012-2,q012,"Lenvatinib + Nofazinlimab pivotal, registrational, or Phase 3 trial in Unresectable or Metastatic Hepatocellular Carcinoma: planned or initiated status and expected start date",Lenvatinib + Nofazinlimab NCT04194775 current trial status,3,NCT04194775: An ongoing trial by CStone Pharmaceuticals,https://fdaaa.trialstracker.net/trial/NCT04194775/,fdaaa.trialstracker.net,2025-01-01,"## NCT04194775: An ongoing trial by CStone Pharmaceuticals This trial is ongoing. It must report results 1 year from now. ... |Title|A Multi-Center, Double-Blind, Randomized, Phase III Study to Investigate the Efficacy and Safety of Nofazinlimab (CS1003) in Combination With Lenvatinib Compared to Pl",,,
q012-2,q012,"Lenvatinib + Nofazinlimab pivotal, registrational, or Phase 3 trial in Unresectable or Metastatic Hepatocellular Carcinoma: planned or initiated status and expected start date",Lenvatinib + Nofazinlimab NCT04194775 current trial status,4,A Study to Evaluate MIV-818 in Patients With Liver Cancer Manifestations,https://med.agiltrace.com/clinical-trials/NCT03781934,med.agiltrace.com,,"No results posted yet for this study ... This is an open-label, multicentre dose escalation/expansion study to assess safety and tolerability of MIV 818 as either monotherapy or in combination with 1) lenvatinib, a tyrosine kinase inhibitor used as a standard of care for the treatment of HCC or 2) p",,,
q012-2,q012,"Lenvatinib + Nofazinlimab pivotal, registrational, or Phase 3 trial in Unresectable or Metastatic Hepatocellular Carcinoma: planned or initiated status and expected start date",Lenvatinib + Nofazinlimab NCT04194775 current trial status,5,Lenvatinib for the Treatment of Recurrent Hepatocellular Carcinoma After Liver Transplant,https://med.agiltrace.com/clinical-trials/NCT05103904,med.agiltrace.com,,No results posted yet for this study ... This phase II trial evaluates lenvatinib for the treatment of hepatocellular carcinoma (HCC) that has come back (recurrent) after a liver transplant. ... ## Timeline & Regulatory - **Start** 2022-04-19 - **Primary Completion** 2025-05-09 - **Completion** 2025,,,
q013-1,q013,SD-133 in vivo single-agent monotherapy tumour growth inhibition TGI tumour regression or shrinkage in Pancreatic ductal adenocarcinoma animal models,SD-133 pancreatic ductal adenocarcinoma monotherapy xenograft TGI,1,Full article: Next-generation therapies for pancreatic cancer,https://www.tandfonline.com/doi/full/10.1080/17474124.2024.2322648,tandfonline.com,2024-03-03,"For patients with an ECOG PS of 2, GnP is considered in selected patients, and gemcitabine monotherapy is a preferred option for patients with a less favorable performance status [Citation15,Citation16]. ... There continues to be significant interest in adoptive cellular therapy with chimeric antige",,,
q013-1,q013,SD-133 in vivo single-agent monotherapy tumour growth inhibition TGI tumour regression or shrinkage in Pancreatic ductal adenocarcinoma animal models,SD-133 pancreatic ductal adenocarcinoma monotherapy xenograft TGI,2,Radioimmunotherapy of Pancreatic Ductal Adenocarcinoma: A Review of the Current Status of Literature,https://www.mdpi.com/2072-6694/12/2/481,mdpi.com,2020-02-19,"Clinical studies were limited to investigating β radioimmunotherapy only. Phase I and II trials observed disease control rates of 11.2%–57.9%, with synergistic effects noted for combination therapies.",,,
q013-1,q013,SD-133 in vivo single-agent monotherapy tumour growth inhibition TGI tumour regression or shrinkage in Pancreatic ductal adenocarcinoma animal models,SD-133 pancreatic ductal adenocarcinoma monotherapy xenograft TGI,3,"Pancreatic ductal adenocarcinoma: Treatment hurdles, tumor ...",https://pmc.ncbi.nlm.nih.gov/articles/PMC7031151/,pmc.ncbi.nlm.nih.gov,2020-02-15,"In addition to mesothelin, other cancer-associated antigens are being tested in ongoing clinical trials as potential targets of CAR-T-based therapeutic regimes (anti-CEA, anti-CD-133, anti-ROR1, anti-WT1) alone or in combination with chemotherapy[60]; and (5) Immune modulating agents targeting the d",,,
q013-1,q013,SD-133 in vivo single-agent monotherapy tumour growth inhibition TGI tumour regression or shrinkage in Pancreatic ductal adenocarcinoma animal models,SD-133 pancreatic ductal adenocarcinoma monotherapy xenograft TGI,4,Immune therapies in pancreatic ductal adenocarcinoma: Where are we now?,https://pmc.ncbi.nlm.nih.gov/articles/PMC5974576/,pmc.ncbi.nlm.nih.gov,2018-05-28,"Therefore, the subset of PDAC patients eligible for CPI monotherapy is small. ... Overall, except for MSI-H tumors, PDAC are considered to be resistant to single-agent immune therapy.",,,
q013-1,q013,SD-133 in vivo single-agent monotherapy tumour growth inhibition TGI tumour regression or shrinkage in Pancreatic ductal adenocarcinoma animal models,SD-133 pancreatic ductal adenocarcinoma monotherapy xenograft TGI,5,Pancreatic Ductal Adenocarcinoma in the Era of Precision ...,https://pmc.ncbi.nlm.nih.gov/articles/PMC8355264/,pmc.ncbi.nlm.nih.gov,2021-02-11,"Devimistat (CPI-613), a novel mitochondrial inhibitor combined with mFOLFIRINOX showed encouraging results in a phase 1 study with newly diagnosed mPDAC. Responses were observed in 11 (61%) out of 18 patients, and included three cases with CR and eight with PR [110].",,,
q013-2,q013,SD-133 in vivo single-agent monotherapy tumour growth inhibition TGI tumour regression or shrinkage in Pancreatic ductal adenocarcinoma animal models,SD-133 tumour regression pancreatic cancer animal model,1,Detail - OpenURL Connection,https://openurl.ebsco.com/contentitem/doi:10.7150/thno.56737?id=ebsco:doi:10.7150/thno.56737,openurl.ebsco.com,2025-05-30,"We were unable to find your item with the information provided. ""Access through your institution"" to search for it on your institution's EBSCOhost experience.",,,
q013-2,q013,SD-133 in vivo single-agent monotherapy tumour growth inhibition TGI tumour regression or shrinkage in Pancreatic ductal adenocarcinoma animal models,SD-133 tumour regression pancreatic cancer animal model,2,Modeling pancreatic cancer in mice for experimental therapeutics,https://pmc.ncbi.nlm.nih.gov/articles/PMC8570383/,pmc.ncbi.nlm.nih.gov,2021-05-01,"However, the treatment with gemcitabine (100 mg/kg) as adjuvant chemotherapy following the surgery significantly reduce the local recurrence and prolonged the survival of the treated mice [223].",,,
q013-2,q013,SD-133 in vivo single-agent monotherapy tumour growth inhibition TGI tumour regression or shrinkage in Pancreatic ductal adenocarcinoma animal models,SD-133 tumour regression pancreatic cancer animal model,3,Pathogenesis of Pancreatic Cancer: Lessons from Animal ...,https://pmc.ncbi.nlm.nih.gov/articles/PMC3926968/,pmc.ncbi.nlm.nih.gov,2013-10-31,"Confirming that activated KRAS can induce PDAC in adulthood, *iKras* mice develop PanINs when doxycycline administration is delayed until 4–6 weeks of age (Collins *et al. ... More importantly, if doxycycline is subsequently withdrawn to downregulate *Kras^G12D^*, these PanINs disappear: early-stage",,,
q013-2,q013,SD-133 in vivo single-agent monotherapy tumour growth inhibition TGI tumour regression or shrinkage in Pancreatic ductal adenocarcinoma animal models,SD-133 tumour regression pancreatic cancer animal model,4,Prognostic Markers in Pancreatic Cancer:,"https://repub.eur.nl/pub/38920/121206_Zee,%20Jill%20Annelien%20van%20der.pdf",repub.eur.nl,,These K-ras mutations are sufficient to induce the development of pan- creatic abnormalities similar to PanIN lesions.,,,
q013-2,q013,SD-133 in vivo single-agent monotherapy tumour growth inhibition TGI tumour regression or shrinkage in Pancreatic ductal adenocarcinoma animal models,SD-133 tumour regression pancreatic cancer animal model,5,Microsoft Word - Lambert-PhD-Biology-2020.docx,https://dspace.mit.edu/bitstream/handle/1721.1/129020/1227031823-MIT.pdf?sequence=1&isAllowed=y,dspace.mit.edu,,immune-competent KrasLSL-G12D/+;Trp53fl/fl (KP) or immune-deficient (KP + CD8a depletion) mice using lentiviral vectors that expressed Cre recombinase alone (‘Cre’) or Cre in addition to the T cell antigens (OVA257–264 [SIINFEKL] and OVA323–339) fused to the carboxy terminus of mScarlet10 (‘mScarlet,,,
q014-1,q014,Sirpiglenastat in vivo single-agent monotherapy tumour growth inhibition TGI tumour regression or shrinkage in Pancreatic ductal adenocarcinoma animal models,Sirpiglenastat PDAC monotherapy TGI xenograft,1,Sirpiglenastat (DRP-104) Induces Antitumor Efficacy through Direct ...,https://ouci.dntb.gov.ua/en/works/7AEkDz37/,ouci.dntb.gov.ua,,"DRP-104 (sirpiglenastat) was designed as a novel prodrug of the broad-acting glutamine antagonist 6-diazo-5-oxo-L-norleucine (DON). DRP-104 is an inactive form that is preferentially converted to DON within tumors. ... Finally, DRP-104 demonstrated significant antitumor activity as a monotherapy, wh",,,
q014-1,q014,Sirpiglenastat in vivo single-agent monotherapy tumour growth inhibition TGI tumour regression or shrinkage in Pancreatic ductal adenocarcinoma animal models,Sirpiglenastat PDAC monotherapy TGI xenograft,2,Metabolic plasticity in pancreatic ductal adenocarcinoma ...,https://link.springer.com/article/10.1186/s12943-026-02620-x?error=cookies_not_supported&code=92febd2b-4845-46a6-b60e-41f1e6fa270d,link.springer.com,2026-03-28,"However, clinical use of DON is limited by systemic toxicity and poor pharmacokinetics. To overcome these limitations, a tumor-targeted prodrug, DRP-104 (sirpiglenastat), was developed. DRP-104 shows strong antitumor and anti-metastatic effects in syngeneic and immunocompromised PDAC mouse models by",,,
q014-1,q014,Sirpiglenastat in vivo single-agent monotherapy tumour growth inhibition TGI tumour regression or shrinkage in Pancreatic ductal adenocarcinoma animal models,Sirpiglenastat PDAC monotherapy TGI xenograft,3,sirpiglenastat - Drug Hunter,https://drughunter.com/molecule/sirpiglenastat,drughunter.com,2022-12-28,IV/SC glutamine antimetabolite prodrug Ph. I/IIa in advanced solid tumors dual prodrug of natural product ... |Company Code|DRP-104|,,,
q014-1,q014,Sirpiglenastat in vivo single-agent monotherapy tumour growth inhibition TGI tumour regression or shrinkage in Pancreatic ductal adenocarcinoma animal models,Sirpiglenastat PDAC monotherapy TGI xenograft,4,Sirpiglenastat – Glutamine Antagonist for Cancer Research,https://www.benchchem.com/product/b10857805,benchchem.com,2025-11-27,"This compound has demonstrated significant antitumor activity as a single agent in various in vivo murine models, which are critical for evaluating the therapeutic potential of new cancer drugs. ... In syngeneic models, where tumor tissues from the same genetic background as the mouse are implanted,",,,
q014-1,q014,Sirpiglenastat in vivo single-agent monotherapy tumour growth inhibition TGI tumour regression or shrinkage in Pancreatic ductal adenocarcinoma animal models,Sirpiglenastat PDAC monotherapy TGI xenograft,5,Targeting pancreatic cancer metabolic dependencies through glutamine antagonism,https://www.nature.com/articles/s43018-023-00647-3,nature.com,2023-10-09,"To overcome these limitations, recent efforts led to the creation of sirpiglenastat (DRP-104), a pro-drug version of DON that circumvents the toxicities of DON while retaining the covalent and irreversible properties of DON 16, 17, 18, 19. Early-phase clinical trials are examining the efficacy of DR",,,
q014-2,q014,Sirpiglenastat in vivo single-agent monotherapy tumour growth inhibition TGI tumour regression or shrinkage in Pancreatic ductal adenocarcinoma animal models,DRP-104 pancreatic cancer single-agent tumour regression,1,Targeting pancreatic cancer metabolic dependencies through glutamine antagonism,https://www.nature.com/articles/s43018-023-00647-3,nature.com,2023-10-09,"In this study, we demonstrated that both DON and DRP-104 caused a metabolic crisis in PDAC by globally impairing Gln metabolism, resulting in a significant decrease in proliferation. In addition, we observed a significant reduction in tumor growth in several in vivo PDAC models using DRP-104 as a mo",,,
q014-2,q014,Sirpiglenastat in vivo single-agent monotherapy tumour growth inhibition TGI tumour regression or shrinkage in Pancreatic ductal adenocarcinoma animal models,DRP-104 pancreatic cancer single-agent tumour regression,2,"Discovery of DRP-104, a tumor-targeted metabolic inhibitor prodrug - PubMed",https://pubmed.ncbi.nlm.nih.gov/36383674/?otool=icznmelib,pubmed.ncbi.nlm.nih.gov,2022-11-18,"Given its clinical potential, we designed DON peptide prodrugs and found DRP-104 [isopropyl(*S*)-2-((*S*)-2-acetamido-3-(1*H*-indol-3-yl)-propanamido)-6-diazo-5-oxo-hexanoate] that was preferentially bioactivated to DON in tumor while bioinactivated to an inert metabolite in GI tissues. In drug dist",,,
q014-2,q014,Sirpiglenastat in vivo single-agent monotherapy tumour growth inhibition TGI tumour regression or shrinkage in Pancreatic ductal adenocarcinoma animal models,DRP-104 pancreatic cancer single-agent tumour regression,3,"Discovery of DRP-104, a tumor-targeted metabolic inhibitor prodrug",https://pmc.ncbi.nlm.nih.gov/articles/PMC9668306/,pmc.ncbi.nlm.nih.gov,2022-11-16,"In efficacy studies, both DRP-104 and DON caused complete tumor regression; however, DRP-104 had a markedly improved tolerability profile. DRP-104’s effect was CD8^+^ T cell dependent and resulted in robust immunologic memory. ... DRP-104 is now in clinical trials under the FDA Fast Track designatio",,,
q014-2,q014,Sirpiglenastat in vivo single-agent monotherapy tumour growth inhibition TGI tumour regression or shrinkage in Pancreatic ductal adenocarcinoma animal models,DRP-104 pancreatic cancer single-agent tumour regression,4,Targeting pancreatic cancer metabolic dependencies through ...,https://pmc.ncbi.nlm.nih.gov/articles/PMC10824664/,pmc.ncbi.nlm.nih.gov,2023-10-09,"In addition, we observed a profound decrease in tumor growth in several in vivo models using sirpiglenastat (DRP-104), a pro-drug version of DON that was designed to circumvent DON-associated toxicity. ... In this study, we demonstrated that both DON and DRP-104 caused a metabolic crisis in PDAC by ",,,
q014-2,q014,Sirpiglenastat in vivo single-agent monotherapy tumour growth inhibition TGI tumour regression or shrinkage in Pancreatic ductal adenocarcinoma animal models,DRP-104 pancreatic cancer single-agent tumour regression,5,The impact of broad glutamine metabolism inhibition on ...,https://pmc.ncbi.nlm.nih.gov/articles/PMC10809087/,pmc.ncbi.nlm.nih.gov,2023-06-20,"To overcome this issue, a modified prodrug of DON, DRP-104, has recently been developed. DRP-104 carries two pro-moieties, an isopropyl ester, and an acetylated tryptophan, that allow it to be bioactive in tumors where proteases are abundant, and bio-inactive in gastrointestinal tissues by carboxyle",,,
q014-3,q014,Sirpiglenastat in vivo single-agent monotherapy tumour growth inhibition TGI tumour regression or shrinkage in Pancreatic ductal adenocarcinoma animal models,Sirpiglenastat pancreatic PDX monotherapy tumour volume,1,PDC000198 - Proteomic Data Commons - National Cancer Institute,https://proteomic.datacommons.cancer.gov/pdc/study/PDC000198,proteomic.datacommons.cancer.gov,,"Warning This warning banner provides privacy and security notices consistent with applicable federal laws, directives, and other federal guidance for accessing this Government system, which includes (1) this computer network, (2) all computers connected to this network, and (3) all devices and stora",,,
q014-3,q014,Sirpiglenastat in vivo single-agent monotherapy tumour growth inhibition TGI tumour regression or shrinkage in Pancreatic ductal adenocarcinoma animal models,Sirpiglenastat pancreatic PDX monotherapy tumour volume,2,Cloudflare,https://aacrjournals.org/clincancerres/article-pdf/23/3/623/2041560/623.pdf,aacrjournals.org,,Cloudflare is currently unable to resolve your requested domain (aacrjournals.org).,,,
q014-3,q014,Sirpiglenastat in vivo single-agent monotherapy tumour growth inhibition TGI tumour regression or shrinkage in Pancreatic ductal adenocarcinoma animal models,Sirpiglenastat pancreatic PDX monotherapy tumour volume,3,"Sirpiglenastat (DRP-104), a broad acting glutamine ...",https://www.dracenpharma.com/wp-content/uploads/2022/03/Festival-of-Biologics-2022-RWild-Final.pdf,dracenpharma.com,,DRP-104 alone showed potent single agent efficacy with tumor stasis during treatment ... DRP-104 + anti-PD-1 treatment shows synergistic tumor growth inhibition ... Combination treatment leads to significant improved OS and long-term durable cures (p<0.001 vs monotherapy) ... Currently completing Ph,,,
q014-3,q014,Sirpiglenastat in vivo single-agent monotherapy tumour growth inhibition TGI tumour regression or shrinkage in Pancreatic ductal adenocarcinoma animal models,Sirpiglenastat pancreatic PDX monotherapy tumour volume,4,Table 2.,https://pmc.ncbi.nlm.nih.gov/articles/PMC12571628/table/T2/,pmc.ncbi.nlm.nih.gov,2025-01-01,|ASNS|Sirpiglenastat|DRP-104|solid tumors|PHASE1|PHASE2|NCT04471415|TERMINATED|61|(294)|,,,
q014-3,q014,Sirpiglenastat in vivo single-agent monotherapy tumour growth inhibition TGI tumour regression or shrinkage in Pancreatic ductal adenocarcinoma animal models,Sirpiglenastat pancreatic PDX monotherapy tumour volume,5,Sirpiglenastat,https://go.drugbank.com/drugs/DB17536,go.drugbank.com,2023-02-15,"Sirpiglenastat, also known as DRP-104, is a prodrug of 6-diazo-5-oxo-L-norleucine (DON), which is a broad-acting glutamine antagonist.",,,
q014-4,q014,Sirpiglenastat in vivo single-agent monotherapy tumour growth inhibition TGI tumour regression or shrinkage in Pancreatic ductal adenocarcinoma animal models,DRP-104 PDAC xenograft dose response,1,Broad glutamine pathway inhibition by DRP-104 results in ...,https://www.dracenpharma.com/wp-content/uploads/2021/04/DRACENposter_AACR2021_03252021-Final.pdf,dracenpharma.com,,DRP-104 (sirpiglenastat) significantly inhibited tumor progression in the 3605 T1 (Lkb1-/-;Pten-/-;p53-/-) and 1969b (KRASG12D;p53-/-) genetically engineered mouse tumor models (GEMMs) but not in the related GEMM models 2785 2-B8 (KrasG12D;p53-/-;Lkb1-/l-) and L3161c (KrasG12D;p53-/-;Lkb1-/l-). Resp,,,
q014-4,q014,Sirpiglenastat in vivo single-agent monotherapy tumour growth inhibition TGI tumour regression or shrinkage in Pancreatic ductal adenocarcinoma animal models,DRP-104 PDAC xenograft dose response,2,Targeting glutamine dependence with DRP-104 inhibits proliferation ...,https://pmc.ncbi.nlm.nih.gov/articles/PMC10872917/,pmc.ncbi.nlm.nih.gov,2023-12-12,DRP-104 inhibited neuroendocrine prostate cancer xenograft growth without detectable toxicity. ... The cell lines exhibited significant dose-dependent inhibition of growth (p<0.0001) (Fig. ... We found that 2 mg/kg/day DRP-104 completely inhibits NCI-H660 tumor growth in NSG mice (Fig. 5A).,,,
q014-4,q014,Sirpiglenastat in vivo single-agent monotherapy tumour growth inhibition TGI tumour regression or shrinkage in Pancreatic ductal adenocarcinoma animal models,DRP-104 PDAC xenograft dose response,3,Targeting pancreatic cancer metabolic dependencies through glutamine antagonism,https://www.nature.com/articles/s43018-023-00647-3,nature.com,2023-10-09,"In this study, we demonstrated that both DON and DRP-104 caused a metabolic crisis in PDAC by globally impairing Gln metabolism, resulting in a significant decrease in proliferation. In addition, we observed a significant reduction in tumor growth in several in vivo PDAC models using DRP-104 as a mo",,,
q014-4,q014,Sirpiglenastat in vivo single-agent monotherapy tumour growth inhibition TGI tumour regression or shrinkage in Pancreatic ductal adenocarcinoma animal models,DRP-104 PDAC xenograft dose response,4,Glutamine antagonist DRP-104 suppresses tumor growth and enhances response to checkpoint blockade in KEAP1 mutant lung cancer - PubMed,https://pubmed.ncbi.nlm.nih.gov/38536921/?otool=nynyumlib&myncbishare=nynyumlib,pubmed.ncbi.nlm.nih.gov,2024-03-29,"Here, using preclinical patient-derived xenograft models and antigenic orthotopic lung cancer models, we show that the glutamine antagonist prodrug DRP-104 impairs the growth of *KEAP1* mutant tumors. We find that DRP-104 suppresses *KEAP1* mutant tumors by inhibiting glutamine-dependent nucleotide ",,,
q014-4,q014,Sirpiglenastat in vivo single-agent monotherapy tumour growth inhibition TGI tumour regression or shrinkage in Pancreatic ductal adenocarcinoma animal models,DRP-104 PDAC xenograft dose response,5,sirpiglenastat (DRP-104) / Dracen Pharma,https://delta.larvol.com/Products/?ProductId=6a9fca95-f7ac-4f45-ad29-5c613466dd20,delta.larvol.com,2025-10-01,"Finally, analysis of KEAP1-loss associated genes also identified the activation of glutamine metabolism, and we found the combination treatment with the glutamine antagonist DRP-104 enhanced KRAS inhibitor-mediated growth suppression in PDAC patient-derived organoids. ... ""Traditional attempts using",,,
q014-5,q014,Sirpiglenastat in vivo single-agent monotherapy tumour growth inhibition TGI tumour regression or shrinkage in Pancreatic ductal adenocarcinoma animal models,Sirpiglenastat pancreatic cancer in vivo monotherapy,1,Targeting pancreatic cancer metabolic dependencies through glutamine antagonism,https://www.nature.com/articles/s43018-023-00647-3,nature.com,2023-10-09,"To overcome these limitations, recent efforts led to the creation of sirpiglenastat (DRP-104), a pro-drug version of DON that circumvents the toxicities of DON while retaining the covalent and irreversible properties of DON 16, 17, 18, 19. ... In this study, we demonstrated that both DON and DRP-104",,,
q014-5,q014,Sirpiglenastat in vivo single-agent monotherapy tumour growth inhibition TGI tumour regression or shrinkage in Pancreatic ductal adenocarcinoma animal models,Sirpiglenastat pancreatic cancer in vivo monotherapy,2,Sirpiglenastat (DRP-104) | Glutamine Antagonist,https://www.targetmol.com/compound/sirpiglenastat,targetmol.com,,"|In vivo|Method: The in vivo activity of Sirpiglenastat was validated in a head and neck squamous cell carcinoma (HNSCC) subcutaneous xenograft model in SCID/NSG mice. Sirpiglenastat was administered by subcutaneous injection at a dose of 3 mg/kg on a 5 days on/2 days off schedule for 4 weeks, with ",,,
q014-5,q014,Sirpiglenastat in vivo single-agent monotherapy tumour growth inhibition TGI tumour regression or shrinkage in Pancreatic ductal adenocarcinoma animal models,Sirpiglenastat pancreatic cancer in vivo monotherapy,3,RMC-7977 / Revolution Medicines - Larvol Delta,https://delta.larvol.com/Products/?ProductId=e691bf1a-5906-401a-8e54-ede9c0957bd1,delta.larvol.com,,"## Characterization and therapeutic suppression of KEAP1-NRF2-driven resistance to KRAS inhibitors in pancreatic and lung cancer. (PubMed, bioRxiv) - ""KEAP1 loss is associated with reduced response to KRAS inhibitor therapy. We demonstrate that KEAP1 loss-associated resistance can be overcome by pha",,,
q014-5,q014,Sirpiglenastat in vivo single-agent monotherapy tumour growth inhibition TGI tumour regression or shrinkage in Pancreatic ductal adenocarcinoma animal models,Sirpiglenastat pancreatic cancer in vivo monotherapy,4,Sirpiglenastat – Glutamine Antagonist for Cancer Research,https://www.benchchem.com/product/b10857805,benchchem.com,2025-11-27,"Preclinical research has validated this tumor-targeting strategy, demonstrating significantly higher concentrations of DON in tumors compared to other tissues. In one study involving mice, the administration of this compound resulted in an 11-fold greater concentration of the active drug in the tumo",,,
q014-5,q014,Sirpiglenastat in vivo single-agent monotherapy tumour growth inhibition TGI tumour regression or shrinkage in Pancreatic ductal adenocarcinoma animal models,Sirpiglenastat pancreatic cancer in vivo monotherapy,5,Oncometabolites in pancreatic cancer: Strategies and its implications,https://ecsfindia.org/wp-content/uploads/2024/09/Sikdar-et-al.pdf,ecsfindia.org,,"Sirpiglenastat, a pro-drug of DON singly or in combination with trametinib, blocked  PanCa tumor growth in in vivo models with prolonged survival[88].",,,
q015-1,q015,GFH375/VS-7375 in vivo monotherapy tumour growth inhibition TGI tumour regression tumour shrinkage in KRAS G12D-Mutated/MTAP-Deleted Pancreatic Ductal Adenocarcinoma animal models,GFH375 VS-7375 quantitative TGI KP4 PDAC monotherapy,1,GFH375/VS-7375 Program Update,https://www.genfleet.com/Public/Uploads/uploadfile/files/20251207/Oct.pdf,genfleet.com,,"Efficacy and Safety of GFH375 Monotherapy in  Previously Treated Advanced KRAS G12D Mutant  Pancreatic Ductal Adenocarcinoma (PDAC) ... • ORR was 40.7% (24/59), 90%CI was [30%, 52%]. • DCR was 96.7% (57/59), 90%CI was [90%, 99%]. Majority (91.5%) had reduction in target lesions. ... Abstract number:",,,
q015-1,q015,GFH375/VS-7375 in vivo monotherapy tumour growth inhibition TGI tumour regression tumour shrinkage in KRAS G12D-Mutated/MTAP-Deleted Pancreatic Ductal Adenocarcinoma animal models,GFH375 VS-7375 quantitative TGI KP4 PDAC monotherapy,2,[PDF] GenFleet Therapeutics (Shanghai) Inc. 勁方醫藥科技(上海)股份有限 ...,https://www1.hkexnews.hk/listedco/listconews/sehk/2026/0820/2026082000047.pdf,www1.hkexnews.hk,,"GFH375/VS-7375 received China’s first Breakthrough Therapy Designation for monotherapy in KRAS G12D-mutant metastatic pancreatic cancer in February 2026, following Fast Track designation from the U.S. FDA for KRAS G12D-mutant metastatic pancreatic ductal adenocarcinoma (PDAC) granted in 2025.",,,
q015-1,q015,GFH375/VS-7375 in vivo monotherapy tumour growth inhibition TGI tumour regression tumour shrinkage in KRAS G12D-Mutated/MTAP-Deleted Pancreatic Ductal Adenocarcinoma animal models,GFH375 VS-7375 quantitative TGI KP4 PDAC monotherapy,3,Untitled,https://www.sec.gov/Archives/edgar/data/1526119/000110465925100537/tm2529024d1_ex99-1.htm,sec.gov,,"*GFH375 resulted in a 41% ORR for patients with heavily pre-treated pancreatic ductal adenocarcinoma (68% had received 2 or more prior lines of therapy) at the 600 mg daily dose* ... (Nasdaq: VSTM), a biopharmaceutical company committed to advancing new medicines for patients with RAS/MAPK-pathway-d",,,
q015-1,q015,GFH375/VS-7375 in vivo monotherapy tumour growth inhibition TGI tumour regression tumour shrinkage in KRAS G12D-Mutated/MTAP-Deleted Pancreatic Ductal Adenocarcinoma animal models,GFH375 VS-7375 quantitative TGI KP4 PDAC monotherapy,4,"Pipeline | Verastem, Inc.",https://www.verastem.com/our-science/pipeline/,verastem.com,2026-05-06,"- **VS-7375, an oral KRAS G12D (ON/OFF) inhibitor**: we are evaluating VS-7375 as monotherapy and in combinations for KRAS G12D-mutated PDAC, non-small cell lung cancer (NSCLC), colorectal cancer (CRC) and other solid tumors. ... |## KRAS G12D-mutated solid tumors (PDAC, NSCLC, CRC) **Regimen**: dos",,,
q015-1,q015,GFH375/VS-7375 in vivo monotherapy tumour growth inhibition TGI tumour regression tumour shrinkage in KRAS G12D-Mutated/MTAP-Deleted Pancreatic Ductal Adenocarcinoma animal models,GFH375 VS-7375 quantitative TGI KP4 PDAC monotherapy,5,GenFleet Therapeutics (Shanghai) Inc. 勁方醫藥科技(上海) ...,https://www1.hkexnews.hk/listedco/listconews/sehk/2026/0409/2026040900157.pdf,www1.hkexnews.hk,,"Multiple monotherapy and combination trials of GFH375/VS- 7375 are currently underway in all lines of setting in China (by GenFleet) and outside  of China (by Verastem). ... (ON/OFF) inhibitor designed to target the GTP/GDP exchange, thereby disrupting the  activation of downstream pathways and effe",,,
q015-2,q015,GFH375/VS-7375 in vivo monotherapy tumour growth inhibition TGI tumour regression tumour shrinkage in KRAS G12D-Mutated/MTAP-Deleted Pancreatic Ductal Adenocarcinoma animal models,GFH375 VS-7375 MTAP-deleted KP4 monotherapy tumour regression,1,"VS-7375 (GFH375): An oral, selective KRAS G12D (ON/ ...",https://www.verastem.com/pdf/AACR-VS7375-Poster-Presentation.pdf,verastem.com,,"VS-7375 (GFH375) is an oral KRAS G12D-selective small molecule inhibitor (G12Di) that binds KRAS G12D in both the active (ON; GTP-bound) and inactive (OFF; GDP-bound) states (Figure  1) (2). ... Furthermore, we have shown that oral administration of VS-7375 inhibits tumor  growth in a dose-dependent",,,
q015-2,q015,GFH375/VS-7375 in vivo monotherapy tumour growth inhibition TGI tumour regression tumour shrinkage in KRAS G12D-Mutated/MTAP-Deleted Pancreatic Ductal Adenocarcinoma animal models,GFH375 VS-7375 MTAP-deleted KP4 monotherapy tumour regression,2,"Resources | Verastem, Inc.",https://www.verastem.com/our-science/resources/,verastem.com,2026-05-05,"### VS-7375: An oral, selective KRAS G12D dual ON/OFF inhibitor with potent anti-tumor activity as a single agent and in combination with other agents ... ### Strong durable tumor regressions with the KRASG12D ON/OFF inhibitor VS-7375 in combination with PRMT5inhibition in MTAP-deleted/KRASG12D-muta",,,
q015-2,q015,GFH375/VS-7375 in vivo monotherapy tumour growth inhibition TGI tumour regression tumour shrinkage in KRAS G12D-Mutated/MTAP-Deleted Pancreatic Ductal Adenocarcinoma animal models,GFH375 VS-7375 MTAP-deleted KP4 monotherapy tumour regression,3,[PDF] Verastem Oncology Announces Late Breaking and Regular ...,https://investor.verastem.com/node/15761/pdf,investor.verastem.com,,"Preclinical research with VS-7375 in combination with PRMT5 inhibitors demonstrated strong durable tumor regressions in KRAS G12D pancreatic cancer models In preclinical pancreatic, lung, and colorectal cancer models, VS-7375 (dual ON/OFF inhibitor) showed deeper and more sustained tumor regression ",,,
q015-2,q015,GFH375/VS-7375 in vivo monotherapy tumour growth inhibition TGI tumour regression tumour shrinkage in KRAS G12D-Mutated/MTAP-Deleted Pancreatic Ductal Adenocarcinoma animal models,GFH375 VS-7375 MTAP-deleted KP4 monotherapy tumour regression,4,"[PDF] VS-7375: An oral, selective KRAS G12D dual ON/OFF inhibitor with ...",http://www.verastem.com/wp-content/uploads/2026/04/AACR-2025-VS-7375-poster-E-poster-4.8.26-printed.pdf,verastem.com,,"VS-7375 (GFH375) is an oral KRAS G12D-selective small molecule inhibitor that binds KRAS G12D in both the ON and OFF states. By blocking the activities of the ON and OFF states of KRAS G12D, VS-7375 has the potential to inhibit KRAS G12D signaling and tumor growth more completely than compounds that",,,
q015-2,q015,GFH375/VS-7375 in vivo monotherapy tumour growth inhibition TGI tumour regression tumour shrinkage in KRAS G12D-Mutated/MTAP-Deleted Pancreatic Ductal Adenocarcinoma animal models,GFH375 VS-7375 MTAP-deleted KP4 monotherapy tumour regression,5,GFH375/VS-7375 Program Update,https://www.genfleet.com/Public/Uploads/uploadfile/files/20251207/Oct.pdf,genfleet.com,,"Efficacy and Safety of GFH375 Monotherapy in  Previously Treated Advanced KRAS G12D Mutant  Pancreatic Ductal Adenocarcinoma (PDAC) ... ORR [90%CI] 40.7% [30%, 52%] ... • ORR was 40.7% (24/59), 90%CI was [30%, 52%]. • DCR was 96.7% (57/59), 90%CI was [90%, 99%]. Majority (91.5%) had reduction in tar",,,
q015-3,q015,GFH375/VS-7375 in vivo monotherapy tumour growth inhibition TGI tumour regression tumour shrinkage in KRAS G12D-Mutated/MTAP-Deleted Pancreatic Ductal Adenocarcinoma animal models,GFH375 VS-7375 MTAP-deleted pancreatic xenograft single-agent TGI,1,"Resources | Verastem, Inc.",https://www.verastem.com/our-science/resources/,verastem.com,2026-05-05,"### VS-7375: An oral, selective KRAS G12D dual ON/OFF inhibitor with potent anti-tumor activity as a single agent and in combination with other agents ... ### VS-7375, a non-covalent dual ON/OFF KRASG12D inhibitor, displays superior activity to ON-only KRASG12D inhibitors in preclinical models of pa",,,
q015-3,q015,GFH375/VS-7375 in vivo monotherapy tumour growth inhibition TGI tumour regression tumour shrinkage in KRAS G12D-Mutated/MTAP-Deleted Pancreatic Ductal Adenocarcinoma animal models,GFH375 VS-7375 MTAP-deleted pancreatic xenograft single-agent TGI,2,"[PDF] VS-7375: An oral, selective KRAS G12D dual ON/OFF inhibitor with ...",http://www.verastem.com/wp-content/uploads/2026/04/AACR-2025-VS-7375-poster-E-poster-4.8.26-printed.pdf,verastem.com,,"VS-7375 (GFH375) is an oral KRAS G12D-selective small molecule inhibitor that binds KRAS G12D in both the ON and OFF states. By blocking the activities of the ON and OFF states of KRAS G12D, VS-7375 has the potential to inhibit KRAS G12D signaling and tumor growth more completely than compounds that",,,
q015-3,q015,GFH375/VS-7375 in vivo monotherapy tumour growth inhibition TGI tumour regression tumour shrinkage in KRAS G12D-Mutated/MTAP-Deleted Pancreatic Ductal Adenocarcinoma animal models,GFH375 VS-7375 MTAP-deleted pancreatic xenograft single-agent TGI,3,"VS-7375 (GFH375): An oral, selective KRAS G12D (ON/ ...",https://www.verastem.com/pdf/AACR-VS7375-Poster-Presentation.pdf,verastem.com,,"VS-7375 (GFH375) is an oral KRAS G12D-selective small molecule inhibitor (G12Di) that binds KRAS G12D in both the active (ON; GTP-bound) and inactive (OFF; GDP-bound) states (Figure  1) (2). ... Furthermore, we have shown that oral administration of VS-7375 inhibits tumor  growth in a dose-dependent",,,
q015-3,q015,GFH375/VS-7375 in vivo monotherapy tumour growth inhibition TGI tumour regression tumour shrinkage in KRAS G12D-Mutated/MTAP-Deleted Pancreatic Ductal Adenocarcinoma animal models,GFH375 VS-7375 MTAP-deleted pancreatic xenograft single-agent TGI,4,[PDF] Verastem Oncology Announces Late Breaking and Regular ...,https://investor.verastem.com/node/15761/pdf,investor.verastem.com,,"Preclinical research with VS-7375 in combination with PRMT5 inhibitors demonstrated strong durable tumor regressions in KRAS G12D pancreatic cancer models In preclinical pancreatic, lung, and colorectal cancer models, VS-7375 (dual ON/OFF inhibitor) showed deeper and more sustained tumor regression ",,,
q015-3,q015,GFH375/VS-7375 in vivo monotherapy tumour growth inhibition TGI tumour regression tumour shrinkage in KRAS G12D-Mutated/MTAP-Deleted Pancreatic Ductal Adenocarcinoma animal models,GFH375 VS-7375 MTAP-deleted pancreatic xenograft single-agent TGI,5,GFH375/VS-7375 Program Update,https://www.genfleet.com/Public/Uploads/uploadfile/files/20251207/Oct.pdf,genfleet.com,,"• ORR was 40.7% (24/59), 90%CI was [30%, 52%]. • DCR was 96.7% (57/59), 90%CI was [90%, 99%]. Majority (91.5%) had reduction in target lesions. ... • Median PFS was 5.52 months (90%CI: 4.27, 7.20), with a median follow-up time 5.65 months (90%CI: 4.96, 6.08). • 4-month PFS rate was 78.2% (90%CI: 69.",,,
q015-4,q015,GFH375/VS-7375 in vivo monotherapy tumour growth inhibition TGI tumour regression tumour shrinkage in KRAS G12D-Mutated/MTAP-Deleted Pancreatic Ductal Adenocarcinoma animal models,GFH375 VS-7375 AsPC-1 Panc 04.03 monotherapy tumour volume data,1,Selectivity over HUVEC (P value not updated) - verastem.com,https://www.verastem.com/wp-content/uploads/2025/01/GFH375-poster-for-2024-AACR-Final-20240329.pdf,verastem.com,,"Panc 04.03 IC50 = 0.9 nM AGS IC50 = 0.2 nM AsPC-1 IC50 = 0.5 nM ... PK/PD study in Panc04.03 PDAC CDX mice ... The in vitro potency and selectivity, oral bioavailability, and in vivo efficacy of monotherapy and combination therapy with avutometinib, a unique RAF/MEK clamp, were evaluated in preclini",,,
q015-4,q015,GFH375/VS-7375 in vivo monotherapy tumour growth inhibition TGI tumour regression tumour shrinkage in KRAS G12D-Mutated/MTAP-Deleted Pancreatic Ductal Adenocarcinoma animal models,GFH375 VS-7375 AsPC-1 Panc 04.03 monotherapy tumour volume data,2,Selectivity over HUVEC （P value not updated),https://www.verastem.com/wp-content/uploads/2024/04/GFH375-poster-for-2024-AACR-Final-20240329.pdf,verastem.com,,"Panc 04.03 IC50 = 0.9 nM AGS IC50 = 0.2 nM AsPC-1 IC50 = 0.5 nM ... PK/PD study in Panc04.03 PDAC CDX mice ... The in vitro potency and selectivity, oral bioavailability, and in vivo efficacy of monotherapy and combination therapy with avutometinib, a unique RAF/MEK clamp, were evaluated in preclini",,,
q015-4,q015,GFH375/VS-7375 in vivo monotherapy tumour growth inhibition TGI tumour regression tumour shrinkage in KRAS G12D-Mutated/MTAP-Deleted Pancreatic Ductal Adenocarcinoma animal models,GFH375 VS-7375 AsPC-1 Panc 04.03 monotherapy tumour volume data,3,Slide 1,http://www.verastem.com/wp-content/uploads/2026/04/AACR_2026_Poster_BLM_Final.pdf,verastem.com,,Tumor volume (mm3 +/- SEM) Vehicle ... GI50 (nM) ... PANC-1 G12D 1.61 28.4 17.6 AsPC-1 G12D 0.60 2.21 3.7,,,
q015-4,q015,GFH375/VS-7375 in vivo monotherapy tumour growth inhibition TGI tumour regression tumour shrinkage in KRAS G12D-Mutated/MTAP-Deleted Pancreatic Ductal Adenocarcinoma animal models,GFH375 VS-7375 AsPC-1 Panc 04.03 monotherapy tumour volume data,4,"VS-7375 / Verastem, GenFleet Therap",https://delta.larvol.com/Products/?ProductId=79f5355f-7784-47f4-b7fc-b28b044d1ecc,delta.larvol.com,,"## Efficacy and safety of GFH375 monotherapy in previously treated advanced KRAS G12D-mutant pancreatic ductal adenocarcinoma (PDAC) (ESMO 2025) - P1/2 | ""Conclusions GFH375 monotherapy shows promising efficacy with a manageable safety profile in previously treated KRAS G12D-mutant PDAC. The trial i",,,
q015-4,q015,GFH375/VS-7375 in vivo monotherapy tumour growth inhibition TGI tumour regression tumour shrinkage in KRAS G12D-Mutated/MTAP-Deleted Pancreatic Ductal Adenocarcinoma animal models,GFH375 VS-7375 AsPC-1 Panc 04.03 monotherapy tumour volume data,5,GFH375/VS-7375 Program Update,https://www.genfleet.com/Public/Uploads/uploadfile/files/20251207/Oct.pdf,genfleet.com,,"• ORR was 40.7% (24/59), 90%CI was [30%, 52%]. • DCR was 96.7% (57/59), 90%CI was [90%, 99%]. Majority (91.5%) had reduction in target lesions. ... Abstract number: LBA84 • Median PFS was 5.52 months (90%CI: 4.27, 7.20), with a median follow-up time 5.65 months (90%CI: 4.96, 6.08). ... Billiary trac",,,
q016-1,q016,PLM-103 in vivo single-agent monotherapy tumour growth inhibition TGI tumour regression tumour shrinkage in Pancreatic ductal adenocarcinoma (PDAC) animal models,PLM-103 PDAC xenograft monotherapy tumour regression TGI,1,CCDI Hub,https://moleculartargets.ccdi.cancer.gov/studies/phs003215,moleculartargets.ccdi.cancer.gov,,This system is provided for Government-authorized use only. Unauthorized or improper use of this system is prohibited and may result in disciplinary action and/or civil and criminal penalties.,,,
q016-1,q016,PLM-103 in vivo single-agent monotherapy tumour growth inhibition TGI tumour regression tumour shrinkage in Pancreatic ductal adenocarcinoma (PDAC) animal models,PLM-103 PDAC xenograft monotherapy tumour regression TGI,2,Cloudflare,https://aacrjournals.org/clincancerres/article-pdf/23/3/623/2041560/623.pdf,aacrjournals.org,,Cloudflare is currently unable to resolve your requested domain (aacrjournals.org).,,,
q016-1,q016,PLM-103 in vivo single-agent monotherapy tumour growth inhibition TGI tumour regression tumour shrinkage in Pancreatic ductal adenocarcinoma (PDAC) animal models,PLM-103 PDAC xenograft monotherapy tumour regression TGI,3,Patient Derived Xenograft Models: An Emerging Platform for ...,https://pmc.ncbi.nlm.nih.gov/articles/PMC4167608/,pmc.ncbi.nlm.nih.gov,2014-07-15,|(33)|PDAC|42|Primary|Surgery|Fresh tumor pieces in matrigel|Nude|s.c.|61 %| ... |PDAC (26)|T/C < 20 %|Gemcitabine Erlotinib Temsirolimus|14|36 0 0|NA| |PDAC (33)|TGI > 85 %|Gemcitabine|23|17 %|Response to Gemcitabine in the PDX model predicted longer time to progression in patients.| ... These expe,,,
q016-1,q016,PLM-103 in vivo single-agent monotherapy tumour growth inhibition TGI tumour regression tumour shrinkage in Pancreatic ductal adenocarcinoma (PDAC) animal models,PLM-103 PDAC xenograft monotherapy tumour regression TGI,4,Page not found,https://medschool.cuanschutz.edu/colorado-cancer-center/clinical-trials/214C19E7-3028-64D9-A5BF-FF0A001CE385,medschool.cuanschutz.edu,,303-724-4357 (4-HELP from a campus phone),,,
q016-1,q016,PLM-103 in vivo single-agent monotherapy tumour growth inhibition TGI tumour regression tumour shrinkage in Pancreatic ductal adenocarcinoma (PDAC) animal models,PLM-103 PDAC xenograft monotherapy tumour regression TGI,5,{{ngMeta['og:title']}},https://bio.tools/pdxnet_portal,bio.tools,,This is a development version of the registry. There is no guarantee that the data entered here will be preserved in the future.,,,
q017-1,q017,SW-682 in vivo single-agent monotherapy tumour growth inhibition TGI tumour regression or shrinkage in Head and Neck Squamous Cell Carcinoma animal models,SW-682 CAL-33 SCC-25 xenograft tumour growth inhibition monotherapy,1,Genigraphics Research Poster Template 42x72,https://springworkstx.com/wp-content/uploads/2024/10/Schirmer_TEAD_Head-Neck-SCC_ENA-2024.pdf,springworkstx.com,,▪The pan-TEAD inhibitor SW-682 modulates tumor growth in  HNSCC models harboring aberrant Hippo pathway signaling both in vitro and in vivo. ... SW-682 decreases colony formation in HNSCC FAT1 loss models • Treatment with SW-682 results in a dose dependent decrease in  CAL-33 and SCC-25 colony forma,,,
q017-1,q017,SW-682 in vivo single-agent monotherapy tumour growth inhibition TGI tumour regression or shrinkage in Head and Neck Squamous Cell Carcinoma animal models,SW-682 CAL-33 SCC-25 xenograft tumour growth inhibition monotherapy,2,SW-682 / EMD Serono,https://delta.larvol.com/Products/?ProductId=d78df0cf-33d8-4282-974c-3719ae487f81,delta.larvol.com,,"## SW-682: A novel TEAD inhibitor for the treatment of cancers bearing mutations in the Hippo signaling pathway (AACR 2023) - ""Moreover, to identify new indications that may benefit from TEAD inhibition, we screened patient-derived 3D organoid tumor cells and matching patient-derived xenograft model",,,
q017-1,q017,SW-682 in vivo single-agent monotherapy tumour growth inhibition TGI tumour regression or shrinkage in Head and Neck Squamous Cell Carcinoma animal models,SW-682 CAL-33 SCC-25 xenograft tumour growth inhibition monotherapy,3,[PDF] SW-682: a novel TEAD inhibitor for the treatment of cancers bearing ...,https://springworkstx.com/wp-content/uploads/2023/08/TEAD-AACR-2023-Poster_FINAL.pdf,springworkstx.com,,"In vitro, SW-682 inhibited the proliferation of human Hippo-mutant mesothelioma cells with nanomolar potency, with little to no effect on Hippo- wildtype tumor cells. ... In vivo, daily oral administration of  SW-682 in tumor-bearing mice resulted in tumor regression in Hippo-mutant mesothelioma mod",,,
q017-1,q017,SW-682 in vivo single-agent monotherapy tumour growth inhibition TGI tumour regression or shrinkage in Head and Neck Squamous Cell Carcinoma animal models,SW-682 CAL-33 SCC-25 xenograft tumour growth inhibition monotherapy,4,CCDI Hub,https://moleculartargets.ccdi.cancer.gov/studies/phs003215,moleculartargets.ccdi.cancer.gov,,This system is provided for Government-authorized use only. Unauthorized or improper use of this system is prohibited and may result in disciplinary action and/or civil and criminal penalties.,,,
q017-1,q017,SW-682 in vivo single-agent monotherapy tumour growth inhibition TGI tumour regression or shrinkage in Head and Neck Squamous Cell Carcinoma animal models,SW-682 CAL-33 SCC-25 xenograft tumour growth inhibition monotherapy,5,Something went wrong,https://www.tandfonline.com/doi/epub/10.2147/DDDT.S278975?needAccess=true,tandfonline.com,2004-01-01,"You can view available primary and supplemental materials related to the document from the menu on the left including images, tables, etc.",,,
q017-2,q017,SW-682 in vivo single-agent monotherapy tumour growth inhibition TGI tumour regression or shrinkage in Head and Neck Squamous Cell Carcinoma animal models,SW-682 HNSCC xenograft tumour regression monotherapy,1,Genigraphics Research Poster Template 42x72,https://springworkstx.com/wp-content/uploads/2024/10/Schirmer_TEAD_Head-Neck-SCC_ENA-2024.pdf,springworkstx.com,,Rational combination of pan-TEAD inhibitor SW-682 and MEK inhibitor mirdametinib in head and neck squamous cell carcinomas leads to synergistic response ... ▪The pan-TEAD inhibitor SW-682 modulates tumor growth in  HNSCC models harboring aberrant Hippo pathway signaling both in vitro and in vivo. ▪A,,,
q017-2,q017,SW-682 in vivo single-agent monotherapy tumour growth inhibition TGI tumour regression or shrinkage in Head and Neck Squamous Cell Carcinoma animal models,SW-682 HNSCC xenograft tumour regression monotherapy,2,SW-682 / EMD Serono,https://delta.larvol.com/Products/?ProductId=d78df0cf-33d8-4282-974c-3719ae487f81,delta.larvol.com,,"## Targeting YAP/TAZ-TEAD signaling as a therapeutic approach in head and neck squamous cell carcinoma. (PubMed, Cancer Lett) - ""Here, we provide the pre-clinical evidence for the antitumor activity of novel smTEADi, SW-682 in HPV-negative HNSCC. A HNSCC-specific TEADi target gene set was defined fr",,,
q017-2,q017,SW-682 in vivo single-agent monotherapy tumour growth inhibition TGI tumour regression or shrinkage in Head and Neck Squamous Cell Carcinoma animal models,SW-682 HNSCC xenograft tumour regression monotherapy,3,[PDF] SW-682: a novel TEAD inhibitor for the treatment of cancers bearing ...,https://springworkstx.com/wp-content/uploads/2023/08/TEAD-AACR-2023-Poster_FINAL.pdf,springworkstx.com,,"In vivo, daily oral administration of  SW-682 in tumor-bearing mice resulted in tumor regression in Hippo-mutant mesothelioma models and caused decreased expression of the TEAD- dependent genes CCN1 and CCN2 and a YAP gene signature4, as measured by RNA-seq analysis. ... SW-682 is efficacious in vi",,,
q017-2,q017,SW-682 in vivo single-agent monotherapy tumour growth inhibition TGI tumour regression or shrinkage in Head and Neck Squamous Cell Carcinoma animal models,SW-682 HNSCC xenograft tumour regression monotherapy,4,Targeting YAP/TAZ-TEAD signaling as a therapeutic approach in ...,https://pmc.ncbi.nlm.nih.gov/articles/PMC12044704/,pmc.ncbi.nlm.nih.gov,2025-01-16,"Here, we provide the pre-clinical evidence for the antitumor activity of novel smTEADi, SW-682 in HPV-negative HNSCC. By the use of multiple complementary experimental approaches, including siRNA knockdown, expression of a genetically encoded TEAD inhibitor peptide (pTEADi), and SW-682, we revealed ",,,
q017-2,q017,SW-682 in vivo single-agent monotherapy tumour growth inhibition TGI tumour regression or shrinkage in Head and Neck Squamous Cell Carcinoma animal models,SW-682 HNSCC xenograft tumour regression monotherapy,5,Targeting TEAD in cancer - PMC - NIH,https://pmc.ncbi.nlm.nih.gov/articles/PMC12672301/,pmc.ncbi.nlm.nih.gov,2025-11-19,"In head and neck squamous cell carcinoma (HNSCC), use of SW-682 to block YAP/TAZ-TEAD binding led to an antitumor response in FAT1-mutant HNSCC xenograft models (85). ... SW-682 (NCT06251310) is a pan-TEAD small molecule inhibitor which blocks palmitoylation of TEAD to inhibit all TEAD-dependent tra",,,
q017-3,q017,SW-682 in vivo single-agent monotherapy tumour growth inhibition TGI tumour regression or shrinkage in Head and Neck Squamous Cell Carcinoma animal models,SW-682 CAL-33 SCC-25 tumour volume TGI,1,Genigraphics Research Poster Template 42x72,https://springworkstx.com/wp-content/uploads/2024/10/Schirmer_TEAD_Head-Neck-SCC_ENA-2024.pdf,springworkstx.com,,"CAL-33 Xenograft Model Day Tumor  Volume  (mm3) Mean ± SEM ... SW-682 decreases colony formation in HNSCC FAT1 loss models • Treatment with SW-682 results in a dose dependent decrease in  CAL-33 and SCC-25 colony formation after 14 days. ... • Higher synergy was observed in the SCC-25 model, with an",,,
q017-3,q017,SW-682 in vivo single-agent monotherapy tumour growth inhibition TGI tumour regression or shrinkage in Head and Neck Squamous Cell Carcinoma animal models,SW-682 CAL-33 SCC-25 tumour volume TGI,2,CCDI Hub,https://moleculartargets.ccdi.cancer.gov/studies/phs003215,moleculartargets.ccdi.cancer.gov,,"This system is provided for Government-authorized use only. ... Therefore, you have no reasonable expectation of privacy regarding any communication or data transiting or stored on this system.",,,
q017-3,q017,SW-682 in vivo single-agent monotherapy tumour growth inhibition TGI tumour regression or shrinkage in Head and Neck Squamous Cell Carcinoma animal models,SW-682 CAL-33 SCC-25 tumour volume TGI,3,[PDF] SW-682: a novel TEAD inhibitor for the treatment of cancers bearing ...,https://springworkstx.com/wp-content/uploads/2023/08/TEAD-AACR-2023-Poster_FINAL.pdf,springworkstx.com,,Tumor Volume (mm3) Mean ± SEM H226 Xenograft,,,
q017-3,q017,SW-682 in vivo single-agent monotherapy tumour growth inhibition TGI tumour regression or shrinkage in Head and Neck Squamous Cell Carcinoma animal models,SW-682 CAL-33 SCC-25 tumour volume TGI,4,Cloudflare,https://aacrjournals.org/mcr/article-pdf/13/7/1059/3409192/1059.pdf,aacrjournals.org,,Cloudflare is currently unable to resolve your requested domain (aacrjournals.org).,,,
q017-3,q017,SW-682 in vivo single-agent monotherapy tumour growth inhibition TGI tumour regression or shrinkage in Head and Neck Squamous Cell Carcinoma animal models,SW-682 CAL-33 SCC-25 tumour volume TGI,5,Exaly Platform,https://exaly.com/article/159552503/,exaly.com,,"*Biochemical Pharmacology* Year: 2023 Pages: 210, 115471",,,
q018-1,q018,"SPR2015 in vivo animal models and results: cell-line xenograft CDX, patient-derived xenograft PDX, syngeneic, orthotopic, or genetically engineered models",SPR2015 HNSCC in vivo xenograft,1,Merck Enters into Exclusive Global License Agreement ...,https://www.businesswire.com/news/home/20260928125137/en/Merck-Enters-into-Exclusive-Global-License-Agreement-with-SciBrunch-Therapeutics-for-SPR2015-an-Investigational-Oral-KRAS-G12D-ON-Inhibitor,businesswire.com,2026-09-28,"In addition, SPR2015 has demonstrated compelling antitumor efficacy as a monotherapy across multiple in vivo cell-derived and patient-derived xenograft (CDX/PDX) models, as reported in preclinical data presented at the 2026 AACR Annual Meeting.",,,
q018-1,q018,"SPR2015 in vivo animal models and results: cell-line xenograft CDX, patient-derived xenograft PDX, syngeneic, orthotopic, or genetically engineered models",SPR2015 HNSCC in vivo xenograft,2,Models of head and neck squamous cell carcinoma using ...,https://www.sciencedirect.com/science/article/abs/pii/S1040842822001482,sciencedirect.com,,"*In vivo*xenograft models are the standard practice and the most advanced preclinical models of HNSCC ( Clark et al., 2010; Van Es et al., 1999; Cohen et al., 2015; Panaccione et al., 2017) (Table S2, Supplemental materials). Despite the fact that tumor modeling using mice does not encounter most of",,,
q018-1,q018,"SPR2015 in vivo animal models and results: cell-line xenograft CDX, patient-derived xenograft PDX, syngeneic, orthotopic, or genetically engineered models",SPR2015 HNSCC in vivo xenograft,3,"Merck, SciBrunch Launch Up-to-$2.13B Collaboration ...",https://www.genengnews.com/topics/cancer/merck-scibrunch-launch-up-to-2-13b-collaboration-to-develop-preclinical-kras-inhibiting-molecular-glue/,genengnews.com,2026-09-29,"SPR2015 is a preclinical molecular glue, more specifically an oral KRAS G12D (ON) inhibitor that SciBrunch is developing for forms of cancer that include colorectal cancer (CRC), non-small cell lung cancer (NSCLC), and pancreatic ductal adenocarcinoma (PDAC)—the most common and aggressive type of pa",,,
q018-1,q018,"SPR2015 in vivo animal models and results: cell-line xenograft CDX, patient-derived xenograft PDX, syngeneic, orthotopic, or genetically engineered models",SPR2015 HNSCC in vivo xenograft,4,Preclinical models in head and neck squamous cell carcinoma,https://www.nature.com/articles/s41416-023-02186-1,nature.com,2023-02-10,"Although in vitro models have demonstrated to be very useful in HNSCC preclinical research, in vivo animal models are essential to fully understand the mechanisms and molecular events happening during HNSCC initiation and progression in their specific environment. To this purpose, different approach",,,
q018-1,q018,"SPR2015 in vivo animal models and results: cell-line xenograft CDX, patient-derived xenograft PDX, syngeneic, orthotopic, or genetically engineered models",SPR2015 HNSCC in vivo xenograft,5,Genomic and single-cell characterization of patient-derived tumor organoid models of head and neck squamous cell carcinoma,https://www.ncbi.nlm.nih.gov/pmc/articles/PMC11244938/,ncbi.nlm.nih.gov,2019-07-12,"To evaluate the tumorigenicity of the HNSCC PDOs in vivo, we performed xenograft transplantation using immunodeficient mice. Two PDO lines (PDO-04 and PDO-06) were initially selected, dissociated into single cells, mixed with Matrigel, and injected into both flanks of mice (n = 3 mice for each PDO l",,,
q018-2,q018,"SPR2015 in vivo animal models and results: cell-line xenograft CDX, patient-derived xenograft PDX, syngeneic, orthotopic, or genetically engineered models",SPR2015 PDAC patient-derived xenograft,1,Merck Enters into Exclusive Global License Agreement ...,https://www.businesswire.com/news/home/20260928125137/en/Merck-Enters-into-Exclusive-Global-License-Agreement-with-SciBrunch-Therapeutics-for-SPR2015-an-Investigational-Oral-KRAS-G12D-ON-Inhibitor,businesswire.com,2026-09-28,"SPR2015 is a potent and selective novel investigational preclinical molecular glue KRAS G12D (ON) inhibitor that has demonstrated nanomolar antiproliferative activities in various KRAS G12D-mutant cell lines while maintaining good selectivity over KRAS wildtype cells. ... In addition, SPR2015 has de",,,
q018-2,q018,"SPR2015 in vivo animal models and results: cell-line xenograft CDX, patient-derived xenograft PDX, syngeneic, orthotopic, or genetically engineered models",SPR2015 PDAC patient-derived xenograft,2,MSD takes a $400m bite of SciBrunch's KRAS drug,https://pharmaphorum.com/news/msd-takes-400m-bite-scibrunchs-kras-drug,pharmaphorum.com,2026-10-02,"The exclusive, global license to SPR2015, which is still in preclinical development, comes with development, commercialisation and other payments – across multiple indications – that could swell the value of the deal to $2.13 million. The molecular glue drug targets KRAS G12D (ON) – which targets th",,,
q018-2,q018,"SPR2015 in vivo animal models and results: cell-line xenograft CDX, patient-derived xenograft PDX, syngeneic, orthotopic, or genetically engineered models",SPR2015 PDAC patient-derived xenograft,3,KRAS G12D Inhibitor's $2.13B Deal Tests Cross-Border Tech Transfer,https://www.pharmtech.com/view/kras-g12d-inhibitor-s-2-13b-deal-tests-cross-border-tech-transfer,pharmtech.com,2026-09-28,"- SPR2015 functions as an ON-state molecular glue, showing nanomolar antiproliferative activity in KRAS G12D cell lines with wild-type selectivity and tumor regression in xenograft models. ... SPR2015 is described as a molecular glue inhibitor that engages the ON form of the mutant protein.^1^ It sh",,,
q018-2,q018,"SPR2015 in vivo animal models and results: cell-line xenograft CDX, patient-derived xenograft PDX, syngeneic, orthotopic, or genetically engineered models",SPR2015 PDAC patient-derived xenograft,4,Merck Licenses Preclinical KRAS G12D Inhibitor from SciBrunch,https://www.pharmexec.com/view/merck-licenses-preclinical-kras-g12d-inhibitor-scibrunch,pharmexec.com,2026-09-28,"- Preclinical monotherapy produced compelling tumor regressions across CDX and PDX models, with AACR 2026 data emphasizing activity in colorectal cancer models where prior G12D agents have struggled. ... KRAS G12D is the most common oncogenic RAS mutation found in human tumors, arising from a substi",,,
q018-2,q018,"SPR2015 in vivo animal models and results: cell-line xenograft CDX, patient-derived xenograft PDX, syngeneic, orthotopic, or genetically engineered models",SPR2015 PDAC patient-derived xenograft,5,"Merck, SciBrunch Launch Up-to-$2.13B Collaboration ...",https://www.genengnews.com/topics/cancer/merck-scibrunch-launch-up-to-2-13b-collaboration-to-develop-preclinical-kras-inhibiting-molecular-glue/,genengnews.com,2026-09-29,"SPR2015 is a preclinical molecular glue, more specifically an oral KRAS G12D (ON) inhibitor that SciBrunch is developing for forms of cancer that include colorectal cancer (CRC), non-small cell lung cancer (NSCLC), and pancreatic ductal adenocarcinoma (PDAC)—the most common and aggressive type of pa",,,
q018-3,q018,"SPR2015 in vivo animal models and results: cell-line xenograft CDX, patient-derived xenograft PDX, syngeneic, orthotopic, or genetically engineered models",SPR2015 PDAC syngeneic model,1,Preclinical models of pancreatic ductal adenocarcinoma,https://cco.amegroups.org/article/view/15430/html,cco.amegroups.org,,"Some of these limitations can be overcome via CRISPR/Cas9 technology, which allows for the creation of syngeneic and humanized mice. Syngeneic/allograft transplant models are created by transplanting cancerous cells or solid tumors derived from the same genetic strain. This prevents transplant rejec",,,
q018-3,q018,"SPR2015 in vivo animal models and results: cell-line xenograft CDX, patient-derived xenograft PDX, syngeneic, orthotopic, or genetically engineered models",SPR2015 PDAC syngeneic model,2,"Merck, SciBrunch Launch Up-to-$2.13B Collaboration ...",https://www.genengnews.com/topics/cancer/merck-scibrunch-launch-up-to-2-13b-collaboration-to-develop-preclinical-kras-inhibiting-molecular-glue/,genengnews.com,2026-09-29,"SPR2015 is a preclinical molecular glue, more specifically an oral KRAS G12D (ON) inhibitor that SciBrunch is developing for forms of cancer that include colorectal cancer (CRC), non-small cell lung cancer (NSCLC), and pancreatic ductal adenocarcinoma (PDAC)—the most common and aggressive type of pa",,,
q018-3,q018,"SPR2015 in vivo animal models and results: cell-line xenograft CDX, patient-derived xenograft PDX, syngeneic, orthotopic, or genetically engineered models",SPR2015 PDAC syngeneic model,3,Modeling pancreatic cancer in mice for experimental ...,https://pubmed.ncbi.nlm.nih.gov/33945847/,pubmed.ncbi.nlm.nih.gov,2021-08-06,"The GEMMs, mostly driven by KRAS mutation(s), have been widely accepted for therapeutic optimization due to their high penetrance and ability to recapitulate the histological, molecular, and pathological hallmarks of human PDAC, including comparable precursor lesions, extensive metastasis, desmoplas",,,
q018-3,q018,"SPR2015 in vivo animal models and results: cell-line xenograft CDX, patient-derived xenograft PDX, syngeneic, orthotopic, or genetically engineered models",SPR2015 PDAC syngeneic model,4,Preclinical Models of Pancreatic Ductal Adenocarcinoma ...,https://pmc.ncbi.nlm.nih.gov/articles/PMC7865443/,pmc.ncbi.nlm.nih.gov,2021-01-25,"Here, we discuss the utility and limitations of syngeneic and genetically-engineered mouse models that are currently available for testing immunotherapy regimens. ... Syngeneic mouse models of PDAC are developed by introducing immunologically compatible cancerous cells or tissues into mice with an i",,,
q018-3,q018,"SPR2015 in vivo animal models and results: cell-line xenograft CDX, patient-derived xenograft PDX, syngeneic, orthotopic, or genetically engineered models",SPR2015 PDAC syngeneic model,5,1,https://journals.physiology.org/doi/prev/20150709-aop/pdf/10.1152/ajpgi.00169.2015,journals.physiology.org,,335  Transplantation of cancer cells from mice of identical genetic background does not result in 336  immune rejection and therefore does not require immune compromise. Such xenografts are  337  referred to as syngeneic mouse models (SMMs). Syngeneic models are particularly valuable  338  when the ,,,
q018-4,q018,"SPR2015 in vivo animal models and results: cell-line xenograft CDX, patient-derived xenograft PDX, syngeneic, orthotopic, or genetically engineered models",SPR2015 PDAC genetically engineered mouse model,1,Genetically engineered mouse models of pancreatic cancer,https://pubmed.ncbi.nlm.nih.gov/23187836/,pubmed.ncbi.nlm.nih.gov,,A variety of genetically engineered mouse models of pancreatic cancer have been developed over the last decade.,,,
q018-4,q018,"SPR2015 in vivo animal models and results: cell-line xenograft CDX, patient-derived xenograft PDX, syngeneic, orthotopic, or genetically engineered models",SPR2015 PDAC genetically engineered mouse model,2,Mouse Models of Pancreatic Ductal Adenocarcinoma,https://2024.sci-hub.se/4365/612c5cc4af0de1f0fbfa4f70d2e69969/ponz-sarvise2015.pdf,2024.sci-hub.se,,The genetically engineered mouse model (GEMM) was developed to address many of the key weaknesses of the xenograft approach. The GEMM attempts to recapitulate the PDAC phenotype by introducing into the mouse pancreas the specific genetic mutations present in human PDAC. The most common of these are ,,,
q018-4,q018,"SPR2015 in vivo animal models and results: cell-line xenograft CDX, patient-derived xenograft PDX, syngeneic, orthotopic, or genetically engineered models",SPR2015 PDAC genetically engineered mouse model,3,Current methods in mouse models of pancreatic cancer,https://mdanderson.elsevierpure.com/en/publications/current-methods-in-mouse-models-of-pancreatic-cancer-3/,mdanderson.elsevierpure.com,,"In the past several years, there has been an explosion of genetically engineered mouse models (GEMM) and patient-derived xenografts (PDX) that recapitulate both genetic and morphological alterations that lead to the development of PDAC. Both models are increasingly used for characterization and vali",,,
q018-4,q018,"SPR2015 in vivo animal models and results: cell-line xenograft CDX, patient-derived xenograft PDX, syngeneic, orthotopic, or genetically engineered models",SPR2015 PDAC genetically engineered mouse model,4,Mouse Models of Pancreatic Ductal Adenocarcinoma - PubMed,https://pubmed.ncbi.nlm.nih.gov/26226900/,pubmed.ncbi.nlm.nih.gov,2015-08-04,This article explores new and innovative approaches to mouse modeling and how these approaches can be utilized to move the field forward.,,,
q018-4,q018,"SPR2015 in vivo animal models and results: cell-line xenograft CDX, patient-derived xenograft PDX, syngeneic, orthotopic, or genetically engineered models",SPR2015 PDAC genetically engineered mouse model,5,Mouse models of pancreatic cancer - PMC - NIH,https://pmc.ncbi.nlm.nih.gov/articles/PMC3319955/,pmc.ncbi.nlm.nih.gov,2012-03-28,"Genetic alterations such as activating mutations in KRas, or TGFb and/or inactivation of tumoral suppressors such as p53, INK4A/ARF BRCA2 and Smad4 are the most common drivers to pancreatic carcinogenesis and have been used to create transgenic mice. These mouse models have a spectrum of pathologic ",,,
q018-5,q018,"SPR2015 in vivo animal models and results: cell-line xenograft CDX, patient-derived xenograft PDX, syngeneic, orthotopic, or genetically engineered models",SPR2015 HPAC AsPC-1 tumour volume percentage inhibition,1,register,https://academic.oup.com/my-account/register?siteId=5148&returnUrl=https://academic.oup.com/carcin/article/41/10/1409/5697447,academic.oup.com,2025-01-01,"For full access to this pdf, sign in to an existing account, or purchase an annual subscription.",,,
q018-5,q018,"SPR2015 in vivo animal models and results: cell-line xenograft CDX, patient-derived xenograft PDX, syngeneic, orthotopic, or genetically engineered models",SPR2015 HPAC AsPC-1 tumour volume percentage inhibition,2,Cloudflare,https://www.ejcancer.com/article/S0959-8049(24)00032-7/fulltext,ejcancer.com,,You've requested a page on a website (www.ejcancer.com) that is on the Cloudflare network.,,,
q018-5,q018,"SPR2015 in vivo animal models and results: cell-line xenograft CDX, patient-derived xenograft PDX, syngeneic, orthotopic, or genetically engineered models",SPR2015 HPAC AsPC-1 tumour volume percentage inhibition,3,Register,https://academic.oup.com/my-account/register?siteId=5148&returnUrl=https://academic.oup.com/carcin/article/42/3/395/5907669,academic.oup.com,2025-01-01,"For full access to this pdf, sign in to an existing account, or purchase an annual subscription.",,,
q018-5,q018,"SPR2015 in vivo animal models and results: cell-line xenograft CDX, patient-derived xenograft PDX, syngeneic, orthotopic, or genetically engineered models",SPR2015 HPAC AsPC-1 tumour volume percentage inhibition,4,register,https://academic.oup.com/my-account/register?siteId=5148&returnUrl=/carcin/advance-article/doi/10.1093/carcin/bgaf052/8244081?searchresult=1,academic.oup.com,2025-01-01,"For full access to this pdf, sign in to an existing account, or purchase an annual subscription.",,,
q018-5,q018,"SPR2015 in vivo animal models and results: cell-line xenograft CDX, patient-derived xenograft PDX, syngeneic, orthotopic, or genetically engineered models",SPR2015 HPAC AsPC-1 tumour volume percentage inhibition,5,PDC000198 - Proteomic Data Commons - National Cancer Institute,https://proteomic.datacommons.cancer.gov/pdc/study/PDC000198,proteomic.datacommons.cancer.gov,,"This warning banner provides privacy and security notices consistent with applicable federal laws, directives, and other federal guidance for accessing this Government system, which includes (1) this computer network, (2) all computers connected to this network, and (3) all devices and storage media",,,
q019-1,q019,"Innovent Biologics Inc. descriptions of IBI-3001's advantage over existing treatments for Head and Neck Squamous Cell Carcinoma in investor materials, earnings calls, investor day presentations, and press releases",IBI-3001 HNSCC investor presentation treatment advantage,1,Ozmosi | IBI-3001 Drug Profile,https://pryzm.ozmosi.com/product/32752,pryzm.ozmosi.com,2025-06-30,IBI3001 is a potentially first-in-class bispecific ADC against B7-H3 and EGFR that is site-specifically glycan-conjugated using the clinically validated SYNtecanE® platform. IBI3001 has multiple anti-tumor mechanisms of action: (1) enhanced EGFR signaling blockade; (2) EGFR- and B7-H3-aided payload ,,,
q019-1,q019,"Innovent Biologics Inc. descriptions of IBI-3001's advantage over existing treatments for Head and Neck Squamous Cell Carcinoma in investor materials, earnings calls, investor day presentations, and press releases",IBI-3001 HNSCC investor presentation treatment advantage,2,Error 403 - This web app is stopped.,https://investor.innoventbio.com/media/1062/%E6%8B%9B%E8%82%A1%E4%B9%A6%E8%8B%B1%E6%96%87.pdf,investor.innoventbio.com,,"If you are the web app administrator, please find the common 403 error scenarios and resolution here.",,,
q019-1,q019,"Innovent Biologics Inc. descriptions of IBI-3001's advantage over existing treatments for Head and Neck Squamous Cell Carcinoma in investor materials, earnings calls, investor day presentations, and press releases",IBI-3001 HNSCC investor presentation treatment advantage,3,Therapy Detail,https://ckb.genomenon.com/therapy/show/16766,ckb.genomenon.com,2024-01-01,"|Therapy Description|IBI3001 is an antibody-drug conjugate (ADC) comprising a bispecific antibody targeting CD276 (B7-H3) and EGFR linked to Exatecan, which potentially decreases tumor growth (Cancer Res (2024) 84 (7_Supplement): LB055).| ... |NCT06349408|Phase Ib/II|IBI3001|IBI3001 in Participants ",,,
q019-1,q019,"Innovent Biologics Inc. descriptions of IBI-3001's advantage over existing treatments for Head and Neck Squamous Cell Carcinoma in investor materials, earnings calls, investor day presentations, and press releases",IBI-3001 HNSCC investor presentation treatment advantage,4,"IBI-3001 - Drug Targets, Indications, Patents",https://synapse.patsnap.com/drug/5ee8502f51104aa1a802b2eafa6d1a3c,synapse.patsnap.com,,"|Target CD276 x EGFR x Top I| |Action inhibitors, antagonists| |Mechanism CD276 inhibitors(CD276 antigen inhibitors), EGFR antagonists(Epidermal growth factor receptor erbB1 antagonists), TOP1 inhibitors(DNA topoisomerase I inhibitors)| ... |Active Indication Locally Advanced Malignant Solid Neoplas",,,
q019-1,q019,"Innovent Biologics Inc. descriptions of IBI-3001's advantage over existing treatments for Head and Neck Squamous Cell Carcinoma in investor materials, earnings calls, investor day presentations, and press releases",IBI-3001 HNSCC investor presentation treatment advantage,5,P123706_Inhibrx Presentation_May 2026 Public Website,https://inhibrx.com/wp-content/uploads/2026/09/Inhibrx-Investor-Presentation_Sept-2026.pdf,inhibrx.com,,Set to pursue a breakthrough pathway in 1L R/M HPV+ CPS ≥1 HNSCC ... HNSCC,,,
q019-2,q019,"Innovent Biologics Inc. descriptions of IBI-3001's advantage over existing treatments for Head and Neck Squamous Cell Carcinoma in investor materials, earnings calls, investor day presentations, and press releases",IBI3001 recurrent metastatic HNSCC Innovent press release,1,Takeda Announces Oncology Partnership with Innovent,https://www.takeda.com/newsroom/newsreleases/2025/innovent/,takeda.com,2025-10-21,"Takeda will also receive an exclusive option to license global rights outside of Greater China for IBI3001, an early-stage investigational medicine. ... The U.S. Food and Drug Administration (FDA) has granted Fast Track designation to IBI363 for the treatment of patients with unresectable, locally a",,,
q019-2,q019,"Innovent Biologics Inc. descriptions of IBI-3001's advantage over existing treatments for Head and Neck Squamous Cell Carcinoma in investor materials, earnings calls, investor day presentations, and press releases",IBI3001 recurrent metastatic HNSCC Innovent press release,2,Press Release,https://en.innoventbio.com/InvestorsAndMedia/PressReleaseDetail?key=557,en.innoventbio.com,,Press Release Innovent Biologics Announces Global Strategic Partnership with Takeda to Bring Innovent’s Next Gen IO Backbone Therapy and ADC Molecules to the Global Market ... - Innovent will grant Takeda an exclusive option for the rights for IBI3001 (EGFR/B7H3 ADC) outside Greater China. ... SAN F,,,
q019-2,q019,"Innovent Biologics Inc. descriptions of IBI-3001's advantage over existing treatments for Head and Neck Squamous Cell Carcinoma in investor materials, earnings calls, investor day presentations, and press releases",IBI3001 recurrent metastatic HNSCC Innovent press release,3,Innovent to Present New Clinical Data of Next-gen IO and ...,https://www.prnewswire.com/news-releases/innovent-to-present-new-clinical-data-of-next-gen-io-and-adc-pipeline-at-the-2026-esmo-annual-meeting-302887455.html,prnewswire.com,2026-09-23,"## News provided by **Innovent Biologics ... Sep 23, 2026, 04:48 ET SAN FRANCISCO and SUZHOU, China, Sept. 23, 2026 /PRNewswire/ -- Innovent Biologics, Inc. (""Innovent"") (HKEX: 01801), a world-class biopharmaceutical company that develops, manufactures and commercializes high quality medicines for t",,,
q019-2,q019,"Innovent Biologics Inc. descriptions of IBI-3001's advantage over existing treatments for Head and Neck Squamous Cell Carcinoma in investor materials, earnings calls, investor day presentations, and press releases",IBI3001 recurrent metastatic HNSCC Innovent press release,4,"IBI3001 / Innovent Biologics, Takeda, Fortvita ...",https://delta.larvol.com/Products/?ProductId=9b437310-e3ab-4b3f-93e2-3f9bb486584c,delta.larvol.com,,"# IBI3001 / Innovent Biologics, Takeda, Fortvita Biologics - LARVOL DELTA ... ## Safety and efficacy of IBI3001, an anti-EGFR/B7H3 bispecific ADC, in patients (pts) with advanced solid tumors: Results of a multi-regional phase 1 study (ESMO 2026) - No abstract available ... ## IBI3001 (EGFR/B7H3 ADC",,,
q019-2,q019,"Innovent Biologics Inc. descriptions of IBI-3001's advantage over existing treatments for Head and Neck Squamous Cell Carcinoma in investor materials, earnings calls, investor day presentations, and press releases",IBI3001 recurrent metastatic HNSCC Innovent press release,5,Press Release,https://en.innoventbio.com/InvestorsAndMedia/PressReleaseDetail?key=566,en.innoventbio.com,,"Press Release Innovent Biologics Announces Closing of Global Strategic Partnership with Takeda for Next-Generation IO and ADC Therapies Published on: Dec 5^th^, 2025 Back** SAN FRANCISCO and SUZHOU, China, Dec. 5, 2025 -- Innovent Biologics (HKEX: 01801) today announced that the global strategic col",,,
q019-3,q019,"Innovent Biologics Inc. descriptions of IBI-3001's advantage over existing treatments for Head and Neck Squamous Cell Carcinoma in investor materials, earnings calls, investor day presentations, and press releases",IBI3001 HNSCC first-line standard of care comparison,1,Head and Neck Squamous Cell Carcinoma,https://pro.boehringer-ingelheim.com/us/inoncology/tumor-types/hnscc,pro.boehringer-ingelheim.com,2022-04-22,"For localized HNSCC, the standard of care primarily consists of a surgical approach followed by radiation and adjuvant chemotherapy.^1,4 ^This is often the procedure recommended for tumors of the oral cavity and advanced tumors of the larynx and hypopharynx when functional preservation is not feasib",,,
q019-3,q019,"Innovent Biologics Inc. descriptions of IBI-3001's advantage over existing treatments for Head and Neck Squamous Cell Carcinoma in investor materials, earnings calls, investor day presentations, and press releases",IBI3001 HNSCC first-line standard of care comparison,2,The Society for Immunotherapy of Cancer consensus statement on immunotherapy for the treatment of squamous cell carcinoma of the head and neck (HNSCC),https://jitc.bmj.com/content/7/1/184,jitc.bmj.com,2019-12-01,"Then in 2019, the FDA granted approval for PD-1 inhibition as first-line treatment for patients with metastatic or unresectable, recurrent HNSCC, approving pembrolizumab in combination with platinum and fluorouracil for all patients with HNSCC and pembrolizumab as a single agent for patients with HN",,,
q019-3,q019,"Innovent Biologics Inc. descriptions of IBI-3001's advantage over existing treatments for Head and Neck Squamous Cell Carcinoma in investor materials, earnings calls, investor day presentations, and press releases",IBI3001 HNSCC first-line standard of care comparison,3,Register,https://academic.oup.com/my-account/register?siteId=5181&returnUrl=https://academic.oup.com/jjco/advance-article-abstract/doi/10.1093/jjco/hyaf123/8210837?redirectedFrom=fulltext&login=false,academic.oup.com,2025-01-01,"This PDF is available to Subscribers OnlyView Article Abstract & Purchase Options For full access to this pdf, sign in to an existing account, or purchase an annual subscription.",,,
q019-3,q019,"Innovent Biologics Inc. descriptions of IBI-3001's advantage over existing treatments for Head and Neck Squamous Cell Carcinoma in investor materials, earnings calls, investor day presentations, and press releases",IBI3001 HNSCC first-line standard of care comparison,4,register,https://academic.oup.com/my-account/register?siteId=5181&returnUrl=https://academic.oup.com/jjco/advance-article-abstract/doi/10.1093/jjco/hyaf158/8280156?redirectedFrom=fulltext&login=false,academic.oup.com,2025-01-01,"This PDF is available to Subscribers OnlyView Article Abstract & Purchase Options For full access to this pdf, sign in to an existing account, or purchase an annual subscription.",,,
q019-3,q019,"Innovent Biologics Inc. descriptions of IBI-3001's advantage over existing treatments for Head and Neck Squamous Cell Carcinoma in investor materials, earnings calls, investor day presentations, and press releases",IBI3001 HNSCC first-line standard of care comparison,5,Pembrolizumab in the first-line treatment of advanced head and ...,https://pubmed.ncbi.nlm.nih.gov/34689660/,pubmed.ncbi.nlm.nih.gov,,"PD-1/PD-L1 axis blockade was initially shown to improve outcomes in platinum-refractory HNSCC. More recently, pembrolizumab monotherapy or pembrolizumab combined with chemotherapy resulted in better overall survival than platinum, 5-fluorouracil, and cetuximab (EXTREME regimen) as first-line therapy",,,
q020-1,q020,"Inflammatory Bowel Disease competing agents in the same mechanistic class as JTO2, including Monoclonal Antibody and CXCL10 therapies",JTO2 CXCL10 inflammatory bowel disease competitors,1,Advancing therapeutic frontiers: a pipeline of novel drugs ...,https://www.frontiersin.org/journals/gastroenterology/articles/10.3389/fgstr.2026.1747118/full,frontiersin.org,2026-01-30,|CXCR2 antagonist|Elubrixin (SB-656933)|Orally active selective CXCR2 antagonist and IL-8 receptor antagonist|NCT00748410|Phase 2a|Terminated early after enrolling only 3 participants| ... |IP-10 antagonist|Eldelumab (BMS-936557)|Fully human monoclonal IgG1 antibody targeting IP-10/CXCL10|NCT0065689,,,
q020-1,q020,"Inflammatory Bowel Disease competing agents in the same mechanistic class as JTO2, including Monoclonal Antibody and CXCL10 therapies",JTO2 CXCL10 inflammatory bowel disease competitors,2,Landscape of new drugs and targets in inflammatory bowel disease,https://onlinelibrary.wiley.com/doi/10.1002/ueg2.12305,onlinelibrary.wiley.com,2022-12-01,Etrolizumab (PRO145223) is a humanized monoclonal antibody that selectively binds the *ß* ~7~ subunit of the heterodimeric integrins α~4~β~7~ and α~E~β~7~.,,,
q020-1,q020,"Inflammatory Bowel Disease competing agents in the same mechanistic class as JTO2, including Monoclonal Antibody and CXCL10 therapies",JTO2 CXCL10 inflammatory bowel disease competitors,3,Inflammatory bowel diseases: pathological mechanisms and ...,https://pmc.ncbi.nlm.nih.gov/articles/PMC12775382/,pmc.ncbi.nlm.nih.gov,2026-01-07,"- **CXCL8** C-X-C chemokine ligand 8 ... - 8.Ryan U, Masayuki F, David H, Yasmin H, Keith B, Anli C et al.",,,
q020-1,q020,"Inflammatory Bowel Disease competing agents in the same mechanistic class as JTO2, including Monoclonal Antibody and CXCL10 therapies",JTO2 CXCL10 inflammatory bowel disease competitors,4,Are All Janus Kinase Inhibitors for Inflammatory Bowel Disease the ...,https://www.gastroenterologyandhepatology.net/archives/december-2023/are-all-janus-kinase-inhibitors-for-inflammatory-bowel-disease-the-same/,gastroenterologyandhepatology.net,2023-12-01,"Jakinibs currently licensed for moderate-to- severe IBD include the first-generation, nonselective tofacitinib and the second-generation JAK1-selective inhibitors filgotinib (licensed outside of the United States) and upadacitinib; several other jakinibs in the therapeutic pipeline are in various st",,,
q020-1,q020,"Inflammatory Bowel Disease competing agents in the same mechanistic class as JTO2, including Monoclonal Antibody and CXCL10 therapies",JTO2 CXCL10 inflammatory bowel disease competitors,5,Inflammatory Bowel Disease (IBD) | Competitive Intelligence,https://www.datamintelligence.com/strategic-insights/inflammatory-bowel-disease-ibd,datamintelligence.com,2025-05-05,"|**Rosnilimab**|AnaptysBio|Phase II|2028+| ... The inflammatory bowel disease (IBD) market is highly competitive, with numerous pharmaceutical companies investing in innovative therapies to address unmet medical needs. The market includes biologics, small molecules, and emerging therapies, with comp",,,
q020-2,q020,"Inflammatory Bowel Disease competing agents in the same mechanistic class as JTO2, including Monoclonal Antibody and CXCL10 therapies",JTO2 anti-CXCL10 monoclonal antibody IBD pipeline,1,Cloudflare,https://www.thelancet.com/journals/lanrhe/article/PIIS2665-9913(23)00274-6/fulltext,thelancet.com,,Cloudflare is currently unable to resolve your requested domain (www.thelancet.com).,,,
q020-2,q020,"Inflammatory Bowel Disease competing agents in the same mechanistic class as JTO2, including Monoclonal Antibody and CXCL10 therapies",JTO2 anti-CXCL10 monoclonal antibody IBD pipeline,2,Product Pipeline Summary,https://jyanttech.com/index.php?/pipeline,jyanttech.com,,|Product (Target)|Indication|Pre-Clin.|Phase 1|Phase 2|Phase 3| |--|--|--|--|--|--| |JT02 (CXCL10)|IBD|,,,
q020-2,q020,"Inflammatory Bowel Disease competing agents in the same mechanistic class as JTO2, including Monoclonal Antibody and CXCL10 therapies",JTO2 anti-CXCL10 monoclonal antibody IBD pipeline,3,Targeting Immune Cell Trafficking – Insights From Research Models ...,https://pmc.ncbi.nlm.nih.gov/articles/PMC8129496/,pmc.ncbi.nlm.nih.gov,2021-05-04,"Treatment with anti-CXCL10 antibodies attenuated colitis in IL10-deficient mice and in DSS colitis and reduced cell infiltration to the lamina propria (73–76). In clinical studies, treatment with a monoclonal antibody against CXCL10 was efficient for the treatment of rheumatoid arthritis (MDX-1100) ",,,
q020-2,q020,"Inflammatory Bowel Disease competing agents in the same mechanistic class as JTO2, including Monoclonal Antibody and CXCL10 therapies",JTO2 anti-CXCL10 monoclonal antibody IBD pipeline,4,Study Details Page,https://www.abbvieclinicaltrials.com/study/?id=JSPP-12-01,abbvieclinicaltrials.com,2024-01-01,"AbbVie Clinical Trials is designed to support, inform, and help patients in a clinical study or those who are interested in participating.",,,
q020-2,q020,"Inflammatory Bowel Disease competing agents in the same mechanistic class as JTO2, including Monoclonal Antibody and CXCL10 therapies",JTO2 anti-CXCL10 monoclonal antibody IBD pipeline,5,Optimising Monoclonal Antibody Therapies for Inflammatory Bowel ...,https://www.dovepress.com/optimising-monoclonal-antibody-drug-development-for-inflammatory-bowel-peer-reviewed-fulltext-article-CEG,dovepress.com,2025-09-30,"HXN1002 targets both TL1A and α4β7 integrin, which mediates the homing of lymphocytes to gut-associated lymphoid tissue via binding to MAdCAM-1 on endothelial cells.^110^ Preclinical studies presented by SPYRE Therapeutics in 2025 showed enhanced efficacy of dual inhibition in murine colitis models,",,,
q020-3,q020,"Inflammatory Bowel Disease competing agents in the same mechanistic class as JTO2, including Monoclonal Antibody and CXCL10 therapies",JTO2 CXCL10 clinical trial inflammatory bowel disease,1,Delving into the Latest Updates on JT-02(Jyant Technologies) with Synapse,https://synapse.patsnap.com/drug/b291dac8a0e24306a1bb17fa4b94e798,synapse.patsnap.com,2025-03-20,|Drug Type Monoclonal antibody| |--| |Synonyms| |Target CXCL10| |Action antagonists| |Mechanism CXCL10 antagonists(C-X-C motif chemokine ligand 10 antagonists)| |Therapeutic Areas Digestive System Disorders| |Active Indication Inflammatory Bowel Diseases| ... |Drug Highest PhasePhase 2| ... |Indicat,,,
q020-3,q020,"Inflammatory Bowel Disease competing agents in the same mechanistic class as JTO2, including Monoclonal Antibody and CXCL10 therapies",JTO2 CXCL10 clinical trial inflammatory bowel disease,2,Cell Trafficking Interference in Inflammatory Bowel Disease,https://pmc.ncbi.nlm.nih.gov/articles/PMC6327230/,pmc.ncbi.nlm.nih.gov,2018-08-24,"|CXCL10|CXCR3|Th1 response.| ... Eldelumab is a fully human monoclonal antibody against Interferon-γ-inducible protein-10 (IP-10). IP-10 or CXCL10 is a chemokine that mediates trafficking of activated T cells, dendritic cells and monocytes to the inflamed colon. Its efficacy was evaluated in both UC",,,
q020-3,q020,"Inflammatory Bowel Disease competing agents in the same mechanistic class as JTO2, including Monoclonal Antibody and CXCL10 therapies",JTO2 CXCL10 clinical trial inflammatory bowel disease,3,UCSF Inflammatory Bowel Disease Clinical Trials for 2026 ...,https://clinicaltrials.ucsf.edu/inflammatory-bowel-disease,clinicaltrials.ucsf.edu,2026-09-24,"# Inflammatory Bowel Disease clinical trials at UCSF 27 in progress, 11 open to eligible people",,,
q020-3,q020,"Inflammatory Bowel Disease competing agents in the same mechanistic class as JTO2, including Monoclonal Antibody and CXCL10 therapies",JTO2 CXCL10 clinical trial inflammatory bowel disease,4,Clinical Trials | Jill Roberts Center for Inflammatory Bowel ...,https://jillrobertsibdcenter.weillcornell.org/research-and-clinical-trials/clinical-trials,jillrobertsibdcenter.weillcornell.org,,The Jill Roberts Center for Inflammatory Bowel Disease (JRC) has an active clinical trials and translational research program.,,,
q020-3,q020,"Inflammatory Bowel Disease competing agents in the same mechanistic class as JTO2, including Monoclonal Antibody and CXCL10 therapies",JTO2 CXCL10 clinical trial inflammatory bowel disease,5,Clinical Trials - Inflammatory Bowel Disease Center - WashU,https://ibd.wustl.edu/research/clinical-trials/,ibd.wustl.edu,2025-02-04,"For other information, as well as a registry of current trials you may also visit clinicaltrials.gov. ... If you are not sure if you qualify for a particular study and would like to learn more, contact the clinical research staff in the IBD Center: IBD Clinical Trials Coordinator Campus Box 8124 ibd",,,
q021-1,q021,"Crohn's Disease Ulcerative Colitis competing agents with the same mechanistic class as S1PR S1PR1 Sphingosine-1-phosphate receptor, including Small Molecule",Mocravimod IBD S1PR competitors licensing status,1,"S1PR Modulators Market Outlook, Forecast, Insights 2034",https://www.delveinsight.com/report-store/sphingosine1-phosphate-receptor-s1pr-modulators-market-forecast,delveinsight.com,2025-09-12,"- As of 2025, five S1P receptor modulators, GILENYA , MAYZENT, ZEPOSIA, PONVORY, and VELSIPITY, are FDA-approved for immune-mediated diseases like multiple sclerosis and ulcerative colitis, delivering targeted oral immunomodulation. ... - The FDA has approved Pfizer’s 2 mg once-daily VELSIPITY, an o",,,
q021-1,q021,"Crohn's Disease Ulcerative Colitis competing agents with the same mechanistic class as S1PR S1PR1 Sphingosine-1-phosphate receptor, including Small Molecule",Mocravimod IBD S1PR competitors licensing status,2,Ulcerative Colitis (UC) — Global Competitive Landscape Report 2026,https://eureka.patsnap.com/blog/life-science/ulcerative-colitis-competitive-landscape-analysis/,eureka.patsnap.com,2026-05-11,|**Etrasimod** (Velsipity)|S1PR1/4/5 agonist|Arena/Pfizer|Oct 2023|Small molecule| |**Ozanimod** (Zeposia)|S1PR1/5 modulator|Celgene/BMS|Mar 2020|Small molecule| ... |**Ivarmacitinib**|Small molecule|Mar 2025|China-originated JAK inhibitor| ... |**Mocravimod HCl**|S1P modulator|Gossamer Bio|Phase 3|,,,
q021-1,q021,"Crohn's Disease Ulcerative Colitis competing agents with the same mechanistic class as S1PR S1PR1 Sphingosine-1-phosphate receptor, including Small Molecule",Mocravimod IBD S1PR competitors licensing status,3,Table 1.,https://pmc.ncbi.nlm.nih.gov/articles/PMC12952356/table/T1/,pmc.ncbi.nlm.nih.gov,,|JAK Inhibitor|Brepocitinib (PF-06700841)|Oral dual TYK2/JAK1 inhibitor|NCT02958865 (VIBRATO)|Phase 2b|Completed May 2021; advanced to alopecia areata trials| ... |S1P1 modulator|Icanbelimod (CBP-307)|Selective small-molecule S1P1 receptor modulator|NCT04700449|Phase 2|Completed Nov 2022; primary en,,,
q021-1,q021,"Crohn's Disease Ulcerative Colitis competing agents with the same mechanistic class as S1PR S1PR1 Sphingosine-1-phosphate receptor, including Small Molecule",Mocravimod IBD S1PR competitors licensing status,4,Adjunctive and… · Phase III (2024-512752-38-00) - CTIS.eu,https://ctis.eu/trial/2024-512752-38-00,ctis.eu,2025-09-09,### Test 1 Mocravimod (KRP203) PRD9710650 · Product - **Active substance** Mocravimod - **Pharmaceutical form** CAPSULES - **Route of administration** ORAL USE - **Max daily dose** 3.00 mg milligram(s) - **Max total dose** 1095.00 mg milligram(s) - **Max treatment duration** 12 Month(s) - **Authoris,,,
q021-1,q021,"Crohn's Disease Ulcerative Colitis competing agents with the same mechanistic class as S1PR S1PR1 Sphingosine-1-phosphate receptor, including Small Molecule",Mocravimod IBD S1PR competitors licensing status,5,New IBD Treatments in 2026: What Patients Should Know,https://crohnzone.com/post/new-ibd-treatments-2026,crohnzone.com,2026-06-27,"**Between 2022 and 2025, the FDA approved several newer IBD treatments for Crohn's disease and ulcerative colitis, including IL-23 inhibitors, an oral JAK inhibitor, an oral S1P modulator, and the first subcutaneous form of infliximab, though these are newer mechanisms and delivery methods rather th",,,
q021-2,q021,"Crohn's Disease Ulcerative Colitis competing agents with the same mechanistic class as S1PR S1PR1 Sphingosine-1-phosphate receptor, including Small Molecule",Mocravimod Crohn's disease ulcerative colitis S1PR1 agents,1,Targeting the Sphingosine-1-Phosphate Pathway - PMC - NIH,https://pmc.ncbi.nlm.nih.gov/articles/PMC12057646/,pmc.ncbi.nlm.nih.gov,2024-09-26,"In this review, we revisit the role of the S1P/S1PR axis in the pathogenesis of IBD and discuss efficacy and safety data from clinical trials and real-world reports on the two S1PR modulators, ozanimod and etrasimod, that are currently approved for IBD treatment, and comment on their potential posit",,,
q021-2,q021,"Crohn's Disease Ulcerative Colitis competing agents with the same mechanistic class as S1PR S1PR1 Sphingosine-1-phosphate receptor, including Small Molecule",Mocravimod Crohn's disease ulcerative colitis S1PR1 agents,2,Mocravimod - Inxight Drugs,https://drugs.ncats.io/drug/X71GCJ0HLI,drugs.ncats.io,,"KYORIN Pharmaceutical has developed a new sphingosine 1-phosphate (S1P) receptor type 1 agonist, 2-amino-2-propanediol hydrochloride (KRP-203), for immunomodulation in autoimmune diseases and organ transplantation. This drug was in phase II clinical trial for the treatment Ulcerative Colitis, but th",,,
q021-2,q021,"Crohn's Disease Ulcerative Colitis competing agents with the same mechanistic class as S1PR S1PR1 Sphingosine-1-phosphate receptor, including Small Molecule",Mocravimod Crohn's disease ulcerative colitis S1PR1 agents,3,Efficacy and safety of sphingosine-1-phosphate receptor ...,https://pmc.ncbi.nlm.nih.gov/articles/PMC12421927/,pmc.ncbi.nlm.nih.gov,,"S1P receptor modulators significantly improved clinical remission (OR = 1.49, 95% CI: 1.21–1.84, p < 0.001), histologic remission (OR = 1.74, 95% CI: 1.31–2.31, ... This meta-analysis supports S1P receptor modulators, particularly ozanimod and etrasimod, as effective and safe treatments for UC. ... ",,,
q021-2,q021,"Crohn's Disease Ulcerative Colitis competing agents with the same mechanistic class as S1PR S1PR1 Sphingosine-1-phosphate receptor, including Small Molecule",Mocravimod Crohn's disease ulcerative colitis S1PR1 agents,4,Safety and efficacy of S1P receptor modulators for the ... - PMC,https://pmc.ncbi.nlm.nih.gov/articles/PMC11383267/,pmc.ncbi.nlm.nih.gov,2024-09-06,"A total of 7 RCTs involving 2471 patients were included. ... Outcomes assessed in maintenance phase significantly favored the intervention group over placebo as well, histologic remission (RR = 2.39; 95% CI [1.83, 3.11]; *P* < .00001), endoscopic improvement (RR = 2.20; 95% CI [1.28, 3.77]; ... S1Pr",,,
q021-2,q021,"Crohn's Disease Ulcerative Colitis competing agents with the same mechanistic class as S1PR S1PR1 Sphingosine-1-phosphate receptor, including Small Molecule",Mocravimod Crohn's disease ulcerative colitis S1PR1 agents,5,Mocravimod Hydrochloride - Inxight Drugs,https://drugs.ncats.io/drug/3YH0N35CE3,drugs.ncats.io,,"KYORIN Pharmaceutical has developed a new sphingosine 1-phosphate (S1P) receptor type 1 agonist, 2-amino-2-propanediol hydrochloride (KRP-203), for immunomodulation in autoimmune diseases and organ transplantation. This drug was in phase II clinical trial for the treatment Ulcerative Colitis, but th",,,
q021-3,q021,"Crohn's Disease Ulcerative Colitis competing agents with the same mechanistic class as S1PR S1PR1 Sphingosine-1-phosphate receptor, including Small Molecule",Mocravimod etrasimod ozanimod head-to-head IBD,1,Efficacy and Safety of Advanced Oral Small Molecules for Inflammatory Bowel Disease: Systematic Review and Meta-Analysis,https://academic.oup.com/ecco-jcc/article/17/11/1800/7198253,academic.oup.com,2023-11-24,"Ozanimod was superior to placebo for inducing histological remission in UC [RR 2.20, 95% CI 1.43–3.37; *I* ^2^ = 0%], while etrasimod was not [RR 2.36, 95% CI 0.71–7.88; *I* ^2^ = 0%]. In CD, JAKi therapy was superior to placebo for induction of clinical remission [RR 1.53, 95% CI 1.19–1.98; *I* ^2^",,,
q021-3,q021,"Crohn's Disease Ulcerative Colitis competing agents with the same mechanistic class as S1PR S1PR1 Sphingosine-1-phosphate receptor, including Small Molecule",Mocravimod etrasimod ozanimod head-to-head IBD,2,Safety and efficacy of S1P receptor modulators for the ... - PMC,https://pmc.ncbi.nlm.nih.gov/articles/PMC11383267/,pmc.ncbi.nlm.nih.gov,2024-09-06,"in the induction phase, the intervention group proved to have a significantly higher incidence of histological remission (RR = 2.67; 95% CI [1.97, 3.60]; *P* < .00001), endoscopic improvement (RR = 2.06; ... There was more incidence of clinical remission in the S1PrM group as compared to the placebo",,,
q021-3,q021,"Crohn's Disease Ulcerative Colitis competing agents with the same mechanistic class as S1PR S1PR1 Sphingosine-1-phosphate receptor, including Small Molecule",Mocravimod etrasimod ozanimod head-to-head IBD,3,Efficacy and safety of sphingosine-1-phosphate receptor ...,https://pmc.ncbi.nlm.nih.gov/articles/PMC12421927/,pmc.ncbi.nlm.nih.gov,,"Seven RCTs with a total of 2,597 patients were included. S1P receptor modulators significantly improved clinical remission (OR = 1.49, 95% CI: 1.21–1.84, p < 0.001), histologic remission (OR = 1.74, 95% CI: 1.31–2.31, p < 0.001), endoscopic improvement (OR = 1.58, 95% CI: 1.23–2.04, p < 0.001), and ",,,
q021-3,q021,"Crohn's Disease Ulcerative Colitis competing agents with the same mechanistic class as S1PR S1PR1 Sphingosine-1-phosphate receptor, including Small Molecule",Mocravimod etrasimod ozanimod head-to-head IBD,4,Matching-adjusted indirect comparisons of efficacy outcomes ...,https://pmc.ncbi.nlm.nih.gov/articles/PMC11963346/,pmc.ncbi.nlm.nih.gov,2025-02-24,"Etrasimod and ozanimod are selective sphingosine 1-phosphate receptor modulators targeting the S1P~1,4,5~, and S1P~1,5~ receptors, respectively, for the treatment of patients with moderately to severely active ulcerative colitis (UC). No head-to-head trial data exist between the two treatments. We c",,,
q021-3,q021,"Crohn's Disease Ulcerative Colitis competing agents with the same mechanistic class as S1PR S1PR1 Sphingosine-1-phosphate receptor, including Small Molecule",Mocravimod etrasimod ozanimod head-to-head IBD,5,An Overview of the Efficacy and Safety of Ozanimod for ... - PMC - NIH,https://pmc.ncbi.nlm.nih.gov/articles/PMC8123972/,pmc.ncbi.nlm.nih.gov,2021-05-11,"Furthermore, ozanimod is currently under evaluation for inflammatory bowel diseases, such as ulcerative colitis and Crohn’s disease, in international phase III studies. ... The TOUCHSTONE trial54 showed modest benefits in moderately treating severely active ulcerative colitis, with clinical remissio",,,
q021-4,q021,"Crohn's Disease Ulcerative Colitis competing agents with the same mechanistic class as S1PR S1PR1 Sphingosine-1-phosphate receptor, including Small Molecule",Mocravimod IBD partnering in-licensing,1,CP Scorecard | Largest Pharma & Biotech Deals Since 2017,https://www.currentpartnering.com/insight/,currentpartnering.com,2026-06-12,"|Merck and Co, Quotient Therapeutics|Mar 2026|2220|Research agreement to discover novel drug targets in inflammatory bowel disease using somatic genomics platform technology|**Quotient Therapeutics and Merck entered into a multi-year research collaboration to discover novel drug targets for inflamma",,,
q021-4,q021,"Crohn's Disease Ulcerative Colitis competing agents with the same mechanistic class as S1PR S1PR1 Sphingosine-1-phosphate receptor, including Small Molecule",Mocravimod IBD partnering in-licensing,2,"Priothera Appoints Experienced Biotech Executive, Dr ...",https://www.biospace.com/press-releases/priothera-appoints-experienced-biotech-executive-dr-nigel-clark-as-chief-business-officer-to-lead-strategic-partnering-for-mocravimod,biospace.com,2026-09-03,"In his new role, he will work closely with Priothera’s leadership team to maximise the commercial potential of mocravimod and lead efforts to secure strategic partnership opportunities with global pharmaceutical and biotechnology companies.",,,
q021-4,q021,"Crohn's Disease Ulcerative Colitis competing agents with the same mechanistic class as S1PR S1PR1 Sphingosine-1-phosphate receptor, including Small Molecule",Mocravimod IBD partnering in-licensing,3,Biotech BD&L Tracker 2026: 150 Licensing & Partnering ...,https://www.biobucks.co/biotech-bdl-tracker-2026,biobucks.co,2026-05-28,Rusfertide is partnered between Takeda and Protagonist for global development and commercialisation; the FDA PDUFA date falls in Q3 2026 ... Autoimmune disease (IgG-mediated) Stage,,,
q021-4,q021,"Crohn's Disease Ulcerative Colitis competing agents with the same mechanistic class as S1PR S1PR1 Sphingosine-1-phosphate receptor, including Small Molecule",Mocravimod IBD partnering in-licensing,4,"Current Partnering: Life science deals, alliances and M&A",https://www.currentpartnering.com/,currentpartnering.com,2026-09-04,## Infectious Disease Collaboration and Licensing Deals 2020-2026,,,
q021-4,q021,"Crohn's Disease Ulcerative Colitis competing agents with the same mechanistic class as S1PR S1PR1 Sphingosine-1-phosphate receptor, including Small Molecule",Mocravimod IBD partnering in-licensing,5,Press Release,https://priothera.com/category/press-release/,priothera.com,2025-10-14,"L’an dernier, Priothera a conclu un accord de pré-industrialisation de sa solution avec EuroAPI (près de 3 300 collaborateurs, 912 M€ de CA en 2024), spin-off parisienne de Sanofi. Si les fonds arrivent et les étapes de validation s’enchaînent de manière positive, le mocravi-mod pourrait être commer",,,
q021-5,q021,"Crohn's Disease Ulcerative Colitis competing agents with the same mechanistic class as S1PR S1PR1 Sphingosine-1-phosphate receptor, including Small Molecule",Mocravimod ClinicalTrials.gov Crohn's ulcerative colitis,1,Mocravimod - Inxight Drugs,https://drugs.ncats.io/drug/X71GCJ0HLI,drugs.ncats.io,,"KYORIN Pharmaceutical has developed a new sphingosine 1-phosphate (S1P) receptor type 1 agonist, 2-amino-2-propanediol hydrochloride (KRP-203), for immunomodulation in autoimmune diseases and organ transplantation. This drug was in phase II clinical trial for the treatment Ulcerative Colitis, but th",,,
q021-5,q021,"Crohn's Disease Ulcerative Colitis competing agents with the same mechanistic class as S1PR S1PR1 Sphingosine-1-phosphate receptor, including Small Molecule",Mocravimod ClinicalTrials.gov Crohn's ulcerative colitis,2,Mocravimod Hydrochloride - Inxight Drugs,https://drugs.ncats.io/drug/3YH0N35CE3,drugs.ncats.io,,"KYORIN Pharmaceutical has developed a new sphingosine 1-phosphate (S1P) receptor type 1 agonist, 2-amino-2-propanediol hydrochloride (KRP-203), for immunomodulation in autoimmune diseases and organ transplantation. This drug was in phase II clinical trial for the treatment Ulcerative Colitis, but th",,,
q021-5,q021,"Crohn's Disease Ulcerative Colitis competing agents with the same mechanistic class as S1PR S1PR1 Sphingosine-1-phosphate receptor, including Small Molecule",Mocravimod ClinicalTrials.gov Crohn's ulcerative colitis,3,Adjunctive and… · Phase III (2024-512752-38-00) - CTIS.eu,https://ctis.eu/trial/2024-512752-38-00,ctis.eu,2025-09-09,- **ClinicalTrials.gov** NCT05429632 ... |Synopsis of the protocol (for publication)|D1_Protocol Synopsis_2024-512752-38-00_Italian_redacted|7.0|,,,
q021-5,q021,"Crohn's Disease Ulcerative Colitis competing agents with the same mechanistic class as S1PR S1PR1 Sphingosine-1-phosphate receptor, including Small Molecule",Mocravimod ClinicalTrials.gov Crohn's ulcerative colitis,4,Official Title of Study,https://cdn.clinicaltrials.gov/large-docs/90/NCT04877990/Prot_SAP_000.pdf,cdn.clinicaltrials.gov,,"An Open-label, Multi-center Extension Study to Evaluate the Long-term Safety and Efficacy of Deucravacitinib in Participants with Moderate to Severe Crohn’s Disease or ... NCT Number: NCT04877990  ... IM011077 is an open-label, long-term extension study designed to evaluate the long-term safety and ",,,
q021-5,q021,"Crohn's Disease Ulcerative Colitis competing agents with the same mechanistic class as S1PR S1PR1 Sphingosine-1-phosphate receptor, including Small Molecule",Mocravimod ClinicalTrials.gov Crohn's ulcerative colitis,5,Mocravimod,https://pubchem.ncbi.nlm.nih.gov/compound/mocravimod,pubchem.ncbi.nlm.nih.gov,2025-06-14,Treatment in haematopoietic stem cell transplantation Active Substance ... Status of Orphan Designation,,,
q022-1,q022,"competing agents in the same mechanistic class for this indication Novel UC Treatment, Cosmo Health, Distal Ulcerative Colitis",Novel UC Treatment mechanism of action ulcerative colitis,1,Advancing therapeutic frontiers: a pipeline of novel drugs ...,https://www.frontiersin.org/journals/gastroenterology/articles/10.3389/fgstr.2026.1747118/full,frontiersin.org,2026-01-30,"Emerging mechanisms include next-generation Janus kinase and tyrosine kinase 2 inhibitors with enhanced selectivity, novel cell trafficking modulators, advanced tumor necrosis factor-alpha inhibition strategies, and selective interleukin-23 pathway antagonists. ... The introduction of biologic thera",,,
q022-1,q022,"competing agents in the same mechanistic class for this indication Novel UC Treatment, Cosmo Health, Distal Ulcerative Colitis",Novel UC Treatment mechanism of action ulcerative colitis,2,Practical guidance for managing patients with moderate-to-severe ...,https://academic.oup.com/jcag/article/7/4/282/7674170,academic.oup.com,2024-08-12,The emergence of small molecule therapies offers novel treatment options that target mechanisms central to the immunopathology of UC. Sphingosine-1-phosphate (S1P) receptor modulators and Janus-activated kinase inhibitors are 2 classes of therapies that target unique pathways to attenuate inflammati,,,
q022-1,q022,"competing agents in the same mechanistic class for this indication Novel UC Treatment, Cosmo Health, Distal Ulcerative Colitis",Novel UC Treatment mechanism of action ulcerative colitis,3,Advancing therapeutic frontiers: a pipeline of novel drugs for ...,https://pmc.ncbi.nlm.nih.gov/articles/PMC12952356/,pmc.ncbi.nlm.nih.gov,2026-01-30,"Emerging mechanisms include next-generation Janus kinase and tyrosine kinase 2 inhibitors with enhanced selectivity, novel cell trafficking modulators, advanced tumor necrosis factor-alpha inhibition strategies, and selective interleukin-23 pathway antagonists. ... The introduction of biologic thera",,,
q022-1,q022,"competing agents in the same mechanistic class for this indication Novel UC Treatment, Cosmo Health, Distal Ulcerative Colitis",Novel UC Treatment mechanism of action ulcerative colitis,4,Emerging Therapies for Ulcerative Colitis: Updates from Recent ...,https://pmc.ncbi.nlm.nih.gov/articles/PMC10441644/,pmc.ncbi.nlm.nih.gov,2023-08-17,There are currently multiple emerging agents in the pipeline for the management of UC. This includes agents with alternative routes of administration such as oral or subcutaneous tumor necrosis factor inhibitors or novel mechanisms of action such as toll-like receptor 9 (TLR9) agonist cobitolimod an,,,
q022-1,q022,"competing agents in the same mechanistic class for this indication Novel UC Treatment, Cosmo Health, Distal Ulcerative Colitis",Novel UC Treatment mechanism of action ulcerative colitis,5,"Ulcerative Colitis: Today, Tomorrow, and the Future",https://www.emjreviews.com/gastroenterology/symposium/ulcerative-colitis-today-tomorrow-and-the-future/,emjreviews.com,2020-12-01,"Emerging therapies for UC currently undergoing Phase III development fall under four main mechanisms of action: leukocyte retention in lymphoid organs by S1P receptor modulators (etrasimod and ozanimod), IL-23 inhibitors (mirikizumab, guselkumab, brazikumab, and risankizumab), JAK/TYK2 inhibitors (f",,,
q022-2,q022,"competing agents in the same mechanistic class for this indication Novel UC Treatment, Cosmo Health, Distal Ulcerative Colitis",Novel UC Treatment target mechanistic class UC,1,Pathological mechanism and targeted drugs of ulcerative colitis - PMC,https://pmc.ncbi.nlm.nih.gov/articles/PMC10508406/,pmc.ncbi.nlm.nih.gov,2023-09-15,"Our aim is to provide more ideas for the clinical treatment and new drug development of UC, mainly by analyzing and sorting out the relevant literature on PubMed, summarizing and finding that it is related to the main genetic, environmental, immune and other factors, and explaining its pathogenesis ",,,
q022-2,q022,"competing agents in the same mechanistic class for this indication Novel UC Treatment, Cosmo Health, Distal Ulcerative Colitis",Novel UC Treatment target mechanistic class UC,2,[PDF] New targets in inflammatory bowel disease therapy: 2021 - BINASSS,https://www.binasss.sa.cr/junio/33.pdf,binasss.sa.cr,,"The anti a4b7 integrin antibody vedolizumab is currently approved and widely used in the treatment of both UC and CD [6,7]. ... Another molecule targeting the a4b7 integrin is the monoclonal IgG2 antibody abrilumab (AMG- ... Antiintegrins AJM300 Oral, novel, small molecule a4 integrin inhibitor ... ",,,
q022-2,q022,"competing agents in the same mechanistic class for this indication Novel UC Treatment, Cosmo Health, Distal Ulcerative Colitis",Novel UC Treatment target mechanistic class UC,3,"pmc.ncbi.nlm.nih.gov › articles › PMC12420776Ulcerative Colitis: Advances in Pathogenesis, Biomarkers, and ...",https://pmc.ncbi.nlm.nih.gov/articles/PMC12420776/,pmc.ncbi.nlm.nih.gov,2025-09-05,"Conventional medicinal strategies are reviewed alongside the emergence of biological therapies, notably those that target tumor necrosis factor (TNF), interleukins, and  integrins, which have significantly altered management approaches. ... We discuss novel therapies that utilize small molecule targ",,,
q022-2,q022,"competing agents in the same mechanistic class for this indication Novel UC Treatment, Cosmo Health, Distal Ulcerative Colitis",Novel UC Treatment target mechanistic class UC,4,Advancing therapeutic frontiers: a pipeline of novel drugs ...,https://www.frontiersin.org/journals/gastroenterology/articles/10.3389/fgstr.2026.1747118/full,frontiersin.org,2026-01-30,"Emerging mechanisms include next-generation Janus kinase and tyrosine kinase 2 inhibitors with enhanced selectivity, novel cell trafficking modulators, advanced tumor necrosis factor-alpha inhibition strategies, and selective interleukin-23 pathway antagonists. ... More recently, oral small molecule",,,
q022-2,q022,"competing agents in the same mechanistic class for this indication Novel UC Treatment, Cosmo Health, Distal Ulcerative Colitis",Novel UC Treatment target mechanistic class UC,5,Advancing therapeutic frontiers: a pipeline of novel drugs for ...,https://pmc.ncbi.nlm.nih.gov/articles/PMC12952356/,pmc.ncbi.nlm.nih.gov,2026-01-30,"Emerging mechanisms include next-generation Janus kinase and tyrosine kinase 2 inhibitors with enhanced selectivity, novel cell trafficking modulators, advanced tumor necrosis factor-alpha inhibition strategies, and selective interleukin-23 pathway antagonists. ... More recently, oral small molecule",,,
q022-3,q022,"competing agents in the same mechanistic class for this indication Novel UC Treatment, Cosmo Health, Distal Ulcerative Colitis",Novel UC Treatment Phase 2 competitor landscape ulcerative colitis,1,Advancing therapeutic frontiers: a pipeline of novel drugs ...,https://www.frontiersin.org/journals/gastroenterology/articles/10.3389/fgstr.2026.1747118/full,frontiersin.org,2026-01-30,"The therapeutic pipeline for moderate to severe ulcerative colitis currently encompasses over 100 investigational agents in Phase II and III clinical development. Emerging mechanisms include next-generation Janus kinase and tyrosine kinase 2 inhibitors with enhanced selectivity, novel cell trafficki",,,
q022-3,q022,"competing agents in the same mechanistic class for this indication Novel UC Treatment, Cosmo Health, Distal Ulcerative Colitis",Novel UC Treatment Phase 2 competitor landscape ulcerative colitis,2,Advancing therapeutic frontiers: a pipeline of novel drugs for ...,https://pmc.ncbi.nlm.nih.gov/articles/PMC12952356/,pmc.ncbi.nlm.nih.gov,2026-01-30,"The therapeutic pipeline for moderate to severe ulcerative colitis currently encompasses over 100 investigational agents in Phase II and III clinical development. Emerging mechanisms include next-generation Janus kinase and tyrosine kinase 2 inhibitors with enhanced selectivity, novel cell trafficki",,,
q022-3,q022,"competing agents in the same mechanistic class for this indication Novel UC Treatment, Cosmo Health, Distal Ulcerative Colitis",Novel UC Treatment Phase 2 competitor landscape ulcerative colitis,3,Inflammatory Bowel Competitive Landscape Analysis 2026 | Eureka,https://eureka.patsnap.com/blog/life-science/inflammatory-bowel-diseases-global-competitive-landscape-report-2026/,eureka.patsnap.com,2026-05-14,"Moreover, inflammatory Bowel Diseases (IBD) — covering ulcerative colitis (UC) and Crohn’s disease (CD) — anchor 1,837 active drug programs, 7,198 patent filings since January 2023, and 1,244 ongoing Phase 2 and Phase 3 trials. ... Specifically, the late-stage IBD landscape is bifurcated between inj",,,
q022-3,q022,"competing agents in the same mechanistic class for this indication Novel UC Treatment, Cosmo Health, Distal Ulcerative Colitis",Novel UC Treatment Phase 2 competitor landscape ulcerative colitis,4,"Ulcerative Colitis Treatment Market Size, Drugs, Companies",https://www.delveinsight.com/report-store/ulcerative-colitis-uc-market,delveinsight.com,2026-07-26,"- In **July** **2025**, Abivax announced positive **Phase III results from both ABTECT 8-week induction** trials investigating Obefazimod, its first-in-class oral miR-124 enhancer, in moderate to severely active ulcerative colitis .",,,
q022-3,q022,"competing agents in the same mechanistic class for this indication Novel UC Treatment, Cosmo Health, Distal Ulcerative Colitis",Novel UC Treatment Phase 2 competitor landscape ulcerative colitis,5,Ulcerative Colitis Drug Market Outlook: Advanced ...,https://www.researchandmarkets.com/reports/6235094/ulcerative-colitis-drug-market-outlook-advanced,researchandmarkets.com,,"Today, the industry is dominated by a transition toward ""top-down"" therapeutic strategies utilizing highly advanced biologics and targeted synthetic small molecules. ... The segment is dominated by Janus Kinase (JAK) inhibitors and Sphingosine 1-Phosphate (S1P) receptor modulators. ... The competiti",,,
q023-1,q023,"Inflammatory Bowel Diseases Mild-to-moderate ulcerative colitis Ulcerative Colitis competing agents with the same mechanistic class as Gut Microbiome Dysbiosis, including Live Biotherapeutic Product",VE202 Phase 2 current status licensing,1,"VE-202 - Drug Targets, Indications, Patents",https://synapse.patsnap.com/drug/1fb685bb89f84c16af0a3d32e6f4c385,synapse.patsnap.com,,"|Originator Organization Janssen Research & Development LLC| ... |Active Organization-| |Inactive Organization Vedanta Biosciences, Inc.Janssen Research & Development LLC| |License Organization Janssen Biotech, Inc.Vedanta Biosciences, Inc.| |Drug Highest PhaseDiscontinuedPhase 2| ... |RegulationFas",,,
q023-1,q023,"Inflammatory Bowel Diseases Mild-to-moderate ulcerative colitis Ulcerative Colitis competing agents with the same mechanistic class as Gut Microbiome Dysbiosis, including Live Biotherapeutic Product",VE202 Phase 2 current status licensing,2,VE202 ( DrugBank: - ),https://ddrare.nibn.go.jp/ddrare_Mar2023/cgi-bin/drug_who_e.cgi?query=VE202&disease_id=97,ddrare.nibn.go.jp,2022-03-30,"|1|NCT05370885 (ClinicalTrials.gov)|May 2023|30/3/2022|VE202 in Patients With Mild-to-Moderate Ulcerative Colitis|Randomized, Double-Blind, Placebo-Controlled, Phase 2 Study of VE202 in Patients With Mild-to-Moderate Ulcerative Colitis|Ulcerative Colitis;Colitis, Ulcerative|Biological: VE202;Drug: V",,,
q023-1,q023,"Inflammatory Bowel Diseases Mild-to-moderate ulcerative colitis Ulcerative Colitis competing agents with the same mechanistic class as Gut Microbiome Dysbiosis, including Live Biotherapeutic Product",VE202 Phase 2 current status licensing,3,Vedanta's UC Drug Miss Shifts Focus to Fast-Tracked C. Difficile Treatment in Phase 3,https://www.stocktitan.net/news/PRTC/pure-tech-founded-entity-vedanta-biosciences-announces-phase-2-study-hgkgis1qkjql.html,stocktitan.net,2025-08-13,"# PureTech Founded Entity Vedanta Biosciences Announces Phase 2 Study of VE202 in Ulcerative Colitis Did Not Meet Primary Endpoint ... BOSTON--(BUSINESS WIRE)-- PureTech Health plc (Nasdaq: PRTC, LSE: PRTC) (""PureTech""), noted that its Founded Entity, Vedanta Biosciences, (“Vedanta”) a late clinical",,,
q023-1,q023,"Inflammatory Bowel Diseases Mild-to-moderate ulcerative colitis Ulcerative Colitis competing agents with the same mechanistic class as Gut Microbiome Dysbiosis, including Live Biotherapeutic Product",VE202 Phase 2 current status licensing,4,Vedanta Biosciences Announces Phase 2 Study of VE202 in ...,https://www.vedantabio.com/press-release/vedanta-biosciences-announces-phase-2-study-of-ve202-in-ulcerative-colitis-did-not-meet-primary-endpoint/,vedantabio.com,2026-04-02,"Vedanta Biosciences Announces Phase 2 Study of VE202 in Ulcerative Colitis Did Not Meet Primary Endpoint - Vedanta Biosciences, Inc ... *VE202 was well tolerated, with no reports of treatment-related serious adverse events* ... **CAMBRIDGE, Mass., August 13, 2025** – Vedanta Biosciences, a late clin",,,
q023-1,q023,"Inflammatory Bowel Diseases Mild-to-moderate ulcerative colitis Ulcerative Colitis competing agents with the same mechanistic class as Gut Microbiome Dysbiosis, including Live Biotherapeutic Product",VE202 Phase 2 current status licensing,5,"Vedanta Ends UC Program After Phase II Failure, Refocuses Pipeline",https://igmpi.ac.in/news/clinical-research/vedanta-ends-uc-program-after-phase-ii-failure-refocuses-pipeline,igmpi.ac.in,2025-08-14,"Vedanta Biosciences has announced the discontinuation of its ulcerative colitis (UC) program following the failure of its oral microbiome therapy, VE202, in a Phase II trial. The therapy did not meet its primary endpoint of improving endoscopic response in patients with mild-to-moderate UC, leading ",,,
q023-2,q023,"Inflammatory Bowel Diseases Mild-to-moderate ulcerative colitis Ulcerative Colitis competing agents with the same mechanistic class as Gut Microbiome Dysbiosis, including Live Biotherapeutic Product",MB310 Phase 2 Microbiotica licensing,1,Partnering,https://microbiotica.com/partnering/,microbiotica.com,2026-05-05,"Microbiotica is collaborating with the Crohn’s & Colitis Foundation for the development of MB310, its Live Biotherapeutic Product, for the treatment of ulcerative colitis (UC). The collaboration has supported the cGMP manufacture of MB310, enabling an Investigational New Drug (IND) application and s",,,
q023-2,q023,"Inflammatory Bowel Diseases Mild-to-moderate ulcerative colitis Ulcerative Colitis competing agents with the same mechanistic class as Gut Microbiome Dysbiosis, including Live Biotherapeutic Product",MB310 Phase 2 Microbiotica licensing,2,"Microbiotica Ltd. - Drug pipelines, Patents, Clinical trials",https://synapse.patsnap.com/organization/b2fefc218c72407e0b4d39be2245c2b4,synapse.patsnap.com,,"MB310 ... CTIS2023-507376-50-00 / RecruitingPhase 1 - MB310-01 NCT06582264 / Active, not recruitingPhase 1 A Phase 1b, Randomized, Placebo-Controlled, Double-Blind Study to Evaluate Safety, Engraftment, and Initial Signs of Clinical Activity of MB310 in Patients With Active, Mild-to-Moderate Ulcerat",,,
q023-2,q023,"Inflammatory Bowel Diseases Mild-to-moderate ulcerative colitis Ulcerative Colitis competing agents with the same mechanistic class as Gut Microbiome Dysbiosis, including Live Biotherapeutic Product",MB310 Phase 2 Microbiotica licensing,3,Microbiotica – Precision Microbiome Medicines,https://microbiotica.com/,microbiotica.com,2026-05-18,## News ... - Microbiotica Announces Impressive Results in its Phase 1b Trial of MB310 in Ulcerative Colitis 11 February 2026,,,
q023-2,q023,"Inflammatory Bowel Diseases Mild-to-moderate ulcerative colitis Ulcerative Colitis competing agents with the same mechanistic class as Gut Microbiome Dysbiosis, including Live Biotherapeutic Product",MB310 Phase 2 Microbiotica licensing,4,Press Release,https://www.flerie.com/en/wp-content/uploads/sites/2/2021/10/press-release-fleries-portfolio-company-microbiotica-reports-positive-phase-1b-data-for-mb310-in-pat-260211.pdf,flerie.com,,Flerie (publ) portfolio company Microbiotica has reported positive results from its Phase  AB’s 1b   study of MB310 in patients with ulcerative colitis (UC). The positive data  first-in-human support   progress into Phase 2/3 trials and strengthens   favourable  Microbiotica’s Flerie’s outlook in th,,,
q023-2,q023,"Inflammatory Bowel Diseases Mild-to-moderate ulcerative colitis Ulcerative Colitis competing agents with the same mechanistic class as Gut Microbiome Dysbiosis, including Live Biotherapeutic Product",MB310 Phase 2 Microbiotica licensing,5,Press releases,https://microbiotica.com/press-releases/,microbiotica.com,2026-05-18,"Microbiotica Announces Impressive Results in its Phase 1b Trial of MB310 in Ulcerative Colitis ... Microbiotica Announces Completion of Recruitment in its Phase 1b Trial (COMPOSER-1) of MB310, a Precision Microbiome Medicine, in Ulcerative Colitis Patients",,,
q023-3,q023,"Inflammatory Bowel Diseases Mild-to-moderate ulcerative colitis Ulcerative Colitis competing agents with the same mechanistic class as Gut Microbiome Dysbiosis, including Live Biotherapeutic Product",SER-287 ulcerative colitis development status licensing,1,SER-287 Drug Asset Due Diligence Report 2026,https://synapse.patsnap.com/blog/drug-asset-due-diligence-report-ser-287-2026-mcp,synapse.patsnap.com,2026-09-11,"*Decision date: 11 September 2026. ... **Phase 2** Highest phase **2** Registered trials **2** Result records **1** Matched deals ## Executive recommendation: CONDITIONAL GO ### Decision memo Advance with milestone-based economics while efficacy durability, safety differentiation, patent scope, and ",,,
q023-3,q023,"Inflammatory Bowel Diseases Mild-to-moderate ulcerative colitis Ulcerative Colitis competing agents with the same mechanistic class as Gut Microbiome Dysbiosis, including Live Biotherapeutic Product",SER-287 ulcerative colitis development status licensing,2,EX-99.1,https://www.sec.gov/Archives/edgar/data/1609809/000119312521149022/d157894dex991.htm,sec.gov,,"*– Topline clinical data from SER-287 Phase 2b study in patients with mild-to-moderate ulcerative * *colitis expected in mid-2021, microbiome biomarker data anticipated in H2 2021 – * ... “Our SER-287 ECO-RESET Phase 2b study in mild-to-moderate ulcerative colitis patients is fully enrolled and we a",,,
q023-3,q023,"Inflammatory Bowel Diseases Mild-to-moderate ulcerative colitis Ulcerative Colitis competing agents with the same mechanistic class as Gut Microbiome Dysbiosis, including Live Biotherapeutic Product",SER-287 ulcerative colitis development status licensing,3,"SER-287 - Drug Targets, Indications, Patents",https://synapse.patsnap.com/drug/985aa1a5aff1423498531f9518d90223,synapse.patsnap.com,,"|Active Indication Colitis, Ulcerative| ... |Originator Organization Seres Therapeutics, Inc.| ... |Active Organization Aimmune Therapeutics, Inc.| |Inactive Organization Seres Therapeutics, Inc.| |License Organization Nestle Health Science SASeres Therapeutics, Inc.| |Drug Highest PhasePhase 2| ...",,,
q023-3,q023,"Inflammatory Bowel Diseases Mild-to-moderate ulcerative colitis Ulcerative Colitis competing agents with the same mechanistic class as Gut Microbiome Dysbiosis, including Live Biotherapeutic Product",SER-287 ulcerative colitis development status licensing,4,[PDF] Seres Therapeutics Reports Second Quarter 2021 Financial Results ...,https://ir.serestherapeutics.com/node/10121/pdf,ir.serestherapeutics.com,,– Microbiome analyses from SER-287 Phase 2b ulcerative colitis study anticipated in H2 2021 – ... “Earlier this month we announced topline clinical results from our SER-287 donor-derived investigational microbiome candidate Phase 2b study in ulcerative colitis. We look forward to learning more about,,,
q023-3,q023,"Inflammatory Bowel Diseases Mild-to-moderate ulcerative colitis Ulcerative Colitis competing agents with the same mechanistic class as Gut Microbiome Dysbiosis, including Live Biotherapeutic Product",SER-287 ulcerative colitis development status licensing,5,Presentation Title Here,https://ir.serestherapeutics.com/static-files/a5bcaf6b-53a4-4b96-b955-a7e1d1beb819,ir.serestherapeutics.com,,"• SER-287 for ulcerative colitis in Phase 2b ... SER-287 Ulcerative colitis Phase 2b Study ... With favorable Phase 3 data, plan to engage with FDA regarding path to approval ... Phase 1b study results – Statistically significant clinical remission improvement observed in Vanco/SER-287 daily treatme",,,
q023-4,q023,"Inflammatory Bowel Diseases Mild-to-moderate ulcerative colitis Ulcerative Colitis competing agents with the same mechanistic class as Gut Microbiome Dysbiosis, including Live Biotherapeutic Product",EXL01 ReMind Phase 2 licensing Crohn's disease,1,Delving into the Latest Updates on EXL-01 with Synapse,https://synapse.patsnap.com/drug/9500af2e0b0346d8b3f9d8d939800b1b,synapse.patsnap.com,2025-06-18,"Originator Organization Exeliom Biosciences Active Organization Exeliom Biosciences Inactive Organization License Organization Drug Highest Phase Phase 2 ... CTIS2024-511357-22-00 Recruiting Phase 2 IIT A Phase 2 multicentre, randomised, parallel-arm, placebo-controlled, double-blind study to evalua",,,
q023-4,q023,"Inflammatory Bowel Diseases Mild-to-moderate ulcerative colitis Ulcerative Colitis competing agents with the same mechanistic class as Gut Microbiome Dysbiosis, including Live Biotherapeutic Product",EXL01 ReMind Phase 2 licensing Crohn's disease,2,Exeliom Biosciences collabore avec REMIND sur l’essai,https://ala.associates/wp-content/uploads/2024/06/240625-Exeliom-MAINTAIN-POP-FR-1.pdf,ala.associates,, Cette étude de phase 2 vise à évaluer l'efficacité de EXL01 en  traitement préventif des récidives post-opératoires chez les  patients atteints de la maladie de Crohn  ...  La partie A de l'étude MAINTAIN a été arrêtée en raison d’un recrutement trop lent   L'étude MAINTAIN POP commencera début ,,,
q023-4,q023,"Inflammatory Bowel Diseases Mild-to-moderate ulcerative colitis Ulcerative Colitis competing agents with the same mechanistic class as Gut Microbiome Dysbiosis, including Live Biotherapeutic Product",EXL01 ReMind Phase 2 licensing Crohn's disease,3,News - exeliom,https://www.exeliombio.com/news/several-exl01-studies-hit-recruitment-milestones,exeliombio.com,,"Inflammatory Disease - Crohn’s Disease - MAINTAIN POP (NCT06925061): Recruitment is ongoing as planned since the launch in April. This is a Phase 2 randomized clinical trial evaluating EXL01 in postoperative Crohn’s disease patients, in collaboration with hashtag#REMIND and 14 French gastroenterolog",,,
q023-4,q023,"Inflammatory Bowel Diseases Mild-to-moderate ulcerative colitis Ulcerative Colitis competing agents with the same mechanistic class as Gut Microbiome Dysbiosis, including Live Biotherapeutic Product",EXL01 ReMind Phase 2 licensing Crohn's disease,4,Exeliom Biosciences collaborates with REMIND in MAINTAIN POP ...,https://www.exeliombio.com/news/exeliom-biosciences-collaborates-with-remind-in-maintain-pop-study,exeliombio.com,,"·      **Phase IItrial will assess efficacy of EXL01 as treatment to prevent post-operative recurrencein patients with Crohn’s disease** ... **Paris, France, June 25, 2024 –** ExeliomBiosciences, a clinical-stage biotechnology company developing new therapies inimmuno-inflammation and immuno-oncolog",,,
q023-4,q023,"Inflammatory Bowel Diseases Mild-to-moderate ulcerative colitis Ulcerative Colitis competing agents with the same mechanistic class as Gut Microbiome Dysbiosis, including Live Biotherapeutic Product",EXL01 ReMind Phase 2 licensing Crohn's disease,5,MAINTAIN POP submitted to ANSM - Exeliom Biosciences,https://www.exeliombio.com/news/maintain-pop-submitted-to-ansm,exeliombio.com,,"🔈 We are thrilled to share that the MAINTAIN POP trial was submitted, in collaboration with REMIND, to the ANSM Agence nationale de sécurité du médicament et des produits de santé. MAINTAIN POP is a phase II randomized placebo-controlled trial which will assess the safety and efficacy of EXL01, a si",,,
q024-1,q024,Ulcerative Colitis competing agents in the same mechanistic class as ITGA4 ITGB7 Integrin Alpha-4 Beta-7 Integrin α4β7 Small Molecule therapies,emvistegrast α4β7 ulcerative colitis Phase 2 competitors,1,"SPY001 (Ph 2) for Ulcerative Colitis | Spyre Therapeutics, Inc",https://www.biopharmawatch.com/company/SYRE/drug/SPY001,biopharmawatch.com,2026-09-16,SPY001 (α4β7) Ph 2 for Ulcerative Colitis | BiopharmaWatch ... Phase 2 ... Highest phase Phase 2 Registered trials 2 across 1 sponsor since Jun 2025 ... Molecular targetα4β7 ... Phase 2 2 trials** NCT07652294Long-term Safety and Efficacy of Multiple Long-acting Antibodies Alone and in Combinations f,,,
q024-1,q024,Ulcerative Colitis competing agents in the same mechanistic class as ITGA4 ITGB7 Integrin Alpha-4 Beta-7 Integrin α4β7 Small Molecule therapies,emvistegrast α4β7 ulcerative colitis Phase 2 competitors,2,Table 1.,https://pmc.ncbi.nlm.nih.gov/articles/PMC12952356/table/T1/,pmc.ncbi.nlm.nih.gov,,"|JAK Inhibitor|Ivarmacitinib (SHR0302)|Selective JAK1 inhibitor blocking JAK-STAT pathway|NCT03675477, NCT05181137|Phase 2, Phase 3|Phase 2 completed Feb 2021; Phase 3 status unknown| |JAK Inhibitor|Itacitinib (INCB039110)|JAK1 inhibitor|NCT03627052|Phase 2|Withdrawn Nov 2019 due to lack of recruitm",,,
q024-1,q024,Ulcerative Colitis competing agents in the same mechanistic class as ITGA4 ITGB7 Integrin Alpha-4 Beta-7 Integrin α4β7 Small Molecule therapies,emvistegrast α4β7 ulcerative colitis Phase 2 competitors,3,Advancing therapeutic frontiers: a pipeline of novel drugs ...,https://www.frontiersin.org/journals/gastroenterology/articles/10.3389/fgstr.2026.1747118/full,frontiersin.org,2026-01-30,"|α4β7 antagonist|Emvistegrast (GS-1427)|Oral α4β7 integrin inhibitor|NCT06290934|Phase 2|Primary completion Oct 2025, final completion Feb 2027| |α4β7 antagonist|MORF-057|Oral small-molecule inhibitor of α4β7 integrin|NCT05291689 (EMERALD-1), NCT05611671 (EMERALD-2)|Phase 2a, Phase 2b|EMERALD-1 comp",,,
q024-1,q024,Ulcerative Colitis competing agents in the same mechanistic class as ITGA4 ITGB7 Integrin Alpha-4 Beta-7 Integrin α4β7 Small Molecule therapies,emvistegrast α4β7 ulcerative colitis Phase 2 competitors,4,Novel Therapies and Approaches to Inflammatory Bowel Disease (IBD),https://www.mdpi.com/2077-0383/11/15/4374,mdpi.com,2022-07-28,"Abrilumab (anti α4β7, AMG-181/MEDI-7183) was evaluated in phase 2 studies in UC, achieving a significant clinical remission rate at week 8 compared with a placebo [9], unfortunately in CD patients, the primary endpoint (clinical remission at week 12) was not met [10]. ... Carotegrast (anti α4, AJM30",,,
q024-1,q024,Ulcerative Colitis competing agents in the same mechanistic class as ITGA4 ITGB7 Integrin Alpha-4 Beta-7 Integrin α4β7 Small Molecule therapies,emvistegrast α4β7 ulcerative colitis Phase 2 competitors,5,Gastrointestinal - Drug Hunter,https://drughunter.com/category/gastrointestinal,drughunter.com,,"Emvistegrast (GS-1427) is an oral α4β7 integrin inhibitor in Ph. 2 for UC, first disclosed by Gilead at the ACS Fall 2025 meeting. It targets the same clinically validated pathway as vedolizumab (Entyvio®), aiming to deliver gut-selective efficacy in an orally administered drug.",,,
q024-2,q024,Ulcerative Colitis competing agents in the same mechanistic class as ITGA4 ITGB7 Integrin Alpha-4 Beta-7 Integrin α4β7 Small Molecule therapies,emvistegrast α4β7 ulcerative colitis pipeline Phase 3,1,Advancing therapeutic frontiers: a pipeline of novel drugs for ...,https://pmc.ncbi.nlm.nih.gov/articles/PMC12952356/,pmc.ncbi.nlm.nih.gov,2026-01-30,The therapeutic pipeline for moderate to severe ulcerative colitis currently encompasses over 100 investigational agents in Phase II and III clinical development. ... |α4-integrin antagonist|Carotegrast methyl (AJM300)|Oral small-molecule α4-integrin antagonist|NCT03531892|Phase 3|Completed; 45% cli,,,
q024-2,q024,Ulcerative Colitis competing agents in the same mechanistic class as ITGA4 ITGB7 Integrin Alpha-4 Beta-7 Integrin α4β7 Small Molecule therapies,emvistegrast α4β7 ulcerative colitis pipeline Phase 3,2,Table 1.,https://pmc.ncbi.nlm.nih.gov/articles/PMC12952356/table/T1/,pmc.ncbi.nlm.nih.gov,,|JAK Inhibitor|Brepocitinib (PF-06700841)|Oral dual TYK2/JAK1 inhibitor|NCT02958865 (VIBRATO)|Phase 2b|Completed May 2021; advanced to alopecia areata trials| ... |α4β7 antagonist|PTG-100|Oral α4β7 integrin antagonist peptide|NCT02895100|Phase 2b|Terminated early for futility March 2018| |α4β7 antag,,,
q024-2,q024,Ulcerative Colitis competing agents in the same mechanistic class as ITGA4 ITGB7 Integrin Alpha-4 Beta-7 Integrin α4β7 Small Molecule therapies,emvistegrast α4β7 ulcerative colitis pipeline Phase 3,3,a pipeline of novel drugs for UC management,https://pdfs.semanticscholar.org/efc2/a31ee078832397a8583aedd937aa7a780012.pdf,pdfs.semanticscholar.org,,"a4b7 antagonist Emvistegrast (GS- 1427) Oral a4b7 integrin inhibitor NCT06290934 Phase 2 Primary completion Oct 2025, final completion Feb 2027 ... The study led to the current Phase 3 trial (NCT05181137)) which began in November 2021 and, based on its estimated completion date, is anticipated to be",,,
q024-2,q024,Ulcerative Colitis competing agents in the same mechanistic class as ITGA4 ITGB7 Integrin Alpha-4 Beta-7 Integrin α4β7 Small Molecule therapies,emvistegrast α4β7 ulcerative colitis pipeline Phase 3,4,"UC Davis Ulcerative Colitis Clinical Trials for 2026 — Davis, CA",https://clinicaltrials.ucdavis.edu/ulcerative-colitis,clinicaltrials.ucdavis.edu,2026-09-23,"7 in progress, 3 open to eligible people ... This is a multinational, multicenter, randomized, double-blind, placebo-controlled, Phase 3 induction study to evaluate the efficacy and safety of duvakitug in participants with moderately to severely active Ulcerative Colitis (UC). ... ** Sacramento, Cal",,,
q024-2,q024,Ulcerative Colitis competing agents in the same mechanistic class as ITGA4 ITGB7 Integrin Alpha-4 Beta-7 Integrin α4β7 Small Molecule therapies,emvistegrast α4β7 ulcerative colitis pipeline Phase 3,5,UC Davis Inflammatory Bowel Disease Clinical Trials for 2026,https://clinicaltrials.ucdavis.edu/inflammatory-bowel-disease,clinicaltrials.ucdavis.edu,2026-09-23,"** Sacramento, California** and other locations - ## Duvakitug in Participants With Moderately to Severely Active Ulcerative Colitis “Volunteer for research and contribute to discoveries that may improve health care for you, your family, and your community!” open to eligible people ages 16-80 This i",,,
q024-3,q024,Ulcerative Colitis competing agents in the same mechanistic class as ITGA4 ITGB7 Integrin Alpha-4 Beta-7 Integrin α4β7 Small Molecule therapies,emvistegrast α4β7 ulcerative colitis licensing,1,"Emvistegrast - Drug Targets, Indications, Patents - Patsnap Synapse",https://synapse.patsnap.com/drug/af89e3ebb252478e983f2263a86ec636,synapse.patsnap.com,,"Synonyms GS 1427, GS-1427 Target α4β7 Action antagonists Mechanism α4β7 antagonists(Integrin alpha-4/beta-7 antagonists) ... Active Indication Colitis, Ulcerative Inflammatory Bowel Diseases Inactive Indication Originator Organization Gilead Sciences, Inc. Active Organization Gilead Sciences, Inc. I",,,
q024-3,q024,Ulcerative Colitis competing agents in the same mechanistic class as ITGA4 ITGB7 Integrin Alpha-4 Beta-7 Integrin α4β7 Small Molecule therapies,emvistegrast α4β7 ulcerative colitis licensing,2,emvistegrast | Ligand page,https://www.guidetopharmacology.org/GRAC/LigandDisplayForward?tab=clinical&ligandId=14189,guidetopharmacology.org,,"|**Synonyms:** example 356 [WO2020092375] | GS-1427 | GS1427 **Compound class:** Synthetic organic **Comment:** Emvistegrast (GS-1427) is an oral α4/β7 integrin inhibitor. It was designed to reduce α4β7 integrin-mediated recruitment of α4β7-expressing lymphocytes to the gut, as disease-modifying mec",,,
q024-3,q024,Ulcerative Colitis competing agents in the same mechanistic class as ITGA4 ITGB7 Integrin Alpha-4 Beta-7 Integrin α4β7 Small Molecule therapies,emvistegrast α4β7 ulcerative colitis licensing,3,Table 1.,https://pmc.ncbi.nlm.nih.gov/articles/PMC12952356/table/T1/,pmc.ncbi.nlm.nih.gov,,"|JAK Inhibitor|Brepocitinib (PF-06700841)|Oral dual TYK2/JAK1 inhibitor|NCT02958865 (VIBRATO)|Phase 2b|Completed May 2021; advanced to alopecia areata trials| ... |α4β7 antagonist|Emvistegrast (GS-1427)|Oral α4β7 integrin inhibitor|NCT06290934|Phase 2|Primary completion Oct 2025, final completion Fe",,,
q024-3,q024,Ulcerative Colitis competing agents in the same mechanistic class as ITGA4 ITGB7 Integrin Alpha-4 Beta-7 Integrin α4β7 Small Molecule therapies,emvistegrast α4β7 ulcerative colitis licensing,4,emvistegrast Ph 2 for Ulcerative Colitis | BiopharmaWatch,https://www.biopharmawatch.com/company/GILD/drug/emvistegrast,biopharmawatch.com,,"Phase 2 Ulcerative Colitis | Small molecule | Gastrointestinal |Gilead Sciences, Inc.|** Last Updated: Apr 9, 2026 ... Highest phase Phase 2 Registered trials 1 across 1 sponsor since Mar 2024 ... ### FDA Designations No designations recorded ... NCT06290934Study of GS-1427 in Participants With Mode",,,
q024-3,q024,Ulcerative Colitis competing agents in the same mechanistic class as ITGA4 ITGB7 Integrin Alpha-4 Beta-7 Integrin α4β7 Small Molecule therapies,emvistegrast α4β7 ulcerative colitis licensing,5,Advancing therapeutic frontiers: a pipeline of novel drugs for ...,https://pmc.ncbi.nlm.nih.gov/articles/PMC12952356/,pmc.ncbi.nlm.nih.gov,2026-01-30,"|α4β7 antagonist|Emvistegrast (GS-1427)|Oral α4β7 integrin inhibitor|NCT06290934|Phase 2|Primary completion Oct 2025, final completion Feb 2027| ... Vedolizumab, a humanized IgG1 monoclonal antibody that specifically targets the α4β7 integrin heterodimer without affecting α4β1, represents the protot",,,
q024-4,q024,Ulcerative Colitis competing agents in the same mechanistic class as ITGA4 ITGB7 Integrin Alpha-4 Beta-7 Integrin α4β7 Small Molecule therapies,emvistegrast integrin alpha-4 beta-7 ulcerative colitis clinical trial,1,emvistegrast (GS-1427) / Gilead - LARVOL DELTA,https://delta.larvol.com/Products/?ProductId=43b8710c-7d26-400d-99a6-57e1ce79a7ba,delta.larvol.com,,"## EFFICACY AND SAFETY OF EMVISTEGRAST (FORMERLY GS-1427), AN ORAL Α4Β7 INTEGRIN INHIBITOR, FOR MODERATE TO SEVERE ULCERATIVE COLITIS: RESULTS OF THE INDUCTION PHASE OF THE PHASE 2 SWIFT TRIAL (UEGW 2026) - ""Full abstract will be published on the day of presentation"" ... ## Pharmacokinetics, Safety,",,,
q024-4,q024,Ulcerative Colitis competing agents in the same mechanistic class as ITGA4 ITGB7 Integrin Alpha-4 Beta-7 Integrin α4β7 Small Molecule therapies,emvistegrast integrin alpha-4 beta-7 ulcerative colitis clinical trial,2,UCSF Inflammatory Bowel Disease Clinical Trials for 2026 ...,https://clinicaltrials.ucsf.edu/inflammatory-bowel-disease,clinicaltrials.ucsf.edu,2026-09-24,"The purpose of this study is to determine the safety, efficacy, and pharmacokinetics (PK) of etrasimod for the treatment of moderately to severely active ulcerative colitis in adolescents (≥ 12 years up to < 18 years of age). ... - ## GS-1427 in Participants With Moderately to Severely Active Ulcera",,,
q024-4,q024,Ulcerative Colitis competing agents in the same mechanistic class as ITGA4 ITGB7 Integrin Alpha-4 Beta-7 Integrin α4β7 Small Molecule therapies,emvistegrast integrin alpha-4 beta-7 ulcerative colitis clinical trial,3,"drug hunter on X: ""Gilead's Recently Disclosed, Selective α4β7 ...",https://x.com/drughunter_com/status/1970510609163723171,x.com,2025-09-23,"Gilead’s Recently Disclosed, Selective α4β7 Inhibitor Emvistegrast Advances to Phase 2 for UC | https://drughunters.com/42ESG2P Emvistegrast (GS-1427) is a selective oral α4β7 integrin inhibitor in Ph. 2 for UC, first disclosed by Gilead’s Leena Patel at the ACS Fall 2025 meeting in Washington, DC. ",,,
q024-4,q024,Ulcerative Colitis competing agents in the same mechanistic class as ITGA4 ITGB7 Integrin Alpha-4 Beta-7 Integrin α4β7 Small Molecule therapies,emvistegrast integrin alpha-4 beta-7 ulcerative colitis clinical trial,4,UCSF Ulcerative Colitis Clinical Trials for 2026,https://clinicaltrials.ucsf.edu/ulcerative-colitis,clinicaltrials.ucsf.edu,2026-09-24,"** San Francisco, California** and other locations - ## GS-1427 in Participants With Moderately to Severely Active Ulcerative Colitis ** Sorry, in progress, not accepting new patients The goal of this study is to learn if emvistegrast (formerly GS-1427) is effective in treating participants with mod",,,
q024-4,q024,Ulcerative Colitis competing agents in the same mechanistic class as ITGA4 ITGB7 Integrin Alpha-4 Beta-7 Integrin α4β7 Small Molecule therapies,emvistegrast integrin alpha-4 beta-7 ulcerative colitis clinical trial,5,emvistegrast | Ligand page,https://www.guidetopharmacology.org/GRAC/LigandDisplayForward?tab=clinical&ligandId=14189,guidetopharmacology.org,,"|**Synonyms:** example 356 [WO2020092375] | GS-1427 | GS1427 **Compound class:** Synthetic organic **Comment:** Emvistegrast (GS-1427) is an oral α4/β7 integrin inhibitor. It was designed to reduce α4β7 integrin-mediated recruitment of α4β7-expressing lymphocytes to the gut, as disease-modifying mec",,,
q025-1,q025,"Ulcerative Colitis competing agents with the same mechanism of action as HEMAY007, targeting TNF-α Tumor Necrosis Factor Alpha",HEMAY007 ulcerative colitis anti-TNF Phase 2 competitors,1,Table 1.,https://pmc.ncbi.nlm.nih.gov/articles/PMC12952356/table/T1/,pmc.ncbi.nlm.nih.gov,,"|JAK Inhibitor|Peficitinib (JNJ-54781532)|Oral pan-JAK inhibitor|NCT01959282|Phase 2b|Terminated Aug 2022 due to recruitment difficulties; development discontinued| |JAK Inhibitor|Izencitinib (TD-1473)|Gut-selective pan-JAK inhibitor|NCT03758443 (RHEA), NCT03920254|Phase 2b/3|Terminated Oct 2021 bas",,,
q025-1,q025,"Ulcerative Colitis competing agents with the same mechanism of action as HEMAY007, targeting TNF-α Tumor Necrosis Factor Alpha",HEMAY007 ulcerative colitis anti-TNF Phase 2 competitors,2,Advancing therapeutic frontiers: a pipeline of novel drugs ...,https://www.frontiersin.org/journals/gastroenterology/articles/10.3389/fgstr.2026.1747118/full,frontiersin.org,2026-01-30,"The therapeutic pipeline for moderate to severe ulcerative colitis currently encompasses over 100 investigational agents in Phase II and III clinical development. ... The introduction of biologic therapies targeting tumor necrosis factor-α (TNF-α) (infliximab, adalimumab, golimumab), integrin α4β7 (",,,
q025-1,q025,"Ulcerative Colitis competing agents with the same mechanism of action as HEMAY007, targeting TNF-α Tumor Necrosis Factor Alpha",HEMAY007 ulcerative colitis anti-TNF Phase 2 competitors,3,"TNF-Alpha Proteins, Antibodies & ELISA Kits",https://www.acrobiosystems.com/category/target-protein/tnf-alpha,acrobiosystems.com,2024-09-23,"|Recombinant anti-TNFα monoclonal antibody (Wuhan Institute of Biological Products)|Phase 3 Clinical|Wuhan Institute Of Biological Products Co Ltd|Plaque psoriasis|Details| | ... |Hemay007|Hemay-007|Phase 2 Clinical|Tianjin Hemay Bio-Tech Co Ltd|Arthritis, Rheu … ... |Balinatunfib|SAR-441566; SAR441",,,
q025-1,q025,"Ulcerative Colitis competing agents with the same mechanism of action as HEMAY007, targeting TNF-α Tumor Necrosis Factor Alpha",HEMAY007 ulcerative colitis anti-TNF Phase 2 competitors,4,TNF-alpha - ACROBiosystems,https://www.acrobiosystems.com/A1171-TNF-alpha.html,acrobiosystems.com,2018-01-19,"|Infliximab|TA-650|Approved|Janssen, Merck Sharp & Dohme, Mitsubishi Tanabe Pharma|REMICADE|fda|Ulcerative colitis, Psoriatic arthritis, Rheumatoid arthritis (RA), Crohn's disease|CENTOCOR INC|1998-08-24|Pediatric ulcerative colitis, Psoriasis vulgaris, Crohn's disease, Mucocutaneous lymph node synd",,,
q025-1,q025,"Ulcerative Colitis competing agents with the same mechanism of action as HEMAY007, targeting TNF-α Tumor Necrosis Factor Alpha",HEMAY007 ulcerative colitis anti-TNF Phase 2 competitors,5,Biologics in the management of ulcerative colitis - PMC - NIH,https://pmc.ncbi.nlm.nih.gov/articles/PMC4293927/,pmc.ncbi.nlm.nih.gov,2015-01-05,"In this review, we will provide a detailed discussion of the three tumor necrosis factor-alpha (TNF-α) inhibitors currently approved for treatment of ulcerative colitis: infliximab, adalimumab, and golimumab. ... Combination therapy with an immunomodulator is proven to be more effective than anti-TN",,,
q025-2,q025,"Ulcerative Colitis competing agents with the same mechanism of action as HEMAY007, targeting TNF-α Tumor Necrosis Factor Alpha",HEMAY007 ulcerative colitis anti-TNF licensing availability,1,[PDF] 概覽,https://www1.hkexnews.hk/app/sehk/2026/108622/a133802/sehk26060801682_c.pdf,www1.hkexnews.hk,,Hemay007。我們的關鍵產品Hemay007是通過多種藥理功能亞結構組合化 合物庫篩選而來，是一種TNF-α小分子調節劑。在自發性UC猴模型中， ... Hemay007利用多種藥理方法從化合物庫篩選而來，是一種TNF-α小分子調節 劑。在自發性UC猴模型中，Hemay007減少了患病猴子結腸中的潰瘍數量。給藥後對 ... 准了補充申請。IND批准適用於在中國 進行之Hemay007 200毫克片劑的臨床 試驗的所有階段。(2) ... Hemay007：截至最後實際可行日期，針對Hemay007，我們擁有兩項待審的中國 專利申請、四項已授權的美國專利、一項待審的美國專利申請。已授權的美國,,,
q025-2,q025,"Ulcerative Colitis competing agents with the same mechanism of action as HEMAY007, targeting TNF-α Tumor Necrosis Factor Alpha",HEMAY007 ulcerative colitis anti-TNF licensing availability,2,"Hemay007 - Drug Targets, Indications, Patents",https://synapse.patsnap.com/drug/c6cef31360b74c8b9fd3d4c563740a9e,synapse.patsnap.com,,"Synonyms Target TNF-α Action inhibitors Mechanism TNF-α inhibitors(Tumor necrosis factor α inhibitors) ... Active Indication ... Inactive Indication Colitis, Ulcerative Inflammatory Bowel Diseases Originator Organization Tianjin Hemei Biological Technology Co.,Ltd. Active Organization Xiajiang Hemei",,,
q025-2,q025,"Ulcerative Colitis competing agents with the same mechanism of action as HEMAY007, targeting TNF-α Tumor Necrosis Factor Alpha",HEMAY007 ulcerative colitis anti-TNF licensing availability,3,"Hemay007: TNF-alpha, Phase 2 in Ulcerative Colitis",https://assetmemo.bio/drug/hemay007,assetmemo.bio,,"Discontinuedsponsor decision ... Discontinued, for reasons the sponsor has not stated Hemay007 is Tianjin Hemay's oral candidate. Its only ulcerative colitis study, the Phase 2 NCT03977480, is TERMINATED on ClinicalTrials.gov for failure to recruit. Scoped to the ulcerative colitis market only: the ",,,
q025-2,q025,"Ulcerative Colitis competing agents with the same mechanism of action as HEMAY007, targeting TNF-α Tumor Necrosis Factor Alpha",HEMAY007 ulcerative colitis anti-TNF licensing availability,4,Table 1.,https://pmc.ncbi.nlm.nih.gov/articles/PMC12952356/table/T1/,pmc.ncbi.nlm.nih.gov,,|TNF modulator|Hemay007|Small molecule TNF-α regulator|NCT03977480|Phase 2|Terminated early Aug 2022 due to recruitment difficulties|,,,
q025-2,q025,"Ulcerative Colitis competing agents with the same mechanism of action as HEMAY007, targeting TNF-α Tumor Necrosis Factor Alpha",HEMAY007 ulcerative colitis anti-TNF licensing availability,5,"Xiajiang Hemei Pharmaceutical Co., Ltd.",https://synapse.patsnap.com/organization/defdc02b973c4a2db52adc812c16492b,synapse.patsnap.com,,"Hemay007 Target TNF-α Mechanism TNF-α inhibitors Active Org. Xiajiang Hemei Pharmaceutical Co., Ltd. [+1] Originator Org. Tianjin Hemei Biological Technology Co.,Ltd. Active Indication Rheumatoid Arthritis Inactive Indication Colitis, Ulcerative [+1] Drug Highest Phase Phase 2 First Approval Ctry. /",,,
q025-3,q025,"Ulcerative Colitis competing agents with the same mechanism of action as HEMAY007, targeting TNF-α Tumor Necrosis Factor Alpha",HEMAY007 TNF-alpha ulcerative colitis clinical development status,1,Table 1.,https://pmc.ncbi.nlm.nih.gov/articles/PMC12952356/table/T1/,pmc.ncbi.nlm.nih.gov,,|TNF modulator|Hemay007|Small molecule TNF-α regulator|NCT03977480|Phase 2|Terminated early Aug 2022 due to recruitment difficulties| |TNF-α/OX40L inhibitor|SAR442970|Bispecific pentavalent Nanobody targeting TNF-α and OX40L|NCT06975722|Phase 2b|Started July 2025; estimated completion Dec 2026|,,,
q025-3,q025,"Ulcerative Colitis competing agents with the same mechanism of action as HEMAY007, targeting TNF-α Tumor Necrosis Factor Alpha",HEMAY007 TNF-alpha ulcerative colitis clinical development status,2,[PDF] 概覽,https://www1.hkexnews.hk/app/sehk/2026/108622/a133802/sehk26060801670_c.pdf,www1.hkexnews.hk,,Hemay007*(10)(11) PDE4B/ PDE4 Mufemilast** ... 主管機關 ... 聯合治療 ... 里程碑╱目前狀況 ... II期 ... 國家藥監局 單藥治療 我們計劃於2026年第三季度完成II期臨床試驗 ... 我們正在中國進行I期及Ib期臨床試驗， 並於2023年6月獲FDA批准在美國進行臨床試驗 我們計劃於2026年第二季度啟動I期臨床試驗。 我們計劃於2026年完成II期臨床試驗 ... (10)  Hemay007的兩項II期臨床試驗均基於同一項I期臨床試驗(Hemay007AU01)所得的結果而獲得批准。 ... Hemay007是通過多種藥理功,,,
q025-3,q025,"Ulcerative Colitis competing agents with the same mechanism of action as HEMAY007, targeting TNF-α Tumor Necrosis Factor Alpha",HEMAY007 TNF-alpha ulcerative colitis clinical development status,3,Pipeline Includes Seven Small Molecule Drug Candidates,https://news.futunn.com/en/post/74292485/ipo-news-he-mei-pharmaceuticals-re-files-application-with-hkex,news.futunn.com,2026-06-09,"The company has completed a Phase II trial for ankylosing spondylitis (AS), and additional trials for ulcerative colitis (UC), atopic dermatitis (AD), psoriatic arthritis (PsA), Crohn’s disease (CD), and chronic obstructive pulmonary disease (COPD) are either ongoing or planned. ... Hemay007 Hemay00",,,
q025-3,q025,"Ulcerative Colitis competing agents with the same mechanism of action as HEMAY007, targeting TNF-α Tumor Necrosis Factor Alpha",HEMAY007 TNF-alpha ulcerative colitis clinical development status,4,"Hemay007 - Drug Targets, Indications, Patents",https://synapse.patsnap.com/drug/c6cef31360b74c8b9fd3d4c563740a9e,synapse.patsnap.com,,"Inactive Indication ... Drug Highest Phase Phase 2 ... NCT05247216 Completed Phase 2 ... NCT03977480 Terminated Phase 2 A Multicenter, Randomized, Double-blind, Placebo Parallel Controlled Clinical Study on the Effecacy and Safety of Different Dosing Regimens of Hemay007 in Patients With Active Ulce",,,
q025-3,q025,"Ulcerative Colitis competing agents with the same mechanism of action as HEMAY007, targeting TNF-α Tumor Necrosis Factor Alpha",HEMAY007 TNF-alpha ulcerative colitis clinical development status,5,a pipeline of novel drugs for UC management,https://pdfs.semanticscholar.org/efc2/a31ee078832397a8583aedd937aa7a780012.pdf,pdfs.semanticscholar.org,,The therapeutic pipeline for moderate to severe ulcerative colitis currently encompasses over 100 investigational agents in Phase II and III clinical development. ... inhibitor SAR442970 Bispecific pentavalent Nanobody targeting TNF-a and OX40L NCT06975722 Phase 2b Started July 2025; estimated compl,,,
q025-4,q025,"Ulcerative Colitis competing agents with the same mechanism of action as HEMAY007, targeting TNF-α Tumor Necrosis Factor Alpha",HEMAY007 ulcerative colitis anti-TNF biosimilar landscape,1,Table 1.,https://pmc.ncbi.nlm.nih.gov/articles/PMC12952356/table/T1/,pmc.ncbi.nlm.nih.gov,,|TNF modulator|Hemay007|Small molecule TNF-α regulator|NCT03977480|Phase 2|Terminated early Aug 2022 due to recruitment difficulties| |TNF-α/OX40L inhibitor|SAR442970|Bispecific pentavalent Nanobody targeting TNF-α and OX40L|NCT06975722|Phase 2b|Started July 2025; estimated completion Dec 2026|,,,
q025-4,q025,"Ulcerative Colitis competing agents with the same mechanism of action as HEMAY007, targeting TNF-α Tumor Necrosis Factor Alpha",HEMAY007 ulcerative colitis anti-TNF biosimilar landscape,2,Accelerating Earlier Access to Anti-TNF- Agents with Biosimilar Medicines in the Management of Inflammatory Bowel Disease,https://pdfs.semanticscholar.org/b3ee/47fc77d4c6e6c4ace86137d14d514f59a81f.pdf,pdfs.semanticscholar.org,,"However, the high cost of such therapies may restrict access and prevent timely treatment of IBD. Biosimilar anti-TNF-α medicines may represent a valuable opportunity for cost savings and optimized patient outcomes by improving access to advanced therapies and allowing earlier anti-TNF-α treatment i",,,
q025-4,q025,"Ulcerative Colitis competing agents with the same mechanism of action as HEMAY007, targeting TNF-α Tumor Necrosis Factor Alpha",HEMAY007 ulcerative colitis anti-TNF biosimilar landscape,3,OVERVIEW,https://www1.hkexnews.hk/app/sehk/2025/107914/a127807/sehk25120100842.pdf,www1.hkexnews.hk,,"Hemay007. Our key product, Hemay007 is screened from a compound library directed by multiple pharmacological functional substructures and is a TNF-�small molecule regulator. In the spontaneous UC monkey model, Hemay007 reduced the number of ulcers in the colons of the diseased monkeys, and pathologi",,,
q025-4,q025,"Ulcerative Colitis competing agents with the same mechanism of action as HEMAY007, targeting TNF-α Tumor Necrosis Factor Alpha",HEMAY007 ulcerative colitis anti-TNF biosimilar landscape,4,"TNF-Alpha Proteins, Antibodies & ELISA Kits",https://www.acrobiosystems.com/category/target-protein/tnf-alpha,acrobiosystems.com,2024-09-23,"|Recombinant anti-TNFα monoclonal antibody (Wuhan Institute of Biological Products)|Phase 3 Clinical|Wuhan Institute Of Biological Products Co Ltd|Plaque psoriasis|Details| | ... |Hemay007|Hemay-007|Phase 2 Clinical|Tianjin Hemay Bio-Tech Co Ltd|Arthritis, Rheu …",,,
q025-4,q025,"Ulcerative Colitis competing agents with the same mechanism of action as HEMAY007, targeting TNF-α Tumor Necrosis Factor Alpha",HEMAY007 ulcerative colitis anti-TNF biosimilar landscape,5,BUSINESS,https://www1.hkexnews.hk/app/sehk/2025/107411/a123461/sehk25052902266.pdf,www1.hkexnews.hk,,"Hemay007. Our key product, Hemay007 is screened from a compound library directed by multiple pharmacological functional substructures and is a TNF-�small molecule regulator. In the spontaneous UC monkey model, Hemay007 significantly reduced the number of ulcers in the colons of the diseased monkeys,",,,
q026-1,q026,BM-013 first regulatory approval or market launch year in acute myeloid leukemia,BM-013 acute myeloid leukemia regulatory approval launch,1,Oncology (Cancer)/Hematologic Malignancies Approval ...,https://www.fda.gov/drugs/resources-information-approved-drugs/oncology-cancerhematologic-malignancies-approval-notifications,fda.gov,2026-09-24,"venetoclax for newly diagnosed acute myeloid leukemia|On May 13, 2026, the Food and Drug Administration approved an oral combination of decitabine and cedazuridine tablets (Inqovi, Taiho Oncology, Inc.) with venetoclax for the treatment of newly diagnosed acute myeloid leukemia (AML) in adults 75 ye",,,
q026-1,q026,BM-013 first regulatory approval or market launch year in acute myeloid leukemia,BM-013 acute myeloid leukemia regulatory approval launch,2,Modelling acute myeloid leukemia (AML): What’s new? A transition from the classical to the modern,https://link.springer.com/article/10.1007/s13346-022-01189-4,link.springer.com,,"A current Phase 1b/2 study (NCT03303339) is investigating onvansertib in combination with either low-dose cytarabine or decitabine (phase 2) in subjects with AML [70, 71].",,,
q026-1,q026,BM-013 first regulatory approval or market launch year in acute myeloid leukemia,BM-013 acute myeloid leukemia regulatory approval launch,3,Pharmaceutical research and development pipeline,https://www.bms.com/research-and-development/pipeline.html,bms.com,,"phase/phase-1"",""researcharea"":""<p>Myeloid<\/p>"",""category"":""bms:therapeutiic-area/hematology"",""subcategory"":""bms:tumor/acute-myeloid-leukemia"",""registrationstatus"":""""},{""compoundname"":""<p><b>Dual Targeting",,,
q026-1,q026,BM-013 first regulatory approval or market launch year in acute myeloid leukemia,BM-013 acute myeloid leukemia regulatory approval launch,4,Pharmaceutical press releases & news,https://www.bms.com/news-and-media/press-releases.html,bms.com,,"Explore Bristol Myers Squibb press releases covering research milestones, corporate developments and patient focused innovation.",,,
q026-1,q026,BM-013 first regulatory approval or market launch year in acute myeloid leukemia,BM-013 acute myeloid leukemia regulatory approval launch,5,Leukemia,https://ascopost.com/topics/hematologic-malignancies/leukemia/,ascopost.com,2026-09-25,"On May 13, the U.S. Food and Drug Administration (FDA) approved an oral combination of decitabine and cedazuridine tablets (Inqovi) plus venetoclax for the treatment of newly diagnosed acute myeloid leukemia (AML) in adults aged 75 years or older or who have comorbidities that preclude them from...",,,
q026-2,q026,BM-013 first regulatory approval or market launch year in acute myeloid leukemia,BM-013 BIMINI Biotech approval AML,1,Portfolio - BIMINI Biotech,https://biminibiotech.nl/technology-2/,biminibiotech.nl,2025-01-01,"Our WASp inhibitor (BM-013) downregulates the WASp concentration and function by enhancing degradation of the protein, thereby inhibiting the proliferation specifically of leukemic cells. Target indications include Acute myeloid leukemia (AML) and T-Cell Lymphoblastic Leukemia (T-ALL).",,,
q026-2,q026,BM-013 first regulatory approval or market launch year in acute myeloid leukemia,BM-013 BIMINI Biotech approval AML,2,News – BIMINI Biotech,https://biminibiotech.nl/category/news/,biminibiotech.nl,2026-09-18,"maart 18, 2026 Leiden, 18 March 2026 – BIMINI Biotech is pleased to announce that it has been awarded funding through the Health~Holland International Kickstarter Call for Public-Private Partnerships 2025 for a collaborative project focused on advancing first-in-class therapeutics for acute myeloid ",,,
q026-2,q026,BM-013 first regulatory approval or market launch year in acute myeloid leukemia,BM-013 BIMINI Biotech approval AML,3,"Bimini Biotech B.V. - Drug pipelines, Patents, Clinical trials - Synapse",https://synapse.patsnap.com/organization/b09b26122a623602b4fd5d207414aef3,synapse.patsnap.com,,Pipeline Snapshot as of 16 Apr 2026 No data posted,,,
q026-2,q026,BM-013 first regulatory approval or market launch year in acute myeloid leukemia,BM-013 BIMINI Biotech approval AML,4,BIMINI Biotech,https://biobase.whitefordresearch.com/companies/bimini-biotech,biobase.whitefordresearch.com,,"Its public materials describe the company as advancing lead programs toward first-in-human studies, with current work centered on translational preclinical development and patient-stratification biomarkers. ... It also announced a Health~Holland-backed AML-WASP collaboration with a EUR 440,000 budge",,,
q026-2,q026,BM-013 first regulatory approval or market launch year in acute myeloid leukemia,BM-013 BIMINI Biotech approval AML,5,Bimini Biotech | Longevity Solutions,https://bimini-biotech.com/,bimini-biotech.com,,Email info@bimini-biotech.com LinkedIn linkedin.com/in/fxpellay,,,
q026-3,q026,BM-013 first regulatory approval or market launch year in acute myeloid leukemia,BM-013 WASP AML clinical development forecast,1,CLINICAL TRIALS,https://www.amgentrials.com/study/?id=MT103-104,amgentrials.com,1996-01-01,## CLINICAL TRIALS ... © 1996–2024 Amgen Inc.,,,
q026-3,q026,BM-013 first regulatory approval or market launch year in acute myeloid leukemia,BM-013 WASP AML clinical development forecast,2,Targeting multiple signaling pathways: the new approach to acute myeloid leukemia therapy,https://www.nature.com/articles/s41392-020-00361-x,nature.com,2020-12-18,"In October of 2019, bemcentinib received fast-track designation from the FDA for the treatment of elderly patients with R/R AML based on unpublished data supporting its efficacy in phase II trial (NCT03824080).",,,
q026-3,q026,BM-013 first regulatory approval or market launch year in acute myeloid leukemia,BM-013 WASP AML clinical development forecast,3,"Bimini Biotech company information, funding & investors",https://app.dealroom.co/companies/bimini_biotech,app.dealroom.co,,"BIMINI Biotech's business model revolves around the development and commercialization of its proprietary portfolio of products, including BM-011, a WASp activator, and BM-013, a WASp inhibitor. These products have shown promising results in treating difficult-to-treat non-Hodgkin lymphomas and leuke",,,
q026-3,q026,BM-013 first regulatory approval or market launch year in acute myeloid leukemia,BM-013 WASP AML clinical development forecast,4,Acute myeloid leukemia (AML),https://www.onkopedia.com/en/onkopedia/guidelines/acute-myeloid-leukemia-aml/@@guideline/html/index.html,onkopedia.com,2026-05-18,Patients with a higher risk of recurrence should receive allogeneic stem cell transplantation as post-remission therapy if possible.,,,
q026-3,q026,BM-013 first regulatory approval or market launch year in acute myeloid leukemia,BM-013 WASP AML clinical development forecast,5,2023 Annual Report to Shareholders - Haemonetics Corporation,https://haemonetics.gcs-web.com/static-files/506876ab-5893-4753-84f4-d043a5b67534,haemonetics.gcs-web.com,,��������������������������������������������������������������������������������������������������������������������������,,,
q027-1,q027,HQL-79 in vivo single-agent monotherapy tumour growth inhibition TGI tumour regression tumour shrinkage in Pancreatic ductal adenocarcinoma animal models,HQL-79 pancreatic ductal adenocarcinoma in vivo,1,An efficient drug delivery system to block pancreatic cancer,https://pubmed.ncbi.nlm.nih.gov/40127723/,pubmed.ncbi.nlm.nih.gov,2025-06-10,"Hence, we developed an efficient drug delivery system by encapsulation of Que. into liposomes and conjugation with hyaluronidase (HAase) at liposome surface, termed as HQL. In the presence of HAase, HQL were predominantly accumulated at tumor with enhanced permeability and retention effect. Treatmen",,,
q027-1,q027,HQL-79 in vivo single-agent monotherapy tumour growth inhibition TGI tumour regression tumour shrinkage in Pancreatic ductal adenocarcinoma animal models,HQL-79 pancreatic ductal adenocarcinoma in vivo,2,In Vivo Preclinical Models,https://pmc.ncbi.nlm.nih.gov/articles/PMC8578999/,pmc.ncbi.nlm.nih.gov,2021-10-27,"Zebrafish is a useful and economical *in vivo* animal model for speedy analysis of invasion and metastatic behavior. ... *In vivo* models are useful to model the TME and immune response, key players in PDAC transformation and progression. Murine models are ideal platforms for understanding PDAC prog",,,
q027-1,q027,HQL-79 in vivo single-agent monotherapy tumour growth inhibition TGI tumour regression tumour shrinkage in Pancreatic ductal adenocarcinoma animal models,HQL-79 pancreatic ductal adenocarcinoma in vivo,3,"Structural and functional characterization of HQL-79, an orally ...",https://pubmed.ncbi.nlm.nih.gov/16547010/,pubmed.ncbi.nlm.nih.gov,2006-06-02,"Orally administered HQL-79 (30 mg/kg body weight) inhibited antigen-induced production of PGD2, without affecting the production of PGE2 and PGF2alpha, and ameliorated airway inflammation in wild-type and human H-PGDS-overexpressing mice.",,,
q027-1,q027,HQL-79 in vivo single-agent monotherapy tumour growth inhibition TGI tumour regression tumour shrinkage in Pancreatic ductal adenocarcinoma animal models,HQL-79 pancreatic ductal adenocarcinoma in vivo,4,"w����3��Ɋ�ܧ5�6�R��}9�z�9-��>�1""ɷ�I""�8����e������j��#�=5u9r���$`�;-����, OPi�9��4G����6�>�}:�}�k�����>:���>�d7�t""��������>����x=��;_Xy���Y�m8�Wfl�T|#\lW�ݻ�w����:�ja��S���L�d�>�ܛ.����-Z��#���o�+OOO�����蘄�������ܜ�\w\}܁@��b��%Y��j�e���۷mٹc�����{v�۷���5$�=2�+>�?5)(;3�� ����X��ޜr�hFש��y�=%�����9�s��'&���Vh��+E�K��#�[R�&�LK�l���}�u���}}���p5�o�ng����:�����/�,�%J�-��4��M��,=� �2�>��N�P���t�S��,�d�O���nig�SKMY�!�.Ӻ�?� ##ܲ�6Ǣ�i�d�s��%�������-kџ��Uw�y�E�y��~���k�?��w��U���[��l�>k4Iv�t����߉��[a��g�w���с��K�������y�w�����u����������i����/))�f�ᢓ������^0�$�lHG41�t��� �={w{x8�����싲�&&����熖�@1�H:v8լ��)ҟe�]�����N�/uu�w�:Қ�ܐ\WSV��������������t�vuݶ�yۮ�[�{@��_�c1�����}I�L�,�<���ә�X:-�o�^�>����hNm�`�X~�?�BOp���v�>�N�<�5�v��Y��@٩ŧ�H��gE��ӝNK\���%K�^�dْ�ӎ��~�c�L���;���n�];�|��'8�8Q���,�7S�e����N<�>�U6I>�(荟G��Zس��>�=�����{/�wo���ͱ[\�W^y��'�>�b�7^X�����w��ŧ��n�������h������pǵ�u�� ��6�;�""�D`��@$Ҍ M~ܲu#�k�@7��^^���""���d����5p��7m�l�}Y�gIxRv ������.�+���������-Z����`A� \c�hn9�j8��8!��x�9so��:�ūo�4��Ė��ې�����O�(���=�Ý[�Lv`����&�NdK���v��+O����C���w��0�L4<��Ņ�5��9�f�и�������-�!y��P Ø��O��?���s�PϾ};�|�C�ܢ""�b}�S��* #�bZ�kK9s""�rg��� kt�ybb���U�Y ������ V�Y ���ˢJ�#��x�h�'�6�������+d'�o��x��66+� b���#屳$�S���5�t�l�A��jk��e�����s �8Q+�ќ�y�>���9-��������>K�E7^t�������c�E8H�E�3�2��o�[��vZ�s�]���m_s���}���%S�-��@�"";y�πӅ�Hq����� g�_7�����c���e��p������?��W�p���7��|c����-+++88�S��mp�������'���?z����Z�������'?'qYA�� v6�0�%#alي€غ,�L�M�}��wmݳg����@_W�""&�+)�7;-�$/�1�9�����g2{/����U\�y��l��K�:3O��<ږ�| ~���0�NM ��y��z�����������ؾy� =���X���L =ɖ��@艳�8�@�A{ z�V�=?+��O}:M�;��o� �$��t���q2K�h7��""]�9}�6�� �,�j=^���ۗ.{�����k.�w��uYw��_NN�/�:}��v���^���xY|e\&ll������qQh��[O�c$hu����Olu袽{]��u�裀�8��/>���ןr�ɛ�����"".11���ͅ�!#I@i�-o�������կ�Z�����������ւ�rvv��'��Ó�X�ԟ���R��tA� �4t��!7l߶�y7�z���. """"l_B�wZJ@~fPyQX]eTKC,���ɌK��Gz��ۮN��j54joqwWvgG��#�m� 51�%E9��x}[�[p�^.h؇����`� ���3�>ќ��͢�������!>m�[F���g���>��49�z�;BO5�YZc��볠O�>��>'�N�H|:i��>�(>��'o���N��N�^tr ������V�o��o|յ�oR�pDz�N�߄�������;vcn���$A1���O��??�9N#�/�0^A�>hN|��^���7|���B�8;{}�I����~�N���y~�@wd�-33��������$�AR����������g�֬�'�{��'ⓅK�K��-.=H�IR�dF����{7�G6a�$�r��7}����oݲa��..������;4�=:�#)���T�F����:�r�LZߥ��+�C��#�f��u�U ���]g3:��9��X[]Y������k�p �����uq5[.[6m��>�� �<Ə���I��;�贈��*W�2����:ߢ�z����|��$M-�'~�|�i>Y2� �S���2�.�Ԕ5m�S�O�:�2�jwZ���>��=�_~$��G����x����xY`W����p����Ps��?��ߘq����5����$9.�d�j�""|��K}au�,�����O>���n""�""~~~Г�16[JllfTd����.@� �bF)j$l����ߢ��pQp��&>�&>�A�!��K�)M�b/1��o���nޗy3��W�kC�n���>ݺe�]���n����u��y�$��e���쯈li�?֖t�dʕ�YWƆۦ�y�j��@�pw�y�\f�T�mkC,^��0��W������xy�ػw����m[7nټa��O7w��J��ħ-u����[�,����]-�'NA��;ɷ��#����nrJ�G��h��<-RSF�d�H�-3��Y��,�f�}Y�g���j�\�����_��o��z���_n��O���q7����6<���}�����'�y����}�No���4�ɷmۆ��$θ~����n��ܶ�eŝ��\�����ް�2222...999##얝�i��h�6 Yw��۷��(�� .�/�����q�q�p��������:����{���V��u� ���P�wUl�Uk]({o�&a&��� C@��gU�Zk�u�V������rz�4�F���������c���J%E;�,�P� ���`��Gf@�T(� �t�� �v$����^��I�'4,0<""X��F$%��Sc@�|IYqj]���Q�k[���Š����]�X�Z��m���ܩ��~S��/����n�$>|�Z㕟�<]s�H9n�����QQS�U�J��I������1�qQP'��!�q(G�!A��H����~-#>��њ�8'�:Ivjx|T�I�K1����� �U�:#u����Zkk�hkCsj����2��+��o�7x�%��\���-��t`��}11ܪo߾��#_��k��7t���Ӗ-\�:ۮh��B��������� R�g,�|�,8�V�y+��f�U}��A����U�eKS��{���Y��(�p����K6���2�f�E��{g�}�u��[k��]�v�S��>�u��5j Þ�Ŏ�%`� � Ub ��0�$�4�:x�K ���Ё y|A^Jq���*��I�c[�݅?.��]��{���{������E�[z��~���~���n�]����ɪc� >U�yM�����Be ���+M%$�F��'�C���1֣�p�HTk�/߱���WPS��F������,�B$��v����9z��@�c���d-E�>�w����F3;��h�}\�E�����(�0�tt� :�ZX�G��_�2��$� ��������4��C&�%$$`���+""A}����-�V���w×���(o�6@�ԩS�ϟ���� ��XFĀD��`e0�,��0T����� �S0P&I��L�f'*�*�S벶5��n�?r���d)@t�J��[MO�B[��Ǎ��<�� >����w�5\���\W'nC%2��� ���,)J�Q�eeĥJ��B��s�_s�`a~V��z�����������غ��;���z��'��^W�|_��wN�Q�ի<;���9z�V>B���Q��S��SM��'�/���g<:p���tt��5�,���X{�>R� �$tp\#�öE""� Շ9 �S� �8�ǽ{���d'4'���L\h����,*?]a9I���n� !���K47�,*RA�J�š!ыg�*�'|CL�<ʆ��������9r�رc]]]�A ���i!� P��'���!��)Hy@� �@�@0�?""<(::4).""U""���,:j+қ�dq�����#%�*�#� �z������oK=���?����l�q��sU]'��W���kk��奩����,q�4*91B,� �s 8�;=����1���Ǡ�����#ϝ����,��z��� '��kt��ۈ��D,�����8>�Xm�FM�~�����n��>~���[���z���Ɖl�`�#�""� ��5L�(��~,���g=B��8D�9�;6���!�h�)J���&;����7��e,���㣤�����3ͩ�KKQ�?>�Q# ~��FK�����(w�i�6sr-'F�5[4|�H~�����/����A%�.O|t����q�� �7��q��������Dl���2�B�*���}|���AP٤��P켢��9>��~�mk�+�G����-�����5x�;�]�d�܉�8�`���i�Ԍ�UXX��u��l�[���!��r�:�$�f�M�n����c,b�&$���s�UW�t�X��� ��<%�+ j��;���P}���N@ #0d��!k� TcЃk��D���!)I�����lq�* i�O�ޖ�wމÅ?�.Ἷ���?�u<=����oͼ?=���v�����+�T]��o�23J��abk�b�jɦͅ��I�Wo�3o6��������_��١>�/��|\7��Y�^5�)D�$88�9�C�v���utf �Z�o�r�R���dh˒�`���������1''��O�[)��/S""�ڸ��ر�F���/��6��Ҟ>v,t�D.���u���b�D�R��ee!��~yi̘�zF����L�fc/S��0I TBC 8� �����5k�l��N]\4e�j�̜����� �5[�;� �W�<��O�> ����h�@Y� ��@~,�I�x""5�@_?O|p�ox�TTPb|��<+V�W^��P��ژ�{{Α�]?]:_q�J��[[��o���z`�G>���������ᛗ��]'Jp�j[���*����B�興B�������=��g������ j�;>����-z�8~)5��_JMʓ�M*�$�c�-֖V���5�c:��l��m�L���`4ܘ|>}5���+�MbR�,+?U����c�<���࣯Gx~>�NWg��9�~Yi��a�y6o����`��$�?ɗ�����jR��t����KeR�����Rr��\Aee9�4hWl������Z�b���pي�{F��E�ࢎQ���}�i}� ��� XOutlk+)~���&L��77�k(MͲ}�K����\�a��ZXXXLL������3}Q�͒���U��l&��\C����S�S���!����!�a�I�2�^$Jē�Q,�U���@WP �E @ߐ��?6&(%)""#-���)�p��Mvpgn�UݻQ���-Пv����_��zx���铻 w��\�������T�w�v�ʛ�ҪKS �䙢T�01>4::P�>�� /_owb<:(��d=��c�c����|������d�""�!�w�2�����AW�r2?�NCj�17�>""K�0IG�����\��}cY��%؛�\��d'��Ò���K������Y \���v�?��U�e0��a�N����&�Ҫ2W�dI���,MB���/7��aEEE����B!���d npȀaOZ �3�LY@����x��ì�r��� ��zxp�/���b7l(�j�b4b��A��C&~�I�>�Ox�XGg�G�8��(�g�\r[_�������w��k*u�_]�R������nsa)�P5�'nDћ����7C���qq�V����\0~�� ���w���A� �K�� ��B��a�,��%��� DA��0u�M`��&��/Y�y�����������]�����ΞP��v������|��-��/�/?}� {p���KUϕ�<�:�G��#��!��""�� OO&����}LJ���vSC���F�,���4�z�d�״h��i���5�<�@D�㗵���w����ƛo>b���EC� A��a� �nj�|��Hq��""���t��!�p:�����JX|��� � �\�9 ������f~�?sȐS�ï�F*�ϐ�e��r�zධg���C�9r��� �,**2...Y�&uuϜ:Kn9;��Vf6^�zu@||""�����eq�-䔑J`��'ΊP_��kcf��21{����?��}jm�o�~�p��;DYY�d�I��7m�em�{��x���Ȇh%̙�E���MM[1s�H �Oˬ_�b;����W ج5�k##ۅ��r��%ĩ�A*�b�@ƀ|�,���锉`d�>�)�������֟�11AI a��YQ�y������i�m�w�8��L�����{D����ǣ��=y����F�ߕgO=�ڽ={[s�jIYQ�R!��SCcc�>_�/(�����Gt����+?���,h���it1�}�34�04:gY����k��R��^���Y���i�{�FWu� ���ba2�l�9��A}��׀�ca�8�z��l`u��$�z�l.6�ϳ�|�����w�73�gbrVW���/�ϐJ��7�P����u�ڵ;w�;vB�_����n�˸���#=FΣL�W����ȩ�ꬺl�cJ���G-�n����h���A�~�����z�����S��7ɋm�5�����5-���FpS�u���JK����������to�`�Z`a˾��|�����|���G>��N0l�h�e���d�#R�O""A�I|$�""�U(�<:�E��t��v��������@f�E��K�ꪓ[�wu����]>_t�j�'�:�˿_�����s�ج��M�iH�Ԍ��,t'���X����ny�@�V�ɯia-�.�}�i���}S�����k\�6:�c�3T�aC�>�t<�����Øsdd$|4e� ��\����""T�\jۍ�����A�|>P0p������ �����{�����z�R��Eb�JUy^N��g���]�ڂ��Fe��)f���[���R�Ɔ����U�e�_�����+��8����������/0L��2� U\�za�3��ǂo@""Aj�`�dr���|%D�!���g0������������{H�WT�o�885%�P�EW��5�I:Z����V�_���e�n��~��٣��S�x�u�>����n��o�ko]��t���G�*v��g���(�<2]�-� � ���u��tuswvqu�#������뱌?��Q��w�X9�F5?�G��,�ɠG���ZHvR���N~A6-�,'�7���4g�i�(�f�1��Fcnn=~}�M^%�(�g�3X'iN<5l���Ї� D#,'<<��u�E�:̜1m�ш�>��o���Ǝ��7:�m����.C�����������cޱ���a��ho=ѱtE��EJ����a��?������� g�h��Tgf���&�Q��b�p������t���,-��������P�TP����---�m�E�[==�fϭ��*��ac��גpD~]]�gU�>O���� ��WZLN�6�m���8�z�����w�}�O�>XO��V#"">�!��$�c�a, G>ɜ(����c9A����M�s������=8�]� G,9!���-*Q�k���mM�Ցud.t�|�]��ݚ�� ϟ�z��oI=���S�̓{����\�Pr�t��C�{wd����פ����h<%914&�W�����z{��ޤF�� �`���BLs2G���#�i���!V>͇[h�`}4�����>��q��z��o��K��P��\�1��5�~��`g������S}�F��@4�2| �#�Iܗ� D�+�%��?�x�VF[Ym�3���i맘�N��۲`a��E����f���Ŷ4o�����Һ��������X�CsK�+c�=[�� � &�J7l��ź���ްXɠ� �$����d@""U������T�c9l$�N͘9W X �ajob.�=W���hhhP�3�����\US]Z�RI$��0��W��k��G䫇'������r��u���N��p��B��2� !���`k��?���?5��!���R�0�� >�d��ޑ�a$�I�G-�Dt\�r�QP�W���D ����B�������t��s� }�����Ȃܨ����zigG����|Fu��_��������ϻoͼ�y��a{���Ƿj~�T~�lᩣ����2��K�J�qsY�P���� `�n#���9y�0�mA�Uvo0��p��'�;~z�WK�O1�Zg�ӱl,K���Ї�c��� dI���9�r�4!A]�မ���~3��#���!\��9""""J��&�����������3��T�vM���uC��Í����G*�[�����W�\G�D7���(���̄$&&�qqq���.���m(-f�ǘEL��k�S���E���P.+HHʍ��'$d�qH������=#""���u�$(t��q�ό ��M]Z������^-�27wҗ*�E�f�2���ׯ�/0�Ysfc!A?��c���{S��p��g�u�����,�����0t����aX-1� �PmdҰm��捰y����kx��(�/)!,]��U����HlmJݵ=��~����+?߹^���jP����F�|���c����{�*�3�:����ّ�֜VW�X�+�����$Ī�����kf���YT���7�5��+$8_o^`^��j�_D �͜��f�z� k&OY2c�,���!�!��{� e�X���B��ì��@G������ ������f��x""~����YI'��_�hX��A|EEE���A:�����<=�=��������n���'��gpM�踶Q��p٦M�����%� �<%YB�.�nҡ.�fg��e_eM�)3�Ji�ZG��BNh\\BmM��Ғ�B�A{��s+�����f&'R�6WP-��$��#6sQp%�""�Җ|���H5i��z���Zb�<*R�o�9��!!!Bk�X:��'�����l�������3r�l&c#�_��·m��jx.�a�����_|B3cU��q�ڬ�����À�B��R��1e��Y�e�ƚ�Xg�f����Ա�u=t�p����B�3N I RdF*sD�E1M�I��iwe��.tܾ\��V�{5���_���|���.?}���n�Û7~.����A����ͩ u)��1y��LihR�?���{{o�4\]���7lt\�v��wԨ��\���?���7,��o�C�5 q��>��|��Ϛig=!�zJ�x�3s��6��i�/�{r ��k � �09a�z�����a�a�P �n7�E]�F=�SW� _Ɔ�q��Pzp|���s���k�8q?GLjE���q��̘�r��&����F�6����r92�\d�.`��&�������E���S&�5X}�ـ�>�h������C��˒�����:mڝ�&Wu�� FL����]��mnnā�����QU�H$L�K�J�#Z$��6sŒ�� ��Y�MC������� �18����j�Nr���֯s��/H�45j���?3�����C���,��!>��""0#$1�;㬀������)tF���^��� ��_ ���CQ��,�����orvpuq�>����xDE�&&�K���""���""~[�tWGG'��\r�Z���6>{v鯿ߜzx���������nUݹR~�GU���C�3:��n�O�,�S�D���Rc�}���A.>>8�6o���n��� �� Ⱥ��4�d����c,�y��+���O|x�4�)k,'�N^\8ia��qbs�o�M��`��/L�}�}��g�,`��z�b�YH�����O�����kld�`�(0��zQ���p�B�;v�ƍ�=�t�Ҏ��ĤjU@�T(�� Y�����W`>aB�F���~i @�d��X��� a��$AC���v�p��o��UN��Ǐ�?j�=+���#�iV�f�-k,+����U��3۷w���`��ť�-�Z�/O������#F9kk�o9�3�Q���(���_��-LU���Zn��un�|�`ii�Y�������O��� Ep�� �T����ϓ+8�.//�qR� �T{F��t��3X&�����A~m6c@��7��;z{;�F�y�������0e���X�X����_����_~̿u���M���?����oN�������{[�ܩ������O�;���3��QRW_�)��R%��b��ϐ W'�a�f�o��5�}�S��=?����[��t&ljd�4p����& �f'�7!>΄yycƉ��.���XR�p���ސ줝®�3Xg� U?��\��l��G$u�t�� 7���3�7X:��k�YЗK�QQ:�Ig�nԪ��ֶk�Ǐ^�p�ʕ+g��xn���ל�2��zB��y�V�\��� �c���:�\�#���Ee�+�,Ò;8�נ�@��FL,���>����4h�H�(�~ٲK#�sʔ��F��-���beј�s�������ׯ?vh���mm-���䰰('����=��;W5�`�b2����~���dj:{a�,��~��aO �5v�ؿ@������y�?��_�>�$8��\�S{{kSscQQKv��ꪟ��633��IP�Sl.��X� �zC�����~��^�7|�q���:�=����)$�M$�J��K��(��Uƴ6���9����@ �zr��ك(̷7���~؎�=�������䑜�;�۷Jk�i�������""�O__gpX��q=�ġo|����ի43|ܱ/��o���ը�1}�d[����3��O���={5~��'>�3Y�����=� �q����Gu�8�a���E��..���Y�f�F��c�b'�Ϸ��;yV��kFV�g5�:��֭-`�ݻw�۷o������w��?�ק/L���r��zƷt��Bm��r-]�ɨ���/=|���ի�����P[S�_���[,�U�-��f9~��+�eԇ�z��w��_.#������G�Ǘ������/�Q6�B:�ju�фaÆ��Ջk�{�������F����26���|�""�t`��+ٰ�Rb""`K�Gâg`g)�G��bqĀ@�ȳ�9Ӣ@…",https://pubs.acs.org/doi/pdf/10.1021/acsomega.1c03792,pubs.acs.org,,]�sWu���޽W��vU��g=�muծ�i����]id4=��czd�o$IESC]���}}ɎD�-k늄#������Pk��%Ԅ#����X��P���T__[[[]�EC����U󨬪������?�p޼ysl���{�g���?����������7�|�7��ӟ���?�q�̙����K/���/��w�{�g�~�駞z���x��'�x�_��W�>���?�������1c�����瞻���?���l�q�?�q뭷�t�M?������믿�뮽��k���ꫯ���+���������/����~���^z�w���K.��o��ַ��M��y�w����_��_�����W�,,,
q027-1,q027,HQL-79 in vivo single-agent monotherapy tumour growth inhibition TGI tumour regression tumour shrinkage in Pancreatic ductal adenocarcinoma animal models,HQL-79 pancreatic ductal adenocarcinoma in vivo,5,www.creative-biolabs.com › blog › adcHyaluronidase-Conjugated Liposomes May Effectively Target ...,https://www.creative-biolabs.com/blog/adc/hyaluronidase-conjugated-liposomes-may-effectively-target-pancreatic-cancer/,creative-biolabs.com,2025-08-14,"The research team developed an efficient drug delivery system: quercetin was encapsulated into liposomes, and hyaluronidase (HAase) was conjugated to the surface of the liposomes. This novel liposome was named HQL. ... In vitro cell experiments demonstrated that HQL had a significant proliferation-i",,,
q027-2,q027,HQL-79 in vivo single-agent monotherapy tumour growth inhibition TGI tumour regression tumour shrinkage in Pancreatic ductal adenocarcinoma animal models,HQL-79 monotherapy PDAC xenograft,1,An efficient drug delivery system to block pancreatic cancer,https://pubmed.ncbi.nlm.nih.gov/40127723/,pubmed.ncbi.nlm.nih.gov,2025-06-10,"Hence, we developed an efficient drug delivery system by encapsulation of Que. into liposomes and conjugation with hyaluronidase (HAase) at liposome surface, termed as HQL. In the presence of HAase, HQL were predominantly accumulated at tumor with enhanced permeability and retention effect. Treatmen",,,
q027-2,q027,HQL-79 in vivo single-agent monotherapy tumour growth inhibition TGI tumour regression tumour shrinkage in Pancreatic ductal adenocarcinoma animal models,HQL-79 monotherapy PDAC xenograft,2,Figure 7.,https://pmc.ncbi.nlm.nih.gov/articles/PMC12223510/figure/fig7/,pmc.ncbi.nlm.nih.gov,2025-01-01,"HPGDS inhibition overcomes immunotherapy resistance and is effective in human settings. Tumor growth (), tumor weight (), and representative images () of ^*V600E*^^*−/−*^ genetically engineered mice (GEM) treated with vehicle, HQL-79 15 mg/kg twice daily, αPD1, or the combination of HQL-79 and αPD1 ",,,
q027-2,q027,HQL-79 in vivo single-agent monotherapy tumour growth inhibition TGI tumour regression tumour shrinkage in Pancreatic ductal adenocarcinoma animal models,HQL-79 monotherapy PDAC xenograft,3,A potential therapeutic target for pancreatic ductal adenocarcinoma,https://www.sciencedirect.com/science/article/pii/S0022356525397867,sciencedirect.com,,"You can set your browser to block or alert you about these cookies, but some parts of the site will not then work.",,,
q027-2,q027,HQL-79 in vivo single-agent monotherapy tumour growth inhibition TGI tumour regression tumour shrinkage in Pancreatic ductal adenocarcinoma animal models,HQL-79 monotherapy PDAC xenograft,4,"HQL-79, MedChemExpress - Cell Culture Media, Supplements, and Reagents, Cell Culture Reagents, Antibiotics and Supplements",https://www.fishersci.fi/shop/products/hql-79-medchemexpress/16466887,fishersci.fi,2025-05-31,"MedChemExpress HQL-79, a potent, selective and orally active human hematopoietic prostaglandin D synthase (H-PGDS) inhibitor, highly selectively inhibits the synthesis of PGD2, and acts as an anti-allergic agent, with a Kd of 0.8 μM and an IC50 of 6 μM. Shows no obvious effect on COX-1, COX-2, m-PGE",,,
q027-2,q027,HQL-79 in vivo single-agent monotherapy tumour growth inhibition TGI tumour regression tumour shrinkage in Pancreatic ductal adenocarcinoma animal models,HQL-79 monotherapy PDAC xenograft,5,Table 3.,https://pmc.ncbi.nlm.nih.gov/articles/PMC12562412/table/biomolecules-15-01477-t003/,pmc.ncbi.nlm.nih.gov,2025-01-01,"| |DM4 (ravtansine)|Tubulin inhibitor (cleavable linker, allows for bystander effect)|anetumab ravtansine (anti-Mesothelin)|Stable disease in subset of PDAC patients; limited responses but synergy with checkpoint inhibitors + gemcitabine (100% disease control in one cohort).|[78,79,80]|",,,
q027-3,q027,HQL-79 in vivo single-agent monotherapy tumour growth inhibition TGI tumour regression tumour shrinkage in Pancreatic ductal adenocarcinoma animal models,HQL-79 tumour regression animal model,1,Activated T Cells Break Tumor Immunosuppression by Macrophage ...,https://pmc.ncbi.nlm.nih.gov/articles/PMC12223510/,pmc.ncbi.nlm.nih.gov,2025-04-07,"When monitoring the growth of orthotopic YUMM1.7 melanomas, tumor volume, and weight were significantly lower (80% and 60%, respectively) in *Hpgds*^*ΔMø*^ mice compared with Ctrl littermates, with four of nine *Hpgds*^*ΔMø*^ mice displaying tumor rejection (Fig. ... To translate our genetic results",,,
q027-3,q027,HQL-79 in vivo single-agent monotherapy tumour growth inhibition TGI tumour regression tumour shrinkage in Pancreatic ductal adenocarcinoma animal models,HQL-79 tumour regression animal model,2,Figure 7.,https://pmc.ncbi.nlm.nih.gov/articles/PMC12223510/figure/fig7/,pmc.ncbi.nlm.nih.gov,2025-01-01,"HPGDS inhibition overcomes immunotherapy resistance and is effective in human settings. Tumor growth (), tumor weight (), and representative images () of ^*V600E*^^*−/−*^ genetically engineered mice (GEM) treated with vehicle, HQL-79 15 mg/kg twice daily, αPD1, or the combination of HQL-79 and αPD1 ",,,
q027-3,q027,HQL-79 in vivo single-agent monotherapy tumour growth inhibition TGI tumour regression tumour shrinkage in Pancreatic ductal adenocarcinoma animal models,HQL-79 tumour regression animal model,3,Figure 6.,https://pmc.ncbi.nlm.nih.gov/articles/PMC12223510/figure/fig6/,pmc.ncbi.nlm.nih.gov,2025-01-01,"Pharmacologic HPGDS inhibition phenocopies the effect of its genetic deletion in TAMs. Tumor growth (), tumor weight (), and tumor representative pictures () of YUMM 1.7 CD90.1^+^ melanoma-bearing mice treated by oral gavage with HQL-79, 15 mg/kg BID or with vehicle control ( = 6). ... FACS analysis",,,
q027-3,q027,HQL-79 in vivo single-agent monotherapy tumour growth inhibition TGI tumour regression tumour shrinkage in Pancreatic ductal adenocarcinoma animal models,HQL-79 tumour regression animal model,4,Cloudflare,https://www.cell.com/molecular-therapy-family/oncology/fulltext/S2372-7705(22)00151-6,cell.com,,You've requested a page on a website (www.cell.com) that is on the Cloudflare network. ... Please try again in a few minutes.,,,
q027-3,q027,HQL-79 in vivo single-agent monotherapy tumour growth inhibition TGI tumour regression tumour shrinkage in Pancreatic ductal adenocarcinoma animal models,HQL-79 tumour regression animal model,5,Cloudflare,https://www.cell.com/molecular-therapy-family/oncology/fulltext/S2372-7705(22)00001-8,cell.com,,You've requested a page on a website (www.cell.com) that is on the Cloudflare network. ... Please try again in a few minutes.,,,
q027-4,q027,HQL-79 in vivo single-agent monotherapy tumour growth inhibition TGI tumour regression tumour shrinkage in Pancreatic ductal adenocarcinoma animal models,HQL-79 tumour growth inhibition pancreatic cancer,1,"Phytochemicals as Multitarget Therapeutics in Pancreatic Cancer: Mechanisms, Clinical Evidence, and Translational Challenges",https://onlinelibrary.wiley.com/doi/10.1002/ptr.70430,onlinelibrary.wiley.com,2026-08-16,"Curcumin, a Jab1 inhibitor, reduces tumor growth. ... Quercetin has shown potential to inhibit tumor cell growth, but its effectiveness is limited by low bioavailability and poor solubility. HQL's ability to degrade HA in the tumor microenvironment facilitated NP penetration and contributed to its a",,,
q027-4,q027,HQL-79 in vivo single-agent monotherapy tumour growth inhibition TGI tumour regression tumour shrinkage in Pancreatic ductal adenocarcinoma animal models,HQL-79 tumour growth inhibition pancreatic cancer,2,An efficient drug delivery system to block pancreatic cancer,https://pubmed.ncbi.nlm.nih.gov/40127723/,pubmed.ncbi.nlm.nih.gov,2025-06-10,# Quercetin liposomes conjugated with hyaluronidase: An efficient drug delivery system to block pancreatic cancer ... Pancreatic cancer characterized with intense hydraulic tissue in tumor extracellular matrix (ECM) resists most of chemotherapeutic drugs. Increased levels of hyaluronic acid (HA) rep,,,
q027-4,q027,HQL-79 in vivo single-agent monotherapy tumour growth inhibition TGI tumour regression tumour shrinkage in Pancreatic ductal adenocarcinoma animal models,HQL-79 tumour growth inhibition pancreatic cancer,3,www.creative-biolabs.com › blog › adcHyaluronidase-Conjugated Liposomes May Effectively Target ...,https://www.creative-biolabs.com/blog/adc/hyaluronidase-conjugated-liposomes-may-effectively-target-pancreatic-cancer/,creative-biolabs.com,2025-08-14,"Recently, a study published in *J Control Release* entitled “Quercetin liposomes conjugated with hyaluronidase: An efficient drug delivery system to block pancreatic cancer” has brought new hope for pancreatic cancer treatment. The research team developed an efficient drug delivery system: quercetin",,,
q027-4,q027,HQL-79 in vivo single-agent monotherapy tumour growth inhibition TGI tumour regression tumour shrinkage in Pancreatic ductal adenocarcinoma animal models,HQL-79 tumour growth inhibition pancreatic cancer,4,"Buy 1-(8-hydroxy-4-methyl-3,4-dihydro-2H-quinolin-1-yl)-2-methylsulfonylethanone",https://www.smolecule.com/products/s7484455,smolecule.com,2024-01-05,"In Stock * This item is exclusively intended for research purposes and is not designed for human therapeutic applications or veterinary use. ... 1-(8-hydroxy-4-methyl-3,4-dihydro-2H-quinolin-1-yl)-2-methylsulfonylethanone, also known as HQL-79, is a small molecule that belongs to the family of quino",,,
q027-4,q027,HQL-79 in vivo single-agent monotherapy tumour growth inhibition TGI tumour regression tumour shrinkage in Pancreatic ductal adenocarcinoma animal models,HQL-79 tumour growth inhibition pancreatic cancer,5,chloroquine and hydroxychloroquine as anti-cancer agents,https://pmc.ncbi.nlm.nih.gov/articles/PMC5718030/,pmc.ncbi.nlm.nih.gov,2017-11-23,"* A similar observation can be made when comparing CQ efficacy in pancreatic cancer mouse models and a lung cancer mouse model: CQ significantly slowed down tumour growth and increased survival in the first, but not in the latter [27]. ... Next, CQ and HCQ were tested via *in vitro* assays, in which",,,
q028-1,q028,HEC234055 in vivo monotherapy tumour growth inhibition TGI tumour regression tumour shrinkage in Pancreatic Ductal Adenocarcinoma animal models,HEC234055 monotherapy HPAC PDAC xenograft regression,1,[PDF] E262019A_Sunshine Pharma 1..4 - HKEXnews,https://www1.hkexnews.hk/listedco/listconews/sehk/2026/0423/2026042301899.pdf,www1.hkexnews.hk,,"Significant in vivo efficacy: In multiple KRAS-mutated xenograft tumor models (including pancreatic, lung and colorectal cancers), oral administration can produce dose-dependent tumor growth inhibition and even induce tumor regression. ... The preclinical research data disclosed in this announcement",,,
q028-1,q028,HEC234055 in vivo monotherapy tumour growth inhibition TGI tumour regression tumour shrinkage in Pancreatic Ductal Adenocarcinoma animal models,HEC234055 monotherapy HPAC PDAC xenograft regression,2,PDC000198 - Proteomic Data Commons - National Cancer Institute,https://proteomic.datacommons.cancer.gov/pdc/study/PDC000198,proteomic.datacommons.cancer.gov,,This system is provided for Government-authorized use only. Unauthorized or improper use of this system is prohibited and may result in disciplinary action and/or civil and criminal penalties.,,,
q028-1,q028,HEC234055 in vivo monotherapy tumour growth inhibition TGI tumour regression tumour shrinkage in Pancreatic Ductal Adenocarcinoma animal models,HEC234055 monotherapy HPAC PDAC xenograft regression,3,Article Rapid and Selective Targeting of Heterogeneous Pancreatic ...,https://www.sciencedirect.com/science/article/pii/S2589004220301905,sciencedirect.com,,"You can set your browser to block or alert you about these cookies, but some parts of the site will not then work.",,,
q028-1,q028,HEC234055 in vivo monotherapy tumour growth inhibition TGI tumour regression tumour shrinkage in Pancreatic Ductal Adenocarcinoma animal models,HEC234055 monotherapy HPAC PDAC xenograft regression,4,"�NH�w���m�3�R��DU�Պ��Q7W�r����%�C�z�A�?w7r�$����r��z��E &��#��""t����� �ŠZ�� ��!��#�9�ax�Ȭ��!�d�f��_�����@���v��۵l�.;y8Ό��dx���( _T����Sm�]�H3uK�Ţ�fv�R��%�3Y+�Q�z�-k��ݫ6�9�HO���p#[H�����V6�l'?CP����>��Q�B#U�An$�\�N����xXR��ز�������M��|N�x� �t�'G�y��zݞCp�� 5W�Y�Q��w��t�N��H��_ɸ٘d�5�8����a�b�\L�$���~������ �N����@�6�v.�,3J�GP�礏�)��$���=�{�ƞzl\/��L�_f-/�d]櫦�?%�n���]��K�У�Ez��h�*�b���ᥕd��d��[(�.��Z�%Fޓ)��Ҿ_�K�E}aE܍�?S?��|�ZV�ل��9`{��P�BA+����&����"";�y3U�2�ͨ�4��mwAlI&)J�1�9�Zy� I�(uKy&\t ?ɓ�?�7QY�:���\���G@1q�U��l�ӗm��~�;+Tor�f���O���/�1L��t����#P��7�W��W���\��y�@Y|� ߲`������sb�CԮ�o�<��;e1Dz��wQ�sN��K�wt�`������&����8�����=KS2��MB�����9��O��!�""]�M]�M�.��[�e9���Z$��~�Lf�e�Ҧ�E��J�6���b��Gŷ߄��o��38�5��q����I�>ѽ���ɑ7�/H��K#�ys���K�߇�0��f ?E] ���{���%�0 �v�p�o��� #����i�4��z3x],��Q�(t��TyM�t��B����UYI���0��+�x�����-�2�g�:n���dy�c�{����8���5�6��ے>}��*�Ήi�rQ������C�G��.�Z�Ϭq�G�ZF*u붟�[��(�(ݏ�Fj�����#l ���l�$C���'Ş8AN[� Kf[d��CkY6,a\6SY_�oSc���V��&�UH�K�QO�N�_����ڦ����������)vD��C����A}�F""������Wd B&{j^Hbe�(���<�z�Rjd��VT�@R������^�pl����9@���6�U-й�Å��ց�Q��#�#� ���RuQ�s93� � U�Kw�W77��WA0S���ꮸԌ�����2���6S0�6X�1�PoE�lFH�������kJ�I� ���@����|Z��g�o?�|�(V�4V���U����C��!;��L�u�w���/�{�-�<���+|�S(W|_�@�a�~.k_+NܲXl]n)����Sx(�2#m��~X��nR����|��Ԗ5��z�[��0�R�3�D�lւ�X�z 4g��y֎�#w�_�;������×��v�%�u��[є�X4��6�8C?}� Cر�%���������5���\�R��ш��+[�g���8�rU�Z���zX_�؎�0����Hpe����݈`�7F�t��b�V$ϳ7q�g[hNJ�?��ot�� /��J6O���� Po�YF$g��.�����?��)�u#5sd��./��#�El|Š7��t<��1�V=����n""TĒ�o����;�l��Dף O��|�{U���h�?�%��-�F'��K��(`�ku�m�Fri��@�i""�����Hs!Vu�J:p��۫ ͏�D�%��/��)��A*L:x�_�����+k�/ݶ����JQnW�PPtnS�����15�>���\*[4v;��?�����������㕬�y�ӊ=��-��'V��,|�H|�{T��G�Ƙ��Ԣ���,�H,���/�x�'��(�H?ɸ�������ԛb�Dޓvt#)Ƹ�X˯W� \z""���`'u���|�j��vaX&h��O�&a�e<��|l6���>��|�����o��sLV8��+��2�qËRjjJ�i������f��l�sfFsb��eJ��7�̽�4I r��q���������H��q>����*ċD�fE�5�1M��iuk��ܾ�N��w��;�3�u%٠��m(�[k�ڶr���^>�C�Zq�'AV����""���-x�|ڌ�J��-0��z_� �_'=���0�̸����XC8���0R]H��9�������J�Ϫz�;�� eg8T=3|s<���X��$��Y��c�N tG�����2�T�٧I�8Kz�?ۃL���ݪ�O��ƙ�2�Ֆ��F�X(V�1'~�%!z�=�5`�-}�6�3��G�����/ocГ[:�""b�Mf����H2o������3֓�M���BG}�!ߜ����l�d�Ȋ�Ai��p~�|� �������[��I��p�n%7l�f�՟,�Z��R��qgH`(��zJ������ zl��22S�$��ÿ�z)k�TE�(�v�����lIyCtc�*�����gy��a\^i���2�=�3�o��kYqY��v�e����g��D�:��6� Ad:L���ߓ�Ӊ""`����Ga��JӃ���ʧƈ��D����H�`6-�zK�j9��Ҹңá´S�>���a�/�̫�P�Dnڅ�U�S�����d)�`2�ܞ�B�)�� ���P��H��=ikh���U�v����~� �4�t[��ʙF�Fn�ɗ'�plW�E��""�U��6W���[Jq���|��8ě�\�Y�������b������C�)/�>op��~�:�s]���e�0ś�xk�7K#��F��Ъ��>S��\em�l���""d��e���A��FwrƟ�:��o8WA8=l����P(u���e��+�<���M uM%���%�x�E���1=""8T#k&t���M�� �X�d fN$�0\K:�����������h�3����O��@���=����[�\\�S�\p1I�]�|6��ذhϔ�TT>�pσ�9.1�8�ĭ�""~J[H�2V��8(�ԯ���`�ˠ�6�F�B��+�ެ�+��@�W��JP^�������v爛GNJl}ٯQ��?�gԄ��i+9����?��o�we�4/t�\���A��� ��S���Y�����Kb�(Ա(�#����4�~o.�!�^�̘��PoY������ʞ&���Yr-����M�����dH�>Q�lx�ׂ�����8�Ҹ7b@�O9I��JsQ���}� �c()����L��k����#��<�#�]1{S�eM��žA�b�?�0����_XB ��-쎐c�*wPӈ��дRx��CnӶ���I�� 2��;BwnL�""-�{�e��;%��'��1I�o�'�@l ��e[zJ�g��m�Z �G�y��x���+�d��/��f���+���q~+([���U����b��^��*r����Rk��)i=I��e�ds�e#���A��(H���ٸ�;�7���ݥ)-���㪮[�H��Y��B5q:(�9�1`������c�;e�W/{/d���B���+�K7�F���T�Z|�}U��6D�6�j���x����w�o��r�Df�_6N�8wFJ/�\4�����}�]I���N�,n�KAJ�=�<Ĥg��""��`�hwF�u3�i���C^�em}�jΩ��T��K����""ʪ�4����{Urm�bx���_2����k#�9ƨ�""���c�������?6~��g��b�T�$GbV5�O���t�ͽe���Ā�m�m� }7������˺M �+�����画y�{��_]~�����j�L�h�*���x�����%��Y��])���� �܊2<���V:��c-�{��z����fm�����xHA�6ß��g' �_4��L�<�a���4�q(�""��D�����Ԧڎ×�7_����S#��f��}�/��HE: �/���E�N|B?0THI%�Z���-z$�%��KĢTT���p����\��'����%Q��+ 7ߙ����rg��+p�/�>��2�5e*�-�V�l���_�҃�y�v|�$&� 3�֏BHuJ��I����)�n�f+�ۖ�f�s�Ir�-�O{���p(���L�\�W�����CiC'Ǻ]2W��x��+�i�Mk��:f���,wJ{m������8���$�ͳ��7z�������~mڿ�HGؠL[Ha�7�ЈY'��-�weH����g'�z⸭�+�v�����?%��n]b��`���g�ReKĽv<�i�W�C4v�ܨ��M7�:��O&Y�$\o �ʪ����H!%oЙ��C�B꣕ �g�~,��R@�L�G(��y�ߧ#��塮9��� ������i.҂����F��������jq�XA��g��K�D�!�V�+��f�`�����a��m�G���t��Nk�|���}Z�V��V�xHFH�,�dL�y��HةY?-a�DŽ�24>d.lfc��Ĭ��ל-}��9y�� �M�*W� ������X�oGx�^zd�2 ����N�d���J�K���~�D��� ��%����r\It��}�W�ò�F-R+�� ��m~`��S����Ws���d��h�u����Ï�OhA�~6Z�Qð�qǚׅ�QEL��J=S��G��-w�m�������sn�0[C I�oSY֛���W�ͥ�#r�����2v���=�T�(��q���^�ʤD�z��z��،V��Qk���^�.QNHyA��o��X�a�����N�9p���4�>�(VX�忆�(L_K��W��K�)8z��bYγ�B���-�~���D\P��`�|�J�D�e�����Ʃ�d�Y����h�zO �~$�g��""��5�Qh�%�0�چY�5����߉�/Q˔�4����7 kj���N�*�����W��ϳ�J*�2�c�a�rE_;��Z���Y�[py�����eP����ʏGy���t�)���Q�,g�%��Z(~��_�?�͐ ����Av��4����(��ǰn�ɋˈU �暩]� th���܍�q������UcZ}�c/�8�ьV���%�4�nzq쁡��g8�O�� i�Y:P�Rڟ�X:���~� ����,U��E�p� -��[ө�~��V�!pމ���5����e�6��w;�g�����q�A�v�x�y�]��մ+#+�W��W�6�W�ad�ݚļ�S�� 4�����g�fϸ���|%��\�L�#���� ���8��� O��%�f�s(�,�s�""��'�Έ�#��?��b͓��ɕ��� �*ඇ�e7� ���^���m-�iX����Ļ)�1�bp�L�Y�F�;����/��C2Q%�*3�j�{op��YU��s�d�sG/�����Yֶ�8��miU���a�����t����?$���i?�:�|^9�$������!�4)��~φRZEːo���l`0����UZ0�tnZj����ϳX(1X���}���k��M�-�S<�U�Q1U��p1��\�v���2��M���`���p����3j�*t���|�'!�-�ٔ�Nn>��%��n�����S�`*��σM�`$e�#�^���z�x�sTm�?�- �Y�(�YvO�n�q�y�jW٬MY���! 6�P��䙃��ڛ�뮊��!͖�z��CK��I� 9~� Fk\�d���Z:��92s��UD�ݛU�o�l����kâ���i�|������5�U��zx�x�rٿ�V-��l}%�����S�zoB{Q{�X��r�y�e��RT��t�T��ʫ��<,x*۠�B�E6�*h9�[�#��D}��s�䏷��cא�:!8�V|��Dg%u�V�o`�}G�mM���w��5��kߧ~9;έ5��,�6/���9�����T��e�aʘ(p�ᘿw�>�p�aMB���D�Eҷ�+����3ޫo�������a��}jY����u|���=�U�.��������狕��P��k>�B���9�����6�~�k65Sa��;|�)�i[o��.�t��)1�,�we�Ǧ��P�C�ߟW[��!���V�ɴ�d�)v4��Vc|s������w�u��`�yYlQb �K��WV�wr�E���%mVZ��}�.Ӽ�8�f�|P�6���k�|�Q�:���_�9����Z�'x���R�c0��H��aI�p�N���n艹�E:ְR���Z,�\�^L�P'Q&�~�5ܧ�h���{����a�X{�� �*Ѷy��,�6�v��7��@&����{U�;�>�sV�}��ć�� ��:.�,2�y�G�ˋ͊r��P����.���R�����*蛱""��yШk�(�7�� �CVJg�j6m.�o�6X@PpH�/e�`�J��M�|���U""�c�%%]��""�,ED+��Y�tj'K^MKV�J1��^T8 E�H�"" �� ���韐bQ�ǩ}��JOL�5[��F��#��f���l�x���UEN;|e��9�j�""&�*�ӏ��>�� U$V۽��������|�S�d�L�;��PC]b����*3 �Ƕ�""e)�ȳw|�lB�����0Xs��hw�1��s���8""�!�H���� �ƒ�@���~E�����aZ&��[1}�fQ\�J0p���致�*u�v���hy���Ī�`=o��%<��(���}�/Y8%����mHC�Z�6õ���'���r�ɹ��fBr���8�X(bũN�S\����>�p5W�)����k���j�b�V���o��y�M �š����vB�4���3��k jݦ����D�<���˨���� L�+(�g�n�к,w��!�����`�\���Q�p`�e�>t�P�Y�N�?ݻ� ��w�*�k{�������i<����B��}^BB��x����vx^c�1�Hy�.�|d%xI""�h ��f�y��9a)�&�t�s����W^9u}�Q����ܱ��t�=05��L�?�:�/�O��-�=��zQ�\Α��,ꃂ@4,F���@�GX����IR�P*|F��O[&/Eԭ1�u�^�0o_l��{G��@%Fgs�N�x]l��X�����$ю����Zڒ�#Q�9;�ս�e�J�xʶ�P'TJqx��Py���� �����P�+��.�D�tP�N}p���1�@I�/�c_�<�� [9�a�=q��ӑ;1֗��}٪��8�J��giU�C�F[�����pV���QJ�r4Ղ����Ȕ'G�,{�a[�K~� n�d�w�0���N<�ڭb��{���L-۲��C�M �����{����F#����ƍ��:�""� �?�`n�\i�h�ɇ.\o!ܽ�C��8�Q�B���p#���JJ��c3۳G&Y&�*�L �O}�y����Cy�Z�m���f�w��U���@x�t-�[�f���_��1���e��(��J�Jȷ�ś��i#�_7Տ[UB+ͥ�ױ�Y�*Mȭ��ݲÝ��*�� �?<���x7���R���;{��_UjUn�\�g)���2 1)}T�HJ�Fw�]z[�5 Xc�|ây���Vk&�e:��*�.$�I�=�V�7k�f{��|�-^����x9rΪ� ��ަLsʸ��4� �kL���/,7o�h""��osX4�7���r�+�6W�}��I �{��,�Il:NFTV��e�,ZsAs�hU%����Zʟ���ʭQ�#�,�;fq��Kl�`��^�p�x�B��v�4� �#���ӿ�����U*��DKM��5��ۻ�lގ^��T̔��܌_Q����Z3�t�|z��� ""K8nO�6�7YԥX��/Tlձ/�O�S*��*��""�)�<;�x�ѬɠJө���Ռ�X�Z�2��u˽n��'������.+?�$�o,)�0�=#}H_��R���ݎ��s3zf}��_��_��M�M �V��l���*���&��""��D#�3G������/� ��h3���쯅��U��m��a�)�N�}Wc�EދЮ�G*)F�㎪����>�eX�Rcr���^����2?����g�G�F'�oM�Gv�B�r3�5��c�rn���Z��;6KgTI�����'�l�r��b>�I�P���S���$���h�J���`�OH�b� x G���ž#��q�� ~�4 §e��^k8��\�!\e v�%��rO �7�ζ=��g���!䏿�����?V��N��� �{��/�7�+3�U�k�f� ���7�:`��6 ��ρւ�ԨV�W�K,߃Ķe:�Y���q�u�] o�6��V`o�p�=3~����$g=����Z��w���� :��x�.t���V�#�e���A�S�R�x� :��z��-�ei���0�ݜ&&1oR�<�P��X:���V��& oo�.n�R�'J�G��u��L���c=MJ����9����w�߅(�����""�h �s9���� i5#u�k[���j�xD�HU��A���\o�r�:�ۨb�o��ޯ�*er�ƹ��ֲ�,�� [w=G>���n���>Y<�h�y%\>){�#q����x-��@?'G���UU6��Χ5�`e���s�D���'������fx��<�?���Aڭ���欽��h;�i#D~N��*7N�N[>�!Ŏ�$5��DQ�t��G��6��*J�g�⇔�<�c��F��f]��Ť�m{���k�c��N��Ϛ����r��n�={=� ��kb���ߺ@�7%���H�P�Z}?�c��f��7n�V�햱��|d�W�`R؍��ź1S�� ��D���5��Ǔ�<��E�+�H��>8�)��U4�3�5�TU��GXpho�ψ��f�]KKMS��*.xˁB���z3 �eݠ��{��k����̨|0Hn4n_cQ�e녶��Oh/c�d��Rף_�߯i]��Z������ʻ8)�?ì0��B�5W˵�}����4�z""z�~g��:�����/���|�2�S\��_۸���ߖ�y;�<{�c*��ĸf���ʩ,??��Q�������^$4�ͧ�D�q��i�g{H��B�TäL:�>{�Ϫ~oϺ�y�f{�Q��f#�]���0�O���P <����+����:X���L�L�v:B`���jY;/i��F]�8�<�N(P��nΗw*v#���\m��'ݠ�ɘ�r���m�[�T��'?�7���Y�tf8FZʄ�s�oJx�al�i=���s��=u��l��#��p�� �a�e�m�1�����k?����v�p���o��R^Oo��t��nz���\�s��""I��X��Y��=�ݎ�9'��+32���$�ggAEE��Јf� �_uC�����r���ᕱu�c�� i�������+�����C�P֮�7i�L�2s��P��8�f��v6x=�B�0Aqy�V�N��U�����k\����Z���QY�g��Q�i@��V;�Π�9��5�Za��h�?��3��v[����R�K `h���! �(=��tQD��PCS @ EZ��""�����H����~|η����������2�c�u�5�{�y�kι�V��%m�8U��!�<�6���?��ܿC,�D�t ]��z � %R�ҙG���Gc�M߾�6j���18M�K�G �k�yqih��S������vf)�n�v�ul����edPf�;����.���[��<����+� ��K�%{l�H#N�H�.��C��7����%O����xi���Hʬ���y�8 $/D����K� |b��9ǧ"".��I���r��[���c2>�� �*��M�����g1:���v���T�7FD�2<�^|�n�t��L�E� ?""����$�@؟xp �䙏�1A����e�pL+\�'��+g`�z-��d��Fo�3+���w�˥�n� Zr9�g�@�5�/��.��j �Viw��fdm��A�͞x�]�l���}��~w�[W���UU̢�F�{9�y��)T�Ju�o������&�x�ܝ��ͫ�Y���PolB`v��<�4��C�j+����pZFB�<��$��5��5�Z-��X�{^۞�*���=�r�f�LEr�9 �6a����$�CzMR8�0���Ĺ�����ң.�Q�5�����:b��$�^7����%3��d�'��p�""�1��H�mt��[�o8g��%[��NA��A����T�����lu |�n�eʜ���FF{�lEMo�m�B`�PLS���)�vY9W�iD�Oa&�V����&n�wHPu��C�+Jh���<� ��i��\W0�/w���~1�c~rK7���}�_�R�Đ�����;>�%y�ʧ⋑ش^��2�z��L��v���J$`�@Ӕ�`�������)[�J?�O�]��~��ZW�ېj�L�q��� ~Ѓ}P��,�KC�sŻbΚu6?��$H.D&�d����s�#m �Ϲ��Z�GN+���!Ք6PYe�����$���='✤:x�)��u�x�N^m��.Ii�:��BQ�.����Bˌ�������9L?ȷ�Gl�_""�{:������9�П=��%�ԅ,2�Gټ ��ŷ34�t����%��d ,��|�p=�z�] �4�i�?p�V���y���*w+�¡���i���Wɓ��`��ĕ�!�s����*���f.�X�kcԳ/�+;��#ùvOi�!��,M;��H#��""zZ�m� �F�/'���.��i���s[��~��7�s�Ī'7�%96RU5ˤ�N�yK��{TE��w��G9B�w�{�-������|���K��T}I�g)*>yB~*�lX���A(���܊�m�I/3�Jt�4e�W��)��.ᇇo��""������t�3�O�BSӝ�O�YKu�~@�}r1wSz@8������D� E�֛��[GN���U�.�HRtr��p݄H�`�l2�����=ZO�<��3�0�Jnu͇U7����u�@� �@�I�V�o�'�G!���ı�_i��t9K;[1黲Ϛ�Y� ���z��m<��r�$��6��S� ;�nd�m ɵ{�WbAjX/��������-�t^�#C���P˻��y�dP������默8]���w�3#��:*�N8�ڢ̂���wȜ�U��J73��މ9g�F��on����D��S�����4��A��<�]f�Ŏ�b��r���?<��ӗ�U��W�xnŸ��8��z=��re�Q���@�K�f���z�o��8[w������a\�WT��9�������)��MuK��&¶],Q�D�S���N�.j��X�X:�6`Rp�T���k�.F�Zd�����E���'��������c��2�\3��$Kb8M���ain�g���r�z�(!�!֖YL��5>�ڹ�S_~����@�Iˆ�8��j�V��X� ���6��Ҳ���X��ƷX }�C�9[��g���W�Jof$�齍�e���/!�h�|��oa���Q�B&�W�A��tnS:��-���E���Y�*�P\�\��s�<)F�z�R��v�U�ZU{����:4�O^5���v�H�D (�'(*��L<�w���2���w��;FnכgH��@�(�w��'uH�g�!�,$>>�=�{U�@���I �F)��s\��U��'j���,P��oP�w��…",https://www.frontiersin.org/journals/oncology/articles/10.3389/fonc.2024.1267596/epub,frontiersin.org,,"�R-ux�x�a��3�)�s}7�yΒ\�X��w]=�Lޔ���(������@U[W���!�̫�� ����g%��fw~F���o��DR2�S�T� ա�o���������w��[�0����������{IS�9��>7�ۜ/~���� ��MW~�dedAF�`�M�Av�`֑|h'�~^S����Hy��+9t����'��-���8m4nDD� ��}�K=G:�ֳE�,��,�w�",,,
q028-1,q028,HEC234055 in vivo monotherapy tumour growth inhibition TGI tumour regression tumour shrinkage in Pancreatic Ductal Adenocarcinoma animal models,HEC234055 monotherapy HPAC PDAC xenograft regression,5,Biliary tract cancer,https://www.sciencedirect.com/science/article/pii/S0748798324005419,sciencedirect.com,,"You can set your browser to block or alert you about these cookies, but some parts of the site will not then work.",,,
q028-2,q028,HEC234055 in vivo monotherapy tumour growth inhibition TGI tumour regression tumour shrinkage in Pancreatic Ductal Adenocarcinoma animal models,HEC234055 PK-59 PDAC monotherapy tumour regression,1,[PDF] E262019A_Sunshine Pharma 1..4 - HKEXnews,https://www1.hkexnews.hk/listedco/listconews/sehk/2026/0423/2026042301899.pdf,www1.hkexnews.hk,,"Sub-nanomolar cell activity: In a variety of KRAS mutation-driven cancer cell lines, its anti-proliferative activity reaches the sub-nanomolar level, with half- maximal inhibitory concentration (‘‘IC50’’) as low as 0.49 nanomolar (‘‘nM’’), showing potent inhibitory capabilities superior to current b",,,
q028-2,q028,HEC234055 in vivo monotherapy tumour growth inhibition TGI tumour regression tumour shrinkage in Pancreatic Ductal Adenocarcinoma animal models,HEC234055 PK-59 PDAC monotherapy tumour regression,2,Press Release,https://www.perspectivetherapeutics.com/newsroom/press-release?i=159323,perspectivetherapeutics.com,,"For more information, activate the button labeled ""Explore your accessibility options"". Newsroom",,,
q028-2,q028,HEC234055 in vivo monotherapy tumour growth inhibition TGI tumour regression tumour shrinkage in Pancreatic Ductal Adenocarcinoma animal models,HEC234055 PK-59 PDAC monotherapy tumour regression,3,CCDI Hub,https://moleculartargets.ccdi.cancer.gov/studies/phs003215,moleculartargets.ccdi.cancer.gov,,This system is provided for Government-authorized use only. Unauthorized or improper use of this system is prohibited and may result in disciplinary action and/or civil and criminal penalties.,,,
q028-2,q028,HEC234055 in vivo monotherapy tumour growth inhibition TGI tumour regression tumour shrinkage in Pancreatic Ductal Adenocarcinoma animal models,HEC234055 PK-59 PDAC monotherapy tumour regression,4,Pancreatic Ductal Adenocarcinoma Archives - Annual Report - Ipsen,https://www.ipsen.com/annualreport/clinical_study_indications/pancreatic-ductal-adenocarcinoma/,ipsen.com,,Download the report A conversation with David Loew Press shift tab to select search category ... No,,,
q028-2,q028,HEC234055 in vivo monotherapy tumour growth inhibition TGI tumour regression tumour shrinkage in Pancreatic Ductal Adenocarcinoma animal models,HEC234055 PK-59 PDAC monotherapy tumour regression,5,A potential therapeutic target for pancreatic ductal adenocarcinoma,https://www.sciencedirect.com/science/article/pii/S0022356525397867,sciencedirect.com,,"You can set your browser to block or alert you about these cookies, but some parts of the site will not then work.",,,
q029-1,q029,TP-317 in vivo monotherapy tumour growth inhibition TGI tumour regression tumour shrinkage in Pancreatic ductal adenocarcinoma animal models,TP-317 KPC pancreatic cancer tumour regression monotherapy,1,Cloudflare,https://aacrjournals.org/cancerres/article-pdf/60/14/3978/3239751/ch140003978p.pdf,aacrjournals.org,,"If you are using a CNAME origin record, make sure it is valid and resolvable.",,,
q029-1,q029,TP-317 in vivo monotherapy tumour growth inhibition TGI tumour regression tumour shrinkage in Pancreatic ductal adenocarcinoma animal models,TP-317 KPC pancreatic cancer tumour regression monotherapy,2,Award | SBIR,https://www.sbir.gov/awards/203006,sbir.gov,,"To address this opportunity, Thetis is developing TP-317, a Resolvin E1 (RvE1) therapy for PC. ... Preliminary research conducted in collaboration with Dr. Dipak Panigrahy’s Lab (Harvard Medical School) has shown that TP-317 can suppress tumor growth in multiple animal models as a single agent and h",,,
q029-1,q029,TP-317 in vivo monotherapy tumour growth inhibition TGI tumour regression tumour shrinkage in Pancreatic ductal adenocarcinoma animal models,TP-317 KPC pancreatic cancer tumour regression monotherapy,3,Award | SBIR,https://www.sbir.gov/awards/219884,sbir.gov,,"To address this opportunity, Thetis is developing TP-317, a Resolvin E1 (RvE1) therapy for PC. ... Preliminary research conducted in collaboration with Dr. Dipak Panigrahy’s Lab (Harvard Medical School) has shown that TP-317 can suppress tumor growth in multiple animal models as a single agent and h",,,
q029-1,q029,TP-317 in vivo monotherapy tumour growth inhibition TGI tumour regression tumour shrinkage in Pancreatic ductal adenocarcinoma animal models,TP-317 KPC pancreatic cancer tumour regression monotherapy,4,Therapeutic pancreatic cancer biomarkers and ...,https://www.sciencedirect.com/science/article/pii/S1044579X25001105,sciencedirect.com,,"You can set your browser to block or alert you about these cookies, but some parts of the site will not then work.",,,
q029-1,q029,TP-317 in vivo monotherapy tumour growth inhibition TGI tumour regression tumour shrinkage in Pancreatic ductal adenocarcinoma animal models,TP-317 KPC pancreatic cancer tumour regression monotherapy,5,Firm | SBIR,https://www.sbir.gov/portfolio/406944,sbir.gov,,"To address this opportunity, Thetis is developing TP-317, a Resolvin E1 (RvE1) therapy for PC. ... Preliminary research conducted in collaboration with Dr. Dipak Panigrahy’s Lab (Harvard Medical School) has shown that TP-317 can suppress tumor growth in multiple animal models as a single agent and h",,,
q029-2,q029,TP-317 in vivo monotherapy tumour growth inhibition TGI tumour regression tumour shrinkage in Pancreatic ductal adenocarcinoma animal models,TP-317 KPC PDAC dose schedule monotherapy,1,"Pembrolizumab, carboplatin and paclitaxel 1 of 5","https://www.kmcc.nhs.uk/s3/assets/lun-043-pembrolizumab,-carboplatin-and-paclitaxel-v4.pdf",kmcc.nhs.uk,,"Intent  Palliative    Frequency and  number of  cycles  Repeat every 21 days for 4 cycles then repeat every 21 or 42 days depending on cycle  choice.    Maximum of 4 cycles of pembrolizumab, carboplatin & paclitaxel followed by, in the  absence of disease progression, continued treatment with pembro",,,
q029-2,q029,TP-317 in vivo monotherapy tumour growth inhibition TGI tumour regression tumour shrinkage in Pancreatic ductal adenocarcinoma animal models,TP-317 KPC PDAC dose schedule monotherapy,2,���������,https://cdn.clinicaltrials.gov/large-docs/61/NCT05508061/SAP_001.pdf,cdn.clinicaltrials.gov,,������������������������������������������������������������������������������������������ ��������������������������������������������������������������������������������������� ��������������������������������������������������������������������������������������� ���������������������������������,,,
q029-2,q029,TP-317 in vivo monotherapy tumour growth inhibition TGI tumour regression tumour shrinkage in Pancreatic ductal adenocarcinoma animal models,TP-317 KPC PDAC dose schedule monotherapy,3,Unbiased in vivo preclinical evaluation of anticancer drugs identifies ...,https://pmc.ncbi.nlm.nih.gov/articles/PMC7720119/,pmc.ncbi.nlm.nih.gov,2020-11-16,"In vivo drug screen identifies effective combinatorial therapeutic strategies for PDAC. () Schematic representation of in vivo drug screen design using syngeneic orthotopic KPC allografts. Two-week treatment was initiated when tumors were detected by HRUSI, at a time point when tumors were of 100–20",,,
q029-2,q029,TP-317 in vivo monotherapy tumour growth inhibition TGI tumour regression tumour shrinkage in Pancreatic ductal adenocarcinoma animal models,TP-317 KPC PDAC dose schedule monotherapy,4,�,https://cdn.clinicaltrials.gov/large-docs/99/NCT03814499/Prot_SAP_000.pdf,cdn.clinicaltrials.gov,,������������������������������������������������������������������������������������������������ ��������������������������������������������������������������������������������������������� ���������������������������� � ����� ����������������������������������������������� � ����������������������,,,
q029-2,q029,TP-317 in vivo monotherapy tumour growth inhibition TGI tumour regression tumour shrinkage in Pancreatic ductal adenocarcinoma animal models,TP-317 KPC PDAC dose schedule monotherapy,5,protocol.pdf,https://cdn.clinicaltrials.gov/large-docs/73/NCT03499873/Prot_000.pdf,cdn.clinicaltrials.gov,,������������ � ��������������������������������������������� ������������� �������������� � � � ��������������������������������������� ������������������ � � ������������������������������������������������������������������������������������������� �������������������������������������������������,,,
q030-1,q030,SGR-4174 in vivo single-agent monotherapy tumour growth inhibition TGI tumour regression or shrinkage in Pancreatic ductal adenocarcinoma animal models,SGR-4174 Mia PaCa2 monotherapy tumour regression xenograft,1,SOS1: tracking the evolving path from promising to actionable ...,https://link.springer.com/article/10.1186/s12943-026-02632-7?error=cookies_not_supported&code=89f85997-69de-41bd-b40a-f6985ed2b656,link.springer.com,,"Mechanistically, SGR-4174 binds to the catalytic domain of SOS1, disrupting SOS1::KRAS^G12C^ PPI (IC~50~ of 13 nM) [80]. Preclinical in vitro studies demonstrated that SGR-4174 administration (IC~50~ values ranging from 42 to107 nM) resulted in a robust impairment of RAS-mediated signal transduction",,,
q030-1,q030,SGR-4174 in vivo single-agent monotherapy tumour growth inhibition TGI tumour regression or shrinkage in Pancreatic ductal adenocarcinoma animal models,SGR-4174 Mia PaCa2 monotherapy tumour regression xenograft,2,"Schrödinger, Inc. - Drug pipelines, Patents, Clinical trials",https://synapse.patsnap.com/organization/ee6d0cc13d500f7740bc81b30e6d5978,synapse.patsnap.com,,"In KRAS G12C tumor xenograft mouse models, SGR-4174 monotherapy demonstrated dose-dependent tumor growth inhibition and a decrease in the tumor PD biomarker pERK.SGR-4174 was examined in combination with KRAS G12C inhibitor sotorasib and MEK inhibitor trametinib in vitro and in vivo. When combined w",,,
q030-1,q030,SGR-4174 in vivo single-agent monotherapy tumour growth inhibition TGI tumour regression or shrinkage in Pancreatic ductal adenocarcinoma animal models,SGR-4174 Mia PaCa2 monotherapy tumour regression xenograft,3,[PDF] Schrödinger Presents New Preclinical Data at AACR Annual Meeting,https://s203.q4cdn.com/609444515/files/doc_news/Schrdinger-Presents-New-Preclinical-Data-at-AACR-Annual-Meeting-2025.pdf,s203.q4cdn.com,,"The data also demonstrated that SGR-4174 has strong tumor growth inhibition as a monotherapy as well as in combination with MEK or KRAS inhibitors, while maintaining a favorable safety pro�le. ... The poster (Abstract #4376), “Preclinical characterization of SGR-4174, a potent and selective SOS1 inh",,,
q030-1,q030,SGR-4174 in vivo single-agent monotherapy tumour growth inhibition TGI tumour regression or shrinkage in Pancreatic ductal adenocarcinoma animal models,SGR-4174 Mia PaCa2 monotherapy tumour regression xenograft,4,Cloudflare,https://aacrjournals.org/cancerres/article-pdf/60/14/3978/3239751/ch140003978p.pdf,aacrjournals.org,,"If you are using a CNAME origin record, make sure it is valid and resolvable.",,,
q030-1,q030,SGR-4174 in vivo single-agent monotherapy tumour growth inhibition TGI tumour regression or shrinkage in Pancreatic ductal adenocarcinoma animal models,SGR-4174 Mia PaCa2 monotherapy tumour regression xenograft,5,Cloudflare,https://aacrjournals.org/mct/article-pdf/17/8/1761/1858346/1761.pdf,aacrjournals.org,,Cloudflare is currently unable to resolve your requested domain (aacrjournals.org).,,,
q030-2,q030,SGR-4174 in vivo single-agent monotherapy tumour growth inhibition TGI tumour regression or shrinkage in Pancreatic ductal adenocarcinoma animal models,SGR-4174 PDAC xenograft tumour shrinkage single agent,1,SOS1: tracking the evolving path from promising to actionable ...,https://link.springer.com/article/10.1186/s12943-026-02632-7?error=cookies_not_supported&code=89f85997-69de-41bd-b40a-f6985ed2b656,link.springer.com,,In vivo studies showed that single-agent administration (100 mg/kg; q.d; 21 days) inhibited tumor growth in a PDAC KRAS^G12C^ mutated model (Mia PaCa-2) but not in the KRAS^G12C^ CRC (SW837) or the KRAS^G12D^ PDAC (AsPC-1) models. ... Oral administration of HW071021 as a single-agent significantly c,,,
q030-2,q030,SGR-4174 in vivo single-agent monotherapy tumour growth inhibition TGI tumour regression or shrinkage in Pancreatic ductal adenocarcinoma animal models,SGR-4174 PDAC xenograft tumour shrinkage single agent,2,SOS1: tracking the evolving path from promising to actionable ...,https://link.springer.com/content/pdf/10.1186/s12943-026-02632-7.pdf?error=cookies_not_supported&code=aa72aed6-b31a-4006-88df-722541dec95c,link.springer.com,,"tion (100 mg/kg; q.d; 21 days) inhibited tumor growth in a PDAC KRASG12C mutated model (Mia PaCa-2) but not in the KRASG12C CRC (SW837) or the KRASG12D PDAC (AsPC-1) models. ... SGR-4174 appears as a novel, potent, and highly selec­ … ... Mechanistically, SGR- 4174 binds to the catalytic domain of S",,,
q030-2,q030,SGR-4174 in vivo single-agent monotherapy tumour growth inhibition TGI tumour regression or shrinkage in Pancreatic ductal adenocarcinoma animal models,SGR-4174 PDAC xenograft tumour shrinkage single agent,3,"Schrödinger, Inc. - Drug pipelines, Patents, Clinical trials",https://synapse.patsnap.com/organization/ee6d0cc13d500f7740bc81b30e6d5978,synapse.patsnap.com,,"In KRAS G12C tumor xenograft mouse models, SGR-4174 monotherapy demonstrated dose-dependent tumor growth inhibition and a decrease in the tumor PD biomarker pERK.SGR-4174 was examined in combination with KRAS G12C inhibitor sotorasib and MEK inhibitor trametinib in vitro and in vivo. When combined w",,,
q030-2,q030,SGR-4174 in vivo single-agent monotherapy tumour growth inhibition TGI tumour regression or shrinkage in Pancreatic ductal adenocarcinoma animal models,SGR-4174 PDAC xenograft tumour shrinkage single agent,4,SGR-4174 / Schrodinger - Larvol Delta,https://delta.larvol.com/Products/?ProductId=1b3e9eec-7ffe-4dfd-8404-27376217e477,delta.larvol.com,,"## Preclinical characterization of SGR-4174, a potent and selective SOS1 inhibitor for the treatment of pan KRAS mutant cancers in combination with KRAS pathway inhibitors (AACR 2025) - ""Compared to other published SOS1 inhibitors (BI-3406, MRTX0902), SGR-4174 is more potent, and demonstrated simila",,,
q030-2,q030,SGR-4174 in vivo single-agent monotherapy tumour growth inhibition TGI tumour regression or shrinkage in Pancreatic ductal adenocarcinoma animal models,SGR-4174 PDAC xenograft tumour shrinkage single agent,5,Company Announcements,https://markets.ft.com/data/announce/detail?dockey=600-202504280800BIZWIRE_USPRX____20250428_BW184420-1,markets.ft.com,2025-04-28,"The data also demonstrated that SGR-4174 has strong tumor growth inhibition as a monotherapy as well as in combination with MEK or KRAS inhibitors, while maintaining a favorable safety profile. ... The poster (Abstract #4376), “Preclinical characterization of SGR-4174, a potent and selective SOS1 in",,,
q031-1,q031,SPR2015 in vivo single-agent monotherapy tumour growth inhibition TGI tumour regression or shrinkage in Pancreatic ductal adenocarcinoma (PDAC) animal models,SPR2015 HPAC xenograft TGI percentage monotherapy,1,Internal Server Error,https://cdas.cancer.gov/approved-projects/5003/,cdas.cancer.gov,,More information about this error may be available in the server error log.,,,
q031-1,q031,SPR2015 in vivo single-agent monotherapy tumour growth inhibition TGI tumour regression or shrinkage in Pancreatic ductal adenocarcinoma (PDAC) animal models,SPR2015 HPAC xenograft TGI percentage monotherapy,2,PDC000198 - Proteomic Data Commons - National Cancer Institute,https://proteomic.datacommons.cancer.gov/pdc/study/PDC000198,proteomic.datacommons.cancer.gov,,"This warning banner provides privacy and security notices consistent with applicable federal laws, directives, and other federal guidance for accessing this Government system, which includes (1) this computer network, (2) all computers connected to this network, and (3) all devices and storage media",,,
q031-1,q031,SPR2015 in vivo single-agent monotherapy tumour growth inhibition TGI tumour regression or shrinkage in Pancreatic ductal adenocarcinoma (PDAC) animal models,SPR2015 HPAC xenograft TGI percentage monotherapy,3,Cloudflare,https://www.ejcancer.com/article/S0959-8049(24)00032-7/fulltext,ejcancer.com,,You've requested a page on a website (www.ejcancer.com) that is on the Cloudflare network. ... Performance & security by Cloudflare,,,
q031-1,q031,SPR2015 in vivo single-agent monotherapy tumour growth inhibition TGI tumour regression or shrinkage in Pancreatic ductal adenocarcinoma (PDAC) animal models,SPR2015 HPAC xenograft TGI percentage monotherapy,4,PMC,https://www.ncbi.nlm.nih.gov/pmc?LinkName=gds_pmc&from_uid=200124996,ncbi.nlm.nih.gov,,The https:// ensures that you are connecting to the ... Activity recording is turned off. Turn recording back on,,,
q031-1,q031,SPR2015 in vivo single-agent monotherapy tumour growth inhibition TGI tumour regression or shrinkage in Pancreatic ductal adenocarcinoma (PDAC) animal models,SPR2015 HPAC xenograft TGI percentage monotherapy,5,Page Not Found,https://www.mayo.edu/research/clinical-trials/cls-20549897,mayo.edu,2013-05-02,"Brain tumor, breast cancer, colon cancer, congenital heart disease, heart arrhythmia.",,,
q031-2,q031,SPR2015 in vivo single-agent monotherapy tumour growth inhibition TGI tumour regression or shrinkage in Pancreatic ductal adenocarcinoma (PDAC) animal models,SPR2015 AsPC-1 xenograft tumour regression shrinkage,1,"SPR2015: Merck Pays $400M, Up to $2.13B - novapharmanews.com",https://novapharmanews.com/apac/news/spr2015-merck-400m-2-13b-license,novapharmanews.com,2026-09-29,"- SPR2015 is still preclinical. The release cites nanomolar cell-line activity and tumor activity in xenograft models shown at AACR 2026, without a response rate. ... It also cites antitumor activity as a single agent in cell-derived and patient-derived xenografts, from preclinical data presented at",,,
q031-2,q031,SPR2015 in vivo single-agent monotherapy tumour growth inhibition TGI tumour regression or shrinkage in Pancreatic ductal adenocarcinoma (PDAC) animal models,SPR2015 AsPC-1 xenograft tumour regression shrinkage,2,Merck Enters into Exclusive Global License Agreement ...,https://www.merck.com/news/merck-enters-into-exclusive-global-license-agreement-with-scibrunch-therapeutics-for-spr2015-an-investigational-oral-kras-g12d-on-inhibitor/,merck.com,2026-10-02,"In addition, SPR2015 has demonstrated compelling antitumor efficacy as a monotherapy across multiple in vivo cell-derived and patient-derived xenograft (CDX/PDX) models, as reported in preclinical data presented at the 2026 AACR Annual Meeting.",,,
q031-2,q031,SPR2015 in vivo single-agent monotherapy tumour growth inhibition TGI tumour regression or shrinkage in Pancreatic ductal adenocarcinoma (PDAC) animal models,SPR2015 AsPC-1 xenograft tumour regression shrinkage,3,register,https://academic.oup.com/my-account/register?siteId=5148&returnUrl=https://academic.oup.com/carcin/article/41/10/1409/5697447,academic.oup.com,2025-01-01,"This PDF is available to Subscribers OnlyView Article Abstract & Purchase Options For full access to this pdf, sign in to an existing account, or purchase an annual subscription.",,,
q031-2,q031,SPR2015 in vivo single-agent monotherapy tumour growth inhibition TGI tumour regression or shrinkage in Pancreatic ductal adenocarcinoma (PDAC) animal models,SPR2015 AsPC-1 xenograft tumour regression shrinkage,4,PDC000198 - Proteomic Data Commons - National Cancer Institute,https://proteomic.datacommons.cancer.gov/pdc/study/PDC000198,proteomic.datacommons.cancer.gov,,"This warning banner provides privacy and security notices consistent with applicable federal laws, directives, and other federal guidance for accessing this Government system, which includes (1) this computer network, (2) all computers connected to this network, and (3) all devices and storage media",,,
q031-2,q031,SPR2015 in vivo single-agent monotherapy tumour growth inhibition TGI tumour regression or shrinkage in Pancreatic ductal adenocarcinoma (PDAC) animal models,SPR2015 AsPC-1 xenograft tumour regression shrinkage,5,Breast Cancer Research and Treatment,https://deepblue.lib.umich.edu/handle/2027.42/44205,deepblue.lib.umich.edu,2001-09-07,More information about our policies and practices is available at Remediation of Harmful Language.,,,
q031-3,q031,SPR2015 in vivo single-agent monotherapy tumour growth inhibition TGI tumour regression or shrinkage in Pancreatic ductal adenocarcinoma (PDAC) animal models,SPR2015 PDAC monotherapy xenograft tumour growth inhibition,1,"Merck, SciBrunch Launch Up-to-$2.13B Collaboration ...",https://www.genengnews.com/topics/cancer/merck-scibrunch-launch-up-to-2-13b-collaboration-to-develop-preclinical-kras-inhibiting-molecular-glue/,genengnews.com,2026-09-29,"SPR2015 is a preclinical molecular glue, more specifically an oral KRAS G12D (ON) inhibitor that SciBrunch is developing for forms of cancer that include colorectal cancer (CRC), non-small cell lung cancer (NSCLC), and pancreatic ductal adenocarcinoma (PDAC)—the most common and aggressive type of pa",,,
q031-3,q031,SPR2015 in vivo single-agent monotherapy tumour growth inhibition TGI tumour regression or shrinkage in Pancreatic ductal adenocarcinoma (PDAC) animal models,SPR2015 PDAC monotherapy xenograft tumour growth inhibition,2,Revolution Medicines - MedPath Trial,https://trial.medpath.com/organization/revolution-medicines,trial.medpath.com,2026-09-28,"- SPR2015 is a molecular glue inhibitor that showed nanomolar antiproliferative activity in KRAS G12D-mutant cell lines with selectivity over KRAS wild-type cells, plus monotherapy antitumor activity in xenograft models.",,,
q031-3,q031,SPR2015 in vivo single-agent monotherapy tumour growth inhibition TGI tumour regression or shrinkage in Pancreatic ductal adenocarcinoma (PDAC) animal models,SPR2015 PDAC monotherapy xenograft tumour growth inhibition,3,KRAS G12D Inhibitor's $2.13B Deal Tests Cross-Border Tech Transfer,https://www.pharmtech.com/view/kras-g12d-inhibitor-s-2-13b-deal-tests-cross-border-tech-transfer,pharmtech.com,2026-09-28,"- SPR2015 functions as an ON-state molecular glue, showing nanomolar antiproliferative activity in KRAS G12D cell lines with wild-type selectivity and tumor regression in xenograft models. ... SPR2015 is described as a molecular glue inhibitor that engages the ON form of the mutant protein.^1^ It sh",,,
q031-3,q031,SPR2015 in vivo single-agent monotherapy tumour growth inhibition TGI tumour regression or shrinkage in Pancreatic ductal adenocarcinoma (PDAC) animal models,SPR2015 PDAC monotherapy xenograft tumour growth inhibition,4,Merck Licenses Preclinical KRAS G12D Inhibitor from SciBrunch,https://www.pharmexec.com/view/merck-licenses-preclinical-kras-g12d-inhibitor-scibrunch,pharmexec.com,2026-09-28,"### Key Takeaways ... - SPR2015 is an oral, potent, selective molecular-glue KRAS G12D (ON) inhibitor showing nanomolar antiproliferative activity in multiple G12D-mutant cell lines with sparing of KRAS wildtype. - Preclinical monotherapy produced compelling tumor regressions across CDX and PDX mode",,,
q031-3,q031,SPR2015 in vivo single-agent monotherapy tumour growth inhibition TGI tumour regression or shrinkage in Pancreatic ductal adenocarcinoma (PDAC) animal models,SPR2015 PDAC monotherapy xenograft tumour growth inhibition,5,MSD takes a $400m bite of SciBrunch's KRAS drug,https://pharmaphorum.com/news/msd-takes-400m-bite-scibrunchs-kras-drug,pharmaphorum.com,2026-10-02,"The exclusive, global license to SPR2015, which is still in preclinical development, comes with development, commercialisation and other payments – across multiple indications – that could swell the value of the deal to $2.13 million. ... The company reported studies at this year's American Associat",,,
q031-4,q031,SPR2015 in vivo single-agent monotherapy tumour growth inhibition TGI tumour regression or shrinkage in Pancreatic ductal adenocarcinoma (PDAC) animal models,SPR2015 HPAC AsPC-1 xenograft AACR 2026 abstract 5978,1,Merck Enters into Exclusive Global License Agreement ...,https://www.merck.com/news/merck-enters-into-exclusive-global-license-agreement-with-scibrunch-therapeutics-for-spr2015-an-investigational-oral-kras-g12d-on-inhibitor/,merck.com,2026-10-02,"SPR2015 is a potent and selective novel investigational preclinical molecular glue KRAS G12D (ON) inhibitor that has demonstrated nanomolar antiproliferative activities in various KRAS G12D-mutant cell lines while maintaining good selectivity over KRAS wildtype cells. ... In addition, SPR2015 has de",,,
q031-4,q031,SPR2015 in vivo single-agent monotherapy tumour growth inhibition TGI tumour regression or shrinkage in Pancreatic ductal adenocarcinoma (PDAC) animal models,SPR2015 HPAC AsPC-1 xenograft AACR 2026 abstract 5978,2,"Anirban Maitra on X: ""This #AACR26 abstract is worth $400 ...",https://x.com/Aiims1742/status/2104884186620494308,x.com,2026-09-29,"Abstract 5978: SPR2015, a highly potent and selective KRAS G12D (on) inhibitor, exhibits favorable... Abstract. Colorectal cancer (CRC) is the third most common malignancy and the second leading cause of cancer-related deaths worldwide.",,,
q031-4,q031,SPR2015 in vivo single-agent monotherapy tumour growth inhibition TGI tumour regression or shrinkage in Pancreatic ductal adenocarcinoma (PDAC) animal models,SPR2015 HPAC AsPC-1 xenograft AACR 2026 abstract 5978,3,Merck–SciBrunch SPR2015 Deal | Lucid Diligence Brief - LucidQuest,https://www.lqventures.com/merck-scibrunch-spr2015-deal-diligence-brief/amp/,lqventures.com,2026-09-29,"SciBrunch’s AACR 2026 work reported tumor regression in PDAC/NSCLC mouse models and a 64.7% ORR and 94.1% DCR across a CRC CDX/PDX model panel, alongside favorable 28-day rodent tolerability. (AACR SPR2015 abstract) ... SciBrunch says existing G12D inhibitors have yet to demonstrate clinically meani",,,
q031-4,q031,SPR2015 in vivo single-agent monotherapy tumour growth inhibition TGI tumour regression or shrinkage in Pancreatic ductal adenocarcinoma (PDAC) animal models,SPR2015 HPAC AsPC-1 xenograft AACR 2026 abstract 5978,4,"SPR2015: Merck Pays $400M, Up to $2.13B - novapharmanews.com",https://novapharmanews.com/apac/news/spr2015-merck-400m-2-13b-license,novapharmanews.com,2026-09-29,"- SPR2015 is still preclinical. The release cites nanomolar cell-line activity and tumor activity in xenograft models shown at AACR 2026, without a response rate. ... It also cites antitumor activity as a single agent in cell-derived and patient-derived xenografts, from preclinical data presented at",,,
q031-4,q031,SPR2015 in vivo single-agent monotherapy tumour growth inhibition TGI tumour regression or shrinkage in Pancreatic ductal adenocarcinoma (PDAC) animal models,SPR2015 HPAC AsPC-1 xenograft AACR 2026 abstract 5978,5,AACR 2026 Annual Meeting Abstracts,https://cancer.uillinois.edu/news/aacr-2026-annual-meeting-abstracts,cancer.uillinois.edu,,"The meeting, which was held April 17-22 in San Diego, California, gathered together scientists, clinicians, other health care professionals, survivors, patients and advocates to share the latest advances in cancer science and medicine.",,,
q032-1,q032,PHY-003 in vivo single-agent monotherapy tumour growth inhibition TGI tumour regression tumour shrinkage in Head and Neck Squamous Cell Carcinoma animal models,PHY-003 HNSCC monotherapy xenograft tumour regression,1,Current Oncology Reports,https://www.springermedicine.com/current-oncology-reports/20483386,springermedicine.com,2025-01-26,*Current Oncology Reports* provides in-depth review articles contributed by international experts on the most significant developments in the field.,,,
q032-1,q032,PHY-003 in vivo single-agent monotherapy tumour growth inhibition TGI tumour regression tumour shrinkage in Head and Neck Squamous Cell Carcinoma animal models,PHY-003 HNSCC monotherapy xenograft tumour regression,2,Cancer Cell,https://www.sciencedirect.com/science/article/pii/S1535610817300168,sciencedirect.com,,"You can set your browser to block or alert you about these cookies, but some parts of the site will not then work.",,,
q032-1,q032,PHY-003 in vivo single-agent monotherapy tumour growth inhibition TGI tumour regression tumour shrinkage in Head and Neck Squamous Cell Carcinoma animal models,PHY-003 HNSCC monotherapy xenograft tumour regression,3,Original article Head and neck squamous cell carcinoma ...,https://www.sciencedirect.com/science/article/pii/S1879729619300961,sciencedirect.com,,"You can set your browser to block or alert you about these cookies, but some parts of the site will not then work.",,,
q032-1,q032,PHY-003 in vivo single-agent monotherapy tumour growth inhibition TGI tumour regression tumour shrinkage in Head and Neck Squamous Cell Carcinoma animal models,PHY-003 HNSCC monotherapy xenograft tumour regression,4,Targeted therapy for head and neck cancer: signaling pathways and clinical studies,https://www.nature.com/articles/s41392-022-01297-0,nature.com,2023-01-16,Cetuximab monotherapy was well tolerated and induced a response rate of 13% in R/M-HNSCC patients.,,,
q032-1,q032,PHY-003 in vivo single-agent monotherapy tumour growth inhibition TGI tumour regression tumour shrinkage in Head and Neck Squamous Cell Carcinoma animal models,PHY-003 HNSCC monotherapy xenograft tumour regression,5,Targeted therapy for head and neck cancer: signaling pathways and ...,https://pmc.ncbi.nlm.nih.gov/articles/PMC9842704/,pmc.ncbi.nlm.nih.gov,2023-01-16,"^37^ RAD001 also prevented tumor growth of cells with HPV-negative TP53 mutation in vivo through autophagy activity.^317^ The novel mTOR inhibitors CZ415, AZD8055, OSI-027 (ASP4876), and CC-223 monotherapy inhibited HNSCC cell growth in vivo.^318–320^ mTOR monotherapy and combination with other trea",,,
q032-2,q032,PHY-003 in vivo single-agent monotherapy tumour growth inhibition TGI tumour regression tumour shrinkage in Head and Neck Squamous Cell Carcinoma animal models,PHY-003 HNSCC in vivo tumour growth inhibition dose,1,OncJuly2 6..6,https://citeseerx.ist.psu.edu/document?repid=rep1&type=pdf&doi=18c03917ecbc3f21619b117bbc9f624941e92626,citeseerx.ist.psu.edu,,��������������������������������������������� ... ���������� �� ���������������������������������������������,,,
q032-2,q032,PHY-003 in vivo single-agent monotherapy tumour growth inhibition TGI tumour regression tumour shrinkage in Head and Neck Squamous Cell Carcinoma animal models,PHY-003 HNSCC in vivo tumour growth inhibition dose,2,"U.S. Patent Number 11,347,949 : Articles :",https://www.law360.com/patents/11347949,law360.com,2026-09-29,Try our Advanced Search for more refined results,,,
q032-2,q032,PHY-003 in vivo single-agent monotherapy tumour growth inhibition TGI tumour regression tumour shrinkage in Head and Neck Squamous Cell Carcinoma animal models,PHY-003 HNSCC in vivo tumour growth inhibition dose,3,[PDF] This electronic thesis or dissertation has been downloaded from the ...,https://kclpure.kcl.ac.uk/ws/portalfiles/portal/336822127/2025_Langdon_Sophie_19071106_ethesis.pdf,kclpure.kcl.ac.uk,,Further in vivo work therapeutically favoured a single dose of 8 Gy over the fractionated schedule of 6 x 2 Gy and the chosen MTCQ1 model showed a level of sensitivity to anti-PD-L1 monotherapy. ... An 8 Gy dose of radiation slows tumour growth compared to untreated  tumours in MTCQ1 HNSCC murine mo,,,
q032-2,q032,PHY-003 in vivo single-agent monotherapy tumour growth inhibition TGI tumour regression tumour shrinkage in Head and Neck Squamous Cell Carcinoma animal models,PHY-003 HNSCC in vivo tumour growth inhibition dose,4,"U.S. Patent Number 11,599,734 : Articles :",https://www.law360.com/patents/11599734,law360.com,2026-09-29,Try our Advanced Search for more refined results,,,
q032-2,q032,PHY-003 in vivo single-agent monotherapy tumour growth inhibition TGI tumour regression tumour shrinkage in Head and Neck Squamous Cell Carcinoma animal models,PHY-003 HNSCC in vivo tumour growth inhibition dose,5,Targeting DNA Double-Strand Break Repair Enhances Radiosensitivity of HPV-Positive and HPV-Negative Head and Neck Squamous Cell Carcinoma to Photons and Protons,https://pmc.ncbi.nlm.nih.gov/articles/PMC7352833/,pmc.ncbi.nlm.nih.gov,2020-06-07,We have demonstrated that the inhibition of DNA DSB repair can effectively act in combination with both conventional (photon) radiotherapy and proton beam therapy in radiosensitising in vitro models of HNSCC. DNA-Pkcsi was shown to be particularly effective in preventing clonogenic survival and 3D s,,,
q032-3,q032,PHY-003 in vivo single-agent monotherapy tumour growth inhibition TGI tumour regression tumour shrinkage in Head and Neck Squamous Cell Carcinoma animal models,PHY-003 head and neck squamous cell carcinoma animal model efficacy,1,Use of a Novel Polymer in an Animal Model of Head and Neck Squamous Cell Carcinoma - PubMed,https://pubmed.ncbi.nlm.nih.gov/28895464/,pubmed.ncbi.nlm.nih.gov,2018-01-21,"Objective To evaluate the adverse effects and therapeutic efficacy of our biocompatible polymer platform delivering targeted local therapy of cytokine CCL21 and cisplatin in a partially resected xenograft animal model of head and neck squamous cell carcinoma. In addition, to evaluate the efficacy of",,,
q032-3,q032,PHY-003 in vivo single-agent monotherapy tumour growth inhibition TGI tumour regression tumour shrinkage in Head and Neck Squamous Cell Carcinoma animal models,PHY-003 head and neck squamous cell carcinoma animal model efficacy,2,Preclinical models in head and neck squamous cell carcinoma,https://www.nature.com/articles/s41416-023-02186-1,nature.com,2023-02-10,"Reliable preclinical models are a requirement for a priori testing the efficacy of novel therapeutic strategies including the evaluation of tailored therapies. They are also useful for generating diagnostic and monitoring biomarkers. ... Indeed, engrafted PDXs in immunocompromised mice show good cor",,,
q032-3,q032,PHY-003 in vivo single-agent monotherapy tumour growth inhibition TGI tumour regression tumour shrinkage in Head and Neck Squamous Cell Carcinoma animal models,PHY-003 head and neck squamous cell carcinoma animal model efficacy,3,A Novel Modular Polymer Platform for the Treatment of Head and Neck Squamous Cell Carcinoma (HNSCC) in an Animal Model,https://www.ncbi.nlm.nih.gov/pmc/articles/PMC4167672/,ncbi.nlm.nih.gov,2012-04-09,To evaluate the therapeutic efficacy of a novel modular polymer platform in the treatment of HNSCC. ... C3H/HeJ mice and SCID Beige mice were randomized to receive implantation of (1) no polymer; (2) plain polymer; (3) plain polymer with local cisplatin injection; (4) cisplatin polymer. ... Our resu,,,
q032-3,q032,PHY-003 in vivo single-agent monotherapy tumour growth inhibition TGI tumour regression tumour shrinkage in Head and Neck Squamous Cell Carcinoma animal models,PHY-003 head and neck squamous cell carcinoma animal model efficacy,4,Key signalling pathways in head and neck squamous cell carcinoma,https://academic.oup.com/jpp/article/78/1/rgaf093/8268769,academic.oup.com,2026-01-16,"|**BRAF-CRAF heterodimerisation and ERK activation**|Nilotinib|*In vivo*|In an orthotopic mouse model, MEK162 alone or in combination with nilotinib led to tumour growth inhibition.",,,
q032-3,q032,PHY-003 in vivo single-agent monotherapy tumour growth inhibition TGI tumour regression tumour shrinkage in Head and Neck Squamous Cell Carcinoma animal models,PHY-003 head and neck squamous cell carcinoma animal model efficacy,5,Spandidos Publications: Medicine International,https://www.spandidos-publications.com/10.3892/mi.2024.165,spandidos-publications.com,2024-07-01,"cetuximab + RT is a treatment option for patients with LAHNSCC who cannot tolerate platinum-based chemotherapy (22,38,61).",,,
q033-1,q033,DXP-007 sponsor development stage indication public source,DXP-007 sponsor,1,Please verify you are a human,https://www.zoominfo.com/c/dexpan/4179403,zoominfo.com,,Please make sure that Javascript and cookies are enabled on your browser and that you are not blocking them from loading.,,,
q033-1,q033,DXP-007 sponsor development stage indication public source,DXP-007 sponsor,2,DXP News,http://www.dxpwind.com/about/dxp-news.html,dxpwind.com,,Electronic Repair Services ... Click here for the latest DXP news.,,,
q033-1,q033,DXP-007 sponsor development stage indication public source,DXP-007 sponsor,3,Sponsors & Exhibitors | ProcureCon MRO 2026,https://procureconmro.wbresearch.com/sponsors/2019,procureconmro.wbresearch.com,2026-10-02,"## 2019 Lead Sponsors / Partners ... ### DXP **Website: ** https://www.dxpe.com/ Since 1908, DXP Enterprises, Inc. has been a leading products and service distributor that adds value and total cost savings solutions to industrial customers in virtually every industry. DXP provides innovative pumping",,,
q033-1,q033,DXP-007 sponsor development stage indication public source,DXP-007 sponsor,4,"DXP Enterprises, Inc.",https://www.sec.gov/Archives/edgar/data/1020710/000102071020000015/dxpe12311910k.htm,sec.gov,,Please declare your traffic by updating your user agent to include company specific information.,,,
q033-1,q033,DXP-007 sponsor development stage indication public source,DXP-007 sponsor,5,Common searches,https://search.electoralcommission.org.uk/,search.electoralcommission.org.uk,,"The independent body which oversees elections and regulates political finance in the UK This page allows you to search the registers of Political Parties, Non-party campaigners & Referendum Participants, and our database of donations, loans, election/referendum spending & party accounts",,,
q033-2,q033,DXP-007 sponsor development stage indication public source,DXP-007 development stage,1,News,https://ir.dxpe.com/news/default.aspx,ir.dxpe.com,,"Houston, TX 77040 (713) 996-4700",,,
q033-2,q033,DXP-007 sponsor development stage indication public source,DXP-007 development stage,2,Digital eXperience Platform (DXP) Project,https://bcp.dof.ca.gov/2627/FY2627_ORG2740_BCP8680.pdf,bcp.dof.ca.gov,,"The Project Approval Lifecycle (PAL) Stage 3 – Solution Analysis for Phase 3 DL of the DXP Project is anticipated to be completed in 2025-26. ... DXP is a multi-year incremental technology project to ensure continuity of the OL, CC, VR, DL, and Identification (ID) cards, and Customer Flow Management",,,
q033-2,q033,DXP-007 sponsor development stage indication public source,DXP-007 development stage,3,"DXP Enterprises, Inc.",https://www.sec.gov/Archives/edgar/data/1020710/000102071020000015/dxpe12311910k.htm,sec.gov,,**Note:** We do not offer technical support for developing or debugging scripted downloading processes.,,,
q033-2,q033,DXP-007 sponsor development stage indication public source,DXP-007 development stage,4,DXPR Status,https://status.dxpr.com/,status.dxpr.com,,Only the essential cookies are necessary for the proper functioning of our website and cannot be refused,,,
q033-2,q033,DXP-007 sponsor development stage indication public source,DXP-007 development stage,5,Digital Experience Platform (DXP) Project,https://www.projecttracking.technology.ca.gov/Home/Download?documentid=7b01f806-b5a9-4b35-b1aa-1a67348050cf&projectid=2740-227,projecttracking.technology.ca.gov,,"Estimated Project Dates  Start: 7/1/2021  End: 6/30/2026 ... VR is currently in the design, development, and implementation (DD&I) stage and will continue through Go  Live, which is anticipated in November 2025.",,,
q033-3,q033,DXP-007 sponsor development stage indication public source,DXP-007 inflammatory bowel disease,1,Macrophages and liposomes in inflammatory disease: Friends or foes?,http://leg.ufpi.br/subsiteFiles/ppgcf/arquivos/files/Macrophages%20and%20liposomes%20in%20inflammatory%20disease%20Friends%20or%20foes&%2361477;.pdf,leg.ufpi.br,,"effect  of  dexamethasone phosphate loaded long-circulating liposomes (LCL-DXP) was evaluated in  animal  models of multiple sclerosis (MS)  and Crohn’s disease (CD). In mice  with  experimental autoimmune encephalitis (EAE), a model for  MS,  treatment with  LCL-DXP, but not  free  DXP, resulted in",,,
q033-3,q033,DXP-007 sponsor development stage indication public source,DXP-007 inflammatory bowel disease,2,new drugs for inflammatory bowel disease treatment ...,https://pubmed.ncbi.nlm.nih.gov/38980426/,pubmed.ncbi.nlm.nih.gov,2024-07-09,"** Inflammatory bowel disease (IBD), encompassing Crohn's disease (CD) and ulcerative colitis (UC), continues to challenge treatment paradigms. Advancements in therapeutic options have been have been driven by Phase 2 and 3 clinical trials of new drug classes, particularly sphingosine-1-phosphate (S",,,
q033-3,q033,DXP-007 sponsor development stage indication public source,DXP-007 inflammatory bowel disease,3,Selective Nanoparticulate Systems for Drug Delivery in Inflammatory ...,https://pmc.ncbi.nlm.nih.gov/articles/PMC12844886/,pmc.ncbi.nlm.nih.gov,2025-12-31,"Inflammatory bowel disease is a result of inappropriate continuous non-specific inflammation in the intestinal tract, which in turn is aggravated by defects in the activation of the mucosal immune system and in the barrier function of the intestinal epithelium. The most prominent manifestations of I",,,
q033-3,q033,DXP-007 sponsor development stage indication public source,DXP-007 inflammatory bowel disease,4,Antibody binding alpha4beta7 integrin and its use to treat inflammatory bowel disease,https://patents.google.com/patent/EP1278543B1/en,patents.google.com,2001-04-13,"binding region comprises three complementarity determining regions (CDR1, CDR2 and CDR3) of a light chain variable region and three-complementarity determining regions (CDR1, CDR2 and CDR3) of a heavy chain variable region of the amino acid sequence set forth below: light chain: CDR1 SEQ ID NO:9 CDR",,,
q033-3,q033,DXP-007 sponsor development stage indication public source,DXP-007 inflammatory bowel disease,5,Landscape of new drugs and targets in inflammatory bowel disease,https://onlinelibrary.wiley.com/doi/10.1002/ueg2.12305,onlinelibrary.wiley.com,2022-12-01,This review aims to provide physicians an update of emerging therapies in IBD by focusing on drugs currently in phase 3 clinical trials.,,,
q034-1,q034,Compound 18l first regulatory approval or market launch year for acute myeloid leukemia,Compound 18l ALKBH5 AML regulatory approval launch year,1,Search Orphan Drug Designations and Approvals,https://www.accessdata.fda.gov/scripts/opdlisting/oopd/,accessdata.fda.gov,,"Searches may be run by entering the product name, orphan designation, and dates.",,,
q034-1,q034,Compound 18l first regulatory approval or market launch year for acute myeloid leukemia,Compound 18l ALKBH5 AML regulatory approval launch year,2,Breakthrough Therapy Approvals - FDA,https://www.fda.gov/drugs/nda-and-bla-approvals/breakthrough-therapy-approvals,fda.gov,2026-08-20,New reports will be published quarterly for the current calendar year (CY).,,,
q034-1,q034,Compound 18l first regulatory approval or market launch year for acute myeloid leukemia,Compound 18l ALKBH5 AML regulatory approval launch year,3,Oncology (Cancer)/Hematologic Malignancies Approval ...,https://www.fda.gov/drugs/resources-information-approved-drugs/oncology-cancerhematologic-malignancies-approval-notifications,fda.gov,2026-09-24,"venetoclax for newly diagnosed acute myeloid leukemia|On May 13, 2026, the Food and Drug Administration approved an oral combination of decitabine and cedazuridine tablets (Inqovi, Taiho Oncology, Inc.) with venetoclax for the treatment of newly diagnosed acute myeloid leukemia (AML) in adults 75 ye",,,
q034-1,q034,Compound 18l first regulatory approval or market launch year for acute myeloid leukemia,Compound 18l ALKBH5 AML regulatory approval launch year,4,Discovery of Covalent and Cell‐Active ALKBH5 Inhibitors with ...,https://onlinelibrary.wiley.com/doi/full/10.1002/anie.202424928,onlinelibrary.wiley.com,2025-04-25,"The analog **18** **l** exhibited excellent inhibitory effects on ALKBH5 (IC~50~=0.62 μM), and exerted a strong antiproliferative effect on NB4 cells with IC~50~ of 0.63 μM.",,,
q034-1,q034,Compound 18l first regulatory approval or market launch year for acute myeloid leukemia,Compound 18l ALKBH5 AML regulatory approval launch year,5,Decoding the immunoregulatory functions of ALKBH5 in ...,https://www.frontiersin.org/journals/immunology/articles/10.3389/fimmu.2025.1709260/full,frontiersin.org,2026-01-05,"Additionally, a series of maleimide derivatives targeting the noncatalytic C200 site were developed; compound 18l exhibited potent inhibitory activity (IC~50~ = 0.62 μM), robust anti-leukemic effects, and achieved a 66.3% tumor inhibition rate in NB4 xenograft models (65).",,,
q035-1,q035,BS-HH-002 first regulatory approval or market launch year in acute myeloid leukemia,BS-HH-002 regulatory approval AML,1,"A Phase I, Open-Label, Dose Escalation and Cohort Expansion ...",https://trial.medpath.com/clinical-trial/bb2e7167ad820824/nct04743115-study-bs-hh-002-sa-aml-mds,trial.medpath.com,2021-02-08,"# A Phase I, Open-Label, Dose Escalation and Cohort Expansion Study of BS HH 002.SA in Patients With Acute Myeloid Leukemia (AML) and Myelodysplastic Syndrome (MDS) ... Indication:Relapsed or refractory AML in patients for whom no established treatment options are available (this indication will her",,,
q035-1,q035,BS-HH-002 first regulatory approval or market launch year in acute myeloid leukemia,BS-HH-002 regulatory approval AML,2,Search Public Register,https://newreg.adgm.com/s/search-results,newreg.adgm.com,,Format: 31-Dec-2024 ... Contact Us- ors.support@adgm.com ... - +971 2 643 2394,,,
q035-1,q035,BS-HH-002 first regulatory approval or market launch year in acute myeloid leukemia,BS-HH-002 regulatory approval AML,3,Therapeutic effects of an innovative BS-HH-002 drug on ...,https://pmc.ncbi.nlm.nih.gov/articles/PMC8633684/,pmc.ncbi.nlm.nih.gov,2021-11-27,"BS-HH-002 is a newly developed drug with excellent antitumor activity, which resulted from the modification and optimization of the side structure of the homoharringtonine (HHT). It is particularly efficient in treatment for acute myeloid leukemia and myelodysplastic syndromes. ... Recent clinical s",,,
q035-1,q035,BS-HH-002 first regulatory approval or market launch year in acute myeloid leukemia,BS-HH-002 regulatory approval AML,4,A Safety and Efficacy Study of SHR-1702 Monotherapy in Patients With Acute Myeloid Leukemia (AML) or Myelodysplastic Syndrome (MDS),https://med.agiltrace.com/clinical-trials/NCT04443751,med.agiltrace.com,,This study will assess the safety and preliminary efficacy of escalating doses of SHR-1702 monotherapy in relapsed/refractory AML and intermediate-high risk MDS,,,
q035-1,q035,BS-HH-002 first regulatory approval or market launch year in acute myeloid leukemia,BS-HH-002 regulatory approval AML,5,"First in Human Testing of Dose-escalation of SAR440234 in Patients With Acute Myeloid Leukemia, Acute Lymphoid Leukemia and Myelodysplastic Syndrome",https://med.agiltrace.com/clinical-trials/NCT03594955,med.agiltrace.com,,## Timeline & Regulatory ... 2021-02-06 - **FDA Drug** Yes,,,
q035-2,q035,BS-HH-002 first regulatory approval or market launch year in acute myeloid leukemia,BS-HH-002 market launch AML,1,Search | AML Hub,https://aml-hub.com/search,aml-hub.com,2026-09-29,"The AML Hub is an independent medical education platform, sponsored by Daiichi Sankyo, Kura Oncology, Syndax, Abbvie, Thermo Fisher and Johnson & Johnson.",,,
q035-2,q035,BS-HH-002 first regulatory approval or market launch year in acute myeloid leukemia,BS-HH-002 market launch AML,2,Therapeutic effects of an innovative BS-HH-002 drug on ...,https://pmc.ncbi.nlm.nih.gov/articles/PMC8633684/,pmc.ncbi.nlm.nih.gov,2021-11-27,"BS-HH-002 is a newly developed drug with excellent antitumor activity, which resulted from the modification and optimization of the side structure of the homoharringtonine (HHT). It is particularly efficient in treatment for acute myeloid leukemia and myelodysplastic syndromes. ... Recent clinical s",,,
q035-2,q035,BS-HH-002 first regulatory approval or market launch year in acute myeloid leukemia,BS-HH-002 market launch AML,3,Delving into the Latest Updates on BS-HH-002 with Synapse,https://synapse.patsnap.com/drug/e8d3b9c25ec941369c758ac88507fd6c,synapse.patsnap.com,2025-05-22,"Active Indication Acute Myeloid Leukemia ... Drug Highest Phase Phase 1 ... A Phase I, Open-Label, Dose Escalation and Cohort Expansion Study of BS HH 002.SA in Patients With Acute Myeloid Leukemia (AML) and Myelodysplastic Syndrome (MDS) Indication:Relapsed or refractory AML in patients for whom no",,,
q035-2,q035,BS-HH-002 first regulatory approval or market launch year in acute myeloid leukemia,BS-HH-002 market launch AML,4,Content Search - hkexnews.hk,https://www3.hkexnews.hk/search/eps/EPSSearch.html,www3.hkexnews.hk,,"Listed Company Information Advanced Search (Current Securities or Delisted Securities) using single or multiple search parameters (such as stock code/stock name, date of release) for a comprehensive search of all the issuer documents published by listed issuers on the HKEXnews website.",,,
q035-2,q035,BS-HH-002 first regulatory approval or market launch year in acute myeloid leukemia,BS-HH-002 market launch AML,5,0001213900-22-031666.txt,https://www.sec.gov/Archives/edgar/data/1828805/000121390022031666/0001213900-22-031666.txt,sec.gov,,Please declare your traffic by updating your user agent to include company specific information.,,,
q035-3,q035,BS-HH-002 first regulatory approval or market launch year in acute myeloid leukemia,BS-HH-002 Bensheng Pharma AML clinical development,1,Delving into the Latest Updates on BS-HH-002 with Synapse,https://synapse.patsnap.com/drug/e8d3b9c25ec941369c758ac88507fd6c,synapse.patsnap.com,2025-05-22,"Acute Myeloid Leukemia ... Originator Organization Shanghai Bensen Pharmaceutical Co., Ltd. Active Organization Shanghai Bensen Pharmaceutical Co., Ltd. Inactive Organization Hangzhou Bensheng Pharmaceutical Co. ... Drug Highest Phase Phase 1 ... Clinical Trials associated with BS-HH-002 NCT04743115",,,
q035-3,q035,BS-HH-002 first regulatory approval or market launch year in acute myeloid leukemia,BS-HH-002 Bensheng Pharma AML clinical development,2,"Acylated derivative of homoharringtonine, preparation method therefor, and application thereof",https://patents.google.com/patent/EP2765133A1/en,patents.google.com,2012-08-20,"- HHT can be applied in the remission induction and post-remission treatment of acute myeloid leukemia, in the treatment of myelodysplastic syndrome (MDS), chronic myelogenous leukemia, polycythemia vera and malignant lymphoma, etc., particularly in the treatment of acute non-lymphocytic leukemia ..",,,
q035-3,q035,BS-HH-002 first regulatory approval or market launch year in acute myeloid leukemia,BS-HH-002 Bensheng Pharma AML clinical development,3,Therapeutic effects of an innovative BS-HH-002 drug on ...,https://pmc.ncbi.nlm.nih.gov/articles/PMC8633684/,pmc.ncbi.nlm.nih.gov,2021-11-27,"BS-HH-002 is a newly developed drug with excellent antitumor activity, which resulted from the modification and optimization of the side structure of the homoharringtonine (HHT). It is particularly efficient in treatment for acute myeloid leukemia and myelodysplastic syndromes. ... Recent clinical s",,,
q035-3,q035,BS-HH-002 first regulatory approval or market launch year in acute myeloid leukemia,BS-HH-002 Bensheng Pharma AML clinical development,4,"[PDF] MCL-1 inhibitors, fast-lane development of a new class of anti-canc ...",https://exaly.com/paper-pdf/76406053/citation-report.pdf,exaly.com,,Noxa/Bim/Mcl-1/p-Chk1 axis.,,,
q035-3,q035,BS-HH-002 first regulatory approval or market launch year in acute myeloid leukemia,BS-HH-002 Bensheng Pharma AML clinical development,5,"Homoharringtonine: mechanisms, clinical applications and ...",https://pmc.ncbi.nlm.nih.gov/articles/PMC11821653/,pmc.ncbi.nlm.nih.gov,2025-01-30,"HHT has demonstrated significant efficacy in the treatment of hematological malignancies, particularly in AML and CML. Currently, the clinical application of HHT is under investigation, including its potential as a monotherapy and in combination with other medications. HHT has demonstrated significa",,,
q035-4,q035,BS-HH-002 first regulatory approval or market launch year in acute myeloid leukemia,BS-HH-002 expected approval year,1,Delving into the Latest Updates on BS-HH-002 with Synapse,https://synapse.patsnap.com/drug/e8d3b9c25ec941369c758ac88507fd6c,synapse.patsnap.com,2025-05-22,Drug Highest Phase Phase 1 First Approval Date ... 01 Feb 2021,,,
q035-4,q035,BS-HH-002 first regulatory approval or market launch year in acute myeloid leukemia,BS-HH-002 expected approval year,2,Ozmosi | BS HH 002.SA Drug Profile,https://pryzm.ozmosi.com/product/29037,pryzm.ozmosi.com,2025-02-04,FDA Designation: * Approval Status: Not Approved Approved Countries: None,,,
q035-4,q035,BS-HH-002 first regulatory approval or market launch year in acute myeloid leukemia,BS-HH-002 expected approval year,3,www.fda.gov › drugs › nda-and-bla-approvalsNDA and BLA Calendar Year Approvals | FDA,https://www.fda.gov/drugs/nda-and-bla-approvals/nda-and-bla-calendar-year-approvals,fda.gov,2026-02-03,## Reports - CDER Drug and Biologic Approvals for Calendar Year 2025,,,
q035-4,q035,BS-HH-002 first regulatory approval or market launch year in acute myeloid leukemia,BS-HH-002 expected approval year,4,"Delving into the Latest Updates on Shanghai Bensen Pharmaceutical Co., Ltd. with Synapse",https://synapse.patsnap.com/organization/4b3d5fc1a7fe700ca8fe9b70c3c6ae59,synapse.patsnap.com,2025-07-30,BS-HH-002 ( Mcl-1 ) Acute Myeloid Leukemia,,,
q035-4,q035,BS-HH-002 first regulatory approval or market launch year in acute myeloid leukemia,BS-HH-002 expected approval year,5,BSB-1001 for Blood Cancers - Clinical Trials,https://www.withpower.com/trial/bsb-1001-for-blood-cancers-8a66b,withpower.com,2024-07-03,"BS-HH-002, a modified version of homoharringtonine, shows strong antitumor activity against pancreatic cancer by completely degrading the anti-apoptosis protein MCL-1, leading to inhibited cell growth and increased cell death.",,,
q035-5,q035,BS-HH-002 first regulatory approval or market launch year in acute myeloid leukemia,BS-HH-002 first patient AML,1,Guidelines - British Society for Haematology,https://b-s-h.org.uk/guidelines/guidelines,b-s-h.org.uk,,** 020 7713 0990 ... © British Society for Haematology 2025,,,
q035-5,q035,BS-HH-002 first regulatory approval or market launch year in acute myeloid leukemia,BS-HH-002 first patient AML,2,"ACYLATED DERIVATIVE OF HOMOHARRINGTONINE, PREPARATION METHOD THEREFOR, AND APPLICATION THEREOF",https://patents.justia.com/patent/20140303147,patents.justia.com,2012-08-20,"After the reaction is completed, the reaction solution is concentrated to give a viscous crude product, to which diethyl ether is added for curing. Ethyl acetate is then added to the cured crude product to dissolve it. The mixture is rinsed with a saturated solution of potassium carbonate and then c",,,
q035-5,q035,BS-HH-002 first regulatory approval or market launch year in acute myeloid leukemia,BS-HH-002 first patient AML,3,Delving into the Latest Updates on BS-HH-002 with Synapse,https://synapse.patsnap.com/drug/e8d3b9c25ec941369c758ac88507fd6c,synapse.patsnap.com,2025-05-22,"Active Indication Acute Myeloid Leukemia ... Drug Highest Phase Phase 1 ... NCT04743115 Unknown status Phase 1 A Phase I, Open-Label, Dose Escalation and Cohort Expansion Study of BS HH 002.SA in Patients With Acute Myeloid Leukemia (AML) and Myelodysplastic Syndrome (MDS) Indication:Relapsed or ref",,,
q035-5,q035,BS-HH-002 first regulatory approval or market launch year in acute myeloid leukemia,BS-HH-002 first patient AML,4,Therapeutic effects of an innovative BS-HH-002 drug on pancreatic ...,https://pubmed.ncbi.nlm.nih.gov/34847421/,pubmed.ncbi.nlm.nih.gov,2022-01-05,It is particularly efficient in treatment for acute myeloid leukemia and myelodysplastic syndromes.,,,
q035-5,q035,BS-HH-002 first regulatory approval or market launch year in acute myeloid leukemia,BS-HH-002 first patient AML,5,Clinical trial results - Bristol Myers Squibb,https://www.bms.com/research-and-development/clinical-trials/clinical-trial-results.html,bms.com,,Access summaries of Bristol Myers Squibb clinical trial results and learn more about our commitment to transparency in clinical research.,,,
q036-1,q036,VAR-101 in vivo monotherapy tumour growth inhibition TGI tumour regression tumour shrinkage in Pancreatic Ductal Carcinoma animal models,VAR-101 pancreatic ductal carcinoma monotherapy xenograft TGI,1,Study Details Page,https://www.abbvieclinicaltrials.com/study/?id=M14-361,abbvieclinicaltrials.com,2024-01-01,"AbbVie Clinical Trials is designed to support, inform, and help patients in a clinical study or those who are interested in participating.",,,
q036-1,q036,VAR-101 in vivo monotherapy tumour growth inhibition TGI tumour regression tumour shrinkage in Pancreatic Ductal Carcinoma animal models,VAR-101 pancreatic ductal carcinoma monotherapy xenograft TGI,2,Page not found,https://medschool.cuanschutz.edu/colorado-cancer-center/clinical-trials/214C19E7-3028-64D9-A5BF-FF0A001CE385,medschool.cuanschutz.edu,,303-724-4357 (4-HELP from a campus phone),,,
q036-1,q036,VAR-101 in vivo monotherapy tumour growth inhibition TGI tumour regression tumour shrinkage in Pancreatic Ductal Carcinoma animal models,VAR-101 pancreatic ductal carcinoma monotherapy xenograft TGI,3,Clinical Trial Detail,https://www.massgeneral.org/cancer-center/clinical-trials-and-research/clinical-trial-detail.page?p=17-585&nct=NCT03310619,massgeneral.org,,Use the search tool to find open protocols for your type of cancer.,,,
q036-1,q036,VAR-101 in vivo monotherapy tumour growth inhibition TGI tumour regression tumour shrinkage in Pancreatic Ductal Carcinoma animal models,VAR-101 pancreatic ductal carcinoma monotherapy xenograft TGI,4,[PDF] VP-VSJ-110-2101 - ClinicalTrials.gov,https://cdn.clinicaltrials.gov/large-docs/45/NCT04622345/Prot_SAP_000.pdf,cdn.clinicaltrials.gov,,����������������������������������������������������������������������������������������� ... ���������������������������������,,,
q036-1,q036,VAR-101 in vivo monotherapy tumour growth inhibition TGI tumour regression tumour shrinkage in Pancreatic Ductal Carcinoma animal models,VAR-101 pancreatic ductal carcinoma monotherapy xenograft TGI,5,Home,https://clinicaltrials.gov/ct2/show/NCT03253302%20NLM%20identifier:%20NCT03253302,clinicaltrials.gov,2012-02-16,### ClinicalTrials.gov is a place to learn about clinical studies from around the world.,,,
q036-2,q036,VAR-101 in vivo monotherapy tumour growth inhibition TGI tumour regression tumour shrinkage in Pancreatic Ductal Carcinoma animal models,VAR-101 pancreatic cancer tumour regression animal model,1,Cloudflare,https://www.cell.com/molecular-therapy-family/oncology/fulltext/S2372-7705(22)00151-6,cell.com,,You've requested a page on a website (www.cell.com) that is on the Cloudflare network. ... Please try again in a few minutes.,,,
q036-2,q036,VAR-101 in vivo monotherapy tumour growth inhibition TGI tumour regression tumour shrinkage in Pancreatic Ductal Carcinoma animal models,VAR-101 pancreatic cancer tumour regression animal model,2,Detail - OpenURL Connection,https://openurl.ebsco.com/contentitem/doi:10.7150/thno.56737?id=ebsco:doi:10.7150/thno.56737,openurl.ebsco.com,2025-05-30,"We were unable to find your item with the information provided. ""Access through your institution"" to search for it on your institution's EBSCOhost experience.",,,
q036-2,q036,VAR-101 in vivo monotherapy tumour growth inhibition TGI tumour regression tumour shrinkage in Pancreatic Ductal Carcinoma animal models,VAR-101 pancreatic cancer tumour regression animal model,3,Study Details Page,https://www.abbvieclinicaltrials.com/study/?id=P10-147,abbvieclinicaltrials.com,2024-01-01,"AbbVie Clinical Trials is designed to support, inform, and help patients in a clinical study or those who are interested in participating.",,,
q036-2,q036,VAR-101 in vivo monotherapy tumour growth inhibition TGI tumour regression tumour shrinkage in Pancreatic Ductal Carcinoma animal models,VAR-101 pancreatic cancer tumour regression animal model,4,Page not found,https://medschool.cuanschutz.edu/colorado-cancer-center/clinical-trials/214C19E7-3028-64D9-A5BF-FF0A001CE385,medschool.cuanschutz.edu,,303-724-4357 (4-HELP from a campus phone),,,
q036-2,q036,VAR-101 in vivo monotherapy tumour growth inhibition TGI tumour regression tumour shrinkage in Pancreatic Ductal Carcinoma animal models,VAR-101 pancreatic cancer tumour regression animal model,5,Home,https://clinicaltrials.gov/ct2/show/NCT03253302%20NLM%20identifier:%20NCT03253302,clinicaltrials.gov,2012-02-16,### ClinicalTrials.gov is a place to learn about clinical studies from around the world.,,,
q036-3,q036,VAR-101 in vivo monotherapy tumour growth inhibition TGI tumour regression tumour shrinkage in Pancreatic Ductal Carcinoma animal models,VAR-101 aPKCi PDAC in vivo efficacy monotherapy,1,register,https://academic.oup.com/my-account/register?siteId=5148&returnUrl=/carcin/advance-article-abstract/doi/10.1093/carcin/bgaf073/8301325?redirectedFrom=fulltext,academic.oup.com,2025-01-01,"This PDF is available to Subscribers OnlyView Article Abstract & Purchase Options For full access to this pdf, sign in to an existing account, or purchase an annual subscription.",,,
q036-3,q036,VAR-101 in vivo monotherapy tumour growth inhibition TGI tumour regression tumour shrinkage in Pancreatic Ductal Carcinoma animal models,VAR-101 aPKCi PDAC in vivo efficacy monotherapy,2,Page not found,https://medschool.cuanschutz.edu/colorado-cancer-center/clinical-trials/214C19E7-3028-64D9-A5BF-FF0A001CE385,medschool.cuanschutz.edu,,303-724-4357 (4-HELP from a campus phone),,,
q036-3,q036,VAR-101 in vivo monotherapy tumour growth inhibition TGI tumour regression tumour shrinkage in Pancreatic Ductal Carcinoma animal models,VAR-101 aPKCi PDAC in vivo efficacy monotherapy,3,A potential therapeutic target for pancreatic ductal adenocarcinoma,https://www.sciencedirect.com/science/article/pii/S0022356525397867,sciencedirect.com,,These cookies allow us to count visits and traffic sources so we can measure and improve the performance of our site.,,,
q036-3,q036,VAR-101 in vivo monotherapy tumour growth inhibition TGI tumour regression tumour shrinkage in Pancreatic Ductal Carcinoma animal models,VAR-101 aPKCi PDAC in vivo efficacy monotherapy,4,Study Details |,https://clinicaltrials.gov/study/NCT05743244,clinicaltrials.gov,2012-02-16,**Note:** The ClinicalTrials.gov results database became available in September 2008.,,,
q036-3,q036,VAR-101 in vivo monotherapy tumour growth inhibition TGI tumour regression tumour shrinkage in Pancreatic Ductal Carcinoma animal models,VAR-101 aPKCi PDAC in vivo efficacy monotherapy,5,[PDF] VP-VSJ-110-2101 - ClinicalTrials.gov,https://cdn.clinicaltrials.gov/large-docs/45/NCT04622345/Prot_SAP_000.pdf,cdn.clinicaltrials.gov,,������������������������������������������������������������������������������������������ ���������������������������������,,,
q037-1,q037,IPS-06061 in vivo single-agent monotherapy tumour growth inhibition TGI tumour regression tumour shrinkage in KRAS G12D Mutant Pancreatic Ductal Adenocarcinoma animal models,IPS-06061 AsPC-1 xenograft tumour regression,1,"IPS-06061, a novel TPD molecular glue degrader targeting ...","https://www.semanticscholar.org/paper/Abstract-384:-IPS-06061,-a-novel-TPD-molecular-glue-Kang-Seo/4f2bcf78c924979bc6307109217d45ba8c3f04e4",semanticscholar.org,2025-04-21,"This work has discovered a novel KRAS G12D-degrading Molecular Glue using IPS's cutting-edge ProGlu AI-based drug discovery platform and PPIExplorer, an IPS-Chip based Proteomics technology and confirmed a strong anti-tumor efficacy using a xenograft animal model.",,,
q037-1,q037,IPS-06061 in vivo single-agent monotherapy tumour growth inhibition TGI tumour regression tumour shrinkage in KRAS G12D Mutant Pancreatic Ductal Adenocarcinoma animal models,IPS-06061 AsPC-1 xenograft tumour regression,2,IPS-06061 / InnoPharmaScreen - LARVOL DELTA,https://delta.larvol.com/Products/?ProductId=ccb564ce-8520-4931-b4f5-b18b425ae464,delta.larvol.com,2025-03-26,"/ InnoPharmaScreen ... - ""One such degrader, namely IPS-06061, was successfully synthesized and confirmed a strong anti-tumor efficacy using a xenograft animal model. These data demonstrate that KRAS MG will be a promising new therapeutic modality for the treatment of PDA, CRC, and NSCLC.""",,,
q037-1,q037,IPS-06061 in vivo single-agent monotherapy tumour growth inhibition TGI tumour regression tumour shrinkage in KRAS G12D Mutant Pancreatic Ductal Adenocarcinoma animal models,IPS-06061 AsPC-1 xenograft tumour regression,3,Cloudflare,https://aacrjournals.org/clincancerres/article-pdf/23/3/623/2041560/623.pdf,aacrjournals.org,,Cloudflare is currently unable to resolve your requested domain (aacrjournals.org).,,,
q037-1,q037,IPS-06061 in vivo single-agent monotherapy tumour growth inhibition TGI tumour regression tumour shrinkage in KRAS G12D Mutant Pancreatic Ductal Adenocarcinoma animal models,IPS-06061 AsPC-1 xenograft tumour regression,4,Cancer Cell,https://www.sciencedirect.com/science/article/pii/S1535610817300168,sciencedirect.com,,"You can set your browser to block or alert you about these cookies, but some parts of the site will not then work.",,,
q037-1,q037,IPS-06061 in vivo single-agent monotherapy tumour growth inhibition TGI tumour regression tumour shrinkage in KRAS G12D Mutant Pancreatic Ductal Adenocarcinoma animal models,IPS-06061 AsPC-1 xenograft tumour regression,5,Letter to the Editor:,https://journals.aboutscience.eu/index.php/cancerbreakingnews/article/view/206,journals.aboutscience.eu,2016-03-15,We log anonymous usage statistics. ... Please read the privacy information for details.,,,
q037-2,q037,IPS-06061 in vivo single-agent monotherapy tumour growth inhibition TGI tumour regression tumour shrinkage in KRAS G12D Mutant Pancreatic Ductal Adenocarcinoma animal models,IPS-06061 30 mg/kg TGI AsPC-1,1,JavaScript is required...,https://pubchem.ncbi.nlm.nih.gov/bioassay/511742,pubchem.ncbi.nlm.nih.gov,,"Please enable Javascript in order to use PubChem website. ... Before sharing sensitive information, make sure you’re on a federal government site.",,,
q037-2,q037,IPS-06061 in vivo single-agent monotherapy tumour growth inhibition TGI tumour regression tumour shrinkage in KRAS G12D Mutant Pancreatic Ductal Adenocarcinoma animal models,IPS-06061 30 mg/kg TGI AsPC-1,2,CONTENTdm,https://ojd.contentdm.oclc.org/digital/api/collection/p17027coll5/id/41166/download,ojd.contentdm.oclc.org,,"To experience full interactivity, please enable Javascript in your browser. ... CONTENTdm®",,,
q037-2,q037,IPS-06061 in vivo single-agent monotherapy tumour growth inhibition TGI tumour regression tumour shrinkage in KRAS G12D Mutant Pancreatic Ductal Adenocarcinoma animal models,IPS-06061 30 mg/kg TGI AsPC-1,3,Issue Information,https://onlinelibrary.wiley.com/doi/pdf/10.1111/aej.70109,onlinelibrary.wiley.com,,"This website utilizes technologies such as cookies to enable essential site functionality, as well as for analytics, personalization, and targeted advertising.",,,
q037-2,q037,IPS-06061 in vivo single-agent monotherapy tumour growth inhibition TGI tumour regression tumour shrinkage in KRAS G12D Mutant Pancreatic Ductal Adenocarcinoma animal models,IPS-06061 30 mg/kg TGI AsPC-1,4,"�fx��zI�zG`��AN��2g���W눷ov�P��w{����$�KĝA������wTc�w���Z��č{�Fy�e�+�]m�\�0tnjBԯ�d���)����ŀ&�˴UV31��$����X�H$�dx>^ ��q�h$AO<3�?xǡU^��]�����ń�`@q��,R{���ӼZr�g��q�7蹯���\v�OPXT��\An$���1Q��]�h&��`����ۺ����B�b�Ӻ鲢Ⱥ5�9Z?ak*U��,EPbY O2��0��pꑤ/""y*����e�%KO>%LmLS.�R��Z��C���TE�X�>u\����KUTY1-K����N�(��n�>v2*΅{}�¹�� #4T�H�-�@u�:�W��1�HN��[vWެ#����'�k����Q�B�]��ܻ���p`|��y��}� �""U�R�.���/�g�r��-���c7�6�9;l�4������z��=�}����9a�.=�۞��X��t� ���""4�m�_�i�E���k�""\Y��J�\)�l,%�:��7�-�̋�� �*ϟ�/\�>�q�.�aK��---��9kˉ�,�����x6�k�r\0o���1� F �*&�@[mUcG���@Vl��;�""�\�7'��|$:� Ⱥ�]4�v�T`u�c3=�sٶ�4�-�T:���""M=��[(��z��}^Q�[lG��~lv�h��{;F�Km����U�@�a��h [��p""en`ь�9|)�w@��""JP��A꾱>�`8������ FӁǃ����a��J��8��u��c��JY�eY��K�=~_�%YP�T�?�`�U]Q����+ȳ��D�Դyc�����&sr��q\,���G��s�~�4����V���F��|7*���-e���_���k.�s�����N<�F�&U���~�Z1��_}?��K�������䚅� �zڊ�Yc��`�!Ƅ���*�-r?�e<�4v���t�6��ܹO���(=c�q0{�R*������A5t�_��h�=��� =�*�d�3`;�^�jݢ LJ:l]G��Pkrk��g��j�(��1��&����|F��J;���}��\*��?/�Ғ�Ou��� ��-�]�""o�ޢ? ��#H8A��� ��W�=/�'�[���Xv�>��U��602�4xOC�����p�t��h9�D�Z��7�s��F��� ;����F 6�sּ�](����3c�������d*�Q�ox՛#�N����\۹��8��������|q!,]+���G�5jS���76=Ўo:�'a�L@��B��ԏ��V�Y' e�~|�H�-����p��W�V�Zz��x�*���Ƕ�""��l�)a���<� ^������9�7ͼ���r�����������N���It 7rð�<6���T��G��SL��#�D>���֢�i���� ���6֞Ÿ��|A�J�8W^5�x�f,��%�5tt``��ŵ����kڊŶ5k� �6���Ň.X�j��-^^\;������sϫ-f�_���z�6��R-V�{��P=J%��$��J�g�E��T�5� � 7���!)O���:V�u=)�ï�'Ԓ�;0X���'�8|-Ӷ�;���4m�2����1̖�!�Y1������/#�O % ��HMO� �_Rac7ŗ�X]OՍ�a,�O��t�g`�9�=��S�M�+[H�TQ3��l�`zԼI���I��� �:>)�*q�e9^�B�l\ׅp46� S3@Ƨ߁ߐ�kO�k�)a-{M����e��~)8�r���,�""6�EC*����Xm�j�����DG_[��X.��9CyI�l�N�����V'��Tu����ķ:ho� �|m$�I�=�tk0Й+�xn�""���M峡`0���'��oA)n�_�(騥�6Z�(��:��@�*�O��P��rgT�~�6�`��ISo�e% �4aoKʲ�;��S�כy����Mw*���Hrl����RHUP�랩��ư*ERAi�#�6|7�Re����@���80�����g+��Fܙk*�g����ƞ�ϲ�TQLC�t�/�ϛ?��>�.Kf4>T _�:��l��T#�[�e��ގHh�DR3D�6�[����E�����d;�H�POע�d��Z�����a�m�����s�""=8��*��N T*Ĩ���7.� �|���[�ǂ+�q�W���4����P�����lj�������[L�����3���#�����o�5�ɨ�^th��j���SB�wb���#���""����JQ+��w'�Sq��� �_�Z���N=�~N�ޔ�Ը�:X�y��Đc$����y���3u�@������Ul�U�r�x=���8wCO'����<^�N�2:+&z�����,��*�G��%��� 筢� �� �[��=td����Y1���`o��(]�Ր�腍u�Ќ^�����Aټy��8� ��q���t {n���l��C�yo*�o��w�������aE��=zdM�Ȑ-��eK�l���>_""߲�ڙHO&Z<�P""��#�A���-�����������7mM����X8>�3R-��I����AZn[�F���X�lKUt=�Q�����x bqx)��%�����W*���\�I��R�SDnQ�@��.�U8�Ug~�q0ꆫX�m�̏B�]�wE���<�/!���� ������w��@ؘ���S?���|���x���d!���]>u ӄ����s�]$Nr�@H�& Ð}@A����kX�_[��u���t���=�{�����X�#�L��@ H9�w���D�2�֡���mrȰ-+'��TiX��a�k����D��A�b��RTH����g7�����;�:�����.S5���ZF�6M�Ӳ���i���f�;b�F���dN�u#fhc#+&bS����v�<�#K���d=�!ջ>���2�����ʣ5'���S��8���J�F�[��< �� �`<�_��Ҫ9�'�1lU��6w�m rE����&J�IG|�Ii2�i詓�H �jX�O�*%�����!��^X+��)3r6*���Ds� ���^�v��hk��J!T������f��o���/�+�����v����퓌�?����b���b뷚���r�$D��4�����V�,Z�x�O�2t����ǟ�u�y�h,�C�b��ey�#��y]��wq?�V���>[e�I=l��f����-3 `@�r�Y�y��Ĺ�������L�̉�2g��~$����q�K>�g�jp|.�I�J�ġ�ŃJc�r���B�h������3��<����Q���h*^�`ş�� �ߵ3(��+.�⽖-��b�n<�5^&�,���D���g��Le�=PRؗ�\7C}��Ҁ%(�""'""�^�Kr����""n9j�a��\A�!�k��0?Ffa��p���6Z��F���n���m�8���j0�����J�������g~�� #���u��O�� >�XX��Կ5 ��I�9>� Oդ]eY�پu�_V*]�""^P��l���e�',[�>�v-u����6,����_��Gu�N��Y�5 渵�Q�z��j��6Js�����<�()�ʉT�U��)�1�3>^�-���A��k� 8h�:J��z$`_�4U�~�e[=�(OӅ�Co�|��r��h���W1o*/Ȋ���N�a~z1�]� n1ɐ/6�ܼ�Xk����P ���{�š��D )?�z���%~ �jqi���V��t� pÝ�E��)U�E8+_��� ���]��g�:;ce�L}��^7*gn�_s�l�o��곳�p��_�>�����8;�� ��Or4�&������[�~O�4��$��� �5Y�8|����i�""�m�O�d��K��%,l\�������m+&X7|/Gm'����w��V����+-9|h�㧷M})�8�P��vN�5��`˗eI�U�]}���;� ©�S5>D�C�{��z�Y�(���>w>�Q6}�Yl�m�UH�8w]���Zk �i.�=:�Y� n>y�|�l���[�������ow��t��F��k�\����\%��O�z����>����-3L�� ��֍�6?^0{5x�`�旟�\q����f hS@p�3:ʱc��S�Ң����2ܢ���*���������(g����uc�n �(2)O����1aQ���4�A��,�����r���82a;MN.��az9�px�`�}� �yK�""e6��q|&f�2��1�p|^�Ro�ǰ�Xʛ3N��:'�i �8�I���!�'�f�z�`���o�A�@5#��fs�l/|��x8,�� ǹs�/<`�;��v���3k""� ʝh���P�([�o7&�\��^&�����v�r5a[-�e�b�5+`S��̦ayw�y��k ��fq��EnL9�r�5Y�z��f�+�""f�qD(I��:_y��PPO�Յk�����֢��IC�����~��yҋ%��e�""ryy�����O���ӭK-]}9�<+���p���{��@��o���.���b�3��4�)�0'Nɝ���?�24��]J����Ȼ:q�a�\���9�ax�t��7�E""�A�b�g���&w=}�i�˟�g�������l4�xuI��#i_w�p��m�2���{#�/��;G!<�m&����:��t��,�����~è�aM��{�D�TTuc�$����6���R���}c,��kh���l�P_���ƾD�Lɠl<=������M&2�)�A�����Nj�l[�0D�dz��S/�g��5EOտl�O�B�J�5���획�`��$�ǜV�`�˕Ҽ��^K3D�A5T%�Oww��tWw:�H���wr��d��""�{����Z��r�vo��\o��n�c|)GΧ������gXɑ�����K���z��wE�g�8�Z$�>t*���oM3��pn0�q���ile���|WGG��,�D��zޝ@�Ű����)b��L��[�K�\�- $?k~��oĀ��`�1G������n<����x��}����% 4IA��9���&) �{uEU*%[B&�L��<��o݊�Q,�׃��;{�}|�� ��X�""A��y�������΅�9��*�����Cu���9�<#��Q�Q�YBID,�� A2`� ��y�`��s������T�g�[�]Dx�Y��g��=�����}�d27���u���Q��N���T�������O[�L��\��|.�uґ&�b(��N�w���Re,�'���D����⧦��ӻk��ٲ�FF�vč���2�����5<\(wv�t��.e�Yw֝��F�n�$+�d6��7� �F5;@���Mw���#֣����@����IQ����Ǣ���#��{d����0:Z�ST�8�P%�MU�S�\����2�g�}/��l���&�0s#�e�q�/<��3��A��h��X�����q��m�Ѭ���O.\=����E�<ɹ��J? �h1�y����4���K�U�y�9ʧl;��ۗ���Z�c.�7kV�%������XR(�r�y���vd�4���F��',Lc�"" \}���<*�(@T1�����7�zr*�υ3�J��:��_R{qTN��u\a+��-�����FV��}A����;�Π_�.��������0I]up�Pߚ�xJ�n����s4�*hz6#���D��Wr��˼�����nDB��p,^beX�b9K�/|��X��zP#�u��� a/��@�� �@(�Czav�I�F�<�]&�Q��L^ފ8�`)J����r�,o��HI��#�!� ��維�t�^���[N���������e�����W2Y���,�,�""s�s����2\�_%Li��O�,�q��ۑ�ڶv���wmmθc�-���7��;V��tq?̗��:���Q�y5ų��t�*�e ���˓�˿���6�r�""�CI��[��QM��G���.i8j�>V�� oG]��N��Ӡ���� ������d'�g�1w0�a>ʬ���{z�!��'��h��������^:���<�߇���$�~�M�Y�s��=�i��J�[t;v��;�,�EӀ=ܱw���t+�_�z�� ���,���U��+V�y86s�k�B��\cE͔��MC�i1G2�D8w $)��oص�+�Q��RU�w�8�������G�� ��nzLX�����l����: M���u�R��v1�P�FOY����S���<ƙ��_U�0M��ij��ވo8�uT���ഞ��M���H8R�L�eV���� �b�O}0��}�%�x[E.���͒L0O�;M��E`��Ԡ�]�!��WA'����Xu��x�)��y�mP�4��vO���B��?�1;ˬ�}+��yw��Y���������J�?��u�9xq4�v��X9 VP��#�������U�Ug��G�ێ��d�J�~uh'U��ß������ݢ��p�|���,�Nt�~�Z�9��-�}��/��;��h�+р�� +��l]z���-{� �8�s g�~�k�ƒ��v�)���7иi�xJd�(�[��L@��86�3`�:�!>(7t��f5��Qт@oP�9�q�P���e'F��L�D���[�s����T:��k�]�|`� YRm�״g��4�LOk��N��癓ui;Zu;u]��=� �=���s����� )��_��߀��SB.�<��������ʻ��k�aB�Y�M�`�&�w�d���]͎�ܝoώ�-�4\6Y�[^+�����b>��&�N�Q�ƽ8S·�v2��$Z��hDS��x*��������\:�{��7�a���R5���LF5��}�%A�ڹm��狕]0��di���F(cQ��+�c��뢀�f�F%=��y��h*�jjE���?��p��8�{�,�\�G�ŕ��I<�&H=ɖi�!���[��4KQ�""�쮤h~Y�Nf��2��Q�e��D� Y���(��#]=���mi}H,�D��'�t��.C�D�Ah���fb�K�Gd%Sf�1�0��R�F'.P�����!�f�""(�� ���:�1���Λgs�Ӭ�6�h-�\/�j�������g����]�AV �Q��A�U^UMa�ٺI��j_���f��9�*�^�0��f���}<듋�=��8?Ѧ4EAQ�rW֣����,%?�����-~�7����]�)��^6EY����L̆Ќ��b1�W���/^�ye*�H���rB�=M�7t�P�ݠ̫����)�#�����F�H6=��4ծ� �;�.-�*,��A�Rg�B4�SKs������1������Mfj7I䁡K`Y�����u��Ј$yz@,��4]�~��@��9�Ch��G��D��_�4MTO�C��ȦRY�(�QЪ���W'\�6?σ�����t���B_GYڦ�ܐ�(�$ptAC�T��� !���Һ?BD?#��`��(馩]��un��Y��˗�(�� ��沒��G��]�xg9�N�˝����o!���aN1�^�,�2^x��E�S��\D��P&�e �M�S)b�t %�����''���62�6H;�g[+n����e@�X��Ю��d)̺5|~L���}�/-c,Cw�� �����R�H�'�B��yK_�@��MU�5�3��ۯ pl���½�H�5+��]ޚ6t�����6�MG(R �!s��(�2/ۖc4b�!C�_""�9�~�f�0�������{}�������n�'�e������w�J��>��*�(p��C�,Zs��Ϊ;l%�V1hI�yh;OnE�A�V^1���fA��1 �g�մ{�A��P�!b[����R͠���f��)2��� �M�e��Pw0J�<|����1��S��=p����nʂ�G*��hGWGS)�^�x- ����ƍ����w���0���������<�vY�Pg����Y>���V�R�c�A-X�eJ��f®buQ��w�%�]�y��v�Fx�7��wN@� kp��uz������z]{@�����^�@�y_$0�I��yH���Eo�e)�I�n��P���YL����t����K�9�cn�6!�-�4uz �S��h9�G �����1ɒĞ=� ����D��&h�Qi���(�ʦtI�ם��� l�掦��mG�2>n�:�<�vӶ��S��*F$ڑM#·#h�̾.���=��8X��נ�8)��L��I��u{v��������/Ql���u�� :��D3��h,����Z�l��jCWA� �K�!X���f�[},)ƻN��4��� bb����L�`��L^�%A�����>N�@-�Gs�+��o!��^W~������_�#� �t��P B�nz�+4@�DV�n���iV���\�P�3t��~���z��v�B�@�F�>�4:����.�!�~�8�����ϼ|Կ4��_4o�_YNѴI麐eŵmGXd�K�tM����`�(��9���8\���V�;��-h���W�����i( ��f�����-Ŝ T�6�����|q�=df+�)K�)�j��4<ۇa�xx^��K:��g9N���g��d.D��?����ǣ�����Xsbbu���SC��JiDZuM���p��hF�Ib�H~�hx � o[q|�� �)ێ�cN�$bV�!E�/+l�)1E����3X@4e���Mg�����J�4P��@��eQ�k�.�'oI3*r[2V*�R�X�K��q2e�Mg��;��D,���O��B�.&4�c5���NC�_V`)��U��Myd��>�%J�V����}N�4:S&P[��4979� �I ��k��V֮�4���M����8F�U[ɦ�)�#������3d��0[�;��'��:�l����VRG�QA^�x�5��U�TLɿ��c���hi���;|zk�v*��p�3j�W�r�� �E���W��m��D�lܯ�UAQ�A�j���@,��`��}�c�}�Uu��:(to#mH���*�#��<� �X$�+����e]+��մAm��j��W�el_�@/3�)o�^Ru�~��(�f��nʛ�[� <~��~�d?���Ql�2�#韻 ��|-�'<���qy(�J�Ga��m�@ =���_!? +���;�ɺs�BYr�}�<�&��a� ����߁�4��j/�M?8sG7O��D��= ,�E�*_���5�����c�(�,���ŝԑ�,����j�2&ub�b�q�#~�E��9�ę#1Y�s�+���s]�bw�ilT;R*u'�]�A�-T4BC�x?z�6GVB����6����J��4ˆJF�e*$dl���y�d�g�Q֫ZΩ�v��V29��b���J6L�S���@+t������b��©���67g,�9E ��MQ��sM_����j��{�j��b�`F^���-|b�:u��BUBr�55Z2���\u�y���R����=���'[ѕ����a&��U[ꯊ*��e�2��FbZ@��l�Q#/�z�h�蹵��\W�@IA AzJ�5�I�L�s0_��e!T�� �Wmݬ�^����2�P$� �\�L��!�*� ���.����aS����.�""�@p��Fè8�awUW�WD�-��dIA5@���Hyx�I���� f3�1v�����`ݿ�Χ�^F3""����Ǜ‡�Y*!�Lkh�m���w;�v0�͚A;�R:""�o�6�.��Z�����ʍ��^-7)2�g�e""�OF�1jG��\:�F X!f ���ɎL�cқ�LͿ�U�����!�b ����Hgm�x/.u�b�Ű��s#�l�P{��Q�4�R�M&�Jf��Tz�TU��������K_|�k]���=�����$P,���ϴfg���E�5R`�̷�;��>���ql�a��l���������{���S��N�Wd3�\�L�ڷNv^��xc����g���kG�?��Q�;�<.u/�{���ʮ�/�7�8�V<0����u�d�K`���ʫ� c�8wp�������Q�>OQ�Ǔ��)[��L�'ن�����)���#�a*4^ݱ�^h�e�?1 I�?�̷nM�w�IĮ����+N��P��W�ZYa��Fϑ^U��4���D�e��GU�79�Q���Ɲ�,)t��g�k$WL��*P��E�D=/�;�'Rb��/�7�u�C�bt��]¡mh�.ɇP�D�z����7Kc��X�""�&G1W�q1ț��KyQ�mc����{6߹�BJ���4��_���ԙ���;!�3��:uhc�4V�hO�C������R���r�K��8����ə�e�����;}*��$�B�����3�5`���E��&��1'��sB4䌔'��s��D��r����x��""˪��\�^�\m�[�y]�F��&�l�O�KY,g�Q4Y�)&��8o��~��9� A���A���@u&�7��pͥU��Z��e7�MM��/7��n��n� WFCb[��-� �ie�,��@٭EJ8��q>��r���*�C�����fY.Qv—_#~�I����b�U�GR�E�l�b���B�Y��7�P!�����rP�e�������<� ��g���,O]�h�!+�ܵ*�R�H���{,܉Af�|�#3̜`�z�����$l���O �N�1-Y�77{o\k�j>;�M( ����eh4Kz�]qK�e㇏^�zǹ{b����;�i_'L�R̥m���H�Y�OAU2��/�����w�Y6�%d�""�h��6�L]5z� ��a܆m'�V�ࡽ� ϋ��5��Q���ڬ����aδ#HM�RDV2 �M�����rM��[ <��H���R���a��ٯ���I�F��)��7�<���+!LlE+���aBN���1� s5�s��p� ZZϔ""(�T �,\�����6tr�ۄ =�8o@��y��}ZG��B�""4�q��E�|�[DZ`i�E����9�[�H�eS��Z][�X��zv&]]zũu�����E���f�,k;�/��u�*k� �aƲ ���[�XȈbw�� }^ȕ6Cb��d��4��Q�]�&�Y���[dm�@+�d�C�F8ՑN���?��w�� �C��9LJ/��Y�ᴘ*��� QO�y Ʈ�&�1w��*#0X�12R��a�X��p���JG&Q�Jd���J""�2��A#E(��}�m\��4�wV���N���8��L��F� �U�&""K���b���>���[�� �Q���E�ND�ǽ�䞩��=�n��v>�����V��៉��� Ԫ<�wZ�,�/����ntp�����M�r�""I�W[V�C��7���]��Dm��&+""͂�Дd@����c�ԅ;�#6�m�f5�k���?� ����p��_�D�t(����I�b��X� �̫w��\?��lQ5J�y ��sͭ��Ȟ�:M�=��%,KB� ÇvW2�t*���@_�@O��$��y�7r d>r�$S��2G����uhM��ā�+FϩOJP@�\��Ӗ-��4 �� ��`u(��Sp��& �hr��I���70�4�s������e&.UPR�x^�l9�a�8����P����hH)��+���…",https://www.korea.kr/common/download.do?fileId=198564453&tblKey=GMN,korea.kr,2026-10-02,"��V}g��.�-�L���X:� /{f9���r��U�����u�U��QW��� �|5��p�f�C�=Y�i�C{F��g/��U2�������T4)-�P""���};'�g)�tu������67�"".��O�y�$�>'�$����u�����co.�V�Oc�a{��&���m�S���,c�eIͰXrx���-Jzmv�l�����0���䍬`�@�����Q_��86�9����r���kr��8+s�zVk",,,
q037-2,q037,IPS-06061 in vivo single-agent monotherapy tumour growth inhibition TGI tumour regression tumour shrinkage in KRAS G12D Mutant Pancreatic Ductal Adenocarcinoma animal models,IPS-06061 30 mg/kg TGI AsPC-1,5,"IPS-06061, a novel TPD molecular glue degrader targeting ...","https://www.semanticscholar.org/paper/Abstract-384:-IPS-06061,-a-novel-TPD-molecular-glue-Kang-Seo/4f2bcf78c924979bc6307109217d45ba8c3f04e4",semanticscholar.org,2025-04-21,"This work has discovered a novel KRAS G12D-degrading Molecular Glue using IPS's cutting-edge ProGlu AI-based drug discovery platform and PPIExplorer, an IPS-Chip based Proteomics technology and confirmed a strong anti-tumor efficacy using a xenograft animal model.",,,
q037-3,q037,IPS-06061 in vivo single-agent monotherapy tumour growth inhibition TGI tumour regression tumour shrinkage in KRAS G12D Mutant Pancreatic Ductal Adenocarcinoma animal models,IPS-06061 day 28 tumour volume AsPC-1,1,Browse,https://inplasy.com/projects/,inplasy.com,2018-11-26,International Platform of Registered Systematic Review and Meta-analysis Protocols ... ## May/ June 2020,,,
q037-3,q037,IPS-06061 in vivo single-agent monotherapy tumour growth inhibition TGI tumour regression tumour shrinkage in KRAS G12D Mutant Pancreatic Ductal Adenocarcinoma animal models,IPS-06061 day 28 tumour volume AsPC-1,2,CAS 3064065-83-1 IPS-06061 - Alfa Chemistry,https://www.alfa-chemistry.com/product/ips-cas-3064065-83-1-621047.html,alfa-chemistry.com,,"Please confirm the ""Catalog Number"" and the ""Sample Lot No."" and then enter the following information.",,,
q037-3,q037,IPS-06061 in vivo single-agent monotherapy tumour growth inhibition TGI tumour regression tumour shrinkage in KRAS G12D Mutant Pancreatic Ductal Adenocarcinoma animal models,IPS-06061 day 28 tumour volume AsPC-1,3,"IPS-06061, a novel TPD molecular glue degrader targeting ...","https://www.semanticscholar.org/paper/Abstract-384:-IPS-06061,-a-novel-TPD-molecular-glue-Kang-Seo/4f2bcf78c924979bc6307109217d45ba8c3f04e4",semanticscholar.org,2025-04-21,"This work has discovered a novel KRAS G12D-degrading Molecular Glue using IPS's cutting-edge ProGlu AI-based drug discovery platform and PPIExplorer, an IPS-Chip based Proteomics technology and confirmed a strong anti-tumor efficacy using a xenograft animal model.",,,
q037-3,q037,IPS-06061 in vivo single-agent monotherapy tumour growth inhibition TGI tumour regression tumour shrinkage in KRAS G12D Mutant Pancreatic Ductal Adenocarcinoma animal models,IPS-06061 day 28 tumour volume AsPC-1,4,VIVOWeill Cornell Medical College,https://vivo.weill.cornell.edu/display/pubid31548719,vivo.weill.cornell.edu,,"### authors - Alvarez, Mariano J ... - Reidy-Lagunes, Diane L",,,
q037-3,q037,IPS-06061 in vivo single-agent monotherapy tumour growth inhibition TGI tumour regression tumour shrinkage in KRAS G12D Mutant Pancreatic Ductal Adenocarcinoma animal models,IPS-06061 day 28 tumour volume AsPC-1,5,OpenLB Open Library of Bioscience,https://ngdc.cncb.ac.cn/openlb/publication/OLB-PM-35477776,ngdc.cncb.ac.cn,2016-12-01,"- Tracy Murray Stewart: Sidney Kimmel Comprehensive Cancer Center, Johns Hopkins School of Medicine, Baltimore, MD, USA.",,,
q037-4,q037,IPS-06061 in vivo single-agent monotherapy tumour growth inhibition TGI tumour regression tumour shrinkage in KRAS G12D Mutant Pancreatic Ductal Adenocarcinoma animal models,IPS-06061 tumour shrinkage pancreatic cancer xenograft,1,"IPS-06061, a novel TPD molecular glue degrader targeting ...","https://www.semanticscholar.org/paper/Abstract-384:-IPS-06061,-a-novel-TPD-molecular-glue-Kang-Seo/4f2bcf78c924979bc6307109217d45ba8c3f04e4",semanticscholar.org,2025-04-21,"This work has discovered a novel KRAS G12D-degrading Molecular Glue using IPS's cutting-edge ProGlu AI-based drug discovery platform and PPIExplorer, an IPS-Chip based Proteomics technology and confirmed a strong anti-tumor efficacy using a xenograft animal model.",,,
q037-4,q037,IPS-06061 in vivo single-agent monotherapy tumour growth inhibition TGI tumour regression tumour shrinkage in KRAS G12D Mutant Pancreatic Ductal Adenocarcinoma animal models,IPS-06061 tumour shrinkage pancreatic cancer xenograft,2,"IPS-06061, a novel orally active TPD molecular glue degrader targeting… | Gagan Kukreja | 10 comments",https://www.linkedin.com/posts/kukreja3_ips-06061-a-novel-orally-active-tpd-molecular-activity-7323060772941504513-JGc2,linkedin.com,2025-04-29,"IPS-06061, a novel orally active TPD molecular glue degrader targeting KRAS G12D shows strong anti-tumor efficacy using a xenograft animal model Discovered using IPS's cutting-edge ProGlu AI-based drug discovery platform that accurately predicts PPI between E3 ligase and KRAS G12D through MD simulat",,,
q037-4,q037,IPS-06061 in vivo single-agent monotherapy tumour growth inhibition TGI tumour regression tumour shrinkage in KRAS G12D Mutant Pancreatic Ductal Adenocarcinoma animal models,IPS-06061 tumour shrinkage pancreatic cancer xenograft,3,IPS-06061 / InnoPharmaScreen - LARVOL DELTA,https://delta.larvol.com/Products/?ProductId=ccb564ce-8520-4931-b4f5-b18b425ae464,delta.larvol.com,2025-03-26,"/ InnoPharmaScreen ... - ""One such degrader, namely IPS-06061, was successfully synthesized and confirmed a strong anti-tumor efficacy using a xenograft animal model. These data demonstrate that KRAS MG will be a promising new therapeutic modality for the treatment of PDA, CRC, and NSCLC.""",,,
q037-4,q037,IPS-06061 in vivo single-agent monotherapy tumour growth inhibition TGI tumour regression tumour shrinkage in KRAS G12D Mutant Pancreatic Ductal Adenocarcinoma animal models,IPS-06061 tumour shrinkage pancreatic cancer xenograft,4,Delving into the Latest Updates on IPS-06061 with Synapse,https://synapse.patsnap.com/drug/1851cdc2108a43af9482c31484851537,synapse.patsnap.com,2025-05-24,Pancreatic Ductal Adenocarcinoma ... Evaluation Publication Date No Data,,,
q037-4,q037,IPS-06061 in vivo single-agent monotherapy tumour growth inhibition TGI tumour regression tumour shrinkage in KRAS G12D Mutant Pancreatic Ductal Adenocarcinoma animal models,IPS-06061 tumour shrinkage pancreatic cancer xenograft,5,IPS-06061 | MedChemExpress,https://file.medchemexpress.com/batch_PDF/HY-170428/IPS-06061-DataSheet-MedChemExpress.pdf,file.medchemexpress.com,,"IPS-06061 is an orally active molecule glue, that forms a ternary complex of CRBN-KRASG12D-IPS06061, and degrades KRAS  G12D with a DC50 <500 nM[1]. ... Caution: Product has not been fully validated for medical applications. For research use only.",,,
q038-1,q038,KRAS G12D drugs approved against the target and their regulatory approval status,ZE980277 KRAS G12D approval status FDA EMA,1,Search Orphan Drug Designations and Approvals - FDA,https://www.accessdata.fda.gov/scripts/opdlisting/oopd/detailedIndex.cfm?cfgridkey=1124625,accessdata.fda.gov,,|Generic Name:|KRAS G12D inhibitor| |--|--| |Date Designated:|05/01/2026| |Orphan Designation:|treatment of pancreatic cancer| |Orphan Designation Status:|Designated| |FDA Orphan Approval Status:|Not FDA Approved for Orphan Indication|,,,
q038-1,q038,KRAS G12D drugs approved against the target and their regulatory approval status,ZE980277 KRAS G12D approval status FDA EMA,2,Oncology (Cancer)/Hematologic Malignancies Approval ...,https://www.fda.gov/drugs/resources-information-approved-drugs/oncology-cancerhematologic-malignancies-approval-notifications,fda.gov,2026-09-24,"|FDA approves sotorasib with panitumumab for KRAS G12C-mutated colorectal cancer|On January 16, 2025, the Food and Drug Administration approved sotorasib (Lumakras, Amgen Inc.) with panitumumab (Vectibix, Amgen Inc.) for adult patients with KRAS G12C-mutated metastatic colorectal cancer (mCRC), as d",,,
q038-1,q038,KRAS G12D drugs approved against the target and their regulatory approval status,ZE980277 KRAS G12D approval status FDA EMA,3,Ongoing | Cancer Accelerated Approvals,https://www.fda.gov/drugs/resources-information-approved-drugs/ongoing-cancer-accelerated-approvals,fda.gov,2026-09-17,"|Krazati (adagrasib)|Adult patients with KRAS G12C-mutated locally advanced or metastatic non-small cell lung cancer (NSCLC), as determined by an FDA-approved test, who have received at least one prior systemic therapy.|12/12/2022|4378-1: Conduct a randomized comparative clinical trial of adagrasib ",,,
q038-1,q038,KRAS G12D drugs approved against the target and their regulatory approval status,ZE980277 KRAS G12D approval status FDA EMA,4,cancer.aestheticsadvisor.com · 2026 · 04KRAS Inhibitors (2026): The Complete Guide to Targeted Therapy...,https://cancer.aestheticsadvisor.com/2026/04/kras-inhibitors-2026-complete-guide-to.html,cancer.aestheticsadvisor.com,2026-09-07,"Zoldonrasib is a covalent, G12D-selective RAS(ON) inhibitor and holds FDA Breakthrough Therapy Designation for KRAS G12D-mutated disease. ... No targeted therapy is currently FDA-approved specifically for RAS G12D-mutant cancers; zoldonrasib and related G12D-directed programs (including earlier-stag",,,
q038-1,q038,KRAS G12D drugs approved against the target and their regulatory approval status,ZE980277 KRAS G12D approval status FDA EMA,5,"KRAS Inhibitor Clinical Trial Landscape, September 2026: 115 ...",https://datalookout.com/kras-inhibitor-clinical-trials,datalookout.com,2026-10-01,"Revolution Medicines is leading the development of pan-RAS inhibitors that target multiple KRAS mutations simultaneously, including G12D, the dominant mutation in pancreatic cancer: ... - **RMC-9805 (Revolution Medicines)**: KRAS G12D-selective. Phase 1 in KRAS G12D-mutant solid tumors, particularly",,,
q038-2,q038,KRAS G12D drugs approved against the target and their regulatory approval status,ZE980277 KRAS G12D regulatory approval,1,Oral Investigational Agent Zoldonrasib Elicits Objective Responses ...,https://www.aacr.org/about-the-aacr/newsroom/news-releases/oral-investigational-agent-zoldonrasib-elicits-objective-responses-in-patients-with-kras-g12d-mutated-lung-cancer/,aacr.org,2025-04-27,"CHICAGO – Patients with previously treated non-small cell lung cancer (NSCLC) whose tumors harbored a KRAS G12D mutation experienced clinical benefit from the oral KRAS G12D inhibitor zoldonrasib, according to results presented at the American Association for Cancer Research (AACR) Annual Meeting 20",,,
q038-2,q038,KRAS G12D drugs approved against the target and their regulatory approval status,ZE980277 KRAS G12D regulatory approval,2,KRAS G12D Inhibitor Molecule Overview,https://www.lillyoncologypipeline.com/molecule/kras-g12d-inhibitor/,lillyoncologypipeline.com,2024-01-17,The safety and efficacy of the agents for uses under investigation have not been established. Pipeline molecules may not receive regulatory approval and become commercially available for the uses being investigated.,,,
q038-2,q038,KRAS G12D drugs approved against the target and their regulatory approval status,ZE980277 KRAS G12D regulatory approval,3,"KRAS Inhibitor Clinical Trial Landscape, September 2026: 115 ...",https://datalookout.com/kras-inhibitor-clinical-trials,datalookout.com,2026-10-01,"Revolution Medicines is leading the development of pan-RAS inhibitors that target multiple KRAS mutations simultaneously, including G12D, the dominant mutation in pancreatic cancer: ... - **RMC-9805 (Revolution Medicines)**: KRAS G12D-selective. Phase 1 in KRAS G12D-mutant solid tumors, particularly",,,
q038-2,q038,KRAS G12D drugs approved against the target and their regulatory approval status,ZE980277 KRAS G12D regulatory approval,4,"KRAS G12D inhibitor (BeiGene) - Drug Targets, Indications, Patents",https://synapse.patsnap.com/drug/3b644c9c621b47b9bf2d8979940c903f,synapse.patsnap.com,,"|Drug Highest PhasePreclinical| |First Approval Date-| ... In December 2022, the Company submitted the IND application for MRTX1133, a potent and selective KRASG12D inhibitor, which was cleared by the FDA in January 2023.",,,
q038-2,q038,KRAS G12D drugs approved against the target and their regulatory approval status,ZE980277 KRAS G12D regulatory approval,5,Investigational KRAS G12D Agents Demonstrate Promising ... - ILCN,https://www.ilcn.org/investigational-kras-g12d-agents-demonstrate-promising-antitumor-activity-in-non-small-cell-lung-cancer/,ilcn.org,2026-05-26,"Zoldonrasib was previously granted breakthrough therapy designation by the US Food and Drug Administration (FDA) in January 2026, marking the first time this designation was granted to an investigational drug specifically targeting the RAS G12D mutation.4 The FDA’s recent designation was based on da",,,
q038-3,q038,KRAS G12D drugs approved against the target and their regulatory approval status,ZE980277 KRAS G12D approved therapy status,1,Oral Investigational Agent Zoldonrasib Elicits Objective Responses ...,https://www.aacr.org/about-the-aacr/newsroom/news-releases/oral-investigational-agent-zoldonrasib-elicits-objective-responses-in-patients-with-kras-g12d-mutated-lung-cancer/,aacr.org,2025-04-27,"CHICAGO – Patients with previously treated non-small cell lung cancer (NSCLC) whose tumors harbored a KRAS G12D mutation experienced clinical benefit from the oral KRAS G12D inhibitor zoldonrasib, according to results presented at the American Association for Cancer Research (AACR) Annual Meeting 20",,,
q038-3,q038,KRAS G12D drugs approved against the target and their regulatory approval status,ZE980277 KRAS G12D approved therapy status,2,Therapeutic inhibition of RAS in non-small cell lung cancer - Frontiers,https://www.frontiersin.org/journals/oncology/articles/10.3389/fonc.2026.1817943/full,frontiersin.org,2026-06-30,"As of this writing, both drugs retain their accelerated approvals, but neither have received full or standard FDA approvals based on these results, and neither study has easily interpretable OS results, limited by both sample size and crossover. ... MRTX1133, the first reported G12D inhibitor, is a ",,,
q038-3,q038,KRAS G12D drugs approved against the target and their regulatory approval status,ZE980277 KRAS G12D approved therapy status,3,"KRAS Inhibitor Clinical Trial Landscape, September 2026: 115 ...",https://datalookout.com/kras-inhibitor-clinical-trials,datalookout.com,2026-10-01,"Revolution Medicines is leading the development of pan-RAS inhibitors that target multiple KRAS mutations simultaneously, including G12D, the dominant mutation in pancreatic cancer: ... - **RMC-9805 (Revolution Medicines)**: KRAS G12D-selective. Phase 1 in KRAS G12D-mutant solid tumors, particularly",,,
q038-3,q038,KRAS G12D drugs approved against the target and their regulatory approval status,ZE980277 KRAS G12D approved therapy status,4,Precision Targeting of KRAS-Mutant Cancers: Beyond G12C ... - PMC,https://pmc.ncbi.nlm.nih.gov/articles/PMC13362513/,pmc.ncbi.nlm.nih.gov,2026-06-26,"At present, the clinical use of approved KRAS inhibitors is largely limited to KRAS G12C-mutated advanced cancers. In NSCLC, sotorasib and adagrasib are approved as single agents for patients with locally advanced or metastatic KRAS G12C-mutated disease who have received at least one prior systemic ",,,
q038-3,q038,KRAS G12D drugs approved against the target and their regulatory approval status,ZE980277 KRAS G12D approved therapy status,5,www.clintrialfinder.info › mechanisms › kras-inhibitors100 KRAS Inhibitor Trials Recruiting (September 2026 ...,https://www.clintrialfinder.info/mechanisms/kras-inhibitors,clintrialfinder.info,2026-09-14,Mirati / Bristol Myers Squibb's KRAS G12C covalent inhibitor.,,,
q039-1,q039,"Inflammatory Bowel Disease competing agents in the same mechanistic class as KPG-818, including Small Molecule and Aiolos CRBN Ikaros therapies",KPG-818 Aiolos CRBN Ikaros inflammatory bowel disease competitors,1,Targeted therapies in systemic lupus erythematosus,https://www.frontiersin.org/journals/lupus/articles/10.3389/flupu.2026.1829480/full,frontiersin.org,2026-09-17,|B/T-cell co-stimulation|Acazicolcept (ALPN-101)|anti-CD28 and ICOS|2|Completed|Alpine Immune Sciences| ... |Plasma cells|Iberdomide (CC-220)|CRBN E3 ubiquitin ligase complex inhibitor|2|Completed|Celgene| |Plasma cells|KPG-818|CRBN E3 ubiquitin ligase complex inhibitor|2|Completed|Kangpu Biopharmac,,,
q039-1,q039,"Inflammatory Bowel Disease competing agents in the same mechanistic class as KPG-818, including Small Molecule and Aiolos CRBN Ikaros therapies",KPG-818 Aiolos CRBN Ikaros inflammatory bowel disease competitors,2,Multiple Investigational Approaches Show Promise for Lupus,https://www.medscape.com/viewarticle/multiple-investigational-approaches-show-promise-treatment-2024a1000e5y,medscape.com,2024-08-01,"In a systematic review published last year, Arnaud and coauthors found that there were 92 investigational biologic or novel targeted agents in various phases of clinical testing. This included B-cell–targeting agents such as ianalumab, plasma cell-targeting agents such as daratumumab, and drugs with",,,
q039-1,q039,"Inflammatory Bowel Disease competing agents in the same mechanistic class as KPG-818, including Small Molecule and Aiolos CRBN Ikaros therapies",KPG-818 Aiolos CRBN Ikaros inflammatory bowel disease competitors,3,"Abstract 6367: KPG-818, a novel cereblon modulator, inhibits hematological malignancies in preclinical models",https://aacrjournals.org/cancerres/article/80/16_Supplement/6367/640997/Abstract-6367-KPG-818-a-novel-cereblon-modulator,aacrjournals.org,,"Here we present KPG-818, a small molecule compound with high affinity binding to cereblon of the E3 ubiquitin ligase (CRBN-CRL4) complex, significantly inhibits the production of the pre-inflammatory cytokines such as TNF-α and IL-6 in LPS-stimulated human PBMC cells, inhibits HUVEC tube formation, ",,,
q039-1,q039,"Inflammatory Bowel Disease competing agents in the same mechanistic class as KPG-818, including Small Molecule and Aiolos CRBN Ikaros therapies",KPG-818 Aiolos CRBN Ikaros inflammatory bowel disease competitors,4,P131 Therapeutic effects of KPG-818 in a trinitrobenzene sulfonic acid - induced mouse Crohn's/Ulcerative Colitis model,https://academic.oup.com/ecco-jcc/article/18/Supplement_1/i421/7586000,academic.oup.com,2024-01-24,"KPG-818 is a novel generation of lenalidomide derivative and small molecule immunomodulatory drug. KPG-818 is currently under clinical development for therapy of multiple myeloma, lymphoma (phase 1), and systemic lupus erythematosus (SLE) (phase 2a). ... Here we report the significant therapeutic ef",,,
q039-1,q039,"Inflammatory Bowel Disease competing agents in the same mechanistic class as KPG-818, including Small Molecule and Aiolos CRBN Ikaros therapies",KPG-818 Aiolos CRBN Ikaros inflammatory bowel disease competitors,5,Landscape of new drugs and targets in inflammatory bowel disease,https://onlinelibrary.wiley.com/doi/10.1002/ueg2.12305,onlinelibrary.wiley.com,2022-12-01,"This review aims to provide physicians an update of emerging therapies in IBD by focusing on drugs currently in phase 3 clinical trials. Among the most promising molecules are anti-IL-23, JAK-inhibitors, anti-integrins and S1P modulators. ... lthough UST (an inhibitor of p40 subunit) has been shown ",,,
q039-2,q039,"Inflammatory Bowel Disease competing agents in the same mechanistic class as KPG-818, including Small Molecule and Aiolos CRBN Ikaros therapies",KPG-818 CELMoD IBD clinical pipeline,1,Chongqing Kangpu Chemical Industry Co Ltd.,https://synapse.patsnap.com/organization/566a91a30b9da1a0f8337a5e2aa3cf14,synapse.patsnap.com,2025-10-02,"Kangpu Completed Bridging Clinical Study of KPG-818 in China HEFEI, China, Sept. 20, 2024 /PRNewswire/ -- Kangpu Biopharmaceuticals, a clinical-stage company based in Hefei, China, announced today that the Company has successfully completed a bridging clinical study of KPG-818 in healthy subjects in",,,
q039-2,q039,"Inflammatory Bowel Disease competing agents in the same mechanistic class as KPG-818, including Small Molecule and Aiolos CRBN Ikaros therapies",KPG-818 CELMoD IBD clinical pipeline,2,"Kangpu Biopharmaceuticals Ltd. - Drug pipelines, Patents, ...",https://synapse.patsnap.com/organization/a3ed44b7c744ea291a03d6118706097c,synapse.patsnap.com,,"CTR20241116 / CompletedPhase 1 随机、双盲、安慰剂对照I期临床研究评价KPG-818胶囊多次口服给药后在中国健康受试者中的安全性和耐受性以及药代动力学特征和食物影响试验 [Translation] A randomized, double-blind, placebo-controlled Phase I clinical study to evaluate the safety and tolerability of KPG-818 capsules after multiple oral administration in healthy Chinese su",,,
q039-2,q039,"Inflammatory Bowel Disease competing agents in the same mechanistic class as KPG-818, including Small Molecule and Aiolos CRBN Ikaros therapies",KPG-818 CELMoD IBD clinical pipeline,3,Kangpu Biopharmaceuticals | Drug Developments | Pipeline Prospector,https://www.pharmacompass.com/pipeline-prospector-drugs-in-development/kangpu-biopharmaceuticals,pharmacompass.com,2025-04-28,**Study Phase : ** Phase I/ Phase II ... KPG-818 is a novel oral molecular glue modulator of the E3 ubiquitin ligase complex CRL4-CRBN. It is being evaluated for the treatment of systemic lupus erythematosus. ... Kangpu Gets IND Approval for KPG-818 in Multiple Myeloma ** ... KPG-818 is a novel oral,,,
q039-2,q039,"Inflammatory Bowel Disease competing agents in the same mechanistic class as KPG-818, including Small Molecule and Aiolos CRBN Ikaros therapies",KPG-818 CELMoD IBD clinical pipeline,4,epaldeudomide (KPG-818) / Kangpu Biopharma - Larvol Delta,https://delta.larvol.com/Products/?ProductId=06e8ceca-7e58-4124-a47c-d90d42c4951a,delta.larvol.com,,"## Kangpu Biopharmaceuticals Received CDE Approval for Phase IIb Clinical Trial of KPG-818 in Moderate to Severe Cutaneous Manifestations of SLE (PRNewswire) - ""Kangpu Biopharmaceuticals, Ltd. announced today that the Center for Drug Evaluation (CDE) of China's National Medical Products Administrati",,,
q039-2,q039,"Inflammatory Bowel Disease competing agents in the same mechanistic class as KPG-818, including Small Molecule and Aiolos CRBN Ikaros therapies",KPG-818 CELMoD IBD clinical pipeline,5,Kangpu Biopharmaceuticals,http://biobase.whitefordresearch.com/companies/kangpu-biopharmaceuticals,biobase.whitefordresearch.com,,"Kangpu Biopharmaceuticals, Ltd. is a clinical-stage biotechnology company developing innovative small-molecule and molecular-glue therapeutics for autoimmune diseases, hematologic malignancies, solid tumors, and inflammatory disorders [1]. ... Kangpu says it has built a pipeline of small-molecule en",,,
q039-3,q039,"Inflammatory Bowel Disease competing agents in the same mechanistic class as KPG-818, including Small Molecule and Aiolos CRBN Ikaros therapies",KPG-818 CRBN degrader inflammatory bowel disease,1,"Epaldeudomide - Drug Targets, Indications, Patents - Synapse",https://synapse.patsnap.com/drug/d9e6cffea08e4b19a31bb148c2ddeb00,synapse.patsnap.com,,"# Epaldeudomide ... |Drug Type Degradable Molecular Glue| ... |Synonyms KPG 818, KPG-818, KPG-818 capsules| |Target CRBN x IKZF1 x IKZF3 x IL17RB| |Action modulators, degraders| |Mechanism CRBN modulators(Cereblon modulators), IKZF1 degraders(DNA-binding protein Ikaros degraders), IKZF3 degraders(Zi",,,
q039-3,q039,"Inflammatory Bowel Disease competing agents in the same mechanistic class as KPG-818, including Small Molecule and Aiolos CRBN Ikaros therapies",KPG-818 CRBN degrader inflammatory bowel disease,2,"KPG-818 - Drug Targets, Indications, Patents",https://synapse-patsnap-com.libproxy1.nus.edu.sg/drug/d9e6cffea08e4b19a31bb148c2ddeb00,synapse-patsnap-com.libproxy1.nus.edu.sg,2025-07-22,"|Drug Type Degradable Molecular Glue| ... |Synonyms KPG 818, KPG-818 capsules| |Action modulators, degraders| |Mechanism CRBN modulators(Cereblon modulators), IKZF1 degraders(DNA-binding protein Ikaros degraders), IKZF3 degraders(Zinc finger protein Aiolos degraders)| ... |Drug Highest PhasePhase 2|",,,
q039-3,q039,"Inflammatory Bowel Disease competing agents in the same mechanistic class as KPG-818, including Small Molecule and Aiolos CRBN Ikaros therapies",KPG-818 CRBN degrader inflammatory bowel disease,3,Kangpu Biopharmaceuticals,http://biobase.whitefordresearch.com/companies/kangpu-biopharmaceuticals,biobase.whitefordresearch.com,,"Kangpu Biopharmaceuticals, Ltd. is a clinical-stage biotechnology company developing innovative small-molecule and molecular-glue therapeutics for autoimmune diseases, hematologic malignancies, solid tumors, and inflammatory disorders [1]. ... Kangpu's core therapeutic strategy is based on modulatin",,,
q039-3,q039,"Inflammatory Bowel Disease competing agents in the same mechanistic class as KPG-818, including Small Molecule and Aiolos CRBN Ikaros therapies",KPG-818 CRBN degrader inflammatory bowel disease,4,Multiple Investigational Approaches Show Promise for Lupus,https://www.medscape.com/viewarticle/multiple-investigational-approaches-show-promise-treatment-2024a1000e5y,medscape.com,2024-08-01,"In a systematic review published last year, Arnaud and coauthors found that there were 92 investigational biologic or novel targeted agents in various phases of clinical testing. This included B-cell–targeting agents such as ianalumab, plasma cell-targeting agents such as daratumumab, and drugs with",,,
q039-3,q039,"Inflammatory Bowel Disease competing agents in the same mechanistic class as KPG-818, including Small Molecule and Aiolos CRBN Ikaros therapies",KPG-818 CRBN degrader inflammatory bowel disease,5,"KPG-818, a Novel Cereblon (CRBN) Modulator, in Patients with SLE",https://acrabstracts.org/abstract/kpg-818-a-novel-cereblon-crbn-modulator-in-patients-with-sle-results-of-a-phase-ib-multiple-ascending-dose-study/,acrabstracts.org,2022-09-01,"**Background/Purpose:** KPG-818 is a novel CRL4-CRBN E3 ubiquitin ligase modulator that binds to CRBN with high affinity and leads to rapid and effective degradation of Aiolos and Ikaros, the transcription factors that play critical roles in B cell development and proliferation. KPG-818 is currently",,,
q040-1,q040,Active Ulcerative Colitis Moderate to Severe Ulcerative Colitis competing agents in the same mechanistic class as CHST15 Oligonucleotide Small Interfering RNA therapies,GUT-1 CHST15 ulcerative colitis competitors,1,Research progress in molecular targeted therapy for inflammatory ...,https://link.springer.com/article/10.1186/s12967-025-07385-3?error=cookies_not_supported&code=1e53ce24-191f-48ed-a22e-45f1dec47600,link.springer.com,2025-12-05,Tofacitinib (JAK1/JAK3 inhibitor) demonstrated efficacy comparable to that of biologics in TNF-α inhibitor–naive UC and maintains superiority over placebo; it is approved for moderate to severe UC. ... Carbohydrate sulfotransferase 15(CHST15) is involved in biosynthesis of sulfated glycosaminoglycan,,,
q040-1,q040,Active Ulcerative Colitis Moderate to Severe Ulcerative Colitis competing agents in the same mechanistic class as CHST15 Oligonucleotide Small Interfering RNA therapies,GUT-1 CHST15 ulcerative colitis competitors,2,Identification of Ferro‐Aging‐Related Biomarkers for Ulcerative ...,https://pmc.ncbi.nlm.nih.gov/articles/PMC13525582/,pmc.ncbi.nlm.nih.gov,2026-08-29,"Exploratory candidate‐ligand analyses additionally identified Chst15‐IN‐1 and Polyphyllin VII for future experimental investigation. Collectively, these findings identify CHST15 and MSN as ferro‐aging‐related biomarkers linking mucosal inflammation, immune‐stromal remodeling, and disease‐associated ",,,
q040-1,q040,Active Ulcerative Colitis Moderate to Severe Ulcerative Colitis competing agents in the same mechanistic class as CHST15 Oligonucleotide Small Interfering RNA therapies,GUT-1 CHST15 ulcerative colitis competitors,3,"Unveiling the key genes, environmental toxins, and drug exposures in modulating the severity of ulcerative colitis: a comprehensive analysis",https://pmc.ncbi.nlm.nih.gov/articles/PMC10394652/,pmc.ncbi.nlm.nih.gov,2023-07-19,"Via WGCNA, a total 77 high Mayo score-associated genes specific in UC were identified. Subsequently, the 9 gene signatures of the exacerbation of UC was screened out by random forest algorithm and Limma analysis, including BGN,CHST15,CYYR1,GPR137B,GPR4,ITGA5,LILRB1,SLFN11 and ST3GAL2. ... |Benzo(a)p",,,
q040-1,q040,Active Ulcerative Colitis Moderate to Severe Ulcerative Colitis competing agents in the same mechanistic class as CHST15 Oligonucleotide Small Interfering RNA therapies,GUT-1 CHST15 ulcerative colitis competitors,4,Therapeutic Oligonucleotides for Patients with Inflammatory Bowel ...,https://pmc.ncbi.nlm.nih.gov/articles/PMC7305016/,pmc.ncbi.nlm.nih.gov,2020-06-15,"Among these, antisense oligonucleotides (ASOs) have been used to inhibit the expression of molecules, which sustain the IBD-associated mucosal inflammation. ... Preclinical work indicates that the modulation of specific inflammatory pathways through the use of ASOs is highly effective and associates",,,
q040-1,q040,Active Ulcerative Colitis Moderate to Severe Ulcerative Colitis competing agents in the same mechanistic class as CHST15 Oligonucleotide Small Interfering RNA therapies,GUT-1 CHST15 ulcerative colitis competitors,5,Choosing Therapies in Ulcerative Colitis - PMC,https://pmc.ncbi.nlm.nih.gov/articles/PMC10836994/,pmc.ncbi.nlm.nih.gov,2023-09-04,"There are several types of advanced therapies. These are the anti-TNF, anti-integrin and anti-IL12/23 agents as well as the JAK inhibitors and sphingosine1-phosphate receptor modulators. ... The selective JAK inhibitor molecules, such as upadacitinib, appear to have improved efficacy and safety prof",,,
q040-2,q040,Active Ulcerative Colitis Moderate to Severe Ulcerative Colitis competing agents in the same mechanistic class as CHST15 Oligonucleotide Small Interfering RNA therapies,GUT-1 siRNA CHST15 ulcerative colitis,1,Submucosal Injection of the RNA Oligonucleotide GUT-1 in Active ...,https://academic.oup.com/ecco-jcc/article/18/3/406/7287358?guestAccessKey=,academic.oup.com,2024-03-01,"Here, we evaluate the efficacy and safety of the double-stranded RNA oligonucleotide GUT-1, a specific blocker of CHST15, as induction therapy in patients with ulcerative colitis [UC]. ... In this randomized, double-blind, placebo-controlled, phase 2a study, we enrolled endoscopically active UC pati",,,
q040-2,q040,Active Ulcerative Colitis Moderate to Severe Ulcerative Colitis competing agents in the same mechanistic class as CHST15 Oligonucleotide Small Interfering RNA therapies,GUT-1 siRNA CHST15 ulcerative colitis,2,"Add-on multiple submucosal injections of the RNA oligonucleotide GUT-1 to anti-TNF antibody treatment in patients with moderate-to-severe ulcerative colitis: an open-label, proof-of concept study",https://d-nb.info/1335375937/34,d-nb.info,,"Background Carbohydrate sulfotransferase 15 (CHST15) is an enzyme biosynthesizing matrix glycosaminoglycan that modulates tissue remodeling. We evaluated the efficacy of add-on submucosal injections of GUT-1, the RNA oligonucleotide inhibitor of CHST15, to ongoing anti-tumor necrosis factor (TNF) an",,,
q040-2,q040,Active Ulcerative Colitis Moderate to Severe Ulcerative Colitis competing agents in the same mechanistic class as CHST15 Oligonucleotide Small Interfering RNA therapies,GUT-1 siRNA CHST15 ulcerative colitis,3,"Submucosal Injection of the RNA Oligonucleotide GUT-1 in Active Ulcerative Colitis Patients: A Randomized, Double-Blind, Placebo-Controlled Phase 2a Induction Trial",https://academic.oup.com/ecco-jcc/article-abstract/18/3/406/7287358?redirectedFrom=fulltext,academic.oup.com,,"Carbohydrate sulfotransferase 15 [CHST15] biosynthesizes sulphated matrix glycosaminoglycans and is implicated in intestinal inflammation and fibrosis. Here, we evaluate the efficacy and safety of the double-stranded RNA oligonucleotide GUT-1, a specific blocker of CHST15, as induction therapy in pa",,,
q040-2,q040,Active Ulcerative Colitis Moderate to Severe Ulcerative Colitis competing agents in the same mechanistic class as CHST15 Oligonucleotide Small Interfering RNA therapies,GUT-1 siRNA CHST15 ulcerative colitis,4,Y-ECCO Literature Review: Lushen Pillay - ECCO - European Crohn’s and Colitis Organisation,https://ecco-ibd.eu/publications/news/issues/2023/volume-18-issue-4/y-ecco-literature-review-lushen-pillay,ecco-ibd.eu,2023-12-18,"One such target is carbohydrate sulphotransferase 15 (CHST15). This is a type II transmembrane Golgi protein that biosynthesises highly sulphated disaccharide units (E-units) of chondroitin sulphate, which binds to various functional proteins and pathogenic microorganisms. ... Based on this promisin",,,
q040-2,q040,Active Ulcerative Colitis Moderate to Severe Ulcerative Colitis competing agents in the same mechanistic class as CHST15 Oligonucleotide Small Interfering RNA therapies,GUT-1 siRNA CHST15 ulcerative colitis,5,Y-ECCO Literature Review: Lushen Pillay,https://www.ecco-ibd.eu/publications/ecco-news/item/2023-4-y-ecco-literature-review-lushen-pillay.html,ecco-ibd.eu,2024-09-27,"### Submucosal injection of the RNA nucleotide GUT-1 in active ulcerative colitis patients: A randomized, double-blind, placebo-controlled phase 2a induction trial. ... One such target is carbohydrate sulphotransferase 15 (CHST15). This is a type II transmembrane Golgi protein that biosynthesises hi",,,
q040-3,q040,Active Ulcerative Colitis Moderate to Severe Ulcerative Colitis competing agents in the same mechanistic class as CHST15 Oligonucleotide Small Interfering RNA therapies,GUT-1 CHST15 moderate to severe ulcerative colitis pipeline,1,"Add-on multiple submucosal injections of the RNA oligonucleotide GUT-1 to anti-TNF antibody treatment in patients with moderate-to-severe ulcerative colitis: an open-label, proof-of concept study",https://pmc.ncbi.nlm.nih.gov/articles/PMC11044299/,pmc.ncbi.nlm.nih.gov,2024-04-25,"Carbohydrate sulfotransferase 15 (CHST15) is an enzyme biosynthesizing matrix glycosaminoglycan that modulates tissue remodeling. We evaluated the efficacy of add-on submucosal injections of GUT-1, the RNA oligonucleotide inhibitor of CHST15, to ongoing anti-tumor necrosis factor (TNF) antibody trea",,,
q040-3,q040,Active Ulcerative Colitis Moderate to Severe Ulcerative Colitis competing agents in the same mechanistic class as CHST15 Oligonucleotide Small Interfering RNA therapies,GUT-1 CHST15 moderate to severe ulcerative colitis pipeline,2,Y-ECCO Literature Review: Lushen Pillay - ECCO - European Crohn’s and Colitis Organisation,https://ecco-ibd.eu/publications/news/issues/2023/volume-18-issue-4/y-ecco-literature-review-lushen-pillay,ecco-ibd.eu,2023-12-18,"**SUBMUCOSAL INJECTION OF THE RNA NUCLEOTIDE GUT-1 IN ACTIVE ULCERATIVE COLITIS PATIENTS: A RANDOMIZED, DOUBLE-BLIND, PLACEBO-CONTROLLED PHASE 2A INDUCTION TRIAL.** ... One such target is carbohydrate sulphotransferase 15 (CHST15). ... Based on this promising pre-clinical data, blockade of CHST15 ha",,,
q040-3,q040,Active Ulcerative Colitis Moderate to Severe Ulcerative Colitis competing agents in the same mechanistic class as CHST15 Oligonucleotide Small Interfering RNA therapies,GUT-1 CHST15 moderate to severe ulcerative colitis pipeline,3,Research progress in molecular targeted therapy for inflammatory ...,https://pmc.ncbi.nlm.nih.gov/articles/PMC12797379/,pmc.ncbi.nlm.nih.gov,2025-12-05,"Carbohydrate sulfotransferase 15(CHST15) is involved in biosynthesis of sulfated glycosaminoglycans and is associated with intestinal inflammation and fibrosis. GUT-1, a double-stranded RNA oligonucleotide targeting CHST15, was evaluated in a Phase IIa study of 28 UC patients unresponsive to convent",,,
q040-3,q040,Active Ulcerative Colitis Moderate to Severe Ulcerative Colitis competing agents in the same mechanistic class as CHST15 Oligonucleotide Small Interfering RNA therapies,GUT-1 CHST15 moderate to severe ulcerative colitis pipeline,4,Submucosal Injection of the RNA Oligonucleotide GUT-1 in Active ...,https://academic.oup.com/ecco-jcc/article/18/3/406/7287358?guestAccessKey=,academic.oup.com,2024-03-01,"Here, we evaluate the efficacy and safety of the double-stranded RNA oligonucleotide GUT-1, a specific blocker of CHST15, as induction therapy in patients with ulcerative colitis [UC]. ... In this randomized, double-blind, placebo-controlled, phase 2a study, we enrolled endoscopically active UC pati",,,
q040-3,q040,Active Ulcerative Colitis Moderate to Severe Ulcerative Colitis competing agents in the same mechanistic class as CHST15 Oligonucleotide Small Interfering RNA therapies,GUT-1 CHST15 moderate to severe ulcerative colitis pipeline,5,Identification of Ferro‐Aging‐Related Biomarkers for Ulcerative ...,https://pmc.ncbi.nlm.nih.gov/articles/PMC13525582/,pmc.ncbi.nlm.nih.gov,2026-08-29,"Collectively, these findings identify CHST15 and MSN as ferro‐aging‐related biomarkers linking mucosal inflammation, immune‐stromal remodeling, and disease‐associated tissue organization in UC. ... LASSO regression identified a five‐gene model comprising PLAU, SLC6A6, CHST11, MSN, and CHST15 (Figure",,,
q041-1,q041,"competing agents in the same mechanistic class for this indication DB-3Q, Direct Biologics LLC, Medically Refractory Crohn's Disease",DB-3Q MSC-derived extracellular vesicle Crohn's competitors,1,"Frontiers | Extracellular vesicle-based therapies in IBD: immunomodulation, regeneration, and translation",https://www.frontiersin.org/journals/immunology/articles/10.3389/fimmu.2026.1943448/full,frontiersin.org,2026-09-07,"The evidence is dominated by chemically induced rodent colitis, particularly acute mucosal injury models; controlled efficacy data in patients with luminal ulcerative colitis or Crohn’s disease are not available, and the small uncontrolled perianal-fistula study provides only preliminary local safet",,,
q041-1,q041,"competing agents in the same mechanistic class for this indication DB-3Q, Direct Biologics LLC, Medically Refractory Crohn's Disease",DB-3Q MSC-derived extracellular vesicle Crohn's competitors,2,Mesenchymal Stem Cells Derived Extracellular Vesicles in ...,https://pmc.ncbi.nlm.nih.gov/articles/PMC13082256/,pmc.ncbi.nlm.nih.gov,2026-04-11,"Mesenchymal stem cell-derived extracellular vesicles (MSC-EVs) have emerged as a promising therapeutic approach for inflammatory bowel disease (IBD) due to their anti-inflammatory properties, immune modulation, and tissue regeneration potential. ... MSC-EVs, particularly those derived from bone marr",,,
q041-1,q041,"competing agents in the same mechanistic class for this indication DB-3Q, Direct Biologics LLC, Medically Refractory Crohn's Disease",DB-3Q MSC-derived extracellular vesicle Crohn's competitors,3,Frontiers | The tiny giants of regeneration: MSC-derived extracellular vesicles as next-generation therapeutics,https://www.frontiersin.org/journals/cell-and-developmental-biology/articles/10.3389/fcell.2025.1612589/full,frontiersin.org,2025-07-17,"In contrast to traditional mesenchymal stem cell therapy, these nanoscale “regenerative tiny giants” offer significant advantages, including low immunogenicity, efficient biological barrier penetration, and stable storage. ... |NCT05130983|Crohn Disease|1|10|Active not recruiting|United States| ... ",,,
q041-1,q041,"competing agents in the same mechanistic class for this indication DB-3Q, Direct Biologics LLC, Medically Refractory Crohn's Disease",DB-3Q MSC-derived extracellular vesicle Crohn's competitors,4,Extracellular vesicle-based drug overview: research ... - PMC,https://pmc.ncbi.nlm.nih.gov/articles/PMC12350758/,pmc.ncbi.nlm.nih.gov,2025-08-14,"|ExoFlo(DB-2Q)|ARDS|U.S. FDA|bmMSCs|-|Phase 3|Direct Biologics, LLC|05354141| |ExoFlo(DB-3Q)|Crohn’s disease|U.S. FDA|bmMSCs|-|Phase 1Phase 2|Direct Biologics, LLC|05836883| |ExoFlo(DB-3Q)|Crohn’s disease|U.S. FDA|bmMSCs|-|Phase 1|Direct Biologics, LLC|05130983|",,,
q041-1,q041,"competing agents in the same mechanistic class for this indication DB-3Q, Direct Biologics LLC, Medically Refractory Crohn's Disease",DB-3Q MSC-derived extracellular vesicle Crohn's competitors,5,Mesenchymal stem cell-derived extracellular vesicles ... - PMC,https://pmc.ncbi.nlm.nih.gov/articles/PMC9252569/,pmc.ncbi.nlm.nih.gov,2022-07-04,"Since MSC-derived EVs retain the function of protocells and have lower immunogenicity, they have a wide range of prospective therapeutic applications with advantages over cell therapy. ... |NCT05130983|A Phase I Study of ExoFlo, an ex Vivo Culture-expanded Adult Allogeneic Bone Marrow Mesenchymal St",,,
q041-2,q041,"competing agents in the same mechanistic class for this indication DB-3Q, Direct Biologics LLC, Medically Refractory Crohn's Disease",DB-3Q extracellular vesicle Crohn's disease clinical trials,1,Study Details | NCT07625293 | ClinicalTrials.gov - ClinicalTrials.gov,https://clinicaltrials.gov/study/NCT07625293,clinicaltrials.gov,2026-06-12,## DB-3Q for the Treatment of Medically Refractory Crohn's Disease ClinicalTrials.gov ID ** NCT07625293 ... **Not yet recruiting** ** ... This research study is studying DB-3Q as a possible treatment for medically refractory Crohn's disease. The purpose of this study is to research and evaluate safe,,,
q041-2,q041,"competing agents in the same mechanistic class for this indication DB-3Q, Direct Biologics LLC, Medically Refractory Crohn's Disease",DB-3Q extracellular vesicle Crohn's disease clinical trials,2,DB-3Q bmMSC-EVs in Patients With Perianal Fistulizing Crohn's Disease,https://ichgcp.net/clinical-trials-registry/NCT06918808,ichgcp.net,2025-06-13,"# DB-3Q bmMSC-EVs in Patients With Perianal Fistulizing Crohn's Disease ... ## A Phase 2a Study of Allogeneic Bone Marrow Mesenchymal Stem Cell Derived Extracellular Vesicle Isolate Product (DB-3Q) in Patients With Perianal Fistulizing Crohn's Disease This is a double-blind, randomized, placebo-cont",,,
q041-2,q041,"competing agents in the same mechanistic class for this indication DB-3Q, Direct Biologics LLC, Medically Refractory Crohn's Disease",DB-3Q extracellular vesicle Crohn's disease clinical trials,3,Columbia Enrolls Nation's First Patient in Direct Biologics' Phase 2 ...,https://columbiasurgery.org/news/columbia-enrolls-nations-first-patient-direct-biologics-phase-2-clinical-trial-fistulizing,columbiasurgery.org,,"Columbia University Irving Medical Center has enrolled the first patient in a multicenter Phase 2 clinical trial investigating the effectiveness of Direct Biologics' proprietary extracellular vesicle technology (DB-3Q, extracellular vesicles (EVs) secreted from bone marrow-derived mesenchymal stem c",,,
q041-2,q041,"competing agents in the same mechanistic class for this indication DB-3Q, Direct Biologics LLC, Medically Refractory Crohn's Disease",DB-3Q extracellular vesicle Crohn's disease clinical trials,4,"[PDF] Claudia Musat, MD - Columbia Surgery",https://columbiasurgery.org/sites/default/files/2025-03/colorectal-ibd-trials-2025.pdf,columbiasurgery.org,,"DB-3Q: Bone marrow mesenchymal stem cell (bmMSC) derived extracellular  vesicles product in Patients with Perianal Fistulizing Crohn's Disease (CD)  PI: Marco Zoccali, MD  IRB: AAAV6645  Disease: Perianal Fistulas due to Crohn's Disease (CD) Treatment: DB-3Q (a bone-marrow mesenchymal stem cell prod",,,
q041-2,q041,"competing agents in the same mechanistic class for this indication DB-3Q, Direct Biologics LLC, Medically Refractory Crohn's Disease",DB-3Q extracellular vesicle Crohn's disease clinical trials,5,"NCT06918808: An ongoing trial by Direct Biologics, LLC",https://fdaaa.trialstracker.net/trial/NCT06918808/,fdaaa.trialstracker.net,,"## NCT06918808: An ongoing trial by Direct Biologics, LLC This trial is ongoing. It must report results 1 year, 10 months from now. ... |Title|**A Phase 2a Study of Allogeneic Bone Marrow Mesenchymal Stem Cell Derived Extracellular Vesicle Isolate Product (DB-3Q) in Patients With Perianal Fistulizin",,,
q041-3,q041,"competing agents in the same mechanistic class for this indication DB-3Q, Direct Biologics LLC, Medically Refractory Crohn's Disease",DB-3Q MSC-derived EV medically refractory Crohn's,1,Study Details | NCT07625293 | ClinicalTrials.gov - ClinicalTrials.gov,https://clinicaltrials.gov/study/NCT07625293,clinicaltrials.gov,2026-06-12,## DB-3Q for the Treatment of Medically Refractory Crohn's Disease ClinicalTrials.gov ID ** NCT07625293 ... **Not yet recruiting** ** ... This research study is studying DB-3Q as a possible treatment for medically refractory Crohn's disease. The purpose of this study is to research and evaluate safe,,,
q041-3,q041,"competing agents in the same mechanistic class for this indication DB-3Q, Direct Biologics LLC, Medically Refractory Crohn's Disease",DB-3Q MSC-derived EV medically refractory Crohn's,2,Patients | Direct Biologics,https://www.directbiologics.com/patients,directbiologics.com,2025-01-01,"Our unique biological therapies are composed of growth factors and cytokines, which are proteins, and EVs secreted by bone marrow mesenchymal stem/stromal cells (bmMSCs). ... **Key Benefits of Direct Biologics’ product EVs** **Naturally derived from MSCs** **Potent Anti-inflammatory Effects** **Acel",,,
q041-3,q041,"competing agents in the same mechanistic class for this indication DB-3Q, Direct Biologics LLC, Medically Refractory Crohn's Disease",DB-3Q MSC-derived EV medically refractory Crohn's,3,Direct Biologics | MTEC,https://mtec-sc.org/life-sciences/direct-biologics,mtec-sc.org,2025-02-13,Developer of investigational secretome-based biologics derived from adult bone marrow mesenchymal stem cells (MSC). ... Programs target conditions with unmet needs including ARDS and inflammatory bowel disease. ... ### DB-3Q — Perianal Fistulizing Crohn's Disease Investigational secretome-based prod,,,
q041-3,q041,"competing agents in the same mechanistic class for this indication DB-3Q, Direct Biologics LLC, Medically Refractory Crohn's Disease",DB-3Q MSC-derived EV medically refractory Crohn's,4,Direct Biologics · Clinical Trials & Pipeline | trialticker,https://www.trialticker.com/organizations/direct-biologics-us,trialticker.com,,Direct Biologics is a late-stage biotechnology company developing investigational extracellular-vesicle therapies derived from bone marrow mesenchymal stem cells for indications including ARDS and Crohn's disease. ... Studies 12 Lead sponsor Ongoing 3 0 planned Completed 3 ... Enrollment 1.2K ... Re,,,
q041-3,q041,"competing agents in the same mechanistic class for this indication DB-3Q, Direct Biologics LLC, Medically Refractory Crohn's Disease",DB-3Q MSC-derived EV medically refractory Crohn's,5,Stem Cells for the Treatment of Pouchitis,https://med.agiltrace.com/clinical-trials/NCT05578508,med.agiltrace.com,,The purpose of this study is to determine the safety and feasibility of using allogeneic bone marrow derived mesenchymal stem cells (MSCs) to treat people with medically refractory Pouchitis. ... - **DRUG** Mesenchymal Stem Cells (MSCs) Endoscopic injection of allogeneic bone marrow derived mesenchy,,,
q042-1,q042,"Moderately to Severely Active Ulcerative Colitis, Duration 3 Months, Modified Mayo Score 5 to 9, With Inadequate Response, Loss of Response, or Intolerance to Prior Standard-of-Care Medications competing agents in the same mechanistic class as TYK2 Small Molecule",D-2570 TYK2 ulcerative colitis competitor Phase 2 status,1,Advancing therapeutic frontiers: a pipeline of novel drugs ...,https://www.frontiersin.org/journals/gastroenterology/articles/10.3389/fgstr.2026.1747118/full,frontiersin.org,2026-01-30,"|TYK2 Inhibitor|D-2570|Novel oral TYK2 inhibitor|NCT07035041|Phase 2|Recruiting; began May 2025, estimated completion Dec 2026| ... It is being tested in a Phase 2, multicenter, placebo-controlled, double-blind RCT for moderately to severely active UC in 207 participants aged 18–75 who have inadequa",,,
q042-1,q042,"Moderately to Severely Active Ulcerative Colitis, Duration 3 Months, Modified Mayo Score 5 to 9, With Inadequate Response, Loss of Response, or Intolerance to Prior Standard-of-Care Medications competing agents in the same mechanistic class as TYK2 Small Molecule",D-2570 TYK2 ulcerative colitis competitor Phase 2 status,2,Advancing therapeutic frontiers: a pipeline of novel drugs for ...,https://pmc.ncbi.nlm.nih.gov/articles/PMC12952356/,pmc.ncbi.nlm.nih.gov,2026-01-30,"|TYK2 Inhibitor|Zasocitinib (TAK-279)|AI-designed highly selective allosteric TYK2 inhibitor|NCT06254950, NCT06764615|Phase 2|Recruiting; estimated completion Aug 2027| ... |TYK2 Inhibitor|D-2570|Novel oral TYK2 inhibitor|NCT07035041|Phase 2|Recruiting; began May 2025, estimated completion Dec 2026|",,,
q042-1,q042,"Moderately to Severely Active Ulcerative Colitis, Duration 3 Months, Modified Mayo Score 5 to 9, With Inadequate Response, Loss of Response, or Intolerance to Prior Standard-of-Care Medications competing agents in the same mechanistic class as TYK2 Small Molecule",D-2570 TYK2 ulcerative colitis competitor Phase 2 status,3,SUMMARY,https://www1.hkexnews.hk/app/sehk/2026/108029/a128849/sehk26010100538.pdf,www1.hkexnews.hk,,"Within our clinical-stage pipeline, our Core Products tyrosine kinase 2 (“TYK2”) inhibitor D-2570 and oral estrogen receptor degrader (“SERD”) taragarestrant (D-0502) are both advancing through Phase III registration trials, while our urate transporter 1 (“URAT1”) inhibitor darbinurad (D-0120) has c",,,
q042-1,q042,"Moderately to Severely Active Ulcerative Colitis, Duration 3 Months, Modified Mayo Score 5 to 9, With Inadequate Response, Loss of Response, or Intolerance to Prior Standard-of-Care Medications competing agents in the same mechanistic class as TYK2 Small Molecule",D-2570 TYK2 ulcerative colitis competitor Phase 2 status,4,Study Evaluating ISM5411 Administered Orally to Subjects With Active Ulcerative Colitis (BETHESDA),https://med.agiltrace.com/clinical-trials/NCT07265570,med.agiltrace.com,,NCT02368717 ·Status: COMPLETED ·Phase: PHASE3 ... - A Phase 2 Study of D-2570 in Subjects With Moderately to Severely Active Ulcerative Colitis NCT07035041 ·Status: ACTIVE_NOT_RECRUITING ·Phase: PHASE2,,,
q042-1,q042,"Moderately to Severely Active Ulcerative Colitis, Duration 3 Months, Modified Mayo Score 5 to 9, With Inadequate Response, Loss of Response, or Intolerance to Prior Standard-of-Care Medications competing agents in the same mechanistic class as TYK2 Small Molecule",D-2570 TYK2 ulcerative colitis competitor Phase 2 status,5,GI-270384 Study In Patients With Mild To Moderate Ulcerative Colitis,https://med.agiltrace.com/clinical-trials/NCT00457171,med.agiltrace.com,,- A Phase 2 Study of D-2570 in Subjects With Moderately to Severely Active Ulcerative Colitis NCT07035041 ·Status: ACTIVE_NOT_RECRUITING ·Phase: PHASE2 - Effect of GSK1399686 in Patients With Mild to Moderately Active Ulcerative Colitis ... - Effect of ITF2357 on Mucosal Healing in Patients With Mod,,,
q043-1,q043,"Inflammatory Bowel Disease competing agents in the same mechanistic class as VNN1, including Small Molecule therapies",MY009 VNN1 inflammatory bowel disease competing agents,1,The Present and Future of Inflammatory Bowel Disease ... - PMC,https://pmc.ncbi.nlm.nih.gov/articles/PMC4969780/,pmc.ncbi.nlm.nih.gov,,"Anti-tumor necrosis factor (TNF) drugs currently include infliximab (Remicade, Janssen), adalimumab (Humira, AbbVie), and certolizumab pegol (Cimzia, UCB). ... Approximately 2 years ago, the anti— alpha-4 beta-7 integrin antibody vedolizumab (Entyvio, Takeda) was approved for induction and maintenan",,,
q043-1,q043,"Inflammatory Bowel Disease competing agents in the same mechanistic class as VNN1, including Small Molecule therapies",MY009 VNN1 inflammatory bowel disease competing agents,2,Methods and pharmaceutical compositions for repairing intestinal ...,https://patents.google.com/patent/US20250009694A1/en,patents.google.com,2022-10-31,"Based on the VIVA transgenic model of Vnn1 overexpression on intestinal cells, the inventors show that the epithelial pantetheinase Vnn1 has a dual effect on colon: (1) its enzymatic products, cysteamine and pantothenic acid (vitamin B5) enhance coenzyme A regeneration and colon fitness through meta",,,
q043-1,q043,"Inflammatory Bowel Disease competing agents in the same mechanistic class as VNN1, including Small Molecule therapies",MY009 VNN1 inflammatory bowel disease competing agents,3,Landscape of new drugs and targets in inflammatory bowel disease,https://onlinelibrary.wiley.com/doi/10.1002/ueg2.12305,onlinelibrary.wiley.com,2022-12-01,"Among the most promising molecules are anti-IL-23, JAK-inhibitors, anti-integrins and S1P modulators. ... lthough UST (an inhibitor of p40 subunit) has been shown to be effective in IBD,^8^ the p19 antagonists (selective IL-23 inhibitors) have proven to be more effective than UST in other immune-med",,,
q043-1,q043,"Inflammatory Bowel Disease competing agents in the same mechanistic class as VNN1, including Small Molecule therapies",MY009 VNN1 inflammatory bowel disease competing agents,4,Targeting the Unmet Needs in IBD: Emerging Therapies Beyond ...,https://www.sciencedirect.com/science/article/abs/pii/S1471489225000736,sciencedirect.com,,"You can set your browser to block or alert you about these cookies, but some parts of the site will not then work.",,,
q043-1,q043,"Inflammatory Bowel Disease competing agents in the same mechanistic class as VNN1, including Small Molecule therapies",MY009 VNN1 inflammatory bowel disease competing agents,5,Inflammatory Bowel Disease Biomarkers - PMC - NIH,https://pmc.ncbi.nlm.nih.gov/articles/PMC10321231/,pmc.ncbi.nlm.nih.gov,2022-05-23,"Tumor necrosis factor-alpha (TNF-α) inhibitors, also called biologics, are available as injectables to treat IBD.",,,
q044-1,q044,"Inflammatory Bowel Disease competing agents in the same mechanistic class as GPR52 Prostaglandin E2 Receptor EP4, including Small Molecule therapies",NXE0033744 Phase 2 inflammatory bowel disease,1,Pipeline - Nxera Pharma,https://www.nxera.life/pipeline,nxera.life,,### EP4 agonist Phase 1 Read More Indication Inflammatory Bowel Disease Modality Small molecule Candidate NXE0033744,,,
q044-1,q044,"Inflammatory Bowel Disease competing agents in the same mechanistic class as GPR52 Prostaglandin E2 Receptor EP4, including Small Molecule therapies",NXE0033744 Phase 2 inflammatory bowel disease,2,"Post procedural inflammation - Drugs, Targets, Patents - Synapse",https://synapse.patsnap.com/disease/b5dd71f39d304ac9b0493f4e3ab19efa,synapse.patsnap.com,,"the Ministry of Health, Labour and Welfare of Japan for the treatment of adult patients with insomnia received in September 2024First subject dosed in a Phase 1 trial with NXE0033744, a novel, potent, selective and gut-restricted EP4 receptor agonist in development for the treatment of Inflammatory ",,,
q044-1,q044,"Inflammatory Bowel Disease competing agents in the same mechanistic class as GPR52 Prostaglandin E2 Receptor EP4, including Small Molecule therapies",NXE0033744 Phase 2 inflammatory bowel disease,3,4565 | Nxera Pharma Co Ltd Share Price - Investing.com NG,https://ng.investing.com/equities/sosei-group,ng.investing.com,2026-03-31,"The company’s products in phase 1 trial include PF-07054894, a CCR6 antagonist and NXE0033744, an EP4 agonist for inflammatory bowel disease; PF-07258669, a MC4 antagonist for anorexia; NBI-1117569, a muscarinic M4-preferring agonist, and NBI-1117567, a muscarinic M1 agonist for major central nervou",,,
q044-1,q044,"Inflammatory Bowel Disease competing agents in the same mechanistic class as GPR52 Prostaglandin E2 Receptor EP4, including Small Molecule therapies",NXE0033744 Phase 2 inflammatory bowel disease,4,Full Company Profile,https://stockanalysis.com/quote/tyo/4565/company/,stockanalysis.com,,"The company’s products in phase 1 trial include PF-07054894, a CCR6 antagonist and NXE0033744, an EP4 agonist for inflammatory bowel disease; PF-07258669, a MC4 antagonist for anorexia; NBI-1117569, a muscarinic M4-preferring agonist, and NBI-1117567, a muscarinic M1 agonist for major central nervou",,,
q044-1,q044,"Inflammatory Bowel Disease competing agents in the same mechanistic class as GPR52 Prostaglandin E2 Receptor EP4, including Small Molecule therapies",NXE0033744 Phase 2 inflammatory bowel disease,5,Nxera Pharma (TSE:4565) Stock Price - Simply Wall St,https://simplywall.st/stock/tse/4565,simplywall.st,2026-09-09,"The company’s products in phase 1 trial include PF-07054894, a CCR6 antagonist and NXE0033744, an EP4 agonist for inflammatory bowel disease; PF-07258669, a MC4 antagonist for anorexia; NBI-1117569, a muscarinic M4-preferring agonist, and NBI-1117567, a muscarinic M1 agonist for major central nervou",,,
q044-2,q044,"Inflammatory Bowel Disease competing agents in the same mechanistic class as GPR52 Prostaglandin E2 Receptor EP4, including Small Molecule therapies",NXE0033744 EP4 agonist clinical trial,1,"[PDF] Environment, Social & Governance Report - Investors",https://investors.nxera.life/common/pdf/20250829_ESG_Report_2024_EN.pdf,investors.nxera.life,,"During 2024, we have progressed our EP4 agonist, NXE0033744, into a Phase 1 clinical trial for the treatment of patients with Inflammatory Bowel Disease (IBD). Although we didn’t progress any new assets into  preclinical development during the year, our discovery pipeline continues to grow and we ar",,,
q044-2,q044,"Inflammatory Bowel Disease competing agents in the same mechanistic class as GPR52 Prostaglandin E2 Receptor EP4, including Small Molecule therapies",NXE0033744 EP4 agonist clinical trial,2,Presentation title - sosei-3kk3.movabletype.biz,https://sosei-3kk3.movabletype.biz/common/pdf/Corporate_Presentation_2026September_EN_v1.pdf,sosei-3kk3.movabletype.biz,,Preliminary data analysis demonstrates a highly significant ~50% reduction in indomethacin induced permeability in the NXE’744 treatment group; these data confirm target engagement in the small intestine 28 NXE’744: EP4 agonist for IBD* – target engagement & Phase 2 ready Study link:   https://www.i,,,
q044-2,q044,"Inflammatory Bowel Disease competing agents in the same mechanistic class as GPR52 Prostaglandin E2 Receptor EP4, including Small Molecule therapies",NXE0033744 EP4 agonist clinical trial,3,Nxera Pharma Operational Highlights and Consolidated ...,https://www.biospace.com/press-releases/nxera-pharma-operational-highlights-and-consolidated-results-for-the-fourth-quarter-and-full-year-2024,biospace.com,2025-02-14,"- **First subject dosed in a Phase 1 trial with NXE0033744**, a novel, potent, selective and gut-restricted EP4 receptor agonist in development for the treatment of Inflammatory Bowel Disease (IBD)",,,
q044-2,q044,"Inflammatory Bowel Disease competing agents in the same mechanistic class as GPR52 Prostaglandin E2 Receptor EP4, including Small Molecule therapies",NXE0033744 EP4 agonist clinical trial,4,"Consolidated Financial Results for the Nine months Ended September 30, 2024",https://finance.stockweather.co.jp/contents/dispPDF.aspx?disclosure=20241101509584,finance.stockweather.co.jp,,"On March 21, 2024, the Group announced it had dosed the first subject in a Phase 1 trial evaluating its novel EP4 receptor agonist, NXE0033744 for the treatment of Inflammatory Bowel Disease (“IBD”), a therapeutic area where there remains significant unmet need for millions of people  worldwide. NXE",,,
q044-2,q044,"Inflammatory Bowel Disease competing agents in the same mechanistic class as GPR52 Prostaglandin E2 Receptor EP4, including Small Molecule therapies",NXE0033744 EP4 agonist clinical trial,5,Nxera Pharma : Annual Report Year ended 31 December 2024,https://www.marketscreener.com/news/nxera-pharma-annual-report-year-ended-31-december-2024-ce7c50dcd18dff20,marketscreener.com,2025-08-29,"Behind that, and powered by our unique NxWave™ discovery platform, we are advancing an extensive pipeline of over 30 active programs from discovery through to late clinical stage internally and in partnership with leading pharma and biotech companies. ... EP4 ag. NXE'744 Inflammatory Bowel Disease .",,,
q044-3,q044,"Inflammatory Bowel Disease competing agents in the same mechanistic class as GPR52 Prostaglandin E2 Receptor EP4, including Small Molecule therapies",NXE0033744 development stage IBD,1,Annual Report - investors.nxera.life,https://investors.nxera.life/common/pdf/20250829_Annual_Report_2024_EN.pdf,investors.nxera.life,,"Behind that, and powered by our unique NxWave™ discovery platform, we are advancing an extensive pipeline of over 30 active programs from discovery through to late clinical stage internally and in partnership with leading pharma and biotech companies. ... EP4 ag. NXE'744 Inflammatory Bowel Disease .",,,
q044-3,q044,"Inflammatory Bowel Disease competing agents in the same mechanistic class as GPR52 Prostaglandin E2 Receptor EP4, including Small Molecule therapies",NXE0033744 development stage IBD,2,Nxera Pharma Operational Highlights and Consolidated ...,https://www.biospace.com/press-releases/nxera-pharma-operational-highlights-and-consolidated-results-for-the-fourth-quarter-and-full-year-2024,biospace.com,2025-02-14,"- **First subject dosed in a Phase 1 trial with NXE0033744**, a novel, potent, selective and gut-restricted EP4 receptor agonist in development for the treatment of Inflammatory Bowel Disease (IBD)",,,
q044-3,q044,"Inflammatory Bowel Disease competing agents in the same mechanistic class as GPR52 Prostaglandin E2 Receptor EP4, including Small Molecule therapies",NXE0033744 development stage IBD,3,[PDF] Presentation title - Nxera Pharma,https://investors.nxera.life/common/pdf/Corporate_Presentation_2025Jul_EN_vF_0709.pdf,investors.nxera.life,,EP4 ag. NXE’744 IBD ... NXE0033744 EP4 agonist SME Inflammatory bowel disease ... NXE0033744 EP4 agonist Inflammatory bowel diseases Ph1 Up to  220 - 2023-11-24 2026-06-30 2024-05-02 ISRCTN70080074 -,,,
q044-3,q044,"Inflammatory Bowel Disease competing agents in the same mechanistic class as GPR52 Prostaglandin E2 Receptor EP4, including Small Molecule therapies",NXE0033744 development stage IBD,4,Presentation title - Investors - Nxera Pharma,https://investors.nxera.life/common/pdf/Corporate_Presentation_2025Sep_EN_v1.pdf,investors.nxera.life,,"EP4 ag. NXE’744 ... Through combined anti-inflammatory and barrier repair effects, EP4 agonists are expected to bring benefits in IBD by promoting mucosal healing. ... ➢",,,
q044-3,q044,"Inflammatory Bowel Disease competing agents in the same mechanistic class as GPR52 Prostaglandin E2 Receptor EP4, including Small Molecule therapies",NXE0033744 development stage IBD,5,Nxera Pharma Operational Highlights and Consolidated Results for ...,https://www.samedanltd.com/press-releases/nxera-pharma-operational-highlights-and-consolidated-results-for-the-first-quarter-2024/,samedanltd.com,2024-05-09,"**Progress with in-house programs** - First subject dosed in a phase 1 trial with NXE0033744, a novel, potent, selective and gut-restricted EP4 receptor agonist discovered by Nxera in development for the treatment of Inflammatory Bowel Disease (IBD)",,,
q044-4,q044,"Inflammatory Bowel Disease competing agents in the same mechanistic class as GPR52 Prostaglandin E2 Receptor EP4, including Small Molecule therapies",NXE744 EP4 agonist competitors IBD,1,Inflammatory Bowel Disease Therapy Area Landscape,https://mpadvisor.com/tocDocument/MP%20-%20Inflamattory%20Bowel%20Disease%20-%20Therapy%20Area%20Landscape%20-%20October%202024.pdf,mpadvisor.com,,NXE'744/  Nxera  Pharma / EP4 SOR-102 / Sorriso  Pharma /  TNF-α & IL-23,,,
q044-4,q044,"Inflammatory Bowel Disease competing agents in the same mechanistic class as GPR52 Prostaglandin E2 Receptor EP4, including Small Molecule therapies",NXE744 EP4 agonist competitors IBD,2,The update of prostaglandin E2 receptor subtype 4 (EP4) in ...,https://pmc.ncbi.nlm.nih.gov/articles/PMC13393408/,pmc.ncbi.nlm.nih.gov,2026-03-27,"^55^ Various EP4 agonists (such as AGN205203, KAG-308, ONO-4819, ONO-AE1-734, and NXT-10796) have been demonstrated to promote intestinal mucosal repair and to ameliorate the symptoms of IBD and intestinal injury by inhibiting intestinal epithelial cell necrosis, decreasing the infiltration of immun",,,
q044-4,q044,"Inflammatory Bowel Disease competing agents in the same mechanistic class as GPR52 Prostaglandin E2 Receptor EP4, including Small Molecule therapies",NXE744 EP4 agonist competitors IBD,3,EP4 receptor: GPCR with multiple therapeutic Opportunities,https://investors.nxera.life/common/pdf/2022.10.13%20R&D%20Day_vF.pdf,investors.nxera.life,,"Ph 2  Grapiprant +/- Pembrolizumab (Phase 1 & 1b/2) E7046 +/- Pembrolizumab (Phase 1b) BMS-986310/ONO-4578 +/- Nivolumab (Phase 1 & 1b/2a) ... predicted oral daily dose • EP4 Agonist for GI inflammatory disease (IBD):  • Successful design of a novel, gut restricted EP4 agonist • Opportunity to promo",,,
q044-4,q044,"Inflammatory Bowel Disease competing agents in the same mechanistic class as GPR52 Prostaglandin E2 Receptor EP4, including Small Molecule therapies",NXE744 EP4 agonist competitors IBD,4,Discovery of Non-prostanoid EP4 Agonists for the ... - PubMed,https://pubmed.ncbi.nlm.nih.gov/41931300/?fc=20240612233255&ff=20260403193118&v=2.19.0.post6+133c1fe,pubmed.ncbi.nlm.nih.gov,,"The prostaglandin E2 receptor EP4 is linked to intestinal homeostasis, wound repair, and immune cell activation, and EP4 agonists hold promise as a novel treatment for IBD via a tissue repair mechanism. A high-throughput screening campaign resulted in the discovery of a non-prostanoid, selective EP4",,,
q044-4,q044,"Inflammatory Bowel Disease competing agents in the same mechanistic class as GPR52 Prostaglandin E2 Receptor EP4, including Small Molecule therapies",NXE744 EP4 agonist competitors IBD,5,[PDF] Presentation title - Investors - Nxera Pharma,https://investors.nxera.life/common/pdf/Corporate_Presentation_2025Sep_EN_v1.pdf,investors.nxera.life,,"EP4 ag. NXE’744 IBD ... Phase 2 study start in Schizophrenia NXE’744 (EP4 agonist) H2 2025 Phase 2 study start in IBD ... Through combined anti-inflammatory and barrier repair effects, EP4 agonists are expected to bring benefits in IBD by promoting mucosal healing. ... A first-in-class GI-targeted a",,,
q045-1,q045,BMF-500 first regulatory approval or market launch year in acute myeloid leukemia,BMF-500 first regulatory approval AML,1,"BMF-500 - Drug Targets, Indications, Patents",https://synapse.patsnap.com/drug/0e8fac2d50284b9fac3c91177d16d79c,synapse.patsnap.com,,|Active Indication Acute Myeloid Leukemia| ... |Drug Highest PhasePhase 1| |First Approval Date-|,,,
q045-1,q045,BMF-500 first regulatory approval or market launch year in acute myeloid leukemia,BMF-500 first regulatory approval AML,2,EX-99.1,https://www.sec.gov/Archives/edgar/data/1840439/000095017024039304/bmea-ex99_1.htm,sec.gov,,"In 2023 BMF-500 entered the clinic as the only covalent FLT3 inhibitor in clinical development.” ... • Announced FDA clearance of IND for BMF-500 in COVALENT-103, a Phase 1 study, and started enrollment of Biomea’s novel third generation investigational oral covalent inhibitor of FMS-like tyrosine k",,,
q045-1,q045,BMF-500 first regulatory approval or market launch year in acute myeloid leukemia,BMF-500 first regulatory approval AML,3,"Biomea Fusion, Inc.",https://synapse.patsnap.com/organization/26bae87fc714320a3f21ce8509ae5e58,synapse.patsnap.com,,"|First Approval Ctry. / Loc.-| |First Approval Date-| BMF-500 |Target FLT3| |--| |Mechanism FLT3 inhibitors| |Active Org. Biomea Fusion, Inc.| |Originator Org. Biomea Fusion, Inc.| |Active Indication Acute Myeloid Leukemia| |Inactive Indication-| |Drug Highest PhasePhase 1| |First Approval Ctry. / L",,,
q045-1,q045,BMF-500 first regulatory approval or market launch year in acute myeloid leukemia,BMF-500 first regulatory approval AML,4,"Biomea Fusion, Inc. (NASDAQ:BMEA): Transforming the Diabetes and Obesity Landscape",https://beyondspx.com/article/biomea-fusion-inc-nasdaq-bmea-transforming-the-diabetes-and-obesity-landscape,beyondspx.com,2025-03-15,"The company continued to make progress on its oncology pipeline, dosing the first patient in its Phase 1 trial of BMF-500, a covalent FLT3 inhibitor, in October 2023 following clearance of the IND by the FDA in May 2023. ... In May 2023, the FDA cleared Biomea Fusion's IND to initiate a Phase 1 stud",,,
q045-1,q045,BMF-500 first regulatory approval or market launch year in acute myeloid leukemia,BMF-500 first regulatory approval AML,5,"BIOMEA FUSION, INC. Management's Discussion and Analysis of Financial Condition and Results of Operations. (form 10-Q)",https://www.marketscreener.com/quote/stock/BIOMEA-FUSION-INC-121456063/news/BIOMEA-FUSION-INC-Management-s-Discussion-and-Analysis-of-Financial-Condition-and-Results-of-Oper-43715840/,marketscreener.com,2025-02-19,"In May 2022, we announced the nomination of our second development candidate, BMF-500, a third-generation covalent inhibitor of FLT3, which demonstrated picomolar IC50 values across key FLT3 isoforms, potentially making it the most potent inhibitor of its class. Activating mutations of the FMS-like ",,,
q045-2,q045,BMF-500 first regulatory approval or market launch year in acute myeloid leukemia,BMF-500 expected regulatory approval AML,1,"BMF-500 - Drug Targets, Indications, Patents",https://synapse.patsnap.com/drug/0e8fac2d50284b9fac3c91177d16d79c,synapse.patsnap.com,,"|Active Indication Acute Myeloid Leukemia| ... |Drug Highest PhasePhase 1| |First Approval Date-| ... / Active, not recruitingPhase 1 ... (“Biomea” or the “Company”) (Nasdaq: BMEA), a clinical-stage diabetes and obesity medicines company, today announced updated preliminary clinical data from the on",,,
q045-2,q045,BMF-500 first regulatory approval or market launch year in acute myeloid leukemia,BMF-500 expected regulatory approval AML,2,10-K - SEC.gov,https://www.sec.gov/Archives/edgar/data/1840439/000119312526121825/bmea-20251231.htm,sec.gov,,"Our lead product candidate, icovamenib, is currently under investigation in Phase II clinical trials in type 2 diabetes. In September 2025, we announced that we received IND clearance from the FDA for BMF-650, and initiated our ongoing Phase I trial in obese, otherwise healthy volunteers. In January",,,
q045-2,q045,BMF-500 first regulatory approval or market launch year in acute myeloid leukemia,BMF-500 expected regulatory approval AML,3,"Biomea Fusion, Inc.",https://synapse.patsnap.com/organization/26bae87fc714320a3f21ce8509ae5e58,synapse.patsnap.com,,"|Inactive Indication Acute Myeloid Leukemia [+12]| |Drug Highest PhasePhase 2| |First Approval Ctry. / Loc.-| |First Approval Date-| BMF-500 |Target FLT3| |--| |Mechanism FLT3 inhibitors| |Active Org. Biomea Fusion, Inc.| |Originator Org. Biomea Fusion, Inc.| |Active Indication Acute Myeloid Leukemi",,,
q045-2,q045,BMF-500 first regulatory approval or market launch year in acute myeloid leukemia,BMF-500 expected regulatory approval AML,4,Biomea Fusion (BMEA) FDA Approvals,https://www.marketbeat.com/stocks/NASDAQ/BMEA/fda-events/,marketbeat.com,2026-08-24,### BMF-500 FDA Regulatory Timeline and Events BMF-500 is a drug developed by Biomea Fusion for the following indication: Orally Bioavailable Covalent Inhibitor of FLT3. This drug is under review by the U.S. Food and Drug Administration (FDA). Below is a timeline of key regulatory milestones for thi,,,
q045-2,q045,BMF-500 first regulatory approval or market launch year in acute myeloid leukemia,BMF-500 expected regulatory approval AML,5,BMF-500 / Biomea Fusion - LARVOL DELTA,https://delta.larvol.com/Products/?ProductId=7dcd09a2-09b0-4543-b9f1-8d95262deb65,delta.larvol.com,,"## COVALENT-103: A Phase 1 Study of BMF-500 in Adults With Acute Leukemia (clinicaltrials.gov) - P1 | N=35 | Completed | Sponsor: Biomea Fusion Inc. | Active, not recruiting ➔ Completed | Trial primary completion date: Apr 2026 ➔ Jan 2026 ... ## COVALENT-103: A Phase 1 Study of BMF-500 in Adults Wit",,,
q045-3,q045,BMF-500 first regulatory approval or market launch year in acute myeloid leukemia,BMF-500 market launch AML,1,"BMF-500 - Drug Targets, Indications, Patents",https://synapse.patsnap.com/drug/0e8fac2d50284b9fac3c91177d16d79c,synapse.patsnap.com,,"|Active Indication Acute Myeloid Leukemia| ... |Drug Highest PhasePhase 1| |First Approval Date-| ... NCT05918692 / Active, not recruitingPhase 1 A Phase 1, Open-label, Dose-escalation, and Dose-expansion Study of BMF-500, an Oral Covalent FLT3 Inhibitor, in Adults With Acute Leukemia A Phase 1 firs",,,
q045-3,q045,BMF-500 first regulatory approval or market launch year in acute myeloid leukemia,BMF-500 market launch AML,2,Form 8-K for Biomea Fusion INC filed 05/02/2023,https://investors.biomeafusion.com/static-files/e8d3da6b-2d45-436b-a8eb-b72bfb5092bc,investors.biomeafusion.com,,"On May 1, 2023, Biomea Fusion, Inc. (the “Company”) issued a press release titled, “Biomea Fusion Announces FDA Clearance of Investigational New Drug (IND) Application for Covalent FLT3 Inhibitor BMF-500 in Relapsed or Refractory Acute Leukemia.” ... BMF-500, a novel 3rd generation covalent inhibito",,,
q045-3,q045,BMF-500 first regulatory approval or market launch year in acute myeloid leukemia,BMF-500 market launch AML,3,NASDAQ_BMEA_2022.pdf,https://www.annualreports.com/HostedData/AnnualReportArchive/b/NASDAQ_BMEA_2022.pdf,annualreports.com,,"• We have a limited operating history, have not completed any clinical trials, have no products approved for commercial ... In May 2022, we announced the nomination of our second development candidate, BMF-500, a covalent inhibitor of FLT3, and presented preclinical data on this program in December ",,,
q045-3,q045,BMF-500 first regulatory approval or market launch year in acute myeloid leukemia,BMF-500 market launch AML,4,Biomea Fusion | Oncology | Drug Developments,https://www.pharmacompass.com/pipeline-prospector-drugs-in-development/biomea-fusion/oncology,pharmacompass.com,2024-12-09,"Biomea Fusion Shares Preliminary Data for FLT3 Inhibitor BMF-500 in Acute Leukemia ** ... BMF-500, is an investigational covalent FLT3 inhibitor, small molecule drug candidate, which is being evaluated for the treatment of FLT3-gene mutated acute myeloid leukemia. ... **December 09, 2024** ** Biomea",,,
q045-3,q045,BMF-500 first regulatory approval or market launch year in acute myeloid leukemia,BMF-500 market launch AML,5,Upcoming Catalyst - BioPharmaWatch,https://www.biopharmawatch.com/company/BMEA,biopharmawatch.com,2026-09-28,"### Biomea Fusion to Host Conference Call to Present initial Clinical Data from Phase I COVALENT-103 Study of BMF-500, a Covalent FLT3 Inhibitor, in Relapsed or Refractory Acute Leukemia Biomea Fusion announced it will host a conference call on December 9, 2024, to present initial clinical data from",,,
q045-4,q045,BMF-500 first regulatory approval or market launch year in acute myeloid leukemia,BMF-500 expected launch date AML,1,BMF-500 / Biomea Fusion - LARVOL DELTA,https://delta.larvol.com/Products/?ProductId=7dcd09a2-09b0-4543-b9f1-8d95262deb65,delta.larvol.com,,"## COVALENT-103: A Phase 1 Study of BMF-500 in Adults With Acute Leukemia (clinicaltrials.gov) - P1 | N=35 | Completed | Sponsor: Biomea Fusion Inc. | Active, not recruiting ➔ Completed | Trial primary completion date: Apr 2026 ➔ Jan 2026 ... ## COVALENT-103: A Phase 1 Study of BMF-500 in Adults Wit",,,
q045-4,q045,BMF-500 first regulatory approval or market launch year in acute myeloid leukemia,BMF-500 expected launch date AML,2,Biomea Fusion Reports Second Quarter 2025 Financial ...,https://investors.biomeafusion.com/news-releases/news-release-details/biomea-fusion-reports-second-quarter-2025-financial-results-and,investors.biomeafusion.com,2025-08-05,"**BMF-500 (Oral Small Molecule FLT3 Inhibitor in Acute Myeloid Leukemia (AML))** - Presented updated Phase I data at EHA 2025, showing sustained antileukemic responses, deep bone marrow blast reductions, and survival benefit in relapsed/refractory FLT3-mutant AML patients, all of whom had failed FLT",,,
q045-4,q045,BMF-500 first regulatory approval or market launch year in acute myeloid leukemia,BMF-500 expected launch date AML,3,"A Phase 1, Study of BMF-500 in Adults With Acute Leukemia - Clinical Trial for Acute Myeloid Leukemia | NCT05918692 | Trials.co",https://trials.co/clinical-trials-details/-/NCT05918692,trials.co,2023-04-10,"Recruiting Study Start Date July 26, 2023 (Actual) Primary Completion Date July 31, 2025 (Anticipated) Study Completion Date July 31, 2026 (Anticipated) ... A Phase 1 first-in-human dose-escalation and dose-expansion study of BMF-500, an oral FLT3 inhibitor, in adult patients with acute leukemia. ..",,,
q045-4,q045,BMF-500 first regulatory approval or market launch year in acute myeloid leukemia,BMF-500 expected launch date AML,4,"BMF-500 - Drug Targets, Indications, Patents",https://synapse.patsnap.com/drug/0e8fac2d50284b9fac3c91177d16d79c,synapse.patsnap.com,,"|Active Indication Acute Myeloid Leukemia| ... / Active, not recruitingPhase 1 ... |Start Date26 Jul 2023| ... Median overall survival (mOS) among all treated FLT3m patients (n=18) was 3.8 months (Arm A) and 3.5 months (Arm B) during dose escalation. For the efficacy-evaluable FLT3m patients (n=12),",,,
q045-4,q045,BMF-500 first regulatory approval or market launch year in acute myeloid leukemia,BMF-500 expected launch date AML,5,"BMEA: Biomea Fusion Inc Latest Stock Price, Analysis ...",https://stocktwits.com/symbol/BMEA,stocktwits.com,2026-09-23,The guidance for Oct data was likely because the offering needed to be closed. This means data could come sooner. ... Creisi wants you to know that on Oct. 10 BMEA is going to announce it cured AML and we are going to fly.,,,
q046-1,q046,BW-101 first regulatory approval or market launch year in acute myeloid leukemia,BW-101 AML regulatory approval market launch year,1,Delving into the Latest Updates on BW-101 with Synapse,https://synapse.patsnap.com/drug/a7494bf05c11406193bd13d024585afa,synapse.patsnap.com,2025-05-10,Drug Highest Phase Pending Preclinical First Approval Date ... 01 Jul 2018,,,
q046-1,q046,BW-101 first regulatory approval or market launch year in acute myeloid leukemia,BW-101 AML regulatory approval market launch year,2,NDA and BLA Approvals,https://www.fda.gov/drugs/drug-and-biologic-approval-and-ind-activity-reports/nda-and-bla-approvals,fda.gov,2024-10-06,Please see the list below for available calendar year reports on New Drug Application (NDA) and Biologic License Application (BLA) approvals.,,,
q046-1,q046,BW-101 first regulatory approval or market launch year in acute myeloid leukemia,BW-101 AML regulatory approval market launch year,3,JavaScript is required...,https://pubchem.ncbi.nlm.nih.gov/patent/PH-12015501567-A1,pubchem.ncbi.nlm.nih.gov,,Please enable Javascript in order to use PubChem website. An official website of the United States government,,,
q046-1,q046,BW-101 first regulatory approval or market launch year in acute myeloid leukemia,BW-101 AML regulatory approval market launch year,4,Pipeline - BeOne Medical Affairs | Global,https://beonemedaffairs.com/pipeline/,beonemedaffairs.com,,"Content may include information about products, indications or uses that are not approved in all countries or regions, and may be subject to local regulatory requirements.",,,
q046-1,q046,BW-101 first regulatory approval or market launch year in acute myeloid leukemia,BW-101 AML regulatory approval market launch year,5,MeSH Linked Data,https://id.nlm.nih.gov/mesh/C104959.html,id.nlm.nih.gov,2025-01-01,Skip Navigation ... Products and Services ... For the Public ... SPARQL Query Editor,,,
q047-1,q047,Dual CDK12/13 Inhibitor first regulatory approval or market launch year for acute myeloid leukemia,Dual CDK12/13 Inhibitor Insilico Medicine AML approval launch,1,Press Releases,https://insilico.com/news,insilico.com,,20 October 2023 Insilico Medicine nominates novel CDK12/13 small molecule inhibitor as preclinical candidate for multiple tumors,,,
q047-1,q047,Dual CDK12/13 Inhibitor first regulatory approval or market launch year for acute myeloid leukemia,Dual CDK12/13 Inhibitor Insilico Medicine AML approval launch,2,CDK12/13,https://insilico.com/pipeline_target_cdk12/13,insilico.com,,CDK12 Cyclin-dependent kinase 12/13 (CDK12/13) Inhibitor: Treating Tumors through Induction of BRCAness (IND-Enabling) Assays Completed Wholly-owned and Available for Licensing - *In vivo* efficacy studies – Combo study with Olaparib and Cisplatin - *In vivo* efficacy studies – Single agent ... Inhi,,,
q047-1,q047,Dual CDK12/13 Inhibitor first regulatory approval or market launch year for acute myeloid leukemia,Dual CDK12/13 Inhibitor Insilico Medicine AML approval launch,3,Insilico Medicine,https://siliconvalleyinvestclub.com/companies/insilico/tear-sheet.pdf,siliconvalleyinvestclub.com,,Insilico Medicine nominates novel CDK12/13 small molecule inhibitor as preclinical candidate for multiple tumors,,,
q047-1,q047,Dual CDK12/13 Inhibitor first regulatory approval or market launch year for acute myeloid leukemia,Dual CDK12/13 Inhibitor Insilico Medicine AML approval launch,4,"Design, Synthesis, and Biological Evaluation of Novel Orally ...",https://colab.ws/articles/10.1021%2Facs.jmedchem.4c01616,colab.ws,2025-02-22,"Here, we report the discovery of compound 12b as a novel, potent, orally available covalent CDK12/13 dual inhibitor with a promising safety profile and robust in vivo antitumor properties.",,,
q047-1,q047,Dual CDK12/13 Inhibitor first regulatory approval or market launch year for acute myeloid leukemia,Dual CDK12/13 Inhibitor Insilico Medicine AML approval launch,5,"JMC｜With generative AI assistance, Insilico Medicine ...",https://www.eurekalert.org/news-releases/1074881,eurekalert.org,2025-02-26,"Insilico Medicine (""Insilico""), a clinical stage generative artificial intelligence (AI)-driven biotechnology company, today announced the publication of a novel series of orally available covalent CDK12/13 dual inhibitors, as a potential option against refractory and treatment-resistant cancers. Pu",,,
q047-2,q047,Dual CDK12/13 Inhibitor first regulatory approval or market launch year for acute myeloid leukemia,Dual CDK12/13 Inhibitor Insilico Medicine AML regulatory timeline,1,CDK12/13,https://insilico.com/pipeline_target_cdk12/13,insilico.com,,CDK12 Cyclin-dependent kinase 12/13 (CDK12/13) Inhibitor: Treating Tumors through Induction of BRCAness (IND-Enabling) Assays Completed Wholly-owned and Available for Licensing - *In vivo* efficacy studies – Combo study with Olaparib and Cisplatin - *In vivo* efficacy studies – Single agent - *In vi,,,
q047-2,q047,Dual CDK12/13 Inhibitor first regulatory approval or market launch year for acute myeloid leukemia,Dual CDK12/13 Inhibitor Insilico Medicine AML regulatory timeline,2,Press Releases,https://insilico.com/news,insilico.com,,20 October 2023 Insilico Medicine nominates novel CDK12/13 small molecule inhibitor as preclinical candidate for multiple tumors,,,
q047-2,q047,Dual CDK12/13 Inhibitor first regulatory approval or market launch year for acute myeloid leukemia,Dual CDK12/13 Inhibitor Insilico Medicine AML regulatory timeline,3,CDK12/13 TARGET therapy (InSilico Medicine) - Patsnap Synapse,https://synapse.patsnap.com/drug/d4f56c4afbbf4e43805fc7050386be8a,synapse.patsnap.com,2025-05-08,"Mechanism CDK12 inhibitors(cyclin dependent kinase 12 inhibitors), CDK13 inhibitors(cyclin dependent kinase 13 inhibitors) ... Drug Highest Phase Preclinical First Approval Date ... Indication Highest Phase Country/Location Organization Date Solid tumor Preclinical China InSilico Medicine Hong Kong ",,,
q047-2,q047,Dual CDK12/13 Inhibitor first regulatory approval or market launch year for acute myeloid leukemia,Dual CDK12/13 Inhibitor Insilico Medicine AML regulatory timeline,4,CDK12/CDK13 inhibitors(Insilico Medicine Shanghai),https://synapse.patsnap.com/drug/763e32780d7f404cb6f5d968af762158,synapse.patsnap.com,2025-09-23,"Drug Highest Phase Preclinical ... Here, we report the discovery of compound 12b as a novel, potent, orally available covalent CDK12/13 dual inhibitor with a promising safety profile and robust in vivo antitumor properties. ... The dual CDK12/CDK13 inhibitors ZSQ836 exerted potent anticancer activit",,,
q047-2,q047,Dual CDK12/13 Inhibitor first regulatory approval or market launch year for acute myeloid leukemia,Dual CDK12/13 Inhibitor Insilico Medicine AML regulatory timeline,5,インシリコ・メディシン、生成AI技術を活用し腫瘍治療のための新規CDK12/13デュアル阻害剤を発表,https://sciencesources.eurekalert.org/news-releases/1074881?language=japanese,sciencesources.eurekalert.org,2025-02-26,臨床段階の生成AI駆動バイオテクノロジー企業であるインシリコ・メディシン（以下「インシリコ」）は本日、経口投与可能な新規共有結合型CDK12/13デュアル阻害剤のシリーズを発表しました。このシリーズは、難治性および治療抵抗性癌に対する潜在的な治療オプションとなる可能性があります。この研究は、 ... 前臨床試験における_in vitro_および_in vivo_のテストでは、化合物12bが癌細胞株においてナノモルレベルの活性を示し、望ましいADME（吸収、分布、代謝、排泄）特性を有することが確認されました。 また、乳癌および急性骨髄性白血病（AML）モデルにおいて有意な有効性を示し、耐え難い副,,,
q047-3,q047,Dual CDK12/13 Inhibitor first regulatory approval or market launch year for acute myeloid leukemia,Dual CDK12/13 Inhibitor AML first market launch year,1,CDK12 inhib News,https://sigma.larvol.com/moa.php?MoaId=777818&tab=newstrac,sigma.larvol.com,2025-06-13,"Here, we report the discovery of compound 12b as a novel, potent, orally available covalent CDK12/13 dual inhibitor with a promising safety profile and robust in vivo antitumor properties.",,,
q047-3,q047,Dual CDK12/13 Inhibitor first regulatory approval or market launch year for acute myeloid leukemia,Dual CDK12/13 Inhibitor AML first market launch year,2,"CDK12 Inhibitor Pipeline 2025: Key Companies, MOA, ROA,",https://www.openpr.com/news/4098214/cdk12-inhibitor-pipeline-2025-key-companies-moa-roa,openpr.com,2025-07-09,"In March 2025, Insilico Medicine, a biotechnology firm utilizing generative artificial intelligence (AI), announced a major advancement in cancer treatment. Their recent study, featured in the *Journal of Medicinal Chemistry*, highlights the discovery of a new class of orally available covalent CDK1",,,
q047-3,q047,Dual CDK12/13 Inhibitor first regulatory approval or market launch year for acute myeloid leukemia,Dual CDK12/13 Inhibitor AML first market launch year,3,"CDK12 Inhibitor- Pipeline Insight, 2025",https://www.researchandmarkets.com/reports/5951727/cdk12-inhibitor-pipeline-insight,researchandmarkets.com,,"OKI-1546 is a novel, covalent inhibitor of CDK12 and CDK13 that is potent, specific, orally available, and shows in vivo target engagement and tumor growth inhibition in preclinical cancer models.",,,
q047-3,q047,Dual CDK12/13 Inhibitor first regulatory approval or market launch year for acute myeloid leukemia,Dual CDK12/13 Inhibitor AML first market launch year,4,Novel CDK12/13 dual inhibitors for tumour treatment - ecancer,https://ecancer.org/en/news/26083-novel-cdk12-13-dual-inhibitors-for-tumour-treatment,ecancer.org,2025-02-27,"Furthermore, 12b exhibited significant efficacy in breast cancer and acute myeloid leukaemia (AML) models, all without inducing intolerable side effects, paving the way for further therapeutic development.",,,
q047-3,q047,Dual CDK12/13 Inhibitor first regulatory approval or market launch year for acute myeloid leukemia,Dual CDK12/13 Inhibitor AML first market launch year,5,Degradation of Cyclin-Dependent Kinase - Who we serve,https://www.thieme-connect.com/products/ejournals/pdf/10.1055/a-2742-7859.pdf,thieme-connect.com,,"in cancer treatment.97 Additionally, in the field of TNBC treatment, Yang et al reported a highly potent and selective dual CDK12/13 PROTAC, compound 29 (►Fig. 10), with DC50 values of 2.2 nmol/L (for CDK12) and 2.1 nmol/L (for CDK13) in MDA-MB-231 cells, respectively.98 Moreover, 29 signifi- cantly",,,
q048-1,q048,dCASP1-55 first regulatory approval or market launch year in acute myeloid leukemia,dCASP1-55 AML regulatory approval,1,Press Release-CStone Pharmaceuticals,https://www.cstonepharma.com/en/news/company_news16.html,cstonepharma.com,2021-03-01,Your privacy is important for us. ... Select “Accept all” for giving your consent to all cookies or select “Reject all” for using only strictly necessary cookies.,,,
q048-1,q048,dCASP1-55 first regulatory approval or market launch year in acute myeloid leukemia,dCASP1-55 AML regulatory approval,2,"��x���mE��8�Y""�ɒ^�����QrW��0.�7�*�4�2� ���J��w�in�QM����!���c,��0��|���2^�P���x�ߖ73�� ��y.�]���4ي� i�����w��U�»ut��<�n��,*�e��Y��CA6�gx��R7;q6��V��=��D�/UH�}F�耔�䌶��br.����B8m�6�c ��-�u��Le�!foS|���Ć�t�(c$�KX����C,�zN: $ t�78qu�4��,?����( M�/��Q�����S�L�M���1�?M}�-���k���*h�3A���4avy�a���^6��^]���""�����SM7͋:�x_�.�j�V�[������Ec��Rغ<9m���խz��j�=����w'%�q�H��������\��+��� ���$h�[m�������Mx�RC�Ky, T�Õ�S��o7��ԩ���]� LѤ�j1&dފ��h�-+��YRO�GT��,����F�*АG��~��mhm���5l��x�?|��[d� ��~��RM���zt1_h�.r�v���]�C� �N;�f3ps��\��f _���'�|\GR�r��O�a�Z��+dz���`�� z��\s��e��vҜk��J9��,Hi ���_ v�%ʐ���b�j�j�mh�UU�4��<�s�pZ��qZ.1�iaM�?/unԦ�7��\��u'2��� �m��mr�v�33�uW�鬔���-d;a3�`{��WouS��5����C*��6�У��l^�D�ʢՏ$Xf�L�߃Q?�|V^��+��L����| ��|.b\��o��l�:sbD�ܖ�nK�k[d�Ⱦ��b^Jy�/k��W���� �<�?E8 ���, ��Q�?@�I�i @������k|>��ii�d_�7{�U��7�^9�u�wpG+�c�f|D$(�4VUՊl��hu���/���+������+����exӉ&v>�s`o�i3���2D�a|�7������}���ɶ��ئ���܄F�""��p��خ�Ɣ}� �^�P:8e��Y�o��/�i��E�b�83��ܠ�S��(�T�[ϱx�l�m�N6K����ܳJp�vJ�卖t�o�r�p�����E���9V��K+�UK���_we|$� ��r)�D4|i+vxa㤸��~2����<�e.W�y�ٳ���=e��iz��k���.*�����n�N�w��(ʡ�o�/�h����B�o?T�""ޒ�;��Vۑ5�a�\i���PbD�J�\�o��2UAY�q��d�U�U8���طif�&�!#� hv�&�Ǵ��ݻe��C%/L�w�]���;�H5��]kN7�p��ؠ��$gP]���NW�R0��x��f�v�*�o��1U�w^��ѓ�'G���!�L��x�]V�R�^�'�t�������Ώ�c�,�6������ �dbL:���9������������A� X+��MT�gyPn3U�dW���ć�o�[�UP4v[j*8T�i_�:�-|'��ޑryOޞ����|�����⤎!���=�����\�״�z<˙'kOi�Ce��JN�xjx�M;.�x.ֲ)�����T�9oay��6�-�1�7��N�p�{y>]�ϓR:��K�|T�����S��ӉI����c$�G�A8��s���Um;;]:2�:��>������i�)ys""�GP2���o���rCr�8xgJ���`[�p�-Il�J]L{��pa9���T�1�$.'x���n��q����{x���s� �8�kj�w�ݼˑ7��!�������T�����}�K�5��z��REc��/?S�e�}�*$�)a�s�'Y,z��~y�L���<��z���lr��rf�lz��� �_N�W��m��+�3}9��dY�!3|�m¯3O�O �2k v&Zu���,����K+��!:��ܼk�/ �p�M�)G�x4蘭>4��g�G W�Ǻ�p6e��RJ��հ�r���(��^g��/�Pֈ���OFգf�fg�>}R��M�O[��$V�Y����{��� ����&��+-���>P=Yvu����9Y+!Q�`O�S�&I&Y����g���}���>}I�}]�D�5��N�5uf��!u��{s���H��o���l`������p���q�?eSwO�� ���!�? O��ZS�l�9gO����Sx���}�������)������֏#~!�ց=p��D�]�>��t�c� ^����)!4k�K��� �D�懾L�7��S-V�>^�����pR�SJ�]˷���n!�E�x�'-�y��g�m7��ž""��H���D:�D���K�� �&���)�Z1_j�b��H�H��`,�M�4ñ�UD�r���}�zL@| �r��@�=C{m?H���*��˞h��%X�GRD�7["" t��J��E�� 8 ��g���P��c��#~�""k���U�8�CT�F�,]�' l���S�lR��;D���@eⰓ��c]R0��ʏ""&�j����wO�����<8�],����&j;3 �ƶ{�q���ˠ2��r~�w����Ҙ���l<`Q�&���bL(�֚""�OҢBB���#%�/�z���O����hY�:+(n�����8��d8���*�4o{�W�F�oWij���cZ4��i†.8蚠@o���Y�&m+�����x\+.Rc�~�-�>Y���\��R�/���4��x�����6S���;���t��|������X&Ԁ9kG֨���._�4���M��s����4R��������L�@W$�=���w2G2^�L/�7��9��,���:�i��#�_��l;֟��G6CZ�OZ����왲fas~.a�>����K��0nў�_O~�����s�]��$8a�ؚ��8��������z��c��(�h�O�k�e��N�Q""�L����X�0ܬ�CX��n� A.�h�Ap!��g�"" �����9�(�ʫ���*�5������vǃ�=E&J�G�\o�?eq�a�xxiq���'Hv��w�宻����z���,/����@�6��� �j(~��*��0��o<��&�1o�uR�ׯ$��d�El�m]�=�k���Y&,Rw%��s`����/������n)�{�Y!Ӿo���TJ l�����ȣX|����}����Ӑ����ꇭn��9d.��2��얁�&���G�a61���7_�1|�����D}Ҽ��% �������#y���(�GSRf�s=�m�⢹$�.�x�v�q�!�[�dT��%f*z|r���Z����o®�ɣ��8�}X��(g��#�1""[��>��j��)�G���6$""�.�8ȫ �y���#%a�`kc`29�����ޛi} �/l��t���R&e��ዛo|��Ne3o[ݩ20���>+�W��S�K�e32���<\�T�Ūn\}�~���@�!��D+�75nQY�Cl�Q���v&]>r�;���e����Jcɯ��FF�F��֊[zӧTN,W���[5(�6ԹJ��֠���wn�p�Ņ�z��\��G�Su(:6���W�nKIk�K��-p��d��;>!��N���W��B�ψa7�?�M8 T�w���O��Q����{{�����-HV^���n4 u ��e/ ��:�\s���T�=Z>��%d�\�)�qo{�wu3�|i%Y9��ŭS3U�)#�e(����r�I�����xWso�����2&OkOS����K�����91ia=�ķ6d��{t��4,��sN>�ֳ�I���'���+��bD@�O5ɒe6�|�h �\����0��E �3�����T��X�]�K`�9g� �B�t�vߡ��K�Վw�S�z���c�:��Kx��X��ʰ�L?��6>Wo��y��ޯf�>���^������·� ��HR��/�O�{��X���w� �!3O�ߝݗZN�Bq[��{�-�%J�쪑Uw�E 'R]`�������86�ټX�?�=YK�qA[�Kt��&FN{`�Д%���{��������9�7�����Ú C�X�d�7�6A��˵˥[� vo�/:�W��c��w ;��+��N�?���������؆.�����>�w�b�5 �@k�g@/�ģ��ҞRM@�ݮr-�y��B��}�`gg�n>�b�\w�i��s��}H7$3�_ 7hw8k\� !��?5\tl{F�r�$��ꓬ��Y�G ��f�z~ ��� ���D���K�e����$|��>�-��*��""��kJ�F���i��=h�y��煉� [=쨴����t[��k�`��c �����]w�f1&;?/�$�-�p�օ�T|`�)���q�88�x�(� �eЋMޣ�;D����/����7��ѓэO�Q�E��@��~����ig��S�""��E�':!�ltm��D$t�̰�{��U��'�����C�O*H�`��P�>�Iߒ�#Q��-�Z]�������'�o}�b��W��ȹ4�%�TaTjԒ��k��Q��k|��i��[%�L����0��g���n�Q����%�Sx��A�קA]�d6G�rP�2[�أ�r��õ�)?^�u�a�G ��I�d��m�Q#`�_|����S�4E`�LE{����e�O�1����4��ދ`[��nP}���5��Zp��I�%i��ˬ�l� ���u�S�""ps|?^$�gdc�Ѧ�'cU��I4����Ж�`�SU�+�;U��0_n���~��lª-��B���iR�`�?-C��� �3 ��w�D@�L��1l�B+�ϝ8?�����Mo�$l}:W%�u�R�dT1���K�锆�%5��.4$A��+�NzSFo��#`B_' ��`4��5��8�l1�]k��~�wbn���%��`WVL}!�RL�⏵�""��gQ무�^G]OҠU)� l��rE|����w�7-�""2�,�~ɔV�r������*|��4+w��N��s��V�7�bc������ ���V���1"";��� �e@]��*�#�-""�U!��,�_�T0��6%=��*�Ϣ�n�)����g�z4� ��S�L;��ם�?��Q:���+��avb��#��Qs�C4��dɆ5#�a� IȜ����""`�[/�<�����{lh/֫���k'>̐ A���:��r&٠�����~t~�eO l�~�K����,oN8�&�<��3ܬ�ly>o��y�tcuA&�ٲ����OR�/.����_�J� @��o�;���M��X؟���b@��`K�QX���=k��w��2�:�NSE����k��S'�͠b�Z[���r��r�{~][Y��Q�{����@_4��P""����{L��H��_��?�9�V�Y�8�h�+xf��ǞOA�1�lj�""�T�`�Y�hd�=~�V���hzB����V���!��04���=�@��n�$�V$���g�X��F�qT��Dd���vf�r���M�� ��źm�^�����j �t��i��I) �"" D>)~fI�?��p��)�Ԛ9���ůQ�������T��� Sm���}[{��#8��r� �������y\�mHɢL�""�6�@�!�Q�X�:���""�*�Ϻ�eJ�.ye���$�""�""l�ć��\;yw��r~���j�����]���{���/�o,�]|��r���9�C�l��Hw����������!�]��}��i� �-n*��MC��=g5+RWԬ���!?��&>��5߽٧��Uqt�+<0� &7���}�翊�����3��U���Gט���՝b""�rv�T�.� �#�""D��T�,�0#ՈuQ%s}Ǭ""�� �188^w��S�3-��lN?�E�C�`Ǎgj�lD�҄��dy��jhH+Z�Jb@9'tfqj���v)��F5��=5 �B��p��[u����8T_�o�;�r��ז""w|�R:�4���V�J{��` �%�/`�i�,�Ao:�V����M�sV��;�J�H�]V,��v�����M��a*�Uϩ��>�GW{9�c�J��Gk-�W[B�Y��gF ]\5H�S~�a��Nh�G2��=��c �V�W� �+iB�SS' k�Ʃ�������r�~�'!���D�ȝ2بEǾ��+�!�bLdjUa/k��.tl������†�7f���G����/��Dv�L-5�Y�|�љ¯Y8&�O�>�xP.,j���k\�0m��y���7��+���'��E�]��LA��Yɠe�G�c����3VcN���*�o�W��o*��U3��<04W��k����ŲoZU�f��Ad�%^HE�cZ���'N&r��,�F��$���ൣI1��M������ٿnqkVrx�9����>Q���l��Tf���_�d�����)�Ur�U3NVc$1l���O(g��7c�ȇ^��@�������H�I@������7}�ړ��?�u���I�Zo��>l��Q�n�r��� Sy�.��Z1�p���:��,��Q��܀������=k��n��'�K�}V{���C ��D���ѿ���A��9}��O�:X�A������Z#[��Py9Oi��>D�\`��~/��ב�W� �G��w#���d�g�nv7���7��s@|pY�Q[vbj>z6��v�����k���9%1Q�p�`@K]Dv�R��*�f](Ǒ\2��sOu{��_ج��5^��z �X�t2f��y�����'8 5���r�$��a �iF�Cy^�#nҋ�P��|Q��>=��s#���������KϹ����������+0g1����s�ݰ~b�Ӿ]���[*���SZ�. Z��P�k���eZ��|��~���x{d���""��k6>c���s�a��%G�E�V�j""@5�DҊ���+��� ��������(�0€\f}E���8�G�^j�N�� �b�9�>�f�\��ηUW#q\��ܗ� cg:��N���� 7A\�d-��~�u�Q^`�bv���S�v٬��>�+��厵Uݶ��ɵ�c4>�?�6^ڋu�(���*Ѷ�E��e�s�%6٧�_�I3����[����'��� �d�B���>ce��(����!����gvf��Y�T͌\az� ����iF;7p�#��PD��i��)�5�Q��D���,_�uĒ��;�b+2 �W.~����2���I!ړ�RRa�P`%��#��f��!����#��vWO��9�zT�T[n?o��g)�u8�BN�x�No�e��>�_^/(���ӈ'���E*��W..m���덇9U�?jN���͒�L""�3�d����.CDږ��O^���㣉����j^�Ug|�v�- ���DZ� ��! !�ό&� �EI�ɴ���RȒ �6=����G�w���.���{>8pƧ=�QUR�Fު2��h��r��v��Z �4�|*31��ä~9�Xō7��Ef��O>�x��*(�ϲ��tJ���G"" [�d=\k��x��|_l�3/�E�4J��K�j�R��*k��*sQy�4j�r��6'�۫M�*&�U�Cu��GOR���۳��55_S�x���{M��%��B��myмJ�fOJ�k�B�d���G�%��D-1�q�����pq��S�ӉA:&6�c��:��D�T@6�-�ۃ0""���K�]��GE���ЊE@1��s(�j�Blf�$ �r��u˧T�f��%��돞�>�֎O�pf���P+�뤃���q�ƅ�""-�'��j!9֛�'�H,�9,;K�h������|.��}a�hn�����,/1ŗ�:g��=�VC�=��F�.�BV��ZL��j�C�8��ʲ�s Wr�/��i�e:۔<�TuR������i&�_��n�\��^����#�.^ī���V��y�k��aӝ�������C�T��:�G�}]H�V-_U)�/�O�r.�c���������g������b�=�)�h�lJ�l=�� ����X�'!^�����֡�i Z��x���:�Wi���Gk�c�(���$�l@<����c!��ӏ{&�m� ����K< <�����1�ء��<��>�Pr�d����H��NQ��U�o�����ɰ&��U�6��J-�k���R��}� ��8g�~t`�5�x�-k�C��:�d��w������wu� ;��b�̣2Z����lS'�Z�朽,�>�t/�y��dw��~���w����zZ./��d���)X�x�9K�]�'�y��7B��>�����A�nx�=qհ������M� ��*C�O��;�|*y#{wz%郚� �~���/�>�_�J*���`���WС�!����7�,=yb�ĵ�S�""Z��/^]��j\n�4����H����F��6w�X$��rH��z ze ��e$��Қa6jD�C�f^ ��M�%�� &��@������{��'D���b%�a�a�9ܛx� �Af���]D�ϘG�diR�H�9�?��m� ��S��P$�1���@(,��Y7�x���>�7�s���i>N H��������i��!�""xRٷ�����l룝��a=9#� '*�T�dN��Lw�""')��Ԟ`��z~v�A��,\g���&�p)�h�8]7�8��>N2 g�#���7�ʢ�g��Z%�S���|�1*F�Jv^��:��]5�C�@�Ш�jWm�se�(+�ە���Ao� �æ.�2�-���n[��R���.�0,ծ\I���J_w�����f�+ݎ�N�pt��g{V�I�^��\MYU�ƈ�a����lɎ���K� ��<��.�y� ��v#YiW�� 6�Z��h�[�r�}MkY|��˛31�b��RIZ����4�����~��_;~���Yn�0��jUA�p����{*�-S˦��$���.�{�Ô�?G��q ���HTRة?#'�a �%N-��̖n4#|�^�-Byq���a����r�uΟ����R�!Cx�KTvPe덡S�lk��qt`%���s�ȕ�v{G��PY�.�K�U�Q ���ظ0S��{�D�����*+���rc�8�~\��۬�s���ٮ6f��{��g�o�8m�r� ��0�v�y(oa����Z��B�g$]*qq��}R�TSɆ�`w���)l-.���8#�·����$��������Q���J`.S/�=��Uj���Bu�X��T�p+��J|'8g�2���Ս�F��x��$�f�Oi[l{d���G�W��3��-A��5C��d�w��H�����W��RF�O5���@)Qo|ۧ@qW�q٤[ �g����*���Iw�c��ި���EmD�H��as<��u�� g deѵ�Qf�G���a(�O��h���\�cv�i��� �%��5�# S���*F3'�DM��B�*ſ��b�y��+@�S>x��?�6R%�!?_W�~A�tK�,�y�ʈ4D�:����0n�ǚx��s54�S+����n띹���u%:7|Gp �Y�������}��Bv���g8�<�n��N������v��Gp^�$ ��5�4\���Z\9�ݓ10^rR�Y��u�<�;�#""{q�?����R�C3�&�Ϲ!��e���ij̠��]o��U�)�e�D�4""�?��0.�pWx�]L��f�Mƣ?�_K��0`���)@s��8��� ��g0t≕����S�&���nm��ұ�WȤ8v�h2ı�G��u�:�CΥ�m�$�`�*]��#ʥ�F3!���V�""�9V��h�?�{��O��y���*��ڤ!-�t�""��X��7Saܻ�~9M�;ZV��/s���wji矗�k�?�7Hr���l6⯲o�VSv��3��8�1`' t��n�e�hAF ��/պ�O��6;���g�0�oZx�ٟ��kp��;"" |��C�r �t��-�� ��X.��s^���p}��Vk��� �[�nɣ0н�!���Ry�[)�.����f *�LBs5H�ñG~�䱙�c�-���R�py�ܵ��ʡ��x�4�5%�k0��e�\��AJA�gX���I���Ǚ������/�ԍ��~�Vb2=�%��������u �0� TD�o�V��qB���+�l�Օ*H�����MPQ��4��i���)�Clc���Vؾ9�y�����,���?UĦ�PșCu9���/@-̍��f�=]$ ����?��̯�����#f�� ��f�S���J-��/����n�j=A-��A����J��C���Gw�ۣڑqZ7�}7��L�����q>?�r$Yr ���ӧ��]8�����J��~�������:J����$=��΄�����E<چ��l_� h0�Z�F�w\Y�p���u�AlmA��'�Ҷ|!���ކ����k~�A:��K�'� AL�~��V/6�a���c��cs�T����Ϟ�NQ��S#�_�U^�����`�7�]��C��5h�W�DHq�fc��X�~]'�� &�_�J��N⣖G���܄^�K��Q֝0�D�}�NcO�O���˦4��e���3�9!R$��^���x+tQ�@qJ�<98�����r��B���T�q8D����6�����k�|ٰ����@�Q�;��yd�O���7���߹if�*""��y�r ,�{��I5����~�x+ͧ����a��a�Zj��@�5m'L� �ZXw|k�����%���]���)���B�YX��}�:�#Φce�罵��1 �G(��i]�4�Q�S}���j��5���_��JZ�N�)���/�j���GF��G2����y���BV����v�j5��,j���xw��L�;k�]i'3ڱ�;֥uG\� �D�����'H!�qy��������攓K'Ґ �g�J���}4�,R �Vc:��3�%�����n3�+�VԒp敳�0:�$��i��������\1Rbm��%��D�;_��������|QXlT=�*����:b�PZA�JY�5YH��o��>�s����q>��ȕ���`{A�[�=�=;��G��,zY�v�N���G��_G��Z����������S�LQ+Qpl� ��IasTM~9q���`�w/��á� \��0 ��тr""����b [�U�#�h���%1�>�U:�Ӣ#��^/U���qv�#:ճՁ1��~R������0Xs�<�P��43��������7G����ܟu��[H�.�,�f*�v/,��h��+ʧ����#BϏJ�73�݃L��_����p���u�������E������ؖ)��YH�k�n�,��-7{�o}�u����?���m�����?�礂""���~[O�+O�y\Tk)'}��Qn������I2)��}VC�s��L����}IE�'Иa�_o�g8M=���W�ϙ���u-EYu�%�,��O� @MAEP��͝�gu�ی�n�*ot�N�=�� ���XS��S�;]�����<���'�(]k�W:��A��P$7�`)ܦ��i�Z�AR]7s�S��ʩ'�|���%�M��´V��ح-�9�Y�ɒ�qGGx�՟���YRu�¿LD��!_�7gn�O�zS��FM������h)��Ɣ�1h��Gp�@C���'ȶ-r�� ���f�i%�v��S�_>λe�=�9m��…",https://www.dailymed.nlm.nih.gov/dailymed/getArchivalFile.cfm?archive_id=861973,dailymed.nlm.nih.gov,,���ܵ��!��OM@^Wz� ^��V�۸;��U+*J@�Oo�����}A���ɔ�e� ��������~����nf�ez��h���Gu��,,,
q048-1,q048,dCASP1-55 first regulatory approval or market launch year in acute myeloid leukemia,dCASP1-55 AML regulatory approval,3,CLINICAL TRIALS,https://www.amgentrials.com/study/?id=20210033,amgentrials.com,1996-01-01,AboutScienceProductsResponsibilityStoriesNewsroomPartnersInvestorsCareers ## CLINICAL TRIALS,,,
q048-1,q048,dCASP1-55 first regulatory approval or market launch year in acute myeloid leukemia,dCASP1-55 AML regulatory approval,4,Page Not Found,https://www.mayo.edu/research/clinical-trials/cls-20549897,mayo.edu,2013-05-02,"Brain tumor, breast cancer, colon cancer, congenital heart disease, heart arrhythmia.",,,
q048-1,q048,dCASP1-55 first regulatory approval or market launch year in acute myeloid leukemia,dCASP1-55 AML regulatory approval,5,AML Intelligence,https://www.amlintelligence.com/,amlintelligence.com,2026-10-02,**AMLA has finalised three sets of regulatory technical standards (RTS) defining key measures companies and professionals must apply to reduce money laundering and terrorist financing risks.,,,
q048-2,q048,dCASP1-55 first regulatory approval or market launch year in acute myeloid leukemia,dCASP1-55 AML market launch,1,Press Release-CStone Pharmaceuticals,https://www.cstonepharma.com/en/news/company_news16.html,cstonepharma.com,2021-03-01,Select “Accept all” for giving your consent to all cookies or select “Reject all” for using only strictly necessary cookies.,,,
q048-2,q048,dCASP1-55 first regulatory approval or market launch year in acute myeloid leukemia,dCASP1-55 AML market launch,2,Search | AML Hub,https://aml-hub.com/search,aml-hub.com,2026-09-29,"The AML Hub is an independent medical education platform, sponsored by Daiichi Sankyo, Kura Oncology, Syndax, Abbvie, Thermo Fisher and Johnson & Johnson.",,,
q048-2,q048,dCASP1-55 first regulatory approval or market launch year in acute myeloid leukemia,dCASP1-55 AML market launch,3,Circulars & Announcements-CStone Pharmaceuticals,https://www.cstonepharma.com/en/relation/notice15.html,cstonepharma.com,2025-01-01,Select “Accept all” for giving your consent to all cookies or select “Reject all” for using only strictly necessary cookies.,,,
q048-2,q048,dCASP1-55 first regulatory approval or market launch year in acute myeloid leukemia,dCASP1-55 AML market launch,4,Cancer Discovery,https://x.com/CD_AACR/status/1736880736299352567,x.com,2023-12-18,- 4.9KViews ... reposts: 4 ... 2,,,
q048-2,q048,dCASP1-55 first regulatory approval or market launch year in acute myeloid leukemia,dCASP1-55 AML market launch,5,AML Intelligence,https://www.amlintelligence.com/,amlintelligence.com,2026-10-02,"Shaped by broad stakeholder input, the standards give the private sector a common framework for meeting these requirements, and mark a milestone towards a clear and consistent AML/CFT rulebook for the EU.**",,,
q048-3,q048,dCASP1-55 first regulatory approval or market launch year in acute myeloid leukemia,dCASP1-55 University of Cincinnati AML clinical development,1,Clinical Trials - College of Medicine - University of Cincinnati,https://med.uc.edu/research/clinicaltrials?strDept=All&query=&page=13,med.uc.edu,,"A Phase 1b Study of Menin Inhibitor SNDX-5613 in Combination with Daunorubicin and Cytarabine in Newly Diagnosed Patients with Acute Myeloid Leukemia and NPM1 Mutated/FLT3 Wildtype with Higher-Risk Features or MLL/KMT2A Rearranged Disease. This phase Ib trial evaluates the safety, side effects, and ",,,
q048-3,q048,dCASP1-55 first regulatory approval or market launch year in acute myeloid leukemia,dCASP1-55 University of Cincinnati AML clinical development,2,UC hematology experts present research at national conference,https://www.uc.edu/news/articles/2023/12/uc-hematology-experts-present-research-at-national-conference.html,uc.edu,2023-12-08,"IRAK4 is a protein known to help drive growth of acute myeloid leukemia (AML) cells through overactivation, making it a potential target for new treatments. ... They found one compound was especially effective at killing AML cells by reducing the levels of a different protein called c-myc that drive",,,
q048-3,q048,dCASP1-55 first regulatory approval or market launch year in acute myeloid leukemia,dCASP1-55 University of Cincinnati AML clinical development,3,Multi-institutional team awarded NCI grant to open novel AML trial,https://www.uc.edu/news/articles/2025/06/multi-institutional-team-awarded-nci-grant-to-open-novel-aml-trial.html,uc.edu,2025-06-23,The Phase 1 clinical study in AML will open at UC and OSU in 2026.,,,
q048-3,q048,dCASP1-55 first regulatory approval or market launch year in acute myeloid leukemia,dCASP1-55 University of Cincinnati AML clinical development,4,"AML, sickle cell disease research among highlights of UC ASH abstracts",https://www.eurekalert.org/news-releases/1067056,eurekalert.org,2024-01-01,A randomized Phase 1 trial in healthy volunteers found a new drug targeting treatment-resistant acute myeloid leukemia (AML) is safe and attains drug levels that would predict response in this disease.,,,
q048-3,q048,dCASP1-55 first regulatory approval or market launch year in acute myeloid leukemia,dCASP1-55 University of Cincinnati AML clinical development,5,ScienceDaily: Search Archives,https://www.sciencedaily.com/search/,sciencedaily.com,2026-10-03,"ScienceDaily: Search Archives # Search Archives October 3, 2026",,,
q049-1,q049,ABSK131 in vivo single-agent monotherapy tumour growth inhibition TGI tumour regression or shrinkage in MTAP-Deleted KRAS G12D-Mutated Pancreatic Ductal Adenocarcinoma animal models,ABSK131 SU.86.86 monotherapy TGI,1,[PDF] Abbisko Cayman Limited 和譽開曼有限責任公司 - HKEXnews,https://www1.hkexnews.hk/listedco/listconews/sehk/2026/0423/2026042300109.pdf,www1.hkexnews.hk,,"MTA-cooperative PRMT5 inhibitor ABSK131 ABSK131 is a potent and selective small-molecule MTA-cooperative PRMT5 inhibitor developed by Abbisko Therapeutics, targeting MTAP-deleted tumors, and is currently in clinical development. ... Preclinical studies demonstrated that ABSK131 exhibits strong syner",,,
q049-1,q049,ABSK131 in vivo single-agent monotherapy tumour growth inhibition TGI tumour regression or shrinkage in MTAP-Deleted KRAS G12D-Mutated Pancreatic Ductal Adenocarcinoma animal models,ABSK131 SU.86.86 monotherapy TGI,2,ABSK131 / Abbisko - LARVOL DELTA,https://delta.larvol.com/Products/?ProductId=77f15c4a-7852-4271-a722-b1143fb00c80,delta.larvol.com,,"(AACR 2026) ... The MTA-cooperative PRMT5 inhibitor ABSK131 exhibits potent activity and broad synergistic potential in MTAP-deleted cancer models ... - ""ABSK131 exhibits strong anti-tumor activity in MTAP-deleted lung and pancreatic cancer models and synergizes effectively with multiple therapeutic",,,
q049-1,q049,ABSK131 in vivo single-agent monotherapy tumour growth inhibition TGI tumour regression or shrinkage in MTAP-Deleted KRAS G12D-Mutated Pancreatic Ductal Adenocarcinoma animal models,ABSK131 SU.86.86 monotherapy TGI,3,1,https://www1.hkexnews.hk/listedco/listconews/sehk/2025/0428/2025042800217.pdf,www1.hkexnews.hk,,"The Group cannot guarantee that  ABSK112, ABSK131 and ABK-KRAS-1 will ultimately be successfully marketed. ... ABSK131 exhibits strong anti-tumor activity in MTAP-deleted lung and pancreatic cancer models and synergizes effectively with multiple therapeutic agents. These findings support the continu",,,
q049-1,q049,ABSK131 in vivo single-agent monotherapy tumour growth inhibition TGI tumour regression or shrinkage in MTAP-Deleted KRAS G12D-Mutated Pancreatic Ductal Adenocarcinoma animal models,ABSK131 SU.86.86 monotherapy TGI,4,[PDF] Abbisko Cayman Limited 和譽開曼有限責任公司 - Moomoo,https://newsfile.moomoo.com/public/NN-PersistNoticeAttachment/7781/20250804/11782489-0.PDF,newsfile.moomoo.com,,ABSK131 is a potent and selective next-generation MTA-cooperative PRMT5 inhibitor with brain-penetrating properties. We presented our preclinical research progress for ABSK131 at  2025 American Association for Cancer Research (“2025 AACR”). The US Food and Drug  Administration (“US FDA”) and China N,,,
q049-1,q049,ABSK131 in vivo single-agent monotherapy tumour growth inhibition TGI tumour regression or shrinkage in MTAP-Deleted KRAS G12D-Mutated Pancreatic Ductal Adenocarcinoma animal models,ABSK131 SU.86.86 monotherapy TGI,5,AACR 2026 | Abbisko Therapeutics Showcases Six Research ...,https://www.prnewswire.com/news-releases/aacr-2026--abbisko-therapeutics-showcases-six-research-advances-highlighting-pan-kras-4th-generation-egfr-and-synthetic-lethality-approaches-302751184.html,prnewswire.com,2026-04-22,"**MTA-cooperative PRMT5 inhibitor ABSK131** ABSK131 is a potent and selective small-molecule MTA-cooperative PRMT5 inhibitor developed by Abbisko Therapeutics, targeting MTAP-deleted tumors, and is currently in clinical development. ... Preclinical studies demonstrated that ABSK131 exhibits strong s",,,
q049-2,q049,ABSK131 in vivo single-agent monotherapy tumour growth inhibition TGI tumour regression or shrinkage in MTAP-Deleted KRAS G12D-Mutated Pancreatic Ductal Adenocarcinoma animal models,ABSK131 PDAC xenograft monotherapy tumour regression,1,"MTA-PRMT5 - Drugs, Indications, Patents",https://synapse.patsnap.com/target/7a68e99130134dbc9048af6318b6a4c9,synapse.patsnap.com,,"Our findings establish ABSK112 as a potent, selective and CNS-penetrant HER2 inhibitor, warranting further clinical evaluation of it as a monotherapy or in combination with HER2-targeted ADCs for the treatment of HER2+ cancers with brain metastases. ... Title 3: The MTA-Cooperative PRMT5 Inhibitor A",,,
q049-2,q049,ABSK131 in vivo single-agent monotherapy tumour growth inhibition TGI tumour regression or shrinkage in MTAP-Deleted KRAS G12D-Mutated Pancreatic Ductal Adenocarcinoma animal models,ABSK131 PDAC xenograft monotherapy tumour regression,2,"AACR 2026 | Abbisko Therapeutics Showcases Six Research Advances Highlighting pan-KRAS, 4th Generation EGFR, and Synthetic Lethality Approaches",https://www.biospace.com/press-releases/aacr-2026-abbisko-therapeutics-showcases-six-research-advances-highlighting-pan-kras-4th-generation-egfr-and-synthetic-lethality-approaches,biospace.com,2026-04-23,"**MTA-cooperative PRMT5 inhibitor ABSK131** ABSK131 is a potent and selective small-molecule MTA-cooperative PRMT5 inhibitor developed by Abbisko Therapeutics, targeting MTAP-deleted tumors, and is currently in clinical development.",,,
q049-2,q049,ABSK131 in vivo single-agent monotherapy tumour growth inhibition TGI tumour regression or shrinkage in MTAP-Deleted KRAS G12D-Mutated Pancreatic Ductal Adenocarcinoma animal models,ABSK131 PDAC xenograft monotherapy tumour regression,3,IDE397 / Ideaya Biosci - LARVOL DELTA,https://delta.larvol.com/Products/?ProductId=4f847675-044d-4618-bfbc-99f5a8416591,delta.larvol.com,,"## Synergistic antitumor activity of the MTA-cooperative PRMT5 inhibitor ABSK131 in combination with multiple therapeutic agents in diverse cancer models (AACR 2026) - ""In KRAS-mutant and MTAP-deleted models, ABSK131 led to robust tumor growth inhibition when combined with KRAS G12C inhibitor AMG510",,,
q049-2,q049,ABSK131 in vivo single-agent monotherapy tumour growth inhibition TGI tumour regression or shrinkage in MTAP-Deleted KRAS G12D-Mutated Pancreatic Ductal Adenocarcinoma animal models,ABSK131 PDAC xenograft monotherapy tumour regression,4,[PDF] Abbisko Cayman Limited 和譽開曼有限責任公司 - HKEXnews,https://www1.hkexnews.hk/listedco/listconews/sehk/2026/0423/2026042300109.pdf,www1.hkexnews.hk,,"Strong in vivo efficacy: Oral administration induced deep tumor regression in multiple  KRAS G12V xenograft models, with robust target engagement. ... ABSK131 is a potent and selective small-molecule MTA-cooperative PRMT5 inhibitor developed by Abbisko Therapeutics, targeting MTAP-deleted tumors, an",,,
q049-2,q049,ABSK131 in vivo single-agent monotherapy tumour growth inhibition TGI tumour regression or shrinkage in MTAP-Deleted KRAS G12D-Mutated Pancreatic Ductal Adenocarcinoma animal models,ABSK131 PDAC xenograft monotherapy tumour regression,5,"Abbisko Therapeutics Showcases Six Research Advances Highlighting pan-KRAS, 4th Generation EGFR, and Synthetic Lethality Approaches",https://finance.yahoo.com/sectors/healthcare/articles/aacr-2026-abbisko-therapeutics-showcases-033700350.html,finance.yahoo.com,2026-04-23,"ABSK131 is a powerful selective smallolecule M-cooperative5 inhibitor by Abb Therapeutics targeting tumors with MTAP deletion, and is currently undergoing clinical development.",,,
q049-3,q049,ABSK131 in vivo single-agent monotherapy tumour growth inhibition TGI tumour regression or shrinkage in MTAP-Deleted KRAS G12D-Mutated Pancreatic Ductal Adenocarcinoma animal models,ABSK131 KRAS G12D PDAC in vivo monotherapy,1,ABSK131 / Abbisko - LARVOL DELTA,https://delta.larvol.com/Products/?ProductId=77f15c4a-7852-4271-a722-b1143fb00c80,delta.larvol.com,,"/ Abbisko ... - ""In KRAS-mutant and MTAP-deleted models, ABSK131 led to robust tumor growth inhibition when combined with KRAS G12C inhibitor AMG510 or KRAS G12D inhibitor ABSK141. ... (AACR 2026) ... - ""ABSK131 exhibits strong anti-tumor activity in MTAP-deleted lung and pancreatic cancer models an",,,
q049-3,q049,ABSK131 in vivo single-agent monotherapy tumour growth inhibition TGI tumour regression or shrinkage in MTAP-Deleted KRAS G12D-Mutated Pancreatic Ductal Adenocarcinoma animal models,ABSK131 KRAS G12D PDAC in vivo monotherapy,2,Kras G12d,https://www.tandfonline.com/doi/full/10.2147/DDDT.S559325,tandfonline.com,2026-03-27,"The *KRAS* G12D mutation is the most prevalent *KRAS* alteration in pancreatic cancer, making it a central focus of ongoing therapeutic development. Zoldonrasib (RMC-9805), an oral covalent inhibitor designed to engage the active GTP-bound form of *KRAS* G12D, has also advanced into clinical testing",,,
q049-3,q049,ABSK131 in vivo single-agent monotherapy tumour growth inhibition TGI tumour regression or shrinkage in MTAP-Deleted KRAS G12D-Mutated Pancreatic Ductal Adenocarcinoma animal models,ABSK131 KRAS G12D PDAC in vivo monotherapy,3,KRAS: the Achilles' heel of pancreas cancer biology,https://www.jci.org/articles/view/191939,jci.org,2025-08-15,"The first KRAS^G12D^-selective inhibitor, MRTX1133, demonstrated near 1,000-fold selectivity for inhibiting KRAS^G12D^ signaling and *KRAS^G12D^*-mutant cancer cell growth as compared with KRAS WT (130, 131). MRTX1133 exhibited excellent antitumor efficacy and tu mor regression, elicited an immune r",,,
q049-3,q049,ABSK131 in vivo single-agent monotherapy tumour growth inhibition TGI tumour regression or shrinkage in MTAP-Deleted KRAS G12D-Mutated Pancreatic Ductal Adenocarcinoma animal models,ABSK131 KRAS G12D PDAC in vivo monotherapy,4,Abbisko Cayman Limited 和譽開曼有限責任公司,https://www.hkexnews.hk/listedco/listconews/sehk/2024/1023/2024102300933.pdf,hkexnews.hk,,"These two research results demonstrated  the latest preclinical research progress of a potential best-in-class PRMT5*MTA inhibitor ABSK131 and a potential best-in-class oral KRASG12D inhibitor ABSK141 from Abbisko  ... ABSK131, presented here by Abbisko Therapeutics, is a highly selective MTA-cooper",,,
q049-3,q049,ABSK131 in vivo single-agent monotherapy tumour growth inhibition TGI tumour regression or shrinkage in MTAP-Deleted KRAS G12D-Mutated Pancreatic Ductal Adenocarcinoma animal models,ABSK131 KRAS G12D PDAC in vivo monotherapy,5,KRAS G12D targeted therapies for pancreatic cancer - PMC - NIH,https://pmc.ncbi.nlm.nih.gov/articles/PMC9749787/,pmc.ncbi.nlm.nih.gov,2022-11-29,"At the same time, there is still no agent that could target KRAS G12D which is the most common KRAS mutation and is found in the majority of KRAS-mutated pancreatic tumors. Nevertheless, significant progress is now being made in the G12D space with the development of several compounds that can bind ",,,
q049-4,q049,ABSK131 in vivo single-agent monotherapy tumour growth inhibition TGI tumour regression or shrinkage in MTAP-Deleted KRAS G12D-Mutated Pancreatic Ductal Adenocarcinoma animal models,ABSK131 MTAP-deleted pancreatic xenograft tumour volume,1,Pan-cancer clinical and molecular landscape of MTAP ...,https://www.sciencedirect.com/science/article/pii/S2059702925004041,sciencedirect.com,,"## Content ... You can set your browser to block or alert you about these cookies, but some parts of the site will not then work.",,,
q049-4,q049,ABSK131 in vivo single-agent monotherapy tumour growth inhibition TGI tumour regression or shrinkage in MTAP-Deleted KRAS G12D-Mutated Pancreatic Ductal Adenocarcinoma animal models,ABSK131 MTAP-deleted pancreatic xenograft tumour volume,2,[PDF] Abbisko Cayman Limited 和譽開曼有限責任公司 - HKEXnews,https://www.hkexnews.hk/listedco/listconews/sehk/2025/0428/2025042800217.pdf,hkexnews.hk,,ADCs for the treatment of HER2+ cancers with brain metastases. ... Title 3: The MTA-Cooperative PRMT5 Inhibitor ABSK131 Exhibits Potent Activity and  Broad Synergistic Potential in MTAP-Deleted Cancer Models ... ABSK131 exhibits strong anti-tumor activity in MTAP-deleted lung and pancreatic cancer m,,,
q049-4,q049,ABSK131 in vivo single-agent monotherapy tumour growth inhibition TGI tumour regression or shrinkage in MTAP-Deleted KRAS G12D-Mutated Pancreatic Ductal Adenocarcinoma animal models,ABSK131 MTAP-deleted pancreatic xenograft tumour volume,3,ABSK131 / Abbisko - LARVOL DELTA,https://delta.larvol.com/Products/?ProductId=77f15c4a-7852-4271-a722-b1143fb00c80,delta.larvol.com,,"(AACR 2026) ... - ""ABSK131 exhibits strong anti-tumor activity in MTAP-deleted lung and pancreatic cancer models and synergizes effectively with multiple therapeutic agents. These findings support the continued clinical development of ABSK131 as both a monotherapy and in combination regimens for MTA",,,
q049-4,q049,ABSK131 in vivo single-agent monotherapy tumour growth inhibition TGI tumour regression or shrinkage in MTAP-Deleted KRAS G12D-Mutated Pancreatic Ductal Adenocarcinoma animal models,ABSK131 MTAP-deleted pancreatic xenograft tumour volume,4,AACR 2026 | Abbisko Therapeutics Showcases Six Research ...,https://www.prnewswire.com/news-releases/aacr-2026--abbisko-therapeutics-showcases-six-research-advances-highlighting-pan-kras-4th-generation-egfr-and-synthetic-lethality-approaches-302751184.html,prnewswire.com,2026-04-22,"**MTA-cooperative PRMT5 inhibitor ABSK131** ABSK131 is a potent and selective small-molecule MTA-cooperative PRMT5 inhibitor developed by Abbisko Therapeutics, targeting MTAP-deleted tumors, and is currently in clinical development. ... MTAP homozygous deletion occurs in approximately 10–15% of soli",,,
q049-4,q049,ABSK131 in vivo single-agent monotherapy tumour growth inhibition TGI tumour regression or shrinkage in MTAP-Deleted KRAS G12D-Mutated Pancreatic Ductal Adenocarcinoma animal models,ABSK131 MTAP-deleted pancreatic xenograft tumour volume,5,Delving into the Latest Updates on ABSK-131 with Synapse,https://synapse.patsnap.com/drug/b9d0045ee6cb4f9a9de977200d7ee848,synapse.patsnap.com,2025-05-20,"Therapeutics 2 Session Date and Time: April 28, 2025, 2:00 PM - 5:00 PM (CDT) Location: Poster Section 54 Poster Board Number: 14 Poster Number: LB240 Conclusion: Our findings establish ABSK112 as a potent, selective and CNS-penetrant HER2 inhibitor, warranting further clinical evaluation of it as a",,,
q050-1,q050,ONC201/dordaviprone in vivo monotherapy tumour growth inhibition TGI tumour regression tumour shrinkage in Pancreatic ductal adenocarcinoma animal models,ONC201/dordaviprone PDAC monotherapy xenograft tumour growth inhibition,1,Preclinical efficacy and mechanism of action of dordaviprone in H3 K27M-mutant diffuse glioma,https://academic.oup.com/neuro-onc-peds/article/2/3/wuag033/8750125?searchresult=1,academic.oup.com,2026-07-08,"Single-agent dordaviprone inhibited tumor growth and/or improved survival in vivo in multiple H3 K27M-mutant diffuse glioma models, including intracranial, patient-derived xenografts, immune-competent, and genetically engineered mouse models. ... ^1^^,^^2^ In vitro experiments in cell lines and pati",,,
q050-1,q050,ONC201/dordaviprone in vivo monotherapy tumour growth inhibition TGI tumour regression tumour shrinkage in Pancreatic ductal adenocarcinoma animal models,ONC201/dordaviprone PDAC monotherapy xenograft tumour growth inhibition,2,"Oncoceutics, Inc. - Drug pipelines, Patents, Clinical trials",https://synapse.patsnap.com/organization/a5bf4297675f2f507f28f8f8d99e6f95,synapse.patsnap.com,,"02 Dec 2021·Cancer biology & therapyQ3 · MEDICINE Combination of ONC201 and TLY012 induces selective, synergistic apoptosis in vitro and significantly delays PDAC xenograft growth in vivo ... ONC201 is a potent inducer of the tumor necrosis factor related apoptosis inducing ligand (TRAIL) pathway. .",,,
q050-1,q050,ONC201/dordaviprone in vivo monotherapy tumour growth inhibition TGI tumour regression tumour shrinkage in Pancreatic ductal adenocarcinoma animal models,ONC201/dordaviprone PDAC monotherapy xenograft tumour growth inhibition,3,29,https://touchoncology.com/wp-content/uploads/sites/2/2026/04/6.-touchONCOLOGY-D-26-00002_Review_Ozer_29-34.pdf,touchoncology.com,,"ONC201 sensitized cancer cells to mTOR (mechanistic target of rapomycin) inhibition, a downstream effector of PI3K/AKT, leading to increased TRAIL receptor DR5 expression, as well as activation of caspase-­8.12 These effects were at least partly reversible when the TRAIL receptor was sequestered, ca",,,
q050-1,q050,ONC201/dordaviprone in vivo monotherapy tumour growth inhibition TGI tumour regression tumour shrinkage in Pancreatic ductal adenocarcinoma animal models,ONC201/dordaviprone PDAC monotherapy xenograft tumour growth inhibition,4,Preclinical efficacy and mechanism of action of dordaviprone in H3 ...,https://academic.oup.com/neuro-onc-peds/article/2/3/wuag033/8750125,academic.oup.com,2026-07-08,"Single-agent dordaviprone inhibited tumor growth and/or improved survival in vivo in multiple H3 K27M-mutant diffuse glioma models, including intracranial, patient-derived xenografts, immune-competent, and genetically engineered mouse models. ... ^1^^,^^2^ In vitro experiments in cell lines and pati",,,
q050-1,q050,ONC201/dordaviprone in vivo monotherapy tumour growth inhibition TGI tumour regression tumour shrinkage in Pancreatic ductal adenocarcinoma animal models,ONC201/dordaviprone PDAC monotherapy xenograft tumour growth inhibition,5,Dordaviprone/ONC201 Activation of the ClpP Mitochondrial ... - PMC,https://pmc.ncbi.nlm.nih.gov/articles/PMC12822620/,pmc.ncbi.nlm.nih.gov,2025-12-03,"**It has not yet been peer reviewed by a journal.** ... # Dordaviprone/ONC201 Activation of the ClpP Mitochondrial Protease Inhibits the Growth of KRAS-Mutant Pancreatic Cancer and Overcomes RAS Inhibitor Resistance ... To identify potential combination strategies, we first assessed the ability of d",,,
q051-1,q051,DWP216 in vivo monotherapy tumour growth inhibition TGI tumour regression tumour shrinkage in KRAS G12C Pancreatic Ductal Adenocarcinoma animal models,DWP216 KRAS G12C pancreatic ductal adenocarcinoma monotherapy xenograft tumour growth inhibition regression,1,Modeling response to the KRAS-G12C inhibitor AZD4625 in KRAS G12C NSCLC patient-derived xenografts reveals insights into primary resistance mechanisms,https://www.nature.com/articles/s41416-025-03216-w,nature.com,2025-10-11,"To ensure reproducibility of G12Ci sensitivity in vivo, NCI-H358 cell-derived xenografts were treated with AZD4625, which led to stable disease (Supplemental Fig. S1D). Also, the PDX PHLC207 was treated with AZD4625 or sotorasib for 4 weeks (Fig. 1e). Both monotherapies led to similar tumour regress",,,
q051-1,q051,DWP216 in vivo monotherapy tumour growth inhibition TGI tumour regression tumour shrinkage in KRAS G12C Pancreatic Ductal Adenocarcinoma animal models,DWP216 KRAS G12C pancreatic ductal adenocarcinoma monotherapy xenograft tumour growth inhibition regression,2,"KRAS G12C Inhibitors: Clinical Progress, Resistance Mechanisms ...",https://www.noah.bio/insight/b8ec81a6-15df-415b-8981-2cf19f47a6e0,noah.bio,,"|Olomorasib (prior KRAS G12Ci)|LOXO-RAS-20001|I/II|Prior-KRAS G12C inhibitor NSCLC|41–42|NR|8.1–8.2|NR|No grade ≥3 in toxicity-related discontinuations| ... In PDAC specifically, KRAS G12C monotherapy with adagrasib or sotorasib has shown ORRs of approximately 21–33% and PFS of 4.0–5.4 months—meanin",,,
q051-1,q051,DWP216 in vivo monotherapy tumour growth inhibition TGI tumour regression tumour shrinkage in KRAS G12C Pancreatic Ductal Adenocarcinoma animal models,DWP216 KRAS G12C pancreatic ductal adenocarcinoma monotherapy xenograft tumour growth inhibition regression,3,Targeting KRAS in pancreatic cancer - PMC - NIH,https://pmc.ncbi.nlm.nih.gov/articles/PMC11055996/,pmc.ncbi.nlm.nih.gov,2024-04-23,"First data demonstrated significant activity in PDAC, with 6/8 patients exhibiting stable disease and three showing a 30% reduction at 4.3 months median follow-up [33]. ... MRTX1133 exhibits single-digit nanomolar activity in cellular tests, suppresses KRAS G12D signaling and it showed high antitumo",,,
q051-1,q051,DWP216 in vivo monotherapy tumour growth inhibition TGI tumour regression tumour shrinkage in KRAS G12C Pancreatic Ductal Adenocarcinoma animal models,DWP216 KRAS G12C pancreatic ductal adenocarcinoma monotherapy xenograft tumour growth inhibition regression,4,Kras G12d,https://www.tandfonline.com/doi/full/10.2147/DDDT.S559325,tandfonline.com,2026-03-27,"In the Phase 1/2 CodeBreaK 100 study, which primarily enrolled heavily pretreated patients, sotorasib demonstrated a median PFS of 4.0 months and median OS of 6.9 months in *KRAS* G12C–mutant PDAC, with an objective response rate (ORR) of approximately 21%. ... Preliminary results presented at ASCO ",,,
q051-1,q051,DWP216 in vivo monotherapy tumour growth inhibition TGI tumour regression tumour shrinkage in KRAS G12C Pancreatic Ductal Adenocarcinoma animal models,DWP216 KRAS G12C pancreatic ductal adenocarcinoma monotherapy xenograft tumour growth inhibition regression,5,KRAS Inhibition in Pancreatic Ductal Adenocarcinoma - PMC - NIH,https://pmc.ncbi.nlm.nih.gov/articles/PMC12842425/,pmc.ncbi.nlm.nih.gov,2026-01-21,This drug has been further investigated in clinical trials across xenograft models of KRAS G12D mutant cancer. This drug has also been investigated in 9 patients with PDAC. This study showed that oral administration of Zoldonrasib at 100 mg/kg was well tolerated and that tumor regression was observe,,,
q052-1,q052,"HM100714 in vivo efficacy in combination with another agent in Head and Neck Squamous Cell Carcinoma, including the combination partner",HM100714 HNSCC combination in vivo efficacy,1,Hanmi Showcases Next Generation Drug Innovations at AACR,https://www.hanmipharm.com/about/investor-relations/press/detail-4164.hm,hanmipharm.com,2026-04-28,"HM100714 demonstrated robust antitumor efficacy in HER2-mutant cancers along with low EGFR (epidermal growth factor receptor)-related toxicity, confirming antitumor activity in an Enhertu-resistant xenograft mouse model; it also showed strong efficacy and a favorable safety profile in brain and lept",,,
q052-1,q052,"HM100714 in vivo efficacy in combination with another agent in Head and Neck Squamous Cell Carcinoma, including the combination partner",HM100714 HNSCC combination in vivo efficacy,2,Targeted therapy for head and neck cancer: signaling pathways and clinical studies,https://www.nature.com/articles/s41392-022-01297-0,nature.com,2023-01-16,"BKM120, a PI3K inhibitor, inhibited HNSCC cell proliferation in vivo. ... BKM120 combined with cetuximab and irradiation significantly inhibited orthotopic xenograft tumors of HNSCC, which provided a rationale for clinical treatment.",,,
q052-1,q052,"HM100714 in vivo efficacy in combination with another agent in Head and Neck Squamous Cell Carcinoma, including the combination partner",HM100714 HNSCC combination in vivo efficacy,3,Therapeutic approaches for the treatment of head and neck ... - PMC,https://pmc.ncbi.nlm.nih.gov/articles/PMC9046875/,pmc.ncbi.nlm.nih.gov,2022-04-20,"The combination enhanced growth inhibition both *in-vitro* and *in-vivo*, and also reduced tumor vascularization.",,,
q052-1,q052,"HM100714 in vivo efficacy in combination with another agent in Head and Neck Squamous Cell Carcinoma, including the combination partner",HM100714 HNSCC combination in vivo efficacy,4,Combination Therapy as a Promising Way to Fight Oral ...,https://pdfs.semanticscholar.org/a7f3/69878ce48513e196d95df4a03a2f0219ac7a.pdf,pdfs.semanticscholar.org,,"For instance, a combination of an anti-PD-1 drug with Docetaxel reached a median PFS of 5.8 months and a median OS of 21.3 months in R/M HNSCC patients and had a manageable toxicity profile [264].",,,
q052-1,q052,"HM100714 in vivo efficacy in combination with another agent in Head and Neck Squamous Cell Carcinoma, including the combination partner",HM100714 HNSCC combination in vivo efficacy,5,Frontiers | Head and neck cancer – emerging targeted therapies,https://www.frontiersin.org/journals/oncology/articles/10.3389/fonc.2025.1640960/full,frontiersin.org,2025-09-11,"*In vivo* studies using xenograft models demonstrated that SI-B001, when used as a monotherapy, is more effective than cetuximab in inhibiting tumor growth. Furthermore, when SI-B001 was combined with carboplatin and paclitaxel in xenograft models, it produced a synergistic antitumor effect that sur",,,
q052-2,q052,"HM100714 in vivo efficacy in combination with another agent in Head and Neck Squamous Cell Carcinoma, including the combination partner",HM100714 head and neck squamous cell carcinoma xenograft combination,1,Frontiers | Head and neck cancer – emerging targeted therapies,https://www.frontiersin.org/journals/oncology/articles/10.3389/fonc.2025.1640960/full,frontiersin.org,2025-09-11,"Furthermore, when SI-B001 was combined with carboplatin and paclitaxel in xenograft models, it produced a synergistic antitumor effect that surpassed the results of cetuximab used alongside the same agents (68).",,,
q052-2,q052,"HM100714 in vivo efficacy in combination with another agent in Head and Neck Squamous Cell Carcinoma, including the combination partner",HM100714 head and neck squamous cell carcinoma xenograft combination,2,Targeted therapy for head and neck cancer: signaling pathways and clinical studies,https://www.nature.com/articles/s41392-022-01297-0,nature.com,2023-01-16,"BKM120 combined with cetuximab and irradiation significantly inhibited orthotopic xenograft tumors of HNSCC, which provided a rationale for clinical treatment.",,,
q052-2,q052,"HM100714 in vivo efficacy in combination with another agent in Head and Neck Squamous Cell Carcinoma, including the combination partner",HM100714 head and neck squamous cell carcinoma xenograft combination,3,Molecular Response to Combined Molecular- and External Radiotherapy in Head and Neck Squamous Cell Carcinoma (HNSCC),https://www.mdpi.com/2072-6694/13/22/5595,mdpi.com,2021-11-09,Our previous preclinical trial in a head and neck squamous cell carcinoma (HNSCC) xenograft model showed a high potential for the improvement of curative treatment outcome upon the combination treatment of a radiolabeled (Yttrium-90) anti-EGFR antibody (Cetuximab) and external radiotherapy. ... Here,,,
q052-2,q052,"HM100714 in vivo efficacy in combination with another agent in Head and Neck Squamous Cell Carcinoma, including the combination partner",HM100714 head and neck squamous cell carcinoma xenograft combination,4,Preclinical Head and Neck Squamous Cell Carcinoma ...,https://pmc.ncbi.nlm.nih.gov/articles/PMC9139292/,pmc.ncbi.nlm.nih.gov,2022-05-18,"These novel cell lines were used to apply different combinations of strategies, preclinically, and to overcome intrinsic resistance mechanisms. ... This study aimed to refine combined targeted approaches on well-characterized, low-passage tumor models. Upon in vivo xenografting in immunodeficient mi",,,
q052-2,q052,"HM100714 in vivo efficacy in combination with another agent in Head and Neck Squamous Cell Carcinoma, including the combination partner",HM100714 head and neck squamous cell carcinoma xenograft combination,5,"Personalized Treatment of Recurrent, Metastatic Head and Neck Cancer Guided by Patient-Derived Xenograft Models",https://www.ncbi.nlm.nih.gov/pmc/articles/PMC10917454/,ncbi.nlm.nih.gov,,"We tested the feasibility of patient-derived xenografts (PDX) for guiding their RMHNSCC salvage treatment. Fresh tumor samples from eligible, consented patients were implanted into mice. Established tumors were expanded in mouse PDX cohorts to identify responses to candidate salvage drug treatments ",,,
q052-3,q052,"HM100714 in vivo efficacy in combination with another agent in Head and Neck Squamous Cell Carcinoma, including the combination partner",HM100714 combination partner xenograft,1,"“비만 넘어 항암으로 혁신 확장”…한미, AACR서 차세대 신약 대거 공개",https://www.hanmi.co.kr/about/news-media/press/detail-4042.hm,hanmi.co.kr,2026-04-28,"HM100714는 HER2 변이 암에서 강력한 항암 효능과 함께 낮은 EGFR(표피 성장인자 수용체) 관련 독성을 바탕으로, 엔허투 내성 이종이식 마우스 모델에서 항종양 활성이 확인됐고, 뇌 및 연수막 전이 모델에서도 우수한 효능과 양호한 안전성 프로파일을 나타냈다.",,,
q052-3,q052,"HM100714 in vivo efficacy in combination with another agent in Head and Neck Squamous Cell Carcinoma, including the combination partner",HM100714 combination partner xenograft,2,Hanmi Showcases Next Generation Drug Innovations at AACR,https://www.hanmipharm.com/about/investor-relations/press/detail-4164.hm,hanmipharm.com,2026-04-28,"HM100714 demonstrated robust antitumor efficacy in HER2-mutant cancers along with low EGFR (epidermal growth factor receptor)-related toxicity, confirming antitumor activity in an Enhertu-resistant xenograft mouse model; it also showed strong efficacy and a favorable safety profile in brain and lept",,,
q052-3,q052,"HM100714 in vivo efficacy in combination with another agent in Head and Neck Squamous Cell Carcinoma, including the combination partner",HM100714 combination partner xenograft,3,"“비만 넘어 항암으로 혁신 넓힌다”…한미, AACR서 국내 최다 연구성과 ...",https://hanmi.co.kr/about/news-media/press/detail-1862.hm,hanmi.co.kr,2025-04-14,또 한미약품은 HER2 변이암에 대한 경구용 치료제로 개발 중인 ‘선택적 HER2 저해제(HM100714)’의 중추신경계 종양에 대한 항암 효력과 엔허투 내성 극복에 대한 연구 결과를 공개한다.,,,
q052-3,q052,"HM100714 in vivo efficacy in combination with another agent in Head and Neck Squamous Cell Carcinoma, including the combination partner",HM100714 combination partner xenograft,4,1744602650044.docx,https://www.hanmi.co.kr/file/admin/pressRelease/1744602650044.docx,hanmi.co.kr,,또 한미약품은 HER2 변이암에 대한 경구용 치료제로 개발 중인 ‘선택적 HER2 저해제(HM100714)’의 중추신경계 종양에 대한 항암 효력과 엔허투 내성 극복에 대한 연구 결과를 공개한다.,,,
q052-3,q052,"HM100714 in vivo efficacy in combination with another agent in Head and Neck Squamous Cell Carcinoma, including the combination partner",HM100714 combination partner xenograft,5,Hanmi Pharmaceutical Seeks New Frontiers in Cancer ...,https://hanmipharm.com/about/investor-relations/press/detail-1982.hm,hanmipharm.com,2025-05-13,"HM100714, a selective HER2 inhibitor, demonstrated significant tumor burden reduction and survival benefit in animal models of brain and leptomeningeal metastases with HER2 alterations following oral administration. During the treatment period, EGFR inhibition-related toxicity was not observed, high",,,
q052-4,q052,"HM100714 in vivo efficacy in combination with another agent in Head and Neck Squamous Cell Carcinoma, including the combination partner",HM100714 AACR HNSCC combination,1,Hanmi Records Highest Number of AACR Presentations ...,https://hanmipharm.com/about/investor-relations/press/detail-3962.hm,hanmipharm.com,2026-04-06,"Hanmi will participate in the American Association for Cancer Research Annual Meeting 2026 (AACR 2026), held in San Diego, USA, from April 17 to 22 (local time), and unveil 9 preclinical research posters―the highest number among Korean pharmaceutical and biotechnology companies. At AACR 2026, Hanmi ",,,
q052-4,q052,"HM100714 in vivo efficacy in combination with another agent in Head and Neck Squamous Cell Carcinoma, including the combination partner",HM100714 AACR HNSCC combination,2,"“탄탄한 근거 중심 R&D 집중”…한미약품, AACR서 국내 최다 ...",https://www.hanmi.co.kr/about/news-media/press/detail-3942.hm,hanmi.co.kr,2026-04-06,"또 한미약품은 HER2 변이 암 치료 목표로 개발 중인 경구용 표적항암 신약 ‘선택적 HER2 저해제(HM100714)’와 관련, 인공지능(AI) 기반 최신 분석 기술을 활용해 최적 적응증을 도출한 연구 결과를 공개한다.",,,
q052-4,q052,"HM100714 in vivo efficacy in combination with another agent in Head and Neck Squamous Cell Carcinoma, including the combination partner",HM100714 AACR HNSCC combination,3,Hanmi Showcases Next Generation Drug Innovations at AACR,https://www.hanmipharm.com/about/investor-relations/press/detail-4164.hm,hanmipharm.com,2026-04-28,"Hanmi Pharmaceutical announced on April 28, that it presented nine research outcomes across eight new drug candidates at AACR 2026, held in San Diego, USA, from April 17 to 22. ... In the targeted oncology space, Hanmi presented research findings on several novel drug candidates demonstrating mechan",,,
q052-4,q052,"HM100714 in vivo efficacy in combination with another agent in Head and Neck Squamous Cell Carcinoma, including the combination partner",HM100714 AACR HNSCC combination,4,Hanmi Pharmaceutical Seeks New Frontiers in Cancer ...,https://hanmipharm.com/about/investor-relations/press/detail-1982.hm,hanmipharm.com,2025-05-13,"HM100714, a selective HER2 inhibitor, demonstrated significant tumor burden reduction and survival benefit in animal models of brain and leptomeningeal metastases with HER2 alterations following oral administration. During the treatment period, EGFR inhibition-related toxicity was not observed, high",,,
q052-4,q052,"HM100714 in vivo efficacy in combination with another agent in Head and Neck Squamous Cell Carcinoma, including the combination partner",HM100714 AACR HNSCC combination,5,Hanmi Expands Oncology R&D Presence with Most ...,https://hanmipharm.com/about/investor-relations/press/detail-1901.hm,hanmipharm.com,2025-04-14,"Hanmi announced that it will present 11 research abstracts on 7 novel oncology candidates at AACR 2025, to be held in Chicago, USA, from April 25 to 30. ... The research includes two studies each on Hanmi’s EZH1/2 dual inhibitor (HM97662) and selective HER2 inhibitor (HM100714), as well as projects ",,,
q052-5,q052,"HM100714 in vivo efficacy in combination with another agent in Head and Neck Squamous Cell Carcinoma, including the combination partner",HM100714 cisplatin or pembrolizumab HNSCC,1,Real-world use of first-line pembrolizumab + platinum + ...,https://pmc.ncbi.nlm.nih.gov/articles/PMC10881782/,pmc.ncbi.nlm.nih.gov,2024-02-08,"The programmed death-1 (PD-1) immune checkpoint inhibitor pembrolizumab is currently approved in the US for the first-line (1L) treatment of recurrent or metastatic head and neck squamous cell carcinoma (R/M HNSCC), either alone or in combination with platinum and 5-fluorouracil (5-FU). ... The rwOS",,,
q052-5,q052,"HM100714 in vivo efficacy in combination with another agent in Head and Neck Squamous Cell Carcinoma, including the combination partner",HM100714 cisplatin or pembrolizumab HNSCC,2,"ASCO Publishes New Guideline on Immunotherapy, Biomarker Testing in Advanced Head and Neck Cancer",https://dailynews.ascopubs.org/do/asco-publishes-new-guideline-immunotherapy-biomarker-testing-advanced-head-and-neck,dailynews.ascopubs.org,2022-12-16,PD-L1 immunohistochemistry testing is recommended in all patients with recurrent or metastatic HNSCC. PD-L1 combined positive score (CPS) ≥ 1 is considered positive and correlates with a benefit from PD-1 inhibitors. ... The second set of recommendations addresses treatment selection for patients wi,,,
q052-5,q052,"HM100714 in vivo efficacy in combination with another agent in Head and Neck Squamous Cell Carcinoma, including the combination partner",HM100714 cisplatin or pembrolizumab HNSCC,3,FDA Approves Pembrolizumab for First-Line Treatment ...,https://www.ons.org/publications-research/voice/news-views/06-2019/fda-approves-pembrolizumab-first-line-treatment,ons.org,2019-06-11,"On June 10, 2019, the U.S. Food and Drug Administration (FDA) approved pembrolizumab (Keytruda^®^) for the first-line treatment of patients with metastatic or unresectable recurrent head and neck squamous cell carcinoma (HNSCC). Pembrolizumab was approved for use in combination with platinum and flu",,,
q052-5,q052,"HM100714 in vivo efficacy in combination with another agent in Head and Neck Squamous Cell Carcinoma, including the combination partner",HM100714 cisplatin or pembrolizumab HNSCC,4,Efficacy and safety of the neoadjuvant chemoimmunotherapy with ...,https://www.frontiersin.org/journals/immunology/articles/10.3389/fimmu.2025.1664892/full,frontiersin.org,2025-12-17,"This study aimed to evaluate the efficacy and safety of neoadjuvant chemoimmunotherapy with pembrolizumab plus docetaxel and cisplatin in patients with resectable locally advanced HNSCC. ... This was a prospective single-center, single-arm, open-label, phase II study involving patients with locally ",,,
q052-5,q052,"HM100714 in vivo efficacy in combination with another agent in Head and Neck Squamous Cell Carcinoma, including the combination partner",HM100714 cisplatin or pembrolizumab HNSCC,5,Immunotherapy for Head and Neck Squamous Cell Carcinoma: A Review of Current and Emerging Therapeutic Options,https://academic.oup.com/oncolo/article/22/6/680/6439477,academic.oup.com,2017-06-01,"The early results from the Keynote 012 trial led to the accelerated U.S. Food and Drug Administration (FDA) approval of pembrolizumab, an immunoglobulin G4 (IgG4) antagonistic anti‐PD‐1 monoclonal antibody (mAb), in August 2016 for the treatment of platinum refractory R/M HNSCC. ... Keynote 048 will",,,
q053-1,q053,ADT-1004 in vivo single-agent monotherapy tumour growth inhibition TGI tumour regression or shrinkage in Pancreatic ductal adenocarcinoma animal models,ADT-1004 quantitative tumour growth inhibition percentage PDAC monotherapy,1,"ADT-1004: a first-in-class, oral pan-RAS inhibitor with robust ...",https://link.springer.com/article/10.1186/s12943-025-02288-9?error=cookies_not_supported&code=d921b7d0-2285-448c-af48-bb748e5ce2b0,link.springer.com,2025-03-13,"ADT-1004 potently blocked tumor growth and RAS activation in mouse PDAC models without discernable toxicity with target engagement and reduced activated RAS and ERK phosphorylation. In addition, ADT-1004 suppressed tumor growth in PDX PDAC models with KRAS^G12D^, KRAS^G12V^, KRAS^G12C^, or KRAS^G13Q",,,
q053-1,q053,ADT-1004 in vivo single-agent monotherapy tumour growth inhibition TGI tumour regression or shrinkage in Pancreatic ductal adenocarcinoma animal models,ADT-1004 quantitative tumour growth inhibition percentage PDAC monotherapy,2,"Adt-1004: A First-in-Class, Orally Bioavailable Selective ...",https://augusta.elsevierpure.com/en/publications/adt-1004-a-first-in-class-orally-bioavailable-selective-pan-ras-i/fingerprints/,augusta.elsevierpure.com,,- PDAC Cells 75% - Tumor Growth 50% - Antitumor Activity 50% ... - Tumor Growth 66%,,,
q053-1,q053,ADT-1004 in vivo single-agent monotherapy tumour growth inhibition TGI tumour regression or shrinkage in Pancreatic ductal adenocarcinoma animal models,ADT-1004 quantitative tumour growth inhibition percentage PDAC monotherapy,3,"A potent and selective pan-RAS inhibitor, ADT-1004, targeting complex KRAS mutations for pancreatic cancer.",https://ascopubs.org/doi/10.1200/JCO.2024.42.23_suppl.90,ascopubs.org,2024-08-10,"When administered orally at 40 mg/kg body weight, ADT-1004 displayed robust antitumor activity in mouse tumor models using patient or mouse derived PDAC cell lines with G12D, G12V, G12C, or G13Q KRAS mutations, causing significant inhibitory effects on ERK phosphorylation. **Conclusions:**ADT-1004 i",,,
q053-1,q053,ADT-1004 in vivo single-agent monotherapy tumour growth inhibition TGI tumour regression or shrinkage in Pancreatic ductal adenocarcinoma animal models,ADT-1004 quantitative tumour growth inhibition percentage PDAC monotherapy,4,Abstract LB322: Antitumor activity of 1st-in-class pan-RAS inhibitor ADT-1004 in mouse models of pancreatic ductal adenocarcinoma,https://aacrjournals.org/cancerres/article/83/8_Supplement/LB322/725683/Abstract-LB322-Antitumor-activity-of-1st-in-class,aacrjournals.org,,"As a prodrug, ADT-1004, generates an active metabolite, ADT-007, that potently inhibits the growth of human and murine PDA cell lines *in vitro* with single-digit nM IC 50 irrespective of specific RAS mutational codon or isozyme by inhibiting activated RAS and signaling downstream of KRAS (ERK1/2 an",,,
q053-1,q053,ADT-1004 in vivo single-agent monotherapy tumour growth inhibition TGI tumour regression or shrinkage in Pancreatic ductal adenocarcinoma animal models,ADT-1004 quantitative tumour growth inhibition percentage PDAC monotherapy,5,Broad-Spectrum RAS Inhibition in Pancreatic Ductal Adenocarcinoma: Mechanistic Advances and Therapeutic Promise,https://www.mdpi.com/1424-8247/18/12/1788,mdpi.com,2025-11-24,"Its prodrug, ADT-1004, exhibited improved pharmacokinetic stability and potent tumor regression in PDAC xenografts and syngeneic models. ... In patients with PDAC, the Disease Control Rate (DCR) and Objective Response Rate (ORR) were 87% and 20%, respectively [47]. ... Oral administration of ADT-100",,,
q053-2,q053,ADT-1004 in vivo single-agent monotherapy tumour growth inhibition TGI tumour regression or shrinkage in Pancreatic ductal adenocarcinoma animal models,ADT-1004 tumour regression percentage MIA PaCa-2 xenograft,1,"ADT-1004: a first-in-class, oral pan-RAS inhibitor with robust ...",https://link.springer.com/article/10.1186/s12943-025-02288-9?error=cookies_not_supported&code=d921b7d0-2285-448c-af48-bb748e5ce2b0,link.springer.com,2025-03-13,"In addition, ADT-1004 suppressed tumor growth in PDX PDAC models with KRAS^G12D^, KRAS^G12V^, KRAS^G12C^, or KRAS^G13Q^ mutations and increased CD4^+^ and CD8^+^ T cells in the TME consistent with exhaustion and increased MHCII^+^ M1 macrophage and dendritic cells. ... Doses of ADT-1004 from 20 to 5",,,
q053-2,q053,ADT-1004 in vivo single-agent monotherapy tumour growth inhibition TGI tumour regression or shrinkage in Pancreatic ductal adenocarcinoma animal models,ADT-1004 tumour regression percentage MIA PaCa-2 xenograft,2,"ADT-1004: a first-in-class, oral pan-RAS inhibitor with robust",https://pubmed.ncbi.nlm.nih.gov/40082968/,pubmed.ncbi.nlm.nih.gov,2025-03-13,"To assess potential to overcome RAS inhibitor resistance, parental and resistant MIA PaCa-2 PDAC cells (KRAS^G12C^ mutation) were implanted subcutaneously. Subcutaneously implanted RAS^WT^ BxPC-3 cells were used to assess the selectivity of ADT-1004. ... ** ADT-1004 potently blocked tumor growth and",,,
q053-2,q053,ADT-1004 in vivo single-agent monotherapy tumour growth inhibition TGI tumour regression or shrinkage in Pancreatic ductal adenocarcinoma animal models,ADT-1004 tumour regression percentage MIA PaCa-2 xenograft,3,Abstract A089: ADT-1004: A mechanistically distinct pan-RAS inhibitor with the potential to escape resistance and mitigate on-target toxicities that limit efficacy and safety of other RAS inhibitors,https://scholarbro.com/p/25492-abstract-a089-adt-1004-a-mechanistically-distinct-pan-ras-inhibitor,scholarbro.com,2026-07-21,"An orally bioavailable prodrug of ADT-1004, ADT-1004, demonstrated favorable tolerability and suppressed tumor growth in orthotopic and patient-derived xenograft models of pancreatic cancer, accompanied by reductions in activated RAS and p-ERK levels (Mol Cancer, 2025). ... ADT-1004 displayed superi",,,
q053-2,q053,ADT-1004 in vivo single-agent monotherapy tumour growth inhibition TGI tumour regression or shrinkage in Pancreatic ductal adenocarcinoma animal models,ADT-1004 tumour regression percentage MIA PaCa-2 xenograft,4,"Adt-1004: A First-in-Class, Orally Bioavailable Selective ...",https://augusta.elsevierpure.com/en/publications/adt-1004-a-first-in-class-orally-bioavailable-selective-pan-ras-i/fingerprints/,augusta.elsevierpure.com,,### Keyphrases - Tumor 100% ... - Pancreas Adenocarcinoma 100%,,,
q053-2,q053,ADT-1004 in vivo single-agent monotherapy tumour growth inhibition TGI tumour regression or shrinkage in Pancreatic ductal adenocarcinoma animal models,ADT-1004 tumour regression percentage MIA PaCa-2 xenograft,5,A Pan-RAS Inhibitor with a Unique Mechanism of Action ...,https://pmc.ncbi.nlm.nih.gov/articles/PMC11875992/,pmc.ncbi.nlm.nih.gov,2025-03-03,KRAS^G12C^ MIA PaCa-2 PDA cells were highly sensitive to ADT-007 with a 2 nM IC~50~ in growth assays while RAS^WT^ BxPC-3 PDA cells had a 2500 nM IC~50~ (Table 1 and Supplementary Figure 1A). ... Localized delivery (peri-tumorally-PT) of ADT-007 completely arrested tumor growth and induced partial r,,,
q053-3,q053,ADT-1004 in vivo single-agent monotherapy tumour growth inhibition TGI tumour regression or shrinkage in Pancreatic ductal adenocarcinoma animal models,ADT-1004 KRAS G12D PDX tumour shrinkage monotherapy,1,"ADT-1004: a first-in-class, oral pan-RAS inhibitor with robust ...",https://link.springer.com/article/10.1186/s12943-025-02288-9?error=cookies_not_supported&code=d921b7d0-2285-448c-af48-bb748e5ce2b0,link.springer.com,2025-03-13,"ADT-1004 potently blocked tumor growth and RAS activation in mouse PDAC models without discernable toxicity with target engagement and reduced activated RAS and ERK phosphorylation. In addition, ADT-1004 suppressed tumor growth in PDX PDAC models with KRAS^G12D^, KRAS^G12V^, KRAS^G12C^, or KRAS^G13Q",,,
q053-3,q053,ADT-1004 in vivo single-agent monotherapy tumour growth inhibition TGI tumour regression or shrinkage in Pancreatic ductal adenocarcinoma animal models,ADT-1004 KRAS G12D PDX tumour shrinkage monotherapy,2,"ADT-1004: a first-in-class, oral pan-RAS inhibitor with ... - PubMed",https://pubmed.ncbi.nlm.nih.gov/40082968/?fc=20250217093552&ff=20250316024649&v=2.18.0.post9+e462414,pubmed.ncbi.nlm.nih.gov,2025-03-13,"** Murine PDAC cells with KRAS^G12D^ mutation (KPC-luc or 2838c3-luc) were orthotopically implanted into the pancreas of C57BL/6J mice, and four PDX PDAC tumors with KRAS mutations were implanted subcutaneously in NSG mice. ... ** ADT-1004 potently blocked tumor growth and RAS activation in mouse PD",,,
q053-3,q053,ADT-1004 in vivo single-agent monotherapy tumour growth inhibition TGI tumour regression or shrinkage in Pancreatic ductal adenocarcinoma animal models,ADT-1004 KRAS G12D PDX tumour shrinkage monotherapy,3,Kras G12d,https://www.tandfonline.com/doi/full/10.2147/DDDT.S559325,tandfonline.com,2026-03-27,"Early clinical trials of targeted therapies have shown encouraging results, including tumor shrinkage and disease control in some patients. ... The *KRAS* G12D mutation is the most prevalent *KRAS* alteration in pancreatic cancer, making it a central focus of ongoing therapeutic development. Zoldonr",,,
q053-3,q053,ADT-1004 in vivo single-agent monotherapy tumour growth inhibition TGI tumour regression or shrinkage in Pancreatic ductal adenocarcinoma animal models,ADT-1004 KRAS G12D PDX tumour shrinkage monotherapy,4,Key Considerations for Targeting KRAS in Pancreatic Cancer - PMC,https://pmc.ncbi.nlm.nih.gov/articles/PMC13037533/,pmc.ncbi.nlm.nih.gov,2026-03-27,"|ADT-1004/007|Pan-RAS inhibitor|Preclinical|Significant tumor suppression in KRAS G12D orthotopic and PDX models; activity across G12D, G12V, G12C, G12Q; increases CD4+/CD8+ infiltration; superior to G12C inhibitors in resistant models| ... ADT-007 and its orally bioavailable prodrug ADT-1004 is a p",,,
q053-3,q053,ADT-1004 in vivo single-agent monotherapy tumour growth inhibition TGI tumour regression or shrinkage in Pancreatic ductal adenocarcinoma animal models,ADT-1004 KRAS G12D PDX tumour shrinkage monotherapy,5,Pan-RAS Inhibitors: Expanding Therapeutic Potential and Evading Resistance,https://www.mdpi.com/2072-6694/18/11/1844,mdpi.com,2026-06-04,"At an oral dose of 10 mg/kg, RMC-7977 was well tolerated and resulted in tumor growth inhibition and tumor regression across various panels of PDAC, CRC, and NSCLC cell-derived xenograft (CDX) and patient-derived xenograft (PDX) models bearing KRAS G12X mutations with a negligible impact on body wei",,,
q053-4,q053,ADT-1004 in vivo single-agent monotherapy tumour growth inhibition TGI tumour regression or shrinkage in Pancreatic ductal adenocarcinoma animal models,ADT-1004 KPC orthotopic tumour volume change day 27,1,"ADT-1004: a first-in-class, oral pan-RAS inhibitor with robust ... - PMC",https://pmc.ncbi.nlm.nih.gov/articles/PMC11905721/,pmc.ncbi.nlm.nih.gov,2025-03-13,"To determine the antitumor activity of ADT-1004, luciferase-labeled KPC (KPC-luc) cells with point mutations in KRAS^G12D^ and p53^R172H^ were surgically implanted into the pancreas of C57BL/6J mice. Mice were imaged one week after implantation (day 0) to randomize mice between the control (vehicle)",,,
q053-4,q053,ADT-1004 in vivo single-agent monotherapy tumour growth inhibition TGI tumour regression or shrinkage in Pancreatic ductal adenocarcinoma animal models,ADT-1004 KPC orthotopic tumour volume change day 27,2,Assessing the effects of androgen-deprivation therapy ...,https://pmc.ncbi.nlm.nih.gov/articles/PMC4530043/,pmc.ncbi.nlm.nih.gov,2015-03-29,"Prostate volume also decreased significantly by 33% (9–58%) from a median of 57 ml to a median of 39 ml (p<0.001), with the peripheral zone in particular demonstrating a larger decrease of 44% compared with a 29% decrease in transition zone volume.",,,
q053-4,q053,ADT-1004 in vivo single-agent monotherapy tumour growth inhibition TGI tumour regression or shrinkage in Pancreatic ductal adenocarcinoma animal models,ADT-1004 KPC orthotopic tumour volume change day 27,3,"ADT-1004: a first-in-class, oral pan-RAS inhibitor with robust antitumor activity in preclinical models of pancreatic ductal adenocarcinoma - PubMed",https://pubmed.ncbi.nlm.nih.gov/40082968/?fc=20250217093552&ff=20250315023922&v=2.18.0.post9+e462414,pubmed.ncbi.nlm.nih.gov,2025-03-13,ADT-1004 potently blocked tumor growth and RAS activation in mouse PDAC models without discernable toxicity with target engagement and reduced activated RAS and ERK phosphorylation.,,,
q053-4,q053,ADT-1004 in vivo single-agent monotherapy tumour growth inhibition TGI tumour regression or shrinkage in Pancreatic ductal adenocarcinoma animal models,ADT-1004 KPC orthotopic tumour volume change day 27,4,Proprietary Information of MD Anderson,https://cdn.clinicaltrials.gov/large-docs/27/NCT02684227/Prot_SAP_000.pdf,cdn.clinicaltrials.gov,,Proprietary Information of MD Anderson ... Proprietary Information of MD Anderson,,,
q053-4,q053,ADT-1004 in vivo single-agent monotherapy tumour growth inhibition TGI tumour regression or shrinkage in Pancreatic ductal adenocarcinoma animal models,ADT-1004 KPC orthotopic tumour volume change day 27,5,"ADT-1004 / Auburn University, ADT Pharma - LARVOL DELTA",https://delta.larvol.com/Products/?ProductId=6ff25253-89b9-4c9d-9da5-c4334486e2e5,delta.larvol.com,2025-12-31,"Daily oral administration of ADT-1004 significantly inhibited RAS signaling and tumor growth in orthotopic and PDX mouse models of pancreatic cancer.""",,,
q053-5,q053,ADT-1004 in vivo single-agent monotherapy tumour growth inhibition TGI tumour regression or shrinkage in Pancreatic ductal adenocarcinoma animal models,ADT-1004 MIA-AMG-R xenograft final tumour volume monotherapy,1,"ADT-1004: a first-in-class, oral pan-RAS inhibitor with robust ... - PMC",https://pmc.ncbi.nlm.nih.gov/articles/PMC11905721/,pmc.ncbi.nlm.nih.gov,2025-03-13,"MIA PaCa-2 cells that developed resistance to sotorasib and adagrasib (MIA-AMG-R) cells were only slightly less sensitive to ADT-007 with an IC~50~ value of 16 nM, but completely lost sensitivity to sotorasib and adagrasib (Fig. ... Next, experiments utilizing NSG mice xenografted subcutaneously wit",,,
q053-5,q053,ADT-1004 in vivo single-agent monotherapy tumour growth inhibition TGI tumour regression or shrinkage in Pancreatic ductal adenocarcinoma animal models,ADT-1004 MIA-AMG-R xenograft final tumour volume monotherapy,2,"ADT-1004 / Auburn University, ADT Pharma - LARVOL DELTA",https://delta.larvol.com/Products/?ProductId=6ff25253-89b9-4c9d-9da5-c4334486e2e5,delta.larvol.com,2025-12-31,"(AACR 2024) ... - ""ADT-1004 represents a 1st-in-class pan-RAS inhibitor with potential advantages over mutant-specific KRAS inhibitors for greater efficacy and ability to avert mechanisms of resistance. These data support future clinical trials of ADT-1004 as a monotherapy for the treatment of patie",,,
q053-5,q053,ADT-1004 in vivo single-agent monotherapy tumour growth inhibition TGI tumour regression or shrinkage in Pancreatic ductal adenocarcinoma animal models,ADT-1004 MIA-AMG-R xenograft final tumour volume monotherapy,3,"Efficacy advantages of a novel pan-RAS inhibitor, ADT-1004 ...",https://discovery.researcher.life/article/abstract-c027-efficacy-advantages-of-a-novel-pan-ras-inhibitor-adt-1004-over-mutant-specific-kras-inhibitors-for-suppressing-pancreatic-tumor-growth-in-murine-models/6d9618bf7c8b370e8e70b20f0bc3806f,discovery.researcher.life,2024-09-15,"ADT-1004 also inhibited growth of KRASG12C mutant MIA PaCa-2 tumors to a comparable extent as sotorasib and adagrasib. Sotorasib and adagrasib were ineffective against xenografted tumors of resistant cells derived from MIA PaCa-2 cells, while ADT-1004 strongly inhibited tumor growth.",,,
q053-5,q053,ADT-1004 in vivo single-agent monotherapy tumour growth inhibition TGI tumour regression or shrinkage in Pancreatic ductal adenocarcinoma animal models,ADT-1004 MIA-AMG-R xenograft final tumour volume monotherapy,4,Ivan Babic,https://www.scholarbro.com/a/ivan-babic-2292985625,scholarbro.com,,"An orally bioavailable prodrug of ADT-1004, ADT-1004, demonstrated favorable tolerability and suppressed tumor growth in orthotopic and patient-derived xenograft models of pancreatic cancer, accompanied by reductions in activated RAS and p-ERK levels (Mol Cancer, 2025).",,,
q053-5,q053,ADT-1004 in vivo single-agent monotherapy tumour growth inhibition TGI tumour regression or shrinkage in Pancreatic ductal adenocarcinoma animal models,ADT-1004 MIA-AMG-R xenograft final tumour volume monotherapy,5,Abstract LB322: Antitumor activity of 1st-in-class pan-RAS inhibitor ADT-1004 in mouse models of pancreatic ductal adenocarcinoma,https://aacrjournals.org/cancerres/article/83/8_Supplement/LB322/725683/Abstract-LB322-Antitumor-activity-of-1st-in-class,aacrjournals.org,,Once daily oral administration of ADT-1004 significantly inhibited the growth of orthotopically implanted PDA tumors with a corresponding reduction in RAS/MAPK signaling. ... These data support future clinical trials of ADT-1004 as a monotherapy for the treatment of patients with PDA regardless of t,,,
q054-1,q054,"DWP216 in vivo animal models and results: cell-line xenograft (CDX), patient-derived xenograft (PDX), syngeneic, orthotopic, or genetically engineered models",DWP216 HNSCC in vivo xenograft monotherapy,1,pan-TEAD inhib News,https://sigma.larvol.com/moa.php?MoaId=1032265&tab=newstrac,sigma.larvol.com,2024-11-14,"DWP216 Daewoong Pharma DWP216, a novel TEAD1 selective inhibitor for NF2 mutant tumors and drug-tolerant persister cells (Section 18; Poster Board No: 4) - Mar 25, 2025 - Abstract #AACR2025AACR_6716; In conclusion, DWP216 is a promising TEAD1 selective inhibitor for NF2 mutant tumor and may be a pro",,,
q054-1,q054,"DWP216 in vivo animal models and results: cell-line xenograft (CDX), patient-derived xenograft (PDX), syngeneic, orthotopic, or genetically engineered models",DWP216 HNSCC in vivo xenograft monotherapy,2,Cloudflare,https://www.advancesradonc.org/article/S2452-1094(23)00177-X/fulltext,advancesradonc.org,,Cloudflare is currently unable to resolve your requested domain (www.advancesradonc.org).,,,
q054-1,q054,"DWP216 in vivo animal models and results: cell-line xenograft (CDX), patient-derived xenograft (PDX), syngeneic, orthotopic, or genetically engineered models",DWP216 HNSCC in vivo xenograft monotherapy,3,PDC000198 - Proteomic Data Commons - National Cancer Institute,https://proteomic.datacommons.cancer.gov/pdc/study/PDC000198,proteomic.datacommons.cancer.gov,,This system is provided for Government-authorized use only. Unauthorized or improper use of this system is prohibited and may result in disciplinary action and/or civil and criminal penalties.,,,
q054-1,q054,"DWP216 in vivo animal models and results: cell-line xenograft (CDX), patient-derived xenograft (PDX), syngeneic, orthotopic, or genetically engineered models",DWP216 HNSCC in vivo xenograft monotherapy,4,"[PDF] Development of DWP216, a TEAD1 selective inhibitor for NF2 ...",https://www.kddf.org/upload/files/1737437863_554b09394faaeee65d0a.pdf,kddf.org,,"TEAD1 selective inhibitors, on the other hand, lack sufficient potency. • ‌In an in vivo mouse model, DWP216 is superior to a TEAD1 selective  inhibitor, with tumor inhibition equivalent to a pan-TEAD inhibitor. • ‌DWP216 shows a synergistic anti-tumor effect with EGFR inhibitor or KRAS  inhibitor",,,
q054-1,q054,"DWP216 in vivo animal models and results: cell-line xenograft (CDX), patient-derived xenograft (PDX), syngeneic, orthotopic, or genetically engineered models",DWP216 HNSCC in vivo xenograft monotherapy,5,Preclinical Head and Neck Squamous Cell Carcinoma ...,https://pmc.ncbi.nlm.nih.gov/articles/PMC9139292/,pmc.ncbi.nlm.nih.gov,2022-05-18,"Upon in vivo xenografting in immunodeficient mice, three cell lines from locally advanced or metastatic HNSCC were established. Following quality control and basic characterization, drug response was examined after therapy with 5-FU, Cisplatin, and cyclin-dependent kinase inhibitors (abemaciclib, TH",,,
q054-2,q054,"DWP216 in vivo animal models and results: cell-line xenograft (CDX), patient-derived xenograft (PDX), syngeneic, orthotopic, or genetically engineered models",DWP216 NCI-H1373 monotherapy tumour volume,1,PDC000198 - Proteomic Data Commons - National Cancer Institute,https://proteomic.datacommons.cancer.gov/pdc/study/PDC000198,proteomic.datacommons.cancer.gov,,"This warning banner provides privacy and security notices consistent with applicable federal laws, directives, and other federal guidance for accessing this Government system, which includes (1) this computer network, (2) all computers connected to this network, and (3) all devices and storage media",,,
q054-2,q054,"DWP216 in vivo animal models and results: cell-line xenograft (CDX), patient-derived xenograft (PDX), syngeneic, orthotopic, or genetically engineered models",DWP216 NCI-H1373 monotherapy tumour volume,2,NCI-H1373 [H1373] - CRL-5866,https://www.atcc.org/500-error-page?aspxerrorpath=/products/crl-5866,atcc.org,,Please include: ... - the URL you were trying to reach ... +1-703-365-2700,,,
q054-2,q054,"DWP216 in vivo animal models and results: cell-line xenograft (CDX), patient-derived xenograft (PDX), syngeneic, orthotopic, or genetically engineered models",DWP216 NCI-H1373 monotherapy tumour volume,3,NCI-H1373 AdagR,https://ribometrix.com/app/uploads/2024/09/ESMO2024Poster_Final.pdf,ribometrix.com,,"Importantly, RBX-6610 monotherapy in vivo causes significant tumor growth inhibition, and the combination therapy with sotorasib results in significant tumor regression in a naïve NSCLC xenograft model.",,,
q054-2,q054,"DWP216 in vivo animal models and results: cell-line xenograft (CDX), patient-derived xenograft (PDX), syngeneic, orthotopic, or genetically engineered models",DWP216 NCI-H1373 monotherapy tumour volume,4,CLINICAL TRIALS,https://www.amgentrials.com/study/?id=20060161,amgentrials.com,1996-01-01,## CLINICAL TRIALS ... © 1996–2024 Amgen Inc.,,,
q054-2,q054,"DWP216 in vivo animal models and results: cell-line xenograft (CDX), patient-derived xenograft (PDX), syngeneic, orthotopic, or genetically engineered models",DWP216 NCI-H1373 monotherapy tumour volume,5,NCI-H1373 - Cell Model Passports,https://cellmodelpassports.sanger.ac.uk/passports/SIDM01677,cellmodelpassports.sanger.ac.uk,,(785 total) ... - **Sanger ID** SIDM01677 - **BROAD_ID** ACH-000845,,,
q054-3,q054,"DWP216 in vivo animal models and results: cell-line xenograft (CDX), patient-derived xenograft (PDX), syngeneic, orthotopic, or genetically engineered models",DWP216 pancreatic cancer PDX syngeneic orthotopic,1,Patient Derived Xenograft,https://tumor.informatics.jax.org/mtbwi/pdxSearch.do,tumor.informatics.jax.org,,Patient-Derived Xenografts (PDX) are generated through the engraftment and passaging of tissue or cells from a patient's tumor into an immunodeficient or humanized mouse host.,,,
q054-3,q054,"DWP216 in vivo animal models and results: cell-line xenograft (CDX), patient-derived xenograft (PDX), syngeneic, orthotopic, or genetically engineered models",DWP216 pancreatic cancer PDX syngeneic orthotopic,2,{{ngMeta['og:title']}},https://bio.tools/pdxnet_portal,bio.tools,,This is a development version of the registry. There is no guarantee that the data entered here will be preserved in the future.,,,
q054-3,q054,"DWP216 in vivo animal models and results: cell-line xenograft (CDX), patient-derived xenograft (PDX), syngeneic, orthotopic, or genetically engineered models",DWP216 pancreatic cancer PDX syngeneic orthotopic,3,Pancreatic cancer PDX models - Crown Bioscience,https://www.crownbio.com/model/pdx/pancreatic-cancer,crownbio.com,2026-08-17,|PA13027|Pancreatic Cancer|NA|Pancreatic carcinoma|CLICK TO VIEW|,,,
q054-3,q054,"DWP216 in vivo animal models and results: cell-line xenograft (CDX), patient-derived xenograft (PDX), syngeneic, orthotopic, or genetically engineered models",DWP216 pancreatic cancer PDX syngeneic orthotopic,4,Pancreatic cancer,https://www.jax.org/jax-mice-and-services/preclinical-research-services/oncology-services/pdx-tumors/pancreatic-cancer,jax.org,2025-03-20,We provide access to a large collection of pancreatic cancer PDX models currently available for efficacy testing at our facility or for distribution to your laboratory.,,,
q054-3,q054,"DWP216 in vivo animal models and results: cell-line xenograft (CDX), patient-derived xenograft (PDX), syngeneic, orthotopic, or genetically engineered models",DWP216 pancreatic cancer PDX syngeneic orthotopic,5,[PDF] The use of patient-derived xenografts and patient-derived organoids ...,https://publications.cuni.cz/bitstream/handle/20.500.14178/2776/Gayibov%20et%20al%202025.pdf?sequence=1&isAllowed=y,publications.cuni.cz,,"Orthotopic xenografts involve placing the tumor cells or tissue into the corresponding anatomical site in the mouse, such as implanting PC cells into the pancreas. ... However, the work with orthotopically PDXs is more challenging as it requires better imaging and technique when compared to heteroto",,,
q054-4,q054,"DWP216 in vivo animal models and results: cell-line xenograft (CDX), patient-derived xenograft (PDX), syngeneic, orthotopic, or genetically engineered models",DWP216 CAPAN-1 xenograft monotherapy 1200 mm3,1,PDC000198 - Proteomic Data Commons - National Cancer Institute,https://proteomic.datacommons.cancer.gov/pdc/study/PDC000198,proteomic.datacommons.cancer.gov,,"This warning banner provides privacy and security notices consistent with applicable federal laws, directives, and other federal guidance for accessing this Government system, which includes (1) this computer network, (2) all computers connected to this network, and (3) all devices and storage media",,,
q054-4,q054,"DWP216 in vivo animal models and results: cell-line xenograft (CDX), patient-derived xenograft (PDX), syngeneic, orthotopic, or genetically engineered models",DWP216 CAPAN-1 xenograft monotherapy 1200 mm3,2,Cloudflare,https://aacrjournals.org/clincancerres/article-pdf/23/3/623/2041560/623.pdf,aacrjournals.org,,Cloudflare is currently unable to resolve your requested domain (aacrjournals.org).,,,
q054-4,q054,"DWP216 in vivo animal models and results: cell-line xenograft (CDX), patient-derived xenograft (PDX), syngeneic, orthotopic, or genetically engineered models",DWP216 CAPAN-1 xenograft monotherapy 1200 mm3,3,CLINICAL TRIALS,https://www.amgentrials.com/study/?id=20190172,amgentrials.com,1996-01-01,## CLINICAL TRIALS ... © 1996–2024 Amgen Inc.,,,
q054-4,q054,"DWP216 in vivo animal models and results: cell-line xenograft (CDX), patient-derived xenograft (PDX), syngeneic, orthotopic, or genetically engineered models",DWP216 CAPAN-1 xenograft monotherapy 1200 mm3,4,Mesothelioma News,https://sigma.larvol.com/disease.php?DiseaseId=19813&tab=News&page=5,sigma.larvol.com,2025-03-31,"DWP216 Daewoong Pharma DWP216, a novel TEAD1 selective inhibitor for NF2 mutant tumors and drug-tolerant persister cells (Section 18; Poster Board No: 4) - Mar 25, 2025 - Abstract #AACR2025AACR_6716; In conclusion, DWP216 is a promising TEAD1 selective inhibitor for NF2 mutant tumor and may be a pro",,,
q054-4,q054,"DWP216 in vivo animal models and results: cell-line xenograft (CDX), patient-derived xenograft (PDX), syngeneic, orthotopic, or genetically engineered models",DWP216 CAPAN-1 xenograft monotherapy 1200 mm3,5,2.1. Step 1: Dose Escalation...,https://www.sciencedirect.com/science/article/pii/S2451865424000760,sciencedirect.com,,These cookies allow us to count visits and traffic sources so we can measure and improve the performance of our site.,,,
q054-5,q054,"DWP216 in vivo animal models and results: cell-line xenograft (CDX), patient-derived xenograft (PDX), syngeneic, orthotopic, or genetically engineered models",DWP216 genetically engineered mouse model,1,"[PDF] Development of DWP216, a TEAD1 selective inhibitor for NF2 ...",https://www.kddf.org/upload/files/1737437863_554b09394faaeee65d0a.pdf,kddf.org,,"• ‌DWP216 is a novel TEAD1 selective inhibitor for NF2 mutant cancers. ... TEAD1 selective inhibitors, on the other hand, lack sufficient potency. • ‌In an in vivo mouse model, DWP216 is superior to a TEAD1 selective  inhibitor, with tumor inhibition equivalent to a pan-TEAD inhibitor. • ‌DWP216 ",,,
q054-5,q054,"DWP216 in vivo animal models and results: cell-line xenograft (CDX), patient-derived xenograft (PDX), syngeneic, orthotopic, or genetically engineered models",DWP216 genetically engineered mouse model,2,Gene search results,https://www.mousephenotype.org/data/search,mousephenotype.org,2019-05-01,Content on this site is licensed under aCreative Commons Attribution 4.0 International license,,,
q054-5,q054,"DWP216 in vivo animal models and results: cell-line xenograft (CDX), patient-derived xenograft (PDX), syngeneic, orthotopic, or genetically engineered models",DWP216 genetically engineered mouse model,3,Resource Page,https://www.wagnerlab.net/resource-page,wagnerlab.net,,This page lists genetically engineered mouse models generated and published by our team and how to obtain them from public repositories (links to repositories not shown on the mobile page).,,,
q054-5,q054,"DWP216 in vivo animal models and results: cell-line xenograft (CDX), patient-derived xenograft (PDX), syngeneic, orthotopic, or genetically engineered models",DWP216 genetically engineered mouse model,4,029619,https://www.jax.org/strain/029619,jax.org,2017-11-20,You may decline these cookies although certain areas of the site may not function without them.,,,
q054-5,q054,"DWP216 in vivo animal models and results: cell-line xenograft (CDX), patient-derived xenograft (PDX), syngeneic, orthotopic, or genetically engineered models",DWP216 genetically engineered mouse model,5,026622,https://www.jax.org/strain/026622,jax.org,2016-01-04,You may decline these cookies although certain areas of the site may not function without them.,,,
q055-1,q055,"DB-1305/Anti-PD-L1/VEGF Bispecific Antibody patients studied in Recurrent or Disseminated HNSCC (Oral Cavity/Oropharynx/Hypopharynx/Larynx), Incurable by Local Therapies trials: biomarker selection, disease severity, line of therapy, and required prior treatment",DB-1305 recurrent metastatic HNSCC prior treatment line of therapy,1,Immunotherapy and Biomarker Testing in Recurrent and Metastatic Head and Neck Cancers: ASCO Guideline,https://ascopubs.org/doi/pdfdirect/10.1200/JCO.22.02328,ascopubs.org,,"Patients with HNSCC commonly present with locoregionally advanced disease and often receive multimodality treatments, including surgery, radiation therapy, and/or chemotherapy. Although cisplatin is the most commonly used chemotherapy, the choice of chemotherapy depends on several factors, including",,,
q055-1,q055,"DB-1305/Anti-PD-L1/VEGF Bispecific Antibody patients studied in Recurrent or Disseminated HNSCC (Oral Cavity/Oropharynx/Hypopharynx/Larynx), Incurable by Local Therapies trials: biomarker selection, disease severity, line of therapy, and required prior treatment",DB-1305 recurrent metastatic HNSCC prior treatment line of therapy,2,Driving Progress in Recurrent and Metastatic Head and Neck Cancer,https://pmc.ncbi.nlm.nih.gov/articles/PMC13101959/,pmc.ncbi.nlm.nih.gov,2026-07-01,"Anti-programmed death 1 (PD-1) agents such as nivolumab^4^ and pembrolizumab^5,6,7^ in pretreated patients with R/M HNSCC and their subsequent incorporation in the first-line advanced-disease setting^8^, has provided clinical benefits offering durable responses in a subset of patients. ... The KEYNO",,,
q055-1,q055,"DB-1305/Anti-PD-L1/VEGF Bispecific Antibody patients studied in Recurrent or Disseminated HNSCC (Oral Cavity/Oropharynx/Hypopharynx/Larynx), Incurable by Local Therapies trials: biomarker selection, disease severity, line of therapy, and required prior treatment",DB-1305 recurrent metastatic HNSCC prior treatment line of therapy,3,UCLA Squamous Cell Carcinoma Clinical Trials — Los Angeles,https://ucla.clinicaltrials.researcherprofiles.org/squamous-cell-carcinoma,ucla.clinicaltrials.researcherprofiles.org,2026-09-24,"The purpose of this study is to compare anti-tumor activity of amivantamab in addition to pembrolizumab and carboplatin versus pembrolizumab, 5-fluorouracil (FU), and platinum therapy (carboplatin or cisplatin) in participants with refractory/metastatic (R/M) head and neck squamous cell carcinoma (H",,,
q055-1,q055,"DB-1305/Anti-PD-L1/VEGF Bispecific Antibody patients studied in Recurrent or Disseminated HNSCC (Oral Cavity/Oropharynx/Hypopharynx/Larynx), Incurable by Local Therapies trials: biomarker selection, disease severity, line of therapy, and required prior treatment",DB-1305 recurrent metastatic HNSCC prior treatment line of therapy,4,Immunotherapy in Recurrent/Metastatic Squamous Cell ...,https://pmc.ncbi.nlm.nih.gov/articles/PMC8440813/,pmc.ncbi.nlm.nih.gov,2021-09-01,"Over the last decade immunotherapy has revolutionized the field of oncology, and anti-PD-1-based therapy has changed the standard of care in recurrent/metastatic (R/M) HNSCC as well. ... Prior to immunotherapy, platinum-based chemotherapy with or without cetuximab had been the standard systemic trea",,,
q055-1,q055,"DB-1305/Anti-PD-L1/VEGF Bispecific Antibody patients studied in Recurrent or Disseminated HNSCC (Oral Cavity/Oropharynx/Hypopharynx/Larynx), Incurable by Local Therapies trials: biomarker selection, disease severity, line of therapy, and required prior treatment",DB-1305 recurrent metastatic HNSCC prior treatment line of therapy,5,Immunotherapy in recurrent/metastatic head and neck ... - PMC,https://pmc.ncbi.nlm.nih.gov/articles/PMC12142288/,pmc.ncbi.nlm.nih.gov,2025-05-31,"Before the advent of immunotherapy, first-line treatment options included combination regimens of cytotoxic agents in combination with cetuximab, a chimeric human anti-epidermal growth factor receptor monoclonal antibody ^7,8^. On the other hand, taxanes and methotrexate were the most widely used ch",,,
q055-2,q055,"DB-1305/Anti-PD-L1/VEGF Bispecific Antibody patients studied in Recurrent or Disseminated HNSCC (Oral Cavity/Oropharynx/Hypopharynx/Larynx), Incurable by Local Therapies trials: biomarker selection, disease severity, line of therapy, and required prior treatment",DB-1305 HNSCC PD-L1 biomarker eligibility,1,PD-L1: Test Selection Guide,https://testdirectory.questdiagnostics.com/test/test-guides/TG_PD-L1/pd-l1-test-selection-guide,testdirectory.questdiagnostics.com,2026-07-12,"|HNSCC|Keytruda® (pembrolizumab),6 see test code 36260 in **Table 2** for test information|*PD-L1 testing required (companion diagnostic)*- 1st-line treatment for PD-L1+ (CPS ≥1) metastatic or unresectable recurrent disease *PD-L1 testing indicated but not required*- 1st-line treatment (combo) for m",,,
q055-2,q055,"DB-1305/Anti-PD-L1/VEGF Bispecific Antibody patients studied in Recurrent or Disseminated HNSCC (Oral Cavity/Oropharynx/Hypopharynx/Larynx), Incurable by Local Therapies trials: biomarker selection, disease severity, line of therapy, and required prior treatment",DB-1305 HNSCC PD-L1 biomarker eligibility,2,PD-L1 Testing in Cancer - MyPathologyReport,https://www.mypathologyreport.ca/biomarkers/pd-l1-testing-in-cancer/,mypathologyreport.ca,,PD-L1 testing is mandatory for all patients with advanced or metastatic non-small cell lung cancer (NSCLC) because the result directly determines first-line treatment. ... - **TPS ≥ 50% (PD-L1 high).** Pembrolizumab monotherapy is approved as a first-line treatment for advanced NSCLC without actiona,,,
q055-2,q055,"DB-1305/Anti-PD-L1/VEGF Bispecific Antibody patients studied in Recurrent or Disseminated HNSCC (Oral Cavity/Oropharynx/Hypopharynx/Larynx), Incurable by Local Therapies trials: biomarker selection, disease severity, line of therapy, and required prior treatment",DB-1305 HNSCC PD-L1 biomarker eligibility,3,Immune biomarkers for head and neck cancer - PMC,https://pmc.ncbi.nlm.nih.gov/articles/PMC12715102/,pmc.ncbi.nlm.nih.gov,2025-12-18,"These therapies have shown better outcomes in terms of overall survival (OS) and progression-free survival (PFS) relative to standard chemotherapy, with the greatest benefits observed in HNSCC cases with elevated levels of PD-L1 [7, 12]. However, just a subset of patients (~ 18%-20%) benefits signif",,,
q055-2,q055,"DB-1305/Anti-PD-L1/VEGF Bispecific Antibody patients studied in Recurrent or Disseminated HNSCC (Oral Cavity/Oropharynx/Hypopharynx/Larynx), Incurable by Local Therapies trials: biomarker selection, disease severity, line of therapy, and required prior treatment",DB-1305 HNSCC PD-L1 biomarker eligibility,4,Head and Neck Squamous Cell Carcinoma clinical trials at UCLA,https://ucla.clinicaltrials.researcherprofiles.org/head-and-neck-squamous-cell-carcinoma,ucla.clinicaltrials.researcherprofiles.org,2026-09-18,"- ## DB-1311 in Combination With BNT327 or DB-1305 in Advanced/Metastatic Solid Tumors open to eligible people ages 18 years and up A Phase II, Multicenter, Open-Label Trial of DB-1311 in combination with BNT327 or DB-1305 in Participants with Advanced/Metastatic Solid Tumors ... - ## FORTIFI-HN01: ",,,
q055-2,q055,"DB-1305/Anti-PD-L1/VEGF Bispecific Antibody patients studied in Recurrent or Disseminated HNSCC (Oral Cavity/Oropharynx/Hypopharynx/Larynx), Incurable by Local Therapies trials: biomarker selection, disease severity, line of therapy, and required prior treatment",DB-1305 HNSCC PD-L1 biomarker eligibility,5,DB-1311 in Combination With BNT327 or DB-1305 ...,https://www.uclahealth.org/clinical-trials/db-1311-combination-with-bnt327-or-db-1305,uclahealth.org,,- Adults aged ≥ 18 years or acceptable age according to local regulations at the time of voluntarily signing informed consent. - At least one measurable lesion as assessed by the Investigator according to RECIST v1.1 criteria. - Has a life expectancy of ≥ 3 months. - Has an Eastern Cooperative Oncol,,,
q055-3,q055,"DB-1305/Anti-PD-L1/VEGF Bispecific Antibody patients studied in Recurrent or Disseminated HNSCC (Oral Cavity/Oropharynx/Hypopharynx/Larynx), Incurable by Local Therapies trials: biomarker selection, disease severity, line of therapy, and required prior treatment",DB-1305 HNSCC ECOG measurable disease inclusion criteria,1,DB-1311 in Combination With BNT327 or DB-1305 ...,https://www.uclahealth.org/clinical-trials/db-1311-combination-with-bnt327-or-db-1305,uclahealth.org,,### Inclusion Criteria: ... - At least one measurable lesion as assessed by the Investigator according to RECIST v1.1 criteria. ... - Has an Eastern Cooperative Oncology Group (ECOG) performance status (PS) of 0-1 ... Patients must have platinum-resistant disease. - For HNSCC patients: Histologicall,,,
q055-3,q055,"DB-1305/Anti-PD-L1/VEGF Bispecific Antibody patients studied in Recurrent or Disseminated HNSCC (Oral Cavity/Oropharynx/Hypopharynx/Larynx), Incurable by Local Therapies trials: biomarker selection, disease severity, line of therapy, and required prior treatment",DB-1305 HNSCC ECOG measurable disease inclusion criteria,2,Drug: DB-1305/BNT325 - TrialFetch,https://www.trialfetch.com/trial_match/drug/3953/?back=/trial_match/drugs/?page=4,trialfetch.com,2025-07-18,"Enrolls adults with advanced/metastatic solid tumors—HCC (Child-Pugh A), cervical, melanoma, recurrent/metastatic HNSCC, platinum‑resistant high‑grade serous ovarian, and nonsquamous NSCLC without actionable drivers—ECOG 0–1 and measurable disease.",,,
q055-3,q055,"DB-1305/Anti-PD-L1/VEGF Bispecific Antibody patients studied in Recurrent or Disseminated HNSCC (Oral Cavity/Oropharynx/Hypopharynx/Larynx), Incurable by Local Therapies trials: biomarker selection, disease severity, line of therapy, and required prior treatment",DB-1305 HNSCC ECOG measurable disease inclusion criteria,3,DB-1305 for Solid Tumors · Info for Participants,https://www.withpower.com/trial/phase-2-neoplasms-5-2022-f8016,withpower.com,2021-10-09,"Disqualifiers: Heart failure, Myocardial infarction, ILD, others ... This trial evaluates the safety and tolerability of a new treatment, DB-1305 (also known as BNT325/DB-1305), for individuals with advanced solid tumors unresponsive to standard treatments. ... Individuals with advanced or metastati",,,
q055-3,q055,"DB-1305/Anti-PD-L1/VEGF Bispecific Antibody patients studied in Recurrent or Disseminated HNSCC (Oral Cavity/Oropharynx/Hypopharynx/Larynx), Incurable by Local Therapies trials: biomarker selection, disease severity, line of therapy, and required prior treatment",DB-1305 HNSCC ECOG measurable disease inclusion criteria,4,First-in-human Study of DB-1305/BNT325 for Advanced/Metastatic Solid Tumors,https://clinicaltrials.gov/study/NCT05438329,clinicaltrials.gov,2022-06-14,Inclusion Criteria: - Male or female adults (defined as ≥ 18 years of age or acceptable age according to local regulations at the time of voluntarily signing of informed consent). - Histologically or cytologically confirmed unresectable advanced/ metastatic solid tumors who have relapsed or progress,,,
q055-3,q055,"DB-1305/Anti-PD-L1/VEGF Bispecific Antibody patients studied in Recurrent or Disseminated HNSCC (Oral Cavity/Oropharynx/Hypopharynx/Larynx), Incurable by Local Therapies trials: biomarker selection, disease severity, line of therapy, and required prior treatment",DB-1305 HNSCC ECOG measurable disease inclusion criteria,5,TrialFinder (PDF),https://www.uke.de/dateien/kliniken/onkologie-haematologie-und-knochenmarktransplantation-mit-sektion-pneumologie-(ii.-medizinische-klinik-und-poliklinik)/dokumente/trialfinder/trialfinder.pdf,uke.de,,"≥1 measurable lesion (RECIST v1.1)  ... Inclusion Criteria:  Histologically or cytologically confirmed diagnosis of squamous non-small cell lung cancer (NSCLC) [Stage IV: M1a, M1b, M1c, American Joint Committee on Cancer Staging Manual, version 8] /  Measurable disease per Response Evaluation Criter",,,
q056-1,q056,"MNPS Asset planned or expected data readouts, regulatory submissions, regulatory decisions, and expected timing in Head and Neck Cancer",MNPS Asset first-line recurrent metastatic head and neck cancer data readout,1,Internal Server Error,https://cdas.cancer.gov/approved-projects/5003/,cdas.cancer.gov,,The server encountered an internal error or misconfiguration and was unable to complete your request.,,,
q056-1,q056,"MNPS Asset planned or expected data readouts, regulatory submissions, regulatory decisions, and expected timing in Head and Neck Cancer",MNPS Asset first-line recurrent metastatic head and neck cancer data readout,2,Nasopharyngeal Carcinoma...,https://datalookout.com/head-neck-cancer-clinical-trials,datalookout.com,,The checkpoint immunotherapy era transformed recurrent/metastatic HNSCC: pembrolizumab (Keytruda) is FDA-approved as first-line monotherapy for high CPS scores and in combination with chemotherapy for all-comers; nivolumab (Opdivo) is approved in platinum-refractory disease. ... |NCT06589804|Cetuxim,,,
q056-1,q056,"MNPS Asset planned or expected data readouts, regulatory submissions, regulatory decisions, and expected timing in Head and Neck Cancer",MNPS Asset first-line recurrent metastatic head and neck cancer data readout,3,"First-Line Therapy in Recurrent or Metastatic Head and Neck Squamous Cell Carcinoma: A Retrospective, Multicenter, Real-World Study",https://onlinelibrary.wiley.com/doi/full/10.1002/hed.28211,onlinelibrary.wiley.com,2025-11-01,"In Europe, pembrolizumab with or without chemotherapy is the recommended first-line treatment for recurrent or metastatic head and neck squamous cell carcinoma (R/M HNSCC), with a combined positive score (CPS) ≥ 1. In France, the TPExtreme (TPEx) regimen is preferred for CPS < 1. ... We reviewed all",,,
q056-1,q056,"MNPS Asset planned or expected data readouts, regulatory submissions, regulatory decisions, and expected timing in Head and Neck Cancer",MNPS Asset first-line recurrent metastatic head and neck cancer data readout,4,Driving Progress in Recurrent and Metastatic Head and Neck Cancer,https://pmc.ncbi.nlm.nih.gov/articles/PMC13101959/,pmc.ncbi.nlm.nih.gov,2026-07-01,"The KEYNOTE-048 study^8^ established the use of pembrolizumab in the first-line setting, either as monotherapy (limited to patients with PD-L1 ≥ 1 expression) or in combination with platinum and 5-fluorouracil (5-FU). As a result, immunotherapy was established as the core element of standard-of-care",,,
q056-1,q056,"MNPS Asset planned or expected data readouts, regulatory submissions, regulatory decisions, and expected timing in Head and Neck Cancer",MNPS Asset first-line recurrent metastatic head and neck cancer data readout,5,First-line therapy for recurrent metastatic head and neck ...,https://tcr.amegroups.org/article/view/103355/html,tcr.amegroups.org,2025-07-30,Current first line treatment of locoregionally advanced HNSCC includes primary surgery followed by risk-adapted radiation with or without chemotherapy or with concurrent definitive chemoradiotherapy (CRT) (2). ... KEYNOTE-048 (KN-048) established chemoimmunotherapy and single agent pembrolizumab as ,,,
q056-2,q056,"MNPS Asset planned or expected data readouts, regulatory submissions, regulatory decisions, and expected timing in Head and Neck Cancer",MNPS Asset head and neck cancer regulatory submission,1,[PDF] 2022 Update edited by the Japan Society for Head and Neck Cancer,https://www.sciencedirect.com/science/article/am/pii/S0385814623001402,sciencedirect.com,,try accessing the content again or contact our support team ... Please supply the following details:,,,
q056-2,q056,"MNPS Asset planned or expected data readouts, regulatory submissions, regulatory decisions, and expected timing in Head and Neck Cancer",MNPS Asset head and neck cancer regulatory submission,2,: The AMEDEO Literature Guide,https://amedeo.com/medicine/hnc/j1020.htm,amedeo.com,2024-01-01,|The 20K Word Road to Mandarin Proficiency By B. S. Kamps et al.| ... |AMEDEO Head and Neck Cancer is free of charge.|,,,
q056-2,q056,"MNPS Asset planned or expected data readouts, regulatory submissions, regulatory decisions, and expected timing in Head and Neck Cancer",MNPS Asset head and neck cancer regulatory submission,3,�����������������,https://phmpt.org/wp-content/uploads/2024/01/125742-45_S211_M1_financial-cert-3454.pdf,phmpt.org,,FDA-CBER-2022-5812-0500267 ... FDA-CBER-2022-5812-0500284,,,
q056-2,q056,"MNPS Asset planned or expected data readouts, regulatory submissions, regulatory decisions, and expected timing in Head and Neck Cancer",MNPS Asset head and neck cancer regulatory submission,4,An error occurred.,https://powerfulpatients.org/no/2020/10/20/head-and-neck-cancers/,powerfulpatients.org,2020-10-20,Please try again later. If you see this error constantly and you are the system administrator of this resource then please make sure that you are not blocking our IP address: 51.178.160.40,,,
q056-2,q056,"MNPS Asset planned or expected data readouts, regulatory submissions, regulatory decisions, and expected timing in Head and Neck Cancer",MNPS Asset head and neck cancer regulatory submission,5,NCCN - head and neck cancers v4.2024 - ARUP Consult,https://arupconsult.com/reference/nccn-head-and-neck-cancers-v42024,arupconsult.com,,Please do not include any patient-specific or personal health information (PHI) in your message.,,,
q056-3,q056,"MNPS Asset planned or expected data readouts, regulatory submissions, regulatory decisions, and expected timing in Head and Neck Cancer",MNPS Asset head and neck cancer regulatory decision,1,Search Page - Drug and Health Product Register,https://hpr-rps.hres.ca/reg-content/regulatory-decision-summary.php,hpr-rps.hres.ca,2014-10-23,## Regulatory Decision Summary Search All Regulatory Decision Summaries - **Date modified:** 2016-04-13,,,
q056-3,q056,"MNPS Asset planned or expected data readouts, regulatory submissions, regulatory decisions, and expected timing in Head and Neck Cancer",MNPS Asset head and neck cancer regulatory decision,2,Internal Server Error,https://cdas.cancer.gov/approved-projects/5003/,cdas.cancer.gov,,"Please contact the server administrator at webcontacts@imsweb.com to inform them of the time this error occurred, and the actions you performed just before this error.",,,
q056-3,q056,"MNPS Asset planned or expected data readouts, regulatory submissions, regulatory decisions, and expected timing in Head and Neck Cancer",MNPS Asset head and neck cancer regulatory decision,3,Live Head And Neck Cancer updates,https://www.miragenews.com/tag/head-and-neck-cancer/,miragenews.com,2026-10-02,Live Head And Neck Cancer news coverage of developments with the latest updates.,,,
q056-3,q056,"MNPS Asset planned or expected data readouts, regulatory submissions, regulatory decisions, and expected timing in Head and Neck Cancer",MNPS Asset head and neck cancer regulatory decision,4,"Legal News & Analysis on Litigation, Policy, Deals : Law360",https://www.law360.com/subscribe/free_trial?target_url=https://www.law360.com/companies/molecular-pathology-laboratory-network-inc/articles,law360.com,2026-09-30,"Legal News & Analysis on Litigation, Policy, Deals : Law360 ... ## Sign up now for free access to this content",,,
q056-3,q056,"MNPS Asset planned or expected data readouts, regulatory submissions, regulatory decisions, and expected timing in Head and Neck Cancer",MNPS Asset head and neck cancer regulatory decision,5,[PDF] 2022 Update edited by the Japan Society for Head and Neck Cancer,https://www.sciencedirect.com/science/article/am/pii/S0385814623001402,sciencedirect.com,,If you are unable to access your content please try accessing the content again or contact our support team,,,
q057-1,q057,CNP200137 first regulatory approval or market launch year for acute myeloid leukemia,CNP200137 regulatory approval AML,1,"Menin Inhibitor Drug Development Pipeline: AML, Diabetes ...",https://www.inflectionlabs.bio/reports/menin-inhibitor-pipeline,inflectionlabs.bio,,"Revumenib and ziftomenib became the first approved menin inhibitors, treating KMT2A-rearranged and NPM1-mutant acute myeloid leukemias. ... **3. CNP200137 (CoBX Bio, Pharos iBio)** This is a pre-clinical stage, next-generation menin inhibitor that is designed to address menin resistance challenges.^",,,
q057-1,q057,CNP200137 first regulatory approval or market launch year for acute myeloid leukemia,CNP200137 regulatory approval AML,2,Oncology (Cancer)/Hematologic Malignancies Approval ...,https://www.fda.gov/drugs/resources-information-approved-drugs/oncology-cancerhematologic-malignancies-approval-notifications,fda.gov,2026-09-24,"venetoclax for newly diagnosed acute myeloid leukemia|On May 13, 2026, the Food and Drug Administration approved an oral combination of decitabine and cedazuridine tablets (Inqovi, Taiho Oncology, Inc.) with venetoclax for the treatment of newly diagnosed acute myeloid leukemia (AML) in adults 75 ye",,,
q057-1,q057,CNP200137 first regulatory approval or market launch year for acute myeloid leukemia,CNP200137 regulatory approval AML,3,"Acute Myeloid Leukemia: 2025 Update on Diagnosis, Risk-Stratification, and Management",https://onlinelibrary.wiley.com/doi/full/10.1002/ajh.27625,onlinelibrary.wiley.com,2025-05-01,"The FDA approved revumenib (SNDX−5613) for R/R *KMT2A* rearranged AML based on the results of AUGMENT-101, a phase I single agent clinical trial in *KMT2A*-rearranged and *NPM1*-mutated R/R AML [221].",,,
q057-1,q057,CNP200137 first regulatory approval or market launch year for acute myeloid leukemia,CNP200137 regulatory approval AML,4,Circulars & Announcements-CStone Pharmaceuticals,https://www.cstonepharma.com/en/relation/notice14.html,cstonepharma.com,2025-01-01,Select “Accept all” for giving your consent to all cookies or select “Reject all” for using only strictly necessary cookies.,,,
q057-1,q057,CNP200137 first regulatory approval or market launch year for acute myeloid leukemia,CNP200137 regulatory approval AML,5,NCATS Inxight Drugs,https://drugs.ncats.io/substances?page=1333&facet=Development+Status/Clinical,drugs.ncats.io,2025-01-01,{{facet.count}} {{facet.count}} {{facet.count}},,,
q057-2,q057,CNP200137 first regulatory approval or market launch year for acute myeloid leukemia,CNP200137 market launch AML,1,"Menin Inhibitor Drug Development Pipeline: AML, Diabetes ...",https://www.inflectionlabs.bio/reports/menin-inhibitor-pipeline,inflectionlabs.bio,,"**3. CNP200137 (CoBX Bio, Pharos iBio)** This is a pre-clinical stage, next-generation menin inhibitor that is designed to address menin resistance challenges.^[58]^ CNP200137 may well be the same molecule as CXB-001 with a different name, or a completely separate molecule being developed by the sam",,,
q057-2,q057,CNP200137 first regulatory approval or market launch year for acute myeloid leukemia,CNP200137 market launch AML,2,555 Security Incident Detected,https://2npharma.com/category/press-releases/page/4,2npharma.com,,The Website Application Firewall that is protecting your website has blocked this request for being suspicious.,,,
q057-2,q057,CNP200137 first regulatory approval or market launch year for acute myeloid leukemia,CNP200137 market launch AML,3,520: Web server is returning an unknown error,https://www.q-depot.com/blog/cnp-laboratory,q-depot.com,,Please include the Ray ID (which is at the bottom of this error page).,,,
q057-2,q057,CNP200137 first regulatory approval or market launch year for acute myeloid leukemia,CNP200137 market launch AML,4,Circulars & Announcements-CStone Pharmaceuticals,https://www.cstonepharma.com/en/relation/notice21.html,cstonepharma.com,2025-01-01,Select “Accept all” for giving your consent to all cookies or select “Reject all” for using only strictly necessary cookies.,,,
q057-2,q057,CNP200137 first regulatory approval or market launch year for acute myeloid leukemia,CNP200137 market launch AML,5,Please verify you are a human,https://www.zoominfo.com/c/cnp-cyprialife/466887957,zoominfo.com,,Please make sure that Javascript and cookies are enabled on your browser and that you are not blocking them from loading.,,,
q058-1,q058,"HEC234055 in vivo efficacy in combination with another agent in Pancreatic Ductal Adenocarcinoma, including the combination partner",HEC234055 combination pancreatic ductal adenocarcinoma in vivo,1,[PDF] E262019A_Sunshine Pharma 1..4 - HKEXnews,https://www1.hkexnews.hk/listedco/listconews/sehk/2026/0423/2026042301899.pdf,www1.hkexnews.hk,,"The drug candidate under development HEC234055 is an orally available high-activity Pan-RAS molecular glue inhibitor independently developed by the Group, designed to target a broad spectrum of multiple KRAS mutations as well as wild-type amplifications. ... Significant in vivo efficacy: In multiple",,,
q058-1,q058,"HEC234055 in vivo efficacy in combination with another agent in Pancreatic Ductal Adenocarcinoma, including the combination partner",HEC234055 combination pancreatic ductal adenocarcinoma in vivo,2,Unbiased in vivo preclinical evaluation of anticancer drugs identifies effective therapy for the treatment of pancreatic adenocarcinoma - PubMed,https://pubmed.ncbi.nlm.nih.gov/33199632/,pubmed.ncbi.nlm.nih.gov,2020-12-01,"To identify effective PDAC therapies, we leveraged a syngeneic orthotopic PDAC transplant mouse model to perform a large-scale, in vivo screen of 16 single-agent and 41 two-drug targeted therapy combinations in mice. Among 57 drug conditions screened, combined inhibition of heat shock protein (Hsp)-",,,
q058-1,q058,"HEC234055 in vivo efficacy in combination with another agent in Pancreatic Ductal Adenocarcinoma, including the combination partner",HEC234055 combination pancreatic ductal adenocarcinoma in vivo,3,"Pancreatic ductal adenocarcinoma: Treatment hurdles, tumor ...",https://pmc.ncbi.nlm.nih.gov/articles/PMC7031151/,pmc.ncbi.nlm.nih.gov,2020-02-15,Τhe pancreatic ductal adenocarcinoma microenvironment consists of a significant hurdle for the efficient application of chemotherapy drugs or immunotherapeutic compounds.,,,
q058-1,q058,"HEC234055 in vivo efficacy in combination with another agent in Pancreatic Ductal Adenocarcinoma, including the combination partner",HEC234055 combination pancreatic ductal adenocarcinoma in vivo,4,Contact us,https://www.malacards.org/card/pancreatic_ductal_adenocarcinoma,malacards.org,2025-02-24,"|9|A Randomized Phase 2b/Phase 3 Study of the TGF-β2 Targeting Antisense Oligonucleotide OT-101 in Combination With mFOLFIRINOX Compared With mFOLFIRINOX Alone in Patients With Advanced and Unresectable or Metastatic Pancreatic Cancer|Recruiting|NCT06079346|Phase 2, Phase 3|OT-101; mFOLFIRINOX|",,,
q058-1,q058,"HEC234055 in vivo efficacy in combination with another agent in Pancreatic Ductal Adenocarcinoma, including the combination partner",HEC234055 combination pancreatic ductal adenocarcinoma in vivo,5,A rapid in vivo screen for pancreatic ductal adenocarcinoma therapeutics,https://pmc.ncbi.nlm.nih.gov/articles/PMC4610235/,pmc.ncbi.nlm.nih.gov,2015-10-01,"We show that warfarin or an Axl kinase inhibitor (BGB324), in combination with gemcitabine and nab-paclitaxel, significantly reduce tumor initiation and growth.",,,
q058-2,q058,"HEC234055 in vivo efficacy in combination with another agent in Pancreatic Ductal Adenocarcinoma, including the combination partner",HEC234055 combination partner PDAC xenograft,1,Three innovative drugs showcased at the 2026 AACR Annual ...,https://www.moomoo.com/news/post/68755735/dongyang-sunshine-pharmaceutical-06887-three-innovative-drugs-showcased-at-the,moomoo.com,2026-04-23,"Synergistic enhancement in combination therapy: Co-administration with PD-1 antibodies further significantly enhanced anti-tumor efficacy, showing broad prospects for combination therapy. ... HEC234055 - An oral high-activity Pan-RAS molecular glue inhibitor targeting undruggable targets. ... The in",,,
q058-2,q058,"HEC234055 in vivo efficacy in combination with another agent in Pancreatic Ductal Adenocarcinoma, including the combination partner",HEC234055 combination partner PDAC xenograft,2,A potential therapeutic target for pancreatic ductal adenocarcinoma,https://www.sciencedirect.com/science/article/pii/S0022356525397867,sciencedirect.com,,"You can set your browser to block or alert you about these cookies, but some parts of the site will not then work.",,,
q058-2,q058,"HEC234055 in vivo efficacy in combination with another agent in Pancreatic Ductal Adenocarcinoma, including the combination partner",HEC234055 combination partner PDAC xenograft,3,Inhibition of a pancreatic cancer model by cooperative ...,https://pubmed.ncbi.nlm.nih.gov/30952434/,pubmed.ncbi.nlm.nih.gov,2019-05-21,"Cetuximab, a clinically approved anti-EGFR monoclonal antibody (mAb) weakly inhibited PDAC xenografts, similar to trastuzumab, a mAb against HER2, a co-receptor of EGFR. Because the combination of cetuximab and trastuzumab only moderately enhanced the anti-tumor effects, we combined each with a home",,,
q058-2,q058,"HEC234055 in vivo efficacy in combination with another agent in Pancreatic Ductal Adenocarcinoma, including the combination partner",HEC234055 combination partner PDAC xenograft,4,[PDF] Combinatorial screening of pancreatic adenocarcinoma reveals ...,https://scispace.com/pdf/combinatorial-screening-of-pancreatic-adenocarcinoma-reveals-4agzt1hdnh.pdf,scispace.com,,"Dual bromodomain/neddylation blockade inhibited in vivo growth of PDAC cell line xenografts. ... Of note, the bro- modomain inhibitor JQ1 and neddylation inhibitor MLN4924 combine superadditively to halt growth and inhibit viability and colony formation in a broad range of PDAC cell lines, and contr",,,
q058-2,q058,"HEC234055 in vivo efficacy in combination with another agent in Pancreatic Ductal Adenocarcinoma, including the combination partner",HEC234055 combination partner PDAC xenograft,5,Treatment of pancreatic cancer with a combination ...,https://www.sciencedirect.com/science/article/pii/S0923753419478381,sciencedirect.com,,"You can set your browser to block or alert you about these cookies, but some parts of the site will not then work.",,,
q058-3,q058,"HEC234055 in vivo efficacy in combination with another agent in Pancreatic Ductal Adenocarcinoma, including the combination partner",HEC234055 AACR 2026 combination efficacy,1,C262019A_Sunshine Pharma 1..4,https://www.hkexnews.hk/listedco/listconews/sehk/2026/0423/2026042301900_c.pdf,hkexnews.hk,,本集團欣然宣佈，於2026 年4 月17 日至22 日在美國加利福尼亞州聖地亞哥舉行的 2026年美國癌症研究協會(AACR)年會上，本集團以三份壁報形式集中展示了腫瘤 ... 二、HEC234055 — 攻克「不可成藥」靶點的口服高活性Pan-RAS分子膠抑制劑（摘 要號#2634） ... 亞型仍存在巨大未滿足的臨床需求。在研產品HEC234055 為本集團自主研發 的口服高活性Pan-RAS 分子膠抑制劑，旨在廣譜覆蓋KRAS 多種突變及野生型 ... 廣譜覆蓋與高活性：可同時作用於KRAS 的活性（三磷酸鳥苷（「GTP 」）結 合）與非活性（GDP 結合）狀態，並覆蓋G12D 、G12,,,
q058-3,q058,"HEC234055 in vivo efficacy in combination with another agent in Pancreatic Ductal Adenocarcinoma, including the combination partner",HEC234055 AACR 2026 combination efficacy,2,"Sunshine Lake Pharma Co., Ltd. Showcases Three Innovative ...",https://www.marketscreener.com/news/sunshine-lake-pharma-co-ltd-showcases-three-innovative-oncology-drug-candidates-at-2026-aacr-annu-ce7f58d8dd8ffe27,marketscreener.com,2026-04-23,"At the 2026 Annual Meeting of the American Association for Cancer Research (AACR), held from 17 to 22 April 2026 in San Diego, California, USA, the Group presented the latest preclinical research results of three oncology pipeline candidates through three poster presentations. ... HEC234055 is an or",,,
q058-3,q058,"HEC234055 in vivo efficacy in combination with another agent in Pancreatic Ductal Adenocarcinoma, including the combination partner",HEC234055 AACR 2026 combination efficacy,3,Three innovative drugs showcased at the 2026 AACR Annual ...,https://www.moomoo.com/news/post/68755735/dongyang-sunshine-pharmaceutical-06887-three-innovative-drugs-showcased-at-the,moomoo.com,2026-04-23,"Dongyangguang Pharmaceutical (06887) announced that at the 2026 Annual Meeting of the American Association for Cancer Research (AACR) held in San Diego, California, USA, from April 17 to 22, 2026, the group presented the latest preclinical research findings on three pipeline candidates in the field ",,,
q058-3,q058,"HEC234055 in vivo efficacy in combination with another agent in Pancreatic Ductal Adenocarcinoma, including the combination partner",HEC234055 AACR 2026 combination efficacy,4,AACR Annual Meeting 2026 – Post-event summary,https://www.insights.bio/bioinsights/journal/article/3821/aacr-annual-meeting-2026-postevent-summary-clinical-data-readouts-and-emerging-themes,insights.bio,2026-05-14,"Within the ovarian cancer subgroup, 80% of patients demonstrated tumor shrinkage, with an ORR of 37.5% overall, increasing to 60% in the CCNE1-amplified subgroup. ... After a median follow-up of 11.7 months, the confirmed ORR was 47.1%, DCR was 94.1%, and mPFS reached 14 months, representing a clini",,,
q058-3,q058,"HEC234055 in vivo efficacy in combination with another agent in Pancreatic Ductal Adenocarcinoma, including the combination partner",HEC234055 AACR 2026 combination efficacy,5,Advances in antibody-drug conjugates in cancer - PMC - NIH,https://pmc.ncbi.nlm.nih.gov/articles/PMC13332605/,pmc.ncbi.nlm.nih.gov,2026-07-04,"Trispecific constructs targeting PD-L1, B7-H3, and VEGF were designed to simultaneously deliver cytotoxic payloads while blocking immune checkpoints and inhibiting angiogenesis [3]. These agents demonstrated enhanced tumor binding, improved internalization, and superior antitumor efficacy compared t",,,
q059-1,q059,"HEC234055 in vivo animal models and results: cell-line xenograft (CDX), patient-derived xenograft (PDX), syngeneic, orthotopic, genetically engineered models",HEC234055 HNSCC xenograft,1,[PDF] E262019A_Sunshine Pharma 1..4 - HKEXnews,https://www1.hkexnews.hk/listedco/listconews/sehk/2026/0423/2026042301899.pdf,www1.hkexnews.hk,,"HEC234055 — Orally Available High-Activity Pan-RAS Molecular Glue Inhibitor Targeting the ‘‘Undruggable’’ (Abstract #2634) ... The drug candidate under development HEC234055 is an orally available high-activity Pan-RAS molecular glue inhibitor independently developed by the Group, designed to target",,,
q059-1,q059,"HEC234055 in vivo animal models and results: cell-line xenograft (CDX), patient-derived xenograft (PDX), syngeneic, orthotopic, genetically engineered models",HEC234055 HNSCC xenograft,2,Xenograft Cell Line Reference Database,https://www.taconic.com/resources/databases/xenograft-cell-line-reference-database,taconic.com,2025-10-21,Taconic Biosciences has been a source of immunodeficient mice and rats for use in xenograft studies for more than 40 years.,,,
q059-1,q059,"HEC234055 in vivo animal models and results: cell-line xenograft (CDX), patient-derived xenograft (PDX), syngeneic, orthotopic, genetically engineered models",HEC234055 HNSCC xenograft,3,Human Xenograft Models_GemPharmatech,https://www.gempharmatech.com/product/models_type100138_3733944.html,gempharmatech.com,,Let us know which event you're attending and we'd be happy to connect with you.,,,
q059-1,q059,"HEC234055 in vivo animal models and results: cell-line xenograft (CDX), patient-derived xenograft (PDX), syngeneic, orthotopic, genetically engineered models",HEC234055 HNSCC xenograft,4,Head and neck squamous cell carcinoma cell lines: Established models and rationale for selection,https://scispace.com/pdf/head-and-neck-squamous-cell-carcinoma-cell-lines-established-1i5aezshpe.pdf,scispace.com,,HNSCC cell lines that have grown as xenografts in mice. ... Table A5. HNSCC xenograft models. Nude mice,,,
q059-1,q059,"HEC234055 in vivo animal models and results: cell-line xenograft (CDX), patient-derived xenograft (PDX), syngeneic, orthotopic, genetically engineered models",HEC234055 HNSCC xenograft,5,xenograft.orgXenograft Model Database,https://xenograft.org/,xenograft.org,,"Each model page includes biological background, growth kinetics, available molecular data, and study-ready configurations to streamline the design of your in vivo efficacy or pharmacology program.",,,
q059-2,q059,"HEC234055 in vivo animal models and results: cell-line xenograft (CDX), patient-derived xenograft (PDX), syngeneic, orthotopic, genetically engineered models",HEC234055 PDX model,1,PDX Model Database Registration,https://www.crownbio.com/databases/pdx-models,crownbio.com,2025-09-26,"Our online, searchable patient-derived xenograft (PDX) database enables scientists around the world to quickly and easily search for models that meet their specific research needs.",,,
q059-2,q059,"HEC234055 in vivo animal models and results: cell-line xenograft (CDX), patient-derived xenograft (PDX), syngeneic, orthotopic, genetically engineered models",HEC234055 PDX model,2,{{ngMeta['og:title']}},https://bio.tools/pdxnet_portal,bio.tools,,This is a development version of the registry. There is no guarantee that the data entered here will be preserved in the future.,,,
q059-2,q059,"HEC234055 in vivo animal models and results: cell-line xenograft (CDX), patient-derived xenograft (PDX), syngeneic, orthotopic, genetically engineered models",HEC234055 PDX model,3,PDX Models - PDXNet,https://www.pdxnetwork.org/models,pdxnetwork.org,,Models available for research are listed in CancerModels.org. ... The PDXNet Portal can be referenced for an up-to-date list of PDXNet-generated models.,,,
q059-2,q059,"HEC234055 in vivo animal models and results: cell-line xenograft (CDX), patient-derived xenograft (PDX), syngeneic, orthotopic, genetically engineered models",HEC234055 PDX model,4,Cancer Research: PDX Model Studies & Articles | Certis,https://www.certisoncology.com/resources/supporting-research/,certisoncology.com,2026-02-05,"ONCOLOGY INTELLIGENCE^®^ is a registered trademark of Certis Oncology Solutions, Inc.",,,
q059-2,q059,"HEC234055 in vivo animal models and results: cell-line xenograft (CDX), patient-derived xenograft (PDX), syngeneic, orthotopic, genetically engineered models",HEC234055 PDX model,5,"Sunshine Lake Pharma Co., Ltd. Showcases Three Innovative ...",https://www.marketscreener.com/news/sunshine-lake-pharma-co-ltd-showcases-three-innovative-oncology-drug-candidates-at-2026-aacr-annu-ce7f58d8dd8ffe27,marketscreener.com,2026-04-23,"HEC234055 is an orally available high-activity Pan-RAS molecular glue inhibitor independently developed by the Group, designed to target a broad spectrum of multiple KRAS mutations as well as wild-type amplifications. The preclinical data highlights announced this time are as follows: Broad-spectrum",,,
q059-3,q059,"HEC234055 in vivo animal models and results: cell-line xenograft (CDX), patient-derived xenograft (PDX), syngeneic, orthotopic, genetically engineered models",HEC234055 syngeneic model,1,C262019A_Sunshine Pharma 1..4,https://www.hkexnews.hk/listedco/listconews/sehk/2026/0423/2026042301900_c.pdf,hkexnews.hk,,二、HEC234055 — 攻克「不可成藥」靶點的口服高活性Pan-RAS分子膠抑制劑（摘 要號#2634） RAS基因突變驅動約四分一的人類癌症，其中KRAS G12D、G12V等常見突變 亞型仍存在巨大未滿足的臨床需求。在研產品HEC234055 為本集團自主研發 的口服高活性Pan-RAS 分子膠抑制劑，旨在廣譜覆蓋KRAS 多種突變及野生型 擴增。此次公佈的臨床前數據亮點如下： ... 廣譜覆蓋與高活性：可同時作用於KRAS 的活性（三磷酸鳥苷（「GTP 」）結 合）與非活性（GDP 結合）狀態，並覆蓋G12D 、G12C 、G12V 、G13D 、 Q61H等多種突變類型及野生型擴增,,,
q059-3,q059,"HEC234055 in vivo animal models and results: cell-line xenograft (CDX), patient-derived xenograft (PDX), syngeneic, orthotopic, genetically engineered models",HEC234055 syngeneic model,2,Syngeneic Models - Xenograft Model Database,https://xenograft.org/syngeneic-models/,xenograft.org,,Select a cancer indication below to view associated Syngeneic models:,,,
q059-3,q059,"HEC234055 in vivo animal models and results: cell-line xenograft (CDX), patient-derived xenograft (PDX), syngeneic, orthotopic, genetically engineered models",HEC234055 syngeneic model,3,[PDF] E262019A_Sunshine Pharma 1..4 - HKEXnews,https://www1.hkexnews.hk/listedco/listconews/sehk/2026/0423/2026042301899.pdf,www1.hkexnews.hk,,"2. HEC234055 — Orally Available High-Activity Pan-RAS Molecular Glue Inhibitor Targeting the ‘‘Undruggable’’ (Abstract #2634) RAS gene mutations drive approximately one-quarter of human cancers, with common mutation subtypes such as KRAS G12D and G12V still representing significant unmet clinical ne",,,
q059-3,q059,"HEC234055 in vivo animal models and results: cell-line xenograft (CDX), patient-derived xenograft (PDX), syngeneic, orthotopic, genetically engineered models",HEC234055 syngeneic model,4,BioProject,https://www.ncbi.nlm.nih.gov/bioproject?LinkName=sra_bioproject&from_uid=29139464,ncbi.nlm.nih.gov,2023-01-01,Organizing biological data ... Activity recording is turned off. Turn recording back on,,,
q059-3,q059,"HEC234055 in vivo animal models and results: cell-line xenograft (CDX), patient-derived xenograft (PDX), syngeneic, orthotopic, genetically engineered models",HEC234055 syngeneic model,5,"Sunshine Lake Pharma Co., Ltd. Showcases Three Innovative ...",https://www.marketscreener.com/news/sunshine-lake-pharma-co-ltd-showcases-three-innovative-oncology-drug-candidates-at-2026-aacr-annu-ce7f58d8dd8ffe27,marketscreener.com,2026-04-23,"HEC234055 is an orally available high-activity Pan-RAS molecular glue inhibitor independently developed by the Group, designed to target a broad spectrum of multiple KRAS mutations as well as wild-type amplifications. The preclinical data highlights announced this time are as follows: Broad-spectrum",,,
q059-4,q059,"HEC234055 in vivo animal models and results: cell-line xenograft (CDX), patient-derived xenograft (PDX), syngeneic, orthotopic, genetically engineered models",HEC234055 orthotopic pancreatic model,1,LP – Orthotopic Tumor Models,https://td2inc.com/orthotopic-tumor-models,td2inc.com,,TD2 has developed a comprehensive library of orthotopic models in mouse and human cell lines (Figure 1) at various implantation sites. ... |Intrapancreatic|Pano2| ... **Pan02 Syngeneic Orthotopic Pancreatic Tumor Model**,,,
q059-4,q059,"HEC234055 in vivo animal models and results: cell-line xenograft (CDX), patient-derived xenograft (PDX), syngeneic, orthotopic, genetically engineered models",HEC234055 orthotopic pancreatic model,2,An Orthotopic Resectional Mouse Model of Pancreatic Cancer - PubMed,https://pubmed.ncbi.nlm.nih.gov/33044459/,pubmed.ncbi.nlm.nih.gov,2020-09-24,"To address this deficiency, we describe a mouse model involving orthotopic implantation of PC followed by distal pancreatectomy and splenectomy. The model has been demonstrated to be safe and suitably flexible for the study of various therapeutic approaches in adjuvant and neo adjuvant settings. In ",,,
q059-4,q059,"HEC234055 in vivo animal models and results: cell-line xenograft (CDX), patient-derived xenograft (PDX), syngeneic, orthotopic, genetically engineered models",HEC234055 orthotopic pancreatic model,3,Orthotopic Models,https://dda.creative-bioarray.com/orthotopic-models.html,dda.creative-bioarray.com,,"Orthotopic tumor models (also known as* in situ* models) are created by injecting tumor cells/tissue fragments into the organ of origin. Unlike subcutaneous xenografts, orthotopically implanted tumors grow within the organ microenvironment, reconstituting more realistic stromal, vascular and immune ",,,
q059-4,q059,"HEC234055 in vivo animal models and results: cell-line xenograft (CDX), patient-derived xenograft (PDX), syngeneic, orthotopic, genetically engineered models",HEC234055 orthotopic pancreatic model,4,[PDF] E262019A_Sunshine Pharma 1..4 - HKEXnews,https://www1.hkexnews.hk/listedco/listconews/sehk/2026/0423/2026042301899.pdf,www1.hkexnews.hk,,"HEC234055 — Orally Available High-Activity Pan-RAS Molecular Glue Inhibitor Targeting the ‘‘Undruggable’’ (Abstract #2634) ... The drug candidate under development HEC234055 is an orally available high-activity Pan-RAS molecular glue inhibitor independently developed by the Group, designed to target",,,
q059-4,q059,"HEC234055 in vivo animal models and results: cell-line xenograft (CDX), patient-derived xenograft (PDX), syngeneic, orthotopic, genetically engineered models",HEC234055 orthotopic pancreatic model,5,Orthotopic models of human pancreatic cancer - PubMed,https://pubmed.ncbi.nlm.nih.gov/10415855/,pubmed.ncbi.nlm.nih.gov,1999-06-30,"Orthotopic transplantation of solid tumor fragments of human tumors in nude mice reproduces their pattern of local growth and distal dissemination. While lymphatic, hepatic or peritoneal dissemination can be reproduced, perineural invasion is absent. Early passages (less than 3) of xenografts show a",,,
q059-5,q059,"HEC234055 in vivo animal models and results: cell-line xenograft (CDX), patient-derived xenograft (PDX), syngeneic, orthotopic, genetically engineered models",HEC234055 genetically engineered mouse model,1,Find Your Research Mouse Model 丨 GemPharmatech,https://en.gempharmatech.com/product/search_608.html,en.gempharmatech.com,,|Bmp8b-flox|T026616|C57BL/6JGpt-*Bmp8b^em1Cflox^*/Gpt| |Details+|,,,
q059-5,q059,"HEC234055 in vivo animal models and results: cell-line xenograft (CDX), patient-derived xenograft (PDX), syngeneic, orthotopic, genetically engineered models",HEC234055 genetically engineered mouse model,2,International Mouse Strain Resource,https://www.findmice.org/,findmice.org,,"The IMSR is a searchable online database of mouse strains, stocks, and mutant ES cell lines available worldwide, including inbred, mutant, and genetically engineered strains.",,,
q059-5,q059,"HEC234055 in vivo animal models and results: cell-line xenograft (CDX), patient-derived xenograft (PDX), syngeneic, orthotopic, genetically engineered models",HEC234055 genetically engineered mouse model,3,Find Your Research Mouse Model 丨 ...,https://en.gempharmatech.com/product/searchByNcbi_18783_1.html,en.gempharmatech.com,,|Pla2g4a-KO|T017138|C57BL/6JGpt-*Pla2g4a^em2Cd2636^*/Gpt| |Details+|,,,
q059-5,q059,"HEC234055 in vivo animal models and results: cell-line xenograft (CDX), patient-derived xenograft (PDX), syngeneic, orthotopic, genetically engineered models",HEC234055 genetically engineered mouse model,4,Resource Page,https://www.wagnerlab.net/resource-page,wagnerlab.net,,This page lists genetically engineered mouse models generated and published by our team and how to obtain them from public repositories (links to repositories not shown on the mobile page).,,,
q059-5,q059,"HEC234055 in vivo animal models and results: cell-line xenograft (CDX), patient-derived xenograft (PDX), syngeneic, orthotopic, genetically engineered models",HEC234055 genetically engineered mouse model,5,MMRRC Repository,https://www.mmrrc.org/,mmrrc.org,,"These mice, especially the 5XFAD strain, are valuable for modeling Alzheimer's disease, allowing researchers to closely examine how AD pathology develops. ... In groundbreaking research, scientists have elucidated the effects of neuroinflammation on brain metabolism in Alzheimer's disease using the ",,,
q060-1,q060,EOM613 sponsor development stage indication public source,EOM613 Crohn's disease trial current status,1,EOM Pharmaceutical Holdings Reports Promising Preclinical,https://www.globenewswire.com/news-release/2026/01/07/3214524/0/en/eom-pharmaceutical-holdings-reports-promising-preclinical-results-and-provides-an-update-on-eom613-and-eom147.html,globenewswire.com,2026-01-07,"In 2025, the company completed IND-enabling toxicological and dosing preclinical animal studies for EOM613 with favorable results. No adverse drug-related toxic effects were seen with daily subcutaneous injections of EOM613 for 28 consecutive days, including at 13.5 times the highest anticipated dos",,,
q060-1,q060,EOM613 sponsor development stage indication public source,EOM613 Crohn's disease trial current status,2,EOM Pharmaceutical Holdings Reports FDA Clearance of ...,https://finance.yahoo.com/sectors/healthcare/articles/eom-pharmaceutical-holdings-reports-fda-123000259.html,finance.yahoo.com,2026-05-27,"# EOM Pharmaceutical Holdings Reports FDA Clearance of an IND for a Clinical Trial in Cachectic Cancer Patients ... MONTVALE, N.J., May 27, 2026 (GLOBE NEWSWIRE) -- **EOM Pharmaceutical Holdings, Inc. **(OTC: IMUC) (""EOM"", the ""Company"") an innovative clinical-stage biotechnology company focused on ",,,
q060-1,q060,EOM613 sponsor development stage indication public source,EOM613 Crohn's disease trial current status,3,"AVR-118 - Drug Targets, Indications, Patents",https://synapse.patsnap.com/drug/9eaf1a39a29c416eb6067ec010000bf4,synapse.patsnap.com,,"|COVID-19|Phase 1|Brazil|EOM Pharmaceuticals, Inc.|09 Aug 2021| ... |NCT05212532 (RESCUE , PRNewswire) Manual|Phase 1/2|COVID-19|23|EOM613 (ICU cohort)|qsourgmemu(oghsbqiwtx) = aqfarldwqq gqoztpdyyo (saafxiyrvx )|Positive|06 Sep 2023| ... |NCT05212532 (RESCUE , PRNewswire) Manual|Phase 1/2|COVID-19|",,,
q060-1,q060,EOM613 sponsor development stage indication public source,EOM613 Crohn's disease trial current status,4,Methods of treating inflammatory bowel diseases,https://patents.google.com/patent/WO2025049974A1/en,patents.google.com,2024-08-30,"Of those patients, only approximately 20% to 30% go into remission, and of those in remission, at least half remain in remission over time based on clinical trial data (AC Moss, Gastroenterol. Hepatol. (NY), 2022: 18 (6) 360-363). ... - the therapy was safe and well-tolerated using daily injections ",,,
q060-1,q060,EOM613 sponsor development stage indication public source,EOM613 Crohn's disease trial current status,5,"Clinical Trials | EOM Pharmaceuticals, Inc.",https://eompharma.com/clinical-trials/,eompharma.com,2020-12-02,"|**Macular edema due to retinal vein Occlusion^1^** (Wroblewski and Hu, 2016)|- Phase 1, proof-of-concept study - Single-center, open-label randomized trial - Patients treated with topical squalamine (OHR102) and intravetral ranibizumab for 10 weeks, followed by randomization to continue or disconti",,,
q060-2,q060,EOM613 sponsor development stage indication public source,EOM613 Crohn's disease Phase 2 initiation 2026,1,EOM Pharmaceutical Holdings Reports Promising Preclinical,https://www.globenewswire.com/news-release/2026/01/07/3214524/0/en/eom-pharmaceutical-holdings-reports-promising-preclinical-results-and-provides-an-update-on-eom613-and-eom147.html,globenewswire.com,2026-01-07,"Based on these data, combined with previously reported promising results of our Phase I/IIa 2023 human clinical trial in hospitalized COVID-19 patients with cytokine-driven respiratory inflammation in Brazil, we are planning an initial Phase II exploratory clinical trial in patients with Crohn’s dis",,,
q060-2,q060,EOM613 sponsor development stage indication public source,EOM613 Crohn's disease Phase 2 initiation 2026,2,EOM Pharmaceutical Holdings Reports FDA Clearance of ...,https://www.globenewswire.com/news-release/2026/05/27/3301943/0/en/eom-pharmaceutical-holdings-reports-fda-clearance-of-an-ind-for-a-clinical-trial-in-cachectic-cancer-patients.html,globenewswire.com,2026-05-27,"The trial is anticipated to be initiated early in the third quarter of 2026. The Company is also planning an additional exploratory, open-label EOM613 clinical trial in Crohn’s disease. This trial is intended to be conducted at clinical sites in New Brunswick and Lakewood, NJ, under Principal Invest",,,
q060-2,q060,EOM613 sponsor development stage indication public source,EOM613 Crohn's disease Phase 2 initiation 2026,3,EOM Pharmaceuticals,http://biobase.whitefordresearch.com/companies/eom-pharmaceuticals,biobase.whitefordresearch.com,,"The named pipeline consists of EOM613 and EOM147, both of which the company says have prior Phase 2 clinical experience and are intended to use a 505(b)(2) development pathway where possible.[5] EOM613 has been studied historically in cancer cachexia and in a Phase 1/2a COVID-19 respiratory-inflamma",,,
q060-2,q060,EOM613 sponsor development stage indication public source,EOM613 Crohn's disease Phase 2 initiation 2026,4,Methods of treating inflammatory bowel diseases,https://patents.google.com/patent/WO2025049974A1/en,patents.google.com,2024-08-30,"Of those patients, only approximately 20% to 30% go into remission, and of those in remission, at least half remain in remission over time based on clinical trial data (AC Moss, Gastroenterol. Hepatol. (NY), 2022: 18 (6) 360-363). ... - the therapy was safe and well-tolerated using daily injections ",,,
q060-2,q060,EOM613 sponsor development stage indication public source,EOM613 Crohn's disease Phase 2 initiation 2026,5,"Clinical Trials | EOM Pharmaceuticals, Inc.",https://eompharma.com/clinical-trials/,eompharma.com,2020-12-02,"|**Macular edema due to retinal vein Occlusion^1^** (Wroblewski and Hu, 2016)|- Phase 1, proof-of-concept study - Single-center, open-label randomized trial - Patients treated with topical squalamine (OHR102) and intravetral ranibizumab for 10 weeks, followed by randomization to continue or disconti",,,
q060-3,q060,EOM613 sponsor development stage indication public source,EOM613 Crohn's disease clinical trial registry,1,EOM Pharmaceutical Holdings Reports Promising Preclinical,https://www.globenewswire.com/news-release/2026/01/07/3214524/0/en/eom-pharmaceutical-holdings-reports-promising-preclinical-results-and-provides-an-update-on-eom613-and-eom147.html,globenewswire.com,2026-01-07,"Based on these data, combined with previously reported promising results of our Phase I/IIa 2023 human clinical trial in hospitalized COVID-19 patients with cytokine-driven respiratory inflammation in Brazil, we are planning an initial Phase II exploratory clinical trial in patients with Crohn’s dis",,,
q060-3,q060,EOM613 sponsor development stage indication public source,EOM613 Crohn's disease clinical trial registry,2,EOM Pharmaceutical Holdings Provides an Update on its Lead Drug Candidate EOM613,https://www.prnewswire.com/news-releases/eom-pharmaceutical-holdings-provides-an-update-on-its-lead-drug-candidate-eom613-301978052.html,prnewswire.com,2023-11-07,"In light of these clinical trial results, the company is currently preparing to initiate an EOM613 clinical program in Crohn's disease. ... ""EOM is now planning and designing a future clinical program for Crohn's disease patients who have failed currently available therapies or are unable to tolerat",,,
q060-3,q060,EOM613 sponsor development stage indication public source,EOM613 Crohn's disease clinical trial registry,3,"ImmunoCellular Therapeutics Ltd. - Drug pipelines, Patents, Clinical ...",https://synapse.patsnap.com/organization/5ce8654ab76cb12db589696a5cb380f9,synapse.patsnap.com,,"NCT05212532 / Unknown statusPhase 1 A Proof-of-Concept Study Evaluating Safety, Tolerability, and Preliminary Efficacy of EOM613 in COVID-19 Infected Patients With Severe Symptoms ... In light of these clinical trial results, the company is currently preparing to initiate an EOM613 clinical program ",,,
q060-3,q060,EOM613 sponsor development stage indication public source,EOM613 Crohn's disease clinical trial registry,4,Clinical Trials in the European Union - EMA,https://euclinicaltrials.eu/,euclinicaltrials.eu,,This website provides information on individual clinical trials in the European Union and European Economic Area since its launch on 31 January 2022.,,,
q060-3,q060,EOM613 sponsor development stage indication public source,EOM613 Crohn's disease clinical trial registry,5,ICTRP Search Portal - World Health Organization (WHO),https://www.who.int/tools/clinical-trials-registry-platform/the-ictrp-search-portal,who.int,,The ICTRP Search Portal aims to provide a single point of access to information about ongoing and completed clinical trials. It provides a searchable database containing the trial registration data sets made available by data providers around the world meeting criteria for content and quality contro,,,
q061-1,q061,FG-3149 sponsor development stage indication public source,FG-3149 sponsor development stage,1,ac93704f-8e33-43ba-8b56-3d61092ff1d9.xml,https://www.accessdata.fda.gov/spl/data/ac93704f-8e33-43ba-8b56-3d61092ff1d9/ac93704f-8e33-43ba-8b56-3d61092ff1d9.xml,accessdata.fda.gov,2023-01-31,|point|||||| |line||C|C|||C||,,,
q061-1,q061,FG-3149 sponsor development stage indication public source,FG-3149 sponsor development stage,2,404,https://www.gempharmatech.com/news/list_116_100648_2.html,gempharmatech.com,,Let us know which event you're attending and we'd be happy to connect with you.,,,
q061-1,q061,FG-3149 sponsor development stage indication public source,FG-3149 sponsor development stage,3,Drug Development Pipeline Archive,https://www.curefa.org/drug-development/,curefa.org,,**Active** – programs currently under development and supported by the listed sponsor.,,,
q061-1,q061,FG-3149 sponsor development stage indication public source,FG-3149 sponsor development stage,4,User's Guide,https://www.accessdata.fda.gov/cdrh_docs/pdf/P010032S191D.pdf,accessdata.fda.gov,,������������������������������������  ����������� ... ������������ ... ����������������������������������������������������������������������������������������������,,,
q061-1,q061,FG-3149 sponsor development stage indication public source,FG-3149 sponsor development stage,5,SCGE Platform - Gene Therapy Clinical Trials,https://scge.mcw.edu/platform/data/search/ClinicalTrial,scge.mcw.edu,2023-12-19,"** Bayer Completed ** License reverted to Ultragenyx in 2022, uncertain development status",,,
q061-2,q061,FG-3149 sponsor development stage indication public source,FG-3149 Crohn's disease,1,Mechanical stress-induced connective tissue growth factor ...,https://pmc.ncbi.nlm.nih.gov/articles/PMC11427090/,pmc.ncbi.nlm.nih.gov,2024-07-02,"Treatment of CD rats with anti-CTGF antibody FG-3149 reduced fibrosis and collagen content in both *sites P* and *I* and exhibited consistent trends toward normalizing expression of collagen mRNAs. In conclusion, our studies suggest that mechanical stress, by upregulating profibrotic mediators, i.e.",,,
q061-2,q061,FG-3149 sponsor development stage indication public source,FG-3149 Crohn's disease,2,New weapons for the management of perianal Crohn's disease,https://oamonitor.ireland.openaire.eu/national/search/publication?pid=10.1016/j.bpg.2025.102030,oamonitor.ireland.openaire.eu,,Researcher Monitors ... We’re experiencing a temporary issue. Please refresh the page,,,
q061-2,q061,FG-3149 sponsor development stage indication public source,FG-3149 Crohn's disease,3,Serum biomarkers of fibrostenotic Crohn's disease,https://onlinelibrary.wiley.com/doi/pdf/10.1111/1751-2980.12913,onlinelibrary.wiley.com,2020-06-01,Opens in a new window Opens an external website Opens an external website in a new window,,,
q061-2,q061,FG-3149 sponsor development stage indication public source,FG-3149 Crohn's disease,4,"Efficacy and safety of filgotinib as induction and maintenance therapy for Crohn's disease (DIVERSITY): a phase 3, double-blind, randomised, placebo-controlled trial",https://www.thelancet.com/journals/langas/article/PIIS2468-1253(24)00272-3/fulltext,thelancet.com,2025-02-01,*vs*15% for placebo) and a difference of 15% in the endoscopic response rate (25% for filgotinib 200 mg *vs*10% for placebo) at week 10. ... |Induction study A|Induction study B| |--|--| |Placebo (n=237)|Filgotinib 100 mg (n=245)|Filgotinib 200 mg (n=222)|Placebo (n=229)|Filgotinib 100 mg (n=228)|Fi,,,
q061-2,q061,FG-3149 sponsor development stage indication public source,FG-3149 Crohn's disease,5,Intestinal Fibrosis in Crohn's Disease - PMC - NIH,https://pmc.ncbi.nlm.nih.gov/articles/PMC12194019/,pmc.ncbi.nlm.nih.gov,2025-06-08,"However, there are currently no approved anti-fibrotic therapies for CD. ... Pamrevlumab (FG-3019) is a human monoclonal antibody targeting CTGF and has been approved for the treatment of idiopathic pulmonary fibrosis [115]. Despite advancements in our understanding of CTGF’s role in fibrogenesis an",,,
q061-3,q061,FG-3149 sponsor development stage indication public source,FG-3149 FibroGen clinical development,1,FibroGen Reports First Quarter 2024 Financial Results,https://investor.kyntrabio.com/node/13811/pdf,investor.kyntrabio.com,,Additional data from a total of 56 biomarker unselected and heavily pre-treated patients in a Phase 1 monotherapy study of FG-3246 in mCRPC reported.,,,
q061-3,q061,FG-3149 sponsor development stage indication public source,FG-3149 FibroGen clinical development,2,FibroGen Inc. (NASDAQ:FGEN) : Ptab Cases :: Law360,https://www.law360.co.uk/companies/fibrogen-inc/ptab_cases,law360.co.uk,2026-10-03,"## PTAB Cases (74) ... 2. Filed: September 12, 2025 | IPR2025-01531 Apotex Inc.",,,
q061-3,q061,FG-3149 sponsor development stage indication public source,FG-3149 FibroGen clinical development,3,Kyntra Bio - Wikipedia,https://en.wikipedia.org/wiki/Kyntra_Bio,en.wikipedia.org,2025-09-10,"Following the sale of its Chinese subsidiary, FibroGen is now left primarily with FG-3246, an asset it acquired from Fortis Therapeutics, a defunct biotech company, at no upfront cost with a large milestone due only if the drug advances into Phase 3. ... |Roxadustat|Anemia in Chronic Kidney Disease ",,,
q061-3,q061,FG-3149 sponsor development stage indication public source,FG-3149 FibroGen clinical development,4,Our Partners - FibroGen,https://www.fibrogen.com/our-partners,fibrogen.com,2016-01-01,FG-3246 is being developed for the treatment of metastatic castration-resistant prostate cancer (mCRPC).,,,
q061-3,q061,FG-3149 sponsor development stage indication public source,FG-3149 FibroGen clinical development,5,"FibroGen, Inc. (NASDAQ:FGEN) Q1 2024 Earnings Conference Call ...",https://reportify-1252068037.cos.ap-beijing.myqcloud.com/media/production/s_4689968_a2b4c0ac65184dcf6818814db38a7a6b.pdf,reportify-1252068037.cos.ap-beijing.myqcloud.com,,"In April, we released compelling data from our FG-3246 Phase 1 monotherapy trial which Deyaa will go into later on the call. ... Lastly, in April, we announced compelling top line results from our Phase 1 monotherapy study of FG-3246 in patients with metastatic castration-resistant prostate cancer. ",,,
q062-1,q062,"HDM-3018 sponsor Huadong Medicine Co. Ltd., development stage Preclinical, and indication Inflammatory Bowel Disease",HDM-3018 Huadong Medicine sponsor,1,Company News,https://en.huadongmedicine.com/companynews/,en.huadongmedicine.com,2026-09-07,"- Huadong Medicine and Heidelberg Pharma Sign Next-Generation ADC Co-Development Agreement, Upgrading Strategic Collaboration",,,
q062-1,q062,"HDM-3018 sponsor Huadong Medicine Co. Ltd., development stage Preclinical, and indication Inflammatory Bowel Disease",HDM-3018 Huadong Medicine sponsor,2,"Huadong Medicine Co., Ltd. - Drug pipelines, Patents, ...",https://synapse.patsnap.com/organization/ad27da775abc9ac7f5faf668b8182538,synapse.patsnap.com,,"|Sponsor / Collaborator Hangzhou Zhongmeihuadong Pharmaceutical Co., Ltd.",,,
q062-1,q062,"HDM-3018 sponsor Huadong Medicine Co. Ltd., development stage Preclinical, and indication Inflammatory Bowel Disease",HDM-3018 Huadong Medicine sponsor,3,"Hangzhou Zhongmei Huadong Pharmaceutical Co., Ltd.","https://baike.baidu.com/en/item/Hangzhou%20Zhongmei%20Huadong%20Pharmaceutical%20Co.,%20Ltd./24530",baike.baidu.com,,"It is the core wholly-owned subsidiary of East China Pharmaceutical Co., Ltd. (an entity integrating science, industry, and trade, possessing one listed company and five Sino-foreign joint ventures).",,,
q062-1,q062,"HDM-3018 sponsor Huadong Medicine Co. Ltd., development stage Preclinical, and indication Inflammatory Bowel Disease",HDM-3018 Huadong Medicine sponsor,4,Products | Huadong Medicine,https://en.huadongmedicine.com/business/,en.huadongmedicine.com,,"With more than 70 years of industry history, Huadong Medicine is a fully integrated, publicly traded pharma group spanning end-to-end drug R&D, production and commercialization.",,,
q062-1,q062,"HDM-3018 sponsor Huadong Medicine Co. Ltd., development stage Preclinical, and indication Inflammatory Bowel Disease",HDM-3018 Huadong Medicine sponsor,5,NMPA Database,https://www.nmpa.gov.cn/datasearch/en/search-result-en.html?nmpaItem=2c9ba38179d08f4f0179d13ca4f4004e,nmpa.gov.cn,,Home Resources ... {{scope.row[item.alias]| ellipsis('15')}},,,
q062-2,q062,"HDM-3018 sponsor Huadong Medicine Co. Ltd., development stage Preclinical, and indication Inflammatory Bowel Disease",HDM-3018 development stage,1,"HDM3018 - Drug Targets, Indications, Patents - Synapse",https://synapse.patsnap.com/drug/ec96b3573d7243f68cb87561b892a60f,synapse.patsnap.com,,"Drug Highest Phase Preclinical First Approval Date ... Indication Highest Phase Country/Location Organization Date Arthritis, Psoriatic Preclinical China Huadong Medicine Co., Ltd. 20 Aug 2025 Inflammatory Bowel Diseases Preclinical China Huadong Medicine Co., Ltd. 20 Aug 2025 Psoriasis of scalp Pre",,,
q062-2,q062,"HDM-3018 sponsor Huadong Medicine Co. Ltd., development stage Preclinical, and indication Inflammatory Bowel Disease",HDM-3018 development stage,2,Bloomberg,https://www.bloomberg.com/profile/company/HDM:GR,bloomberg.com,,For inquiries related to this message please contact our support team and provide the reference ID below.,,,
q062-2,q062,"HDM-3018 sponsor Huadong Medicine Co. Ltd., development stage Preclinical, and indication Inflammatory Bowel Disease",HDM-3018 development stage,3,Improvements Incorporated in the new HDM- 4 Version 2,https://www.sciencedirect.com/science/article/abs/pii/B9780080453125500030,sciencedirect.com,,"## Content ... You can set your browser to block or alert you about these cookies, but some parts of the site will not then work.",,,
q062-2,q062,"HDM-3018 sponsor Huadong Medicine Co. Ltd., development stage Preclinical, and indication Inflammatory Bowel Disease",HDM-3018 development stage,4,Study Details Page,https://www.abbvieclinicaltrials.com/study/?id=DE038,abbvieclinicaltrials.com,2024-01-01,"AbbVie Clinical Trials is designed to support, inform, and help patients in a clinical study or those who are interested in participating.",,,
q062-2,q062,"HDM-3018 sponsor Huadong Medicine Co. Ltd., development stage Preclinical, and indication Inflammatory Bowel Disease",HDM-3018 development stage,5,HDM - Support,https://www.h3c.com/en/Support/Resource_Center/EN/Severs/Catalog/Management_Software/HDM/,h3c.com,,"*No Software found. To seek help, Please Contact Us.",,,
q062-3,q062,"HDM-3018 sponsor Huadong Medicine Co. Ltd., development stage Preclinical, and indication Inflammatory Bowel Disease",HDM-3018 inflammatory bowel disease indication,1,"HDM3018 - Drug Targets, Indications, Patents - Synapse",https://synapse.patsnap.com/drug/ec96b3573d7243f68cb87561b892a60f,synapse.patsnap.com,,"+ [1] Active Indication Arthritis, Psoriatic Inflammatory Bowel Diseases Psoriasis of scalp ... Inflammatory Bowel Diseases Preclinical China Huadong Medicine Co., Ltd. 20 Aug 2025",,,
q062-3,q062,"HDM-3018 sponsor Huadong Medicine Co. Ltd., development stage Preclinical, and indication Inflammatory Bowel Disease",HDM-3018 inflammatory bowel disease indication,2,register,https://academic.oup.com/my-account/register?siteId=6136&returnUrl=https://academic.oup.com/ibdjournal/article/30/12/2512/7588761,academic.oup.com,2025-01-01,"For full access to this pdf, sign in to an existing account, or purchase an annual subscription.",,,
q062-3,q062,"HDM-3018 sponsor Huadong Medicine Co. Ltd., development stage Preclinical, and indication Inflammatory Bowel Disease",HDM-3018 inflammatory bowel disease indication,3,Graphical Abstract,https://academic.oup.com/view-large/figure/569042625/izag138f7.tif?itm_medium=graphical+abstract+image&itm_content=open+image&itm_source=http://academic.oup.com/ibdjournal/article-abstract/32/8/1547/8725974&itm_campaign=graphical+abstract,academic.oup.com,,Graphical Abstract | Oxford Academic  Graphical Abstract ... Please sign in to your personal account to gift article access.,,,
q062-3,q062,"HDM-3018 sponsor Huadong Medicine Co. Ltd., development stage Preclinical, and indication Inflammatory Bowel Disease",HDM-3018 inflammatory bowel disease indication,4,Digestive enzyme – Knowledge and References,https://taylorandfrancis.com/knowledge/Medicine_and_healthcare/Physiology/Digestive_enzyme/,taylorandfrancis.com,2019-09-01,Previous reports indicate that HDM is detected in the intestinal samples [3]. Our recent studies also found that HDM-derived enolase protein induced neutrophilic inflammation in the mouse intestine [19]. The present data show that HDM also can be detected in the stool of both UC patients and NC subj,,,
q062-3,q062,"HDM-3018 sponsor Huadong Medicine Co. Ltd., development stage Preclinical, and indication Inflammatory Bowel Disease",HDM-3018 inflammatory bowel disease indication,5,Study Details Page,https://www.abbvieclinicaltrials.com/study/?id=DE038,abbvieclinicaltrials.com,2024-01-01,"AbbVie Clinical Trials is designed to support, inform, and help patients in a clinical study or those who are interested in participating.",,,
q063-1,q063,"Granisetron in Head and Neck Cancer: clinical trial population, biomarker or severity selection, line of therapy, and required prior treatment",Granisetron recurrent metastatic head and neck cancer clinical trial eligibility,1,NCT00588770,https://www.loyolamedicine.org/clinical-research/clinical-trials/nct00588770,loyolamedicine.org,,"Inclusion Criteria: * Patients must have histologically or cytologically confirmed squamous cell cancer of the head and neck (SCCHN), from any primary site, including unknown primary cancers of the head and neck; patient must not have nasopharyngeal carcinoma of histologic types World Health Organiz",,,
q063-1,q063,"Granisetron in Head and Neck Cancer: clinical trial population, biomarker or severity selection, line of therapy, and required prior treatment",Granisetron recurrent metastatic head and neck cancer clinical trial eligibility,2,A Study for Participants With Recurrent or Metastatic ...,https://clinicaltrials.gov/study/NCT01087970,clinicaltrials.gov,2010-03-15,"Inclusion Criteria: Histologic or cytologic diagnosis of squamous cell head and neck cancer (HNC) - Recurrent disease (locally advanced or metastatic) that is not amenable to local therapy, (i) with at least 6 months since completion of systemic therapy (chemotherapy or biological anticancer therapy",,,
q063-1,q063,"Granisetron in Head and Neck Cancer: clinical trial population, biomarker or severity selection, line of therapy, and required prior treatment",Granisetron recurrent metastatic head and neck cancer clinical trial eligibility,3,Axitinib in Treating Patients with Recurrent or Metastatic Head and ...,https://www.cancer.gov/research/participate/clinical-trials-search/v?id=NCI-2016-01064,cancer.gov,2016-06-23,"### Inclusion Criteria - Histologically documented squamous cell head and neck cancer with or without metastases, not amenable to curative treatment; or the patient has documented refusal of curative treatment ... - Age >= 18 years",,,
q063-1,q063,"Granisetron in Head and Neck Cancer: clinical trial population, biomarker or severity selection, line of therapy, and required prior treatment",Granisetron recurrent metastatic head and neck cancer clinical trial eligibility,4,Clinical Trial 23276,https://www.moffitt.org/clinical-trials-and-studies/clinical-trial-23276/,moffitt.org,2001-01-01,- Age 18 years or older. - A diagnosis of recurrent or metastatic HNSCC at 1 of the following sites: Nasal/paranasal sinuses Nasopharynx (Epstein-Barr virus [EBV] negative only) Oral cavity Oropharynx Hypopharynx Larynx - Disease progression after treatment with PD-L1-based immune checkpoint inhibit,,,
q063-1,q063,"Granisetron in Head and Neck Cancer: clinical trial population, biomarker or severity selection, line of therapy, and required prior treatment",Granisetron recurrent metastatic head and neck cancer clinical trial eligibility,5,Clinical Trials,https://med.stanford.edu/plasticsurgery/research/trials.html?ctid=NCT03754933&conditionId=18&serviceLineId=&condition=Head+and+Neck+Cancers+(H&N)&alpha=s,med.stanford.edu,2023-08-15,"**Inclusion Criteria:** 1. Provided Informed Consent 2. Age ≥ 18 years 3. Patients with histologically or cytologically confirmed diagnosis of recurrent cancer of the head and neck region for whom there is no curative treatment option. For the purposes of trial eligibility, cancers of the head and n",,,
q063-2,q063,"Granisetron in Head and Neck Cancer: clinical trial population, biomarker or severity selection, line of therapy, and required prior treatment",Granisetron head and neck cancer Phase 2 prior treatment,1,Granisetron Monograph for Professionals,https://www.drugs.com/monograph/granisetron.html,drugs.com,2026-07-19,"Antiemetic; selective inhibitor of type 3 serotonergic (5-HT~3~) receptors.^^ ^^ ^^ ... ### Cancer Chemotherapy-induced Nausea and Vomiting Prevention of nausea and vomiting associated with initial and repeat courses of emetogenic cancer chemotherapy, including high-dose cisplatin.^^ ^^ For preventi",,,
q063-2,q063,"Granisetron in Head and Neck Cancer: clinical trial population, biomarker or severity selection, line of therapy, and required prior treatment",Granisetron head and neck cancer Phase 2 prior treatment,2,Clinical Trial 23691 | Moffitt,https://www.moffitt.org/clinical-trials-and-studies/clinical-trial-23691/,moffitt.org,,"A Multicenter, Randomized, Double-blind, Phase 2/3 Study of Ficerafusp Alfa (BCA101) or Placebo in Combination with Pembrolizumab for First-Line Treatment of PD-L1-positive, Recurrent or Metastatic Head and Neck Squamous Cell Carcinoma ... Note: primary tumor location of paranasal sinuses and nasoph",,,
q063-2,q063,"Granisetron in Head and Neck Cancer: clinical trial population, biomarker or severity selection, line of therapy, and required prior treatment",Granisetron head and neck cancer Phase 2 prior treatment,3,Comparison of an extended-release formulation of granisetron ...,https://link.springer.com/article/10.1007/s00520-014-2400-3?error=cookies_not_supported&code=b5251cc9-c8b2-48c0-ab96-2e8baefee7f5,link.springer.com,,"This randomized, double-blind phase 3 trial compared APF530 and palonosetron in preventing acute and delayed CINV after moderately (MEC) or highly emetogenic chemotherapy (HEC). ... Key exclusion criteria included gastrointestinal cancers or intestinal obstruction, head and neck cancers, or primary ",,,
q063-2,q063,"Granisetron in Head and Neck Cancer: clinical trial population, biomarker or severity selection, line of therapy, and required prior treatment",Granisetron head and neck cancer Phase 2 prior treatment,4,A Hematology Oncology Wiki,https://hemonc.org/wiki/Head_and_neck_cancer,hemonc.org,2019-09-02,"*given prior to chemotherapy* ... - Granisetron 1 mg IV once per day on days 1, 8, 15, 22, 29, 36, 43, 50, *given prior to chemotherapy* ... #### Prior treatment criteria - EMR 62202-016: Progression within 30 days of 2 to 6 cycles of platinum-based chemotherapy - CheckMate 141: Progression within 6",,,
q063-2,q063,"Granisetron in Head and Neck Cancer: clinical trial population, biomarker or severity selection, line of therapy, and required prior treatment",Granisetron head and neck cancer Phase 2 prior treatment,5,PMH CLINICAL PRACTICE GUIDELINES TEMPLATE,https://www.uhn.ca/PrincessMargaret/Health_Professionals/Programs_Departments/Head_Neck/Documents/CPG_HeadNeck_NasalCavityParanasalSinus.pdf,uhn.ca,," Concurrent high dose cisplatin is delivered when concurrent chemotherapy is  appropriate in combination with definitive radiation  for squamous cell and  undifferentiated histologies  ...  Anti-emetics:   granisetron 1 mg IV q24hrs day 1,2   dexamethasone 10 mg IV day 1, then 2 mg IV day 2 (AM)",,,
q063-3,q063,"Granisetron in Head and Neck Cancer: clinical trial population, biomarker or severity selection, line of therapy, and required prior treatment",Granisetron head and neck cancer biomarker ECOG,1,Gestione di nausea e vomito nel paziente oncologico. ...,https://iris.uniupo.it/retrieve/e163b88f-e4ce-c12c-e053-d805fe0a7f21/pensiero%20scientifico%202019.pdf,iris.uniupo.it,,"La formulazione transdermica di granisetron ga- rantisce un efficace e ben tollerato controllo della nausea indotta da chemioterapia, in particolare da terapie moderatamente e altamente emetogene che si protraggano per più giorni. Questa via di somministra- zione rappresenta un’ottima alternativa al",,,
q063-3,q063,"Granisetron in Head and Neck Cancer: clinical trial population, biomarker or severity selection, line of therapy, and required prior treatment",Granisetron head and neck cancer biomarker ECOG,2,"results of a prospective, randomized, double-blind, ...",https://pmc.ncbi.nlm.nih.gov/articles/PMC4311069/,pmc.ncbi.nlm.nih.gov,2014-09-02,Subcutaneous APF530 provides controlled sustained release of granisetron to prevent acute (0–24 h) and delayed (24–120 h) chemotherapy-induced nausea and vomiting (CINV).,,,
q063-3,q063,"Granisetron in Head and Neck Cancer: clinical trial population, biomarker or severity selection, line of therapy, and required prior treatment",Granisetron head and neck cancer biomarker ECOG,3,Comparison of granisetron alone and granisetron plus hydroxyzine hydrochloride for prophylactic treatment of emesis induced by cisplatin chemotherapy - PubMed,https://pubmed.ncbi.nlm.nih.gov/7488417/,pubmed.ncbi.nlm.nih.gov,1995-09-08,"The only side-effect observed was headache in 1 patient from group G, and no drug-related laboratory test abnormalities were observed.",,,
q063-3,q063,"Granisetron in Head and Neck Cancer: clinical trial population, biomarker or severity selection, line of therapy, and required prior treatment",Granisetron head and neck cancer biomarker ECOG,4,Efficacy of the granisetron transdermal system for ...,https://pmc.ncbi.nlm.nih.gov/articles/PMC10175860/,pmc.ncbi.nlm.nih.gov,2022-03-11,"|Head or neck|9 (4.89)|15 (8.06)| | ... GTS, granisetron transdermal system; ECOG, Eastern Cooperative Oncology Group.",,,
q063-3,q063,"Granisetron in Head and Neck Cancer: clinical trial population, biomarker or severity selection, line of therapy, and required prior treatment",Granisetron head and neck cancer biomarker ECOG,5,Granisetron: An Update on its Clinical Use in the Management ...,https://academic.oup.com/oncolo/article/9/6/673/6388097,academic.oup.com,2004-11-01,"A few reports have shown that some 5-HT~3~-receptor antagonists are associated with electrocardiographic (ECG) abnormalities [80]. However, the cardiac safety of granisetron has been demonstrated in studies involving both healthy volunteers and cancer patients [81–88]. In healthy adult volunteers, n",,,
q063-4,q063,"Granisetron in Head and Neck Cancer: clinical trial population, biomarker or severity selection, line of therapy, and required prior treatment",Granisetron Kyowa Kirin head and neck cancer trial,1,"Kyowa Kirin, Inc.",https://trial.medpath.com/organization/kyowa-kirin-inc,trial.medpath.com,2026-09-28,#### Study to Assess Bioequivalence and Adhesion Properties Between Two Granisetron Transdermal Patches. Phase 1 Completed interventional Jul 2021134 participants,,,
q063-4,q063,"Granisetron in Head and Neck Cancer: clinical trial population, biomarker or severity selection, line of therapy, and required prior treatment",Granisetron Kyowa Kirin head and neck cancer trial,2,[PDF] SANCUSO (granisetron transdermal system) - Kyowa Kirin,https://www.kkna.kyowakirin.com/uploads/PI_Sancuso.pdf,kkna.kyowakirin.com,,Sancuso is a serotonin-3 (5-HT3) receptor antagonist indicated for the  prevention of nausea and vomiting in adults receiving moderately and/or  highly emetogenic chemotherapy for up to 5 consecutive days. ... Application and Removal Instructions  • Each transdermal system releases 3.1 mg of granise,,,
q063-4,q063,"Granisetron in Head and Neck Cancer: clinical trial population, biomarker or severity selection, line of therapy, and required prior treatment",Granisetron Kyowa Kirin head and neck cancer trial,3,"Granisetron - Drug Targets, Indications, Patents",https://synapse.patsnap.com/drug/0d12eaad84844db689db82af6f8ba870,synapse.patsnap.com,,"|Gastroparesis|Phase 2|United States|Kyowa Kirin, Inc.|01 Jan 2019| |Astrocytoma|Phase 2|United States|Kyowa Kirin Co., Ltd.|30 Sep 2013| |Glioblastoma|Phase 2|United States|Kyowa Kirin Co., Ltd.|30 Sep 2013| ... |NCT04645953 (CTgov)|Phase 2|Vomiting|150|1mg AZ010 (1mg AZ010)|anddsfkytw(srgsdcaurl) ",,,
q063-4,q063,"Granisetron in Head and Neck Cancer: clinical trial population, biomarker or severity selection, line of therapy, and required prior treatment",Granisetron Kyowa Kirin head and neck cancer trial,4,Kyowa_Kirin_brochure_UK.pdf,https://www.international.kyowa-kirin.com/uk/share/pdf/Kyowa_Kirin_brochure_UK.pdf,international.kyowa-kirin.com,,ONCOLOGY NEPHROLOGY Phase II and Phase III Granisetron Patch    MOA: 5-HT3 Serotonin Receptor Antagonist  Therapy area: Chemotherapy induced nausea and vomiting  Stage: Filed in MY  Licensed from: Solasia Pharma (ProStrakan)  Remarks: Already launched in US and EU,,,
q063-4,q063,"Granisetron in Head and Neck Cancer: clinical trial population, biomarker or severity selection, line of therapy, and required prior treatment",Granisetron Kyowa Kirin head and neck cancer trial,5,"© Kyowa Hakko Kirin Co., Ltd.",https://ir.kyowakirin.com/en/library/earnings/main/014/teaserItems1/01/linkList/01/link/presentation_2018_q1_en.pdf,ir.kyowakirin.com,,Granisetron ‐ Chemotherapy induced nausea and  vomiting Malaysia Jan. Approved (BN: Sancuso),,,
q064-1,q064,"HPV Vaccine (HAd5 Vector) in Head and Neck Cancer: clinical trial population, biomarker or severity selection, line of therapy, and required prior treatment",HPV Vaccine (HAd5 Vector) ImmunityBio head and neck cancer clinical trial eligibility,1,Patients & Caregivers,https://immunitybio.com/find-a-trial/,immunitybio.com,2026-01-06,"QUILT-3.100 This Phase 1 open-label study is evaluating the safety of ImmunityBio’s IBRX-042 therapeutic Vaccine in patients with HPV-associated tumors (cervical, esophageal, head, neck, and anal squamous cell carcinomas, as well as vaginal, vulvar, and penile cancers). Adult patients diagnosed with",,,
q064-1,q064,"HPV Vaccine (HAd5 Vector) in Head and Neck Cancer: clinical trial population, biomarker or severity selection, line of therapy, and required prior treatment",HPV Vaccine (HAd5 Vector) ImmunityBio head and neck cancer clinical trial eligibility,2,HPV+ / HPV- 2nd Line Head & Neck Cancer,https://immunitybio.com/trial/hpv-hpv-2nd-line-head-neck-cancer/,immunitybio.com,2026-01-06,"This Phase 1 open-label study is evaluating the safety of ImmunityBio’s IBRX-042 therapeutic Vaccine in patients with HPV-associated tumors (cervical, esophageal, head, neck, and anal squamous cell carcinomas, as well as vaginal, vulvar, and penile cancers). Acceptance Requirements Adult patients di",,,
q064-1,q064,"HPV Vaccine (HAd5 Vector) in Head and Neck Cancer: clinical trial population, biomarker or severity selection, line of therapy, and required prior treatment",HPV Vaccine (HAd5 Vector) ImmunityBio head and neck cancer clinical trial eligibility,3,"NCT07628062 | Phase 2 Study of NAI, HPV Vaccine, and Nab ...",https://clinicaltrials.gov/study/NCT07628062,clinicaltrials.gov,2026-06-04,"Not yet recruiting** ... This Phase 2a/2 study evaluates the safety, tolerability, and efficacy of neoadjuvant and adjuvant NAI, hAd5-HPV vaccine (IBRX-042), and nab-paclitaxel in participants with locally advanced HPV-positive oropharyngeal squamous cell carcinoma (OPSCC). ... In part 1 (phase 2a),",,,
q064-1,q064,"HPV Vaccine (HAd5 Vector) in Head and Neck Cancer: clinical trial population, biomarker or severity selection, line of therapy, and required prior treatment",HPV Vaccine (HAd5 Vector) ImmunityBio head and neck cancer clinical trial eligibility,4,Human Papillomavirus,https://immunitybio.com/human-papillomavirus/,immunitybio.com,2026-02-03,"**QUILT-3.100: Phase 1 Open-Label Study to Evaluate Safety And Determine The Maximum Tolerated Dose of IBRX-042 In Subjects With HPV-Associated Tumors.** We are conducting a phase 1 trial to study a vaccine, IBRX-042, targeting proteins produced by HPV after infection that has the potential to treat",,,
q064-1,q064,"HPV Vaccine (HAd5 Vector) in Head and Neck Cancer: clinical trial population, biomarker or severity selection, line of therapy, and required prior treatment",HPV Vaccine (HAd5 Vector) ImmunityBio head and neck cancer clinical trial eligibility,5,Clinical Trials,https://www.mayo.edu/research/clinical-trials/cls-20526572,mayo.edu,2026-05-19,"Site IRB ... Some patients with head and neck cancer caused by human papilloma virus have a higher risk of recurrence. We are proposing to treat these patients with HPV vaccine with or without pembrolizumab during the window prior to surgery, in hopes of stimulating an immune response. ... Participa",,,
q064-2,q064,"HPV Vaccine (HAd5 Vector) in Head and Neck Cancer: clinical trial population, biomarker or severity selection, line of therapy, and required prior treatment",HPV Vaccine (HAd5 Vector) ImmunityBio HPV biomarker head and neck cancer,1,Human Papillomavirus,https://immunitybio.com/human-papillomavirus/,immunitybio.com,2026-02-03,The risk for development of certain cancers is greater for people who have been infected with the human papillomavirus (HPV). ... 1Almost all cervical or throat (oropharyngeal) cancer is caused by HPV infection. ... Early vaccination against HPV is one way to prevent both HPV infection and the assoc,,,
q064-2,q064,"HPV Vaccine (HAd5 Vector) in Head and Neck Cancer: clinical trial population, biomarker or severity selection, line of therapy, and required prior treatment",HPV Vaccine (HAd5 Vector) ImmunityBio HPV biomarker head and neck cancer,2,HPV-Associated Head and Neck Cancer: Molecular and Nano ... - NIH,https://pmc.ncbi.nlm.nih.gov/articles/PMC3355463/,pmc.ncbi.nlm.nih.gov,2012-04-20,"Of these, head and neck cancer is almost exclusively caused by HPV-16 which accounts for >90% of cases [6,7]. ... While not testing whether a given patient's tumor is related to HPV infection, exposure to HPV can be determined through serology. Using serum antibody detection systems, monoclonal anti",,,
q064-2,q064,"HPV Vaccine (HAd5 Vector) in Head and Neck Cancer: clinical trial population, biomarker or severity selection, line of therapy, and required prior treatment",HPV Vaccine (HAd5 Vector) ImmunityBio HPV biomarker head and neck cancer,3,Immunotherapeutic strategies in head and neck cancer: challenges ...,https://pmc.ncbi.nlm.nih.gov/articles/PMC11996880/,pmc.ncbi.nlm.nih.gov,2025-04-15,"Vaccine-based immunotherapy for HPV^+^ HNSCC is a logical intervention to target tumor cells expressing viral antigens (e.g., E6/E7) (46). Several strategies — including live-vector vaccines (e.g., axalimogene filolisbac secreting the Lm-LLO-HPV E7 fusion protein), peptide vaccines such as ISA101 in",,,
q064-2,q064,"HPV Vaccine (HAd5 Vector) in Head and Neck Cancer: clinical trial population, biomarker or severity selection, line of therapy, and required prior treatment",HPV Vaccine (HAd5 Vector) ImmunityBio HPV biomarker head and neck cancer,4,Molecular Insights into HPV-Driven Head and Neck Cancers - PMC,https://pmc.ncbi.nlm.nih.gov/articles/PMC12474466/,pmc.ncbi.nlm.nih.gov,2025-09-20,"- p16 overexpression is widely used as a surrogate marker of HPV-driven oncogenesis in OPSCC. Although not entirely specific, strong and diffuse nuclear/cytoplasmic p16 staining strongly correlates with high-risk HPV, particularly HPV16 [69,70,71]. ... - **Liquid Biopsy:** Analysis of circulating tu",,,
q064-2,q064,"HPV Vaccine (HAd5 Vector) in Head and Neck Cancer: clinical trial population, biomarker or severity selection, line of therapy, and required prior treatment",HPV Vaccine (HAd5 Vector) ImmunityBio HPV biomarker head and neck cancer,5,Head and neck cancers - World Cancer Report,https://www.ncbi.nlm.nih.gov/books/NBK606499/,ncbi.nlm.nih.gov,2020-01-01,"HPV vaccination is a potential tool for prophylaxis of HPV-related head and neck cancers. There are promising new potential screening and monitoring biomarkers, such as HPV16 E6 serology. ... The mere presence of HPV DNA is not sufficient to prove viral causation, because it may reflect only a trans",,,
q064-3,q064,"HPV Vaccine (HAd5 Vector) in Head and Neck Cancer: clinical trial population, biomarker or severity selection, line of therapy, and required prior treatment",HPV Vaccine (HAd5 Vector) ImmunityBio recurrent metastatic head and neck cancer prior treatment,1,Human Papillomavirus,https://immunitybio.com/human-papillomavirus/,immunitybio.com,2026-02-03,"**QUILT-3.100: Phase 1 Open-Label Study to Evaluate Safety And Determine The Maximum Tolerated Dose of IBRX-042 In Subjects With HPV-Associated Tumors.** We are conducting a phase 1 trial to study a vaccine, IBRX-042, targeting proteins produced by HPV after infection that has the potential to treat",,,
q064-3,q064,"HPV Vaccine (HAd5 Vector) in Head and Neck Cancer: clinical trial population, biomarker or severity selection, line of therapy, and required prior treatment",HPV Vaccine (HAd5 Vector) ImmunityBio recurrent metastatic head and neck cancer prior treatment,2,Head and neck cancer therapeutic vaccines: a review - Frontiers,https://www.frontiersin.org/journals/oncology/articles/10.3389/fonc.2026.1773594/full,frontiersin.org,2026-05-08,Personalized cancer vaccines are emerging as a promising treatment strategy in HNSCC. Combining immune checkpoint inhibitor therapy with therapeutic cancer vaccines can enhance immune activation through stimulation of both innate and adaptive immune responses. The ability of therapeutic vaccines to ,,,
q064-3,q064,"HPV Vaccine (HAd5 Vector) in Head and Neck Cancer: clinical trial population, biomarker or severity selection, line of therapy, and required prior treatment",HPV Vaccine (HAd5 Vector) ImmunityBio recurrent metastatic head and neck cancer prior treatment,3,A Review of Immunotherapy for Head and Neck Cancer - PMC,https://pmc.ncbi.nlm.nih.gov/articles/PMC11653306/,pmc.ncbi.nlm.nih.gov,2024-10-06,|NCT04852328|II|Neoadjuvant Cue-101 (E7-HLA-IL2-Fc fusion protein) followed by surgery/adjuvant CRT or definitive CRT|Novel therapeutic vaccine strategy for HLA-A*0201 positive patients)| |NCT04630353|I|Neoadjuvant HB201 (HPV16 E6/E7 fusion protein) delivered intravenously prior to definitive surger,,,
q064-3,q064,"HPV Vaccine (HAd5 Vector) in Head and Neck Cancer: clinical trial population, biomarker or severity selection, line of therapy, and required prior treatment",HPV Vaccine (HAd5 Vector) ImmunityBio recurrent metastatic head and neck cancer prior treatment,4,Driving Progress in Recurrent and Metastatic Head and Neck Cancer,https://pmc.ncbi.nlm.nih.gov/articles/PMC13101959/,pmc.ncbi.nlm.nih.gov,2026-07-01,"Among these, therapeutic vaccines—particularly in HPV-positive oropharyngeal carcinoma—aim to generate tumor-specific immune responses by targeting viral oncoproteins, and are being studied in combination with checkpoint blockade to enhance immunogenicity^100,101^. ... |Cancer vaccines|Peltopepimut-",,,
q064-3,q064,"HPV Vaccine (HAd5 Vector) in Head and Neck Cancer: clinical trial population, biomarker or severity selection, line of therapy, and required prior treatment",HPV Vaccine (HAd5 Vector) ImmunityBio recurrent metastatic head and neck cancer prior treatment,5,Head and Neck Carcinoma Immunotherapy,https://pmc.ncbi.nlm.nih.gov/articles/PMC5754223/,pmc.ncbi.nlm.nih.gov,2017-07-27,Dysfunctional immune cells in patients with recurrent/metastatic HNC can be made effective by the delivery of immunotherapies in combination with conventional treatments. ... Vaccines using tumor antigens (TAs) that are tumor-specific and essential for tumor cell survival are preferable. Since no su,,,
q064-4,q064,"HPV Vaccine (HAd5 Vector) in Head and Neck Cancer: clinical trial population, biomarker or severity selection, line of therapy, and required prior treatment",HPV Vaccine (HAd5 Vector) ImmunityBio phase 2 trial inclusion criteria,1,Patients & Caregivers,https://immunitybio.com/find-a-trial/,immunitybio.com,2026-01-06,"HPV QUILT-3.100 This Phase 1 open-label study is evaluating the safety of ImmunityBio’s IBRX-042 therapeutic Vaccine in patients with HPV-associated tumors (cervical, esophageal, head, neck, and anal squamous cell carcinomas, as well as vaginal, vulvar, and penile cancers). Adult patients diagnosed ",,,
q064-4,q064,"HPV Vaccine (HAd5 Vector) in Head and Neck Cancer: clinical trial population, biomarker or severity selection, line of therapy, and required prior treatment",HPV Vaccine (HAd5 Vector) ImmunityBio phase 2 trial inclusion criteria,2,"a phase 2/3, placebo-controlled",https://cdn.clinicaltrials.gov/large-docs/24/NCT06022224/Prot_SAP_000.pdf,cdn.clinicaltrials.gov,,"This is a phase 2/3, multicenter, randomized, placebo-controlled, observer-blind study assessing the safety, tolerability, immunogenicity, and efficacy of prophylactic hAd5-S-Fusion+N-ETSD against COVID-19. ... Subjects will be ≥ 16 years of age who are healthy or have medically-stable chronic disea",,,
q064-4,q064,"HPV Vaccine (HAd5 Vector) in Head and Neck Cancer: clinical trial population, biomarker or severity selection, line of therapy, and required prior treatment",HPV Vaccine (HAd5 Vector) ImmunityBio phase 2 trial inclusion criteria,3,"NCT07628062 | Phase 2 Study of NAI, HPV Vaccine, and Nab ...",https://clinicaltrials.gov/study/NCT07628062,clinicaltrials.gov,2026-06-04,"Not yet recruiting** ... This Phase 2a/2 study evaluates the safety, tolerability, and efficacy of neoadjuvant and adjuvant NAI, hAd5-HPV vaccine (IBRX-042), and nab-paclitaxel in participants with locally advanced HPV-positive oropharyngeal squamous cell carcinoma (OPSCC). ... In part 1 (phase 2a),",,,
q064-4,q064,"HPV Vaccine (HAd5 Vector) in Head and Neck Cancer: clinical trial population, biomarker or severity selection, line of therapy, and required prior treatment",HPV Vaccine (HAd5 Vector) ImmunityBio phase 2 trial inclusion criteria,4,Annual Report,https://ir.immunitybio.com/static-files/7680e8e5-5c04-4608-abd2-8b3920195f18,ir.immunitybio.com,,"Backed by data from preclinical animal models, we are exploring IBRX-042 that leverages our hAd5-based vaccine platform to target tumors caused by HPV infection (which includes most types of lower genitourinary (GU), cervical, and some types of head/neck cancers). Our second-generation hAd5 vector i",,,
q064-4,q064,"HPV Vaccine (HAd5 Vector) in Head and Neck Cancer: clinical trial population, biomarker or severity selection, line of therapy, and required prior treatment",HPV Vaccine (HAd5 Vector) ImmunityBio phase 2 trial inclusion criteria,5,"NCT04537156 | Efficacy, Immunogenicity and Safety Study ...",https://clinicaltrials.gov/study/NCT04537156,clinicaltrials.gov,2020-08-19,"Inclusion Criteria: - Female aged between 18 and 45 years at the first vaccination; - Be able to understand and comply with the request of the protocol(e.g. biological specimen collection, diary card entry and attend regular follow-up), and sign written informed consent; - Women who agree to use eff",,,
