case_id,row_id,objective,query,rank,title,url,domain,date,snippet,relevant,answers_objective,notes
q001-obj,q001,Tamuzimod safety findings and adverse events in Moderately to severely active ulcerative colitis Ulcerative Colitis,Tamuzimod safety findings and adverse events in Moderately to severely active ulcerative colitis Ulcerative Colitis,1,Tamuzimod in patients with moderately-to-severely active ...,https://pubmed.ncbi.nlm.nih.gov/39793589/,pubmed.ncbi.nlm.nih.gov,,"We aimed to assess the safety and efficacy of tamuzimod in patients with moderately-to-severely active ulcerative colitis. ... ** This double-blind, randomised, placebo-controlled, phase 2 induction trial was conducted at 122 centres across 15 countries in Asia, Europe, and North America. Patients a",,,
q001-obj,q001,Tamuzimod safety findings and adverse events in Moderately to severely active ulcerative colitis Ulcerative Colitis,Tamuzimod safety findings and adverse events in Moderately to severely active ulcerative colitis Ulcerative Colitis,2,"Ulcerative colitis, active severe - Drugs, Targets, Patents - Synapse",https://synapse.patsnap.com/disease/884b63886644433694ee6557e3324413,synapse.patsnap.com,,"Tamuzimod in patients with moderately-to-severely active ulcerative colitis: a multicentre, double-blind, randomised, placebo-controlled, phase 2 induction trial ... Patients aged 18-80 years with a modified Mayo score (MMS) of 4-9 and an inadequate response or a loss of response, or intolerance to ",,,
q001-obj,q001,Tamuzimod safety findings and adverse events in Moderately to severely active ulcerative colitis Ulcerative Colitis,Tamuzimod safety findings and adverse events in Moderately to severely active ulcerative colitis Ulcerative Colitis,3,"Articles Tamuzimod in patients with moderately-to-severely active ulcerative colitis: a multicentre, double-blind, randomised, placebo-controlled, phase 2 induction trial",https://www.sciencedirect.com/science/article/abs/pii/S2468125324003868,sciencedirect.com,2025-03-05,"Tamuzimod induction therapy demonstrated effectiveness and was well-received by patients with ulcerative colitis. These findings, along with the favorable risk-benefit profile of tamuzimod, support its ongoing clinical development for the treatment of moderately to severely active ulcerative colitis",,,
q001-obj,q001,Tamuzimod safety findings and adverse events in Moderately to severely active ulcerative colitis Ulcerative Colitis,Tamuzimod safety findings and adverse events in Moderately to severely active ulcerative colitis Ulcerative Colitis,4,"Ulcerative colitis, active moderate - Drugs, Targets, Patents",https://synapse.patsnap.com/disease/cf939ce88f9b42f9b400ce70eaf89a7a,synapse.patsnap.com,,"Tamuzimod in patients with moderately-to-severely active ulcerative colitis: a multicentre, double-blind, randomised, placebo-controlled, phase 2 induction trial ... We aimed to assess the safety and efficacy of tamuzimod in patients with moderately-to-severely active ulcerative colitis.METHODSThis ",,,
q001-obj,q001,Tamuzimod safety findings and adverse events in Moderately to severely active ulcerative colitis Ulcerative Colitis,Tamuzimod safety findings and adverse events in Moderately to severely active ulcerative colitis Ulcerative Colitis,5,Ozanimod as Induction and Maintenance Therapy for Ulcerative Colitis | NEJM,https://www.nejm.org/doi/full/10.1056/NEJMoa2033617,nejm.org,,"We conducted a phase 3, multicenter, randomized, double-blind, placebo-controlled trial of ozanimod as induction and maintenance therapy in patients with moderately to severely active ulcerative colitis. ... Serious infection occurred in less than 2% of the patients in each group during the 52-week ",,,
q002-obj,q002,"C. difficile Infection Episode: Receipt of SOC Antibacterial Therapy (Fidaxomicin, Vancomycin, Metronidazole) With Planned Duration 10–25 Days at Time of IMP Administration competing agents in the same mechanistic class as AZD5148, including Monoclonal Antibody targeting Clostridioides Difficile Toxin B TcdB","C. difficile Infection Episode: Receipt of SOC Antibacterial Therapy (Fidaxomicin, Vancomycin, Metronidazole) With Planned Duration 10–25 Days at Time of IMP Administration competing agents in the same mechanistic class as AZD5148, including Monoclonal Antibody targeting Clostridioides Difficile Toxin B TcdB",1,Clinical Practice Guideline by the Infectious Diseases ... - IDSA,https://www.idsociety.org/globalassets/idsa/practice-guidelines/cdi-2021-focused-update.pdf,idsociety.org,,"Initial CDI  episode Preferred: Fidaxomicin 200 mg given twice daily for 10 days  Implementation depends upon available  resources Alternative: Vancomycin 125 mg given 4 times daily by mouth for 10 days Vancomycin remains an acceptable alternative Alternative for nonsevere CDI, if above agents are u",,,
q002-obj,q002,"C. difficile Infection Episode: Receipt of SOC Antibacterial Therapy (Fidaxomicin, Vancomycin, Metronidazole) With Planned Duration 10–25 Days at Time of IMP Administration competing agents in the same mechanistic class as AZD5148, including Monoclonal Antibody targeting Clostridioides Difficile Toxin B TcdB","C. difficile Infection Episode: Receipt of SOC Antibacterial Therapy (Fidaxomicin, Vancomycin, Metronidazole) With Planned Duration 10–25 Days at Time of IMP Administration competing agents in the same mechanistic class as AZD5148, including Monoclonal Antibody targeting Clostridioides Difficile Toxin B TcdB",2,Management of Clostridioides difficile infection in adults and ...,https://academic.oup.com/jac/article/78/1/21/6849560,academic.oup.com,2023-01-05,Updated IDSA/SHEA and ESCMID guidelines now reflect the increased efficacy of fidaxomicin in preventing recurrence and have both promoted fidaxomicin to first-line therapy with an initial CDI episode in both non-severe and severe disease and endorsed the role of bezlotoxumab in the prevention of rec,,,
q002-obj,q002,"C. difficile Infection Episode: Receipt of SOC Antibacterial Therapy (Fidaxomicin, Vancomycin, Metronidazole) With Planned Duration 10–25 Days at Time of IMP Administration competing agents in the same mechanistic class as AZD5148, including Monoclonal Antibody targeting Clostridioides Difficile Toxin B TcdB","C. difficile Infection Episode: Receipt of SOC Antibacterial Therapy (Fidaxomicin, Vancomycin, Metronidazole) With Planned Duration 10–25 Days at Time of IMP Administration competing agents in the same mechanistic class as AZD5148, including Monoclonal Antibody targeting Clostridioides Difficile Toxin B TcdB",3,Clinical Practice Guidelines for Clostridium difficile ... - IDSA,https://www.idsociety.org/globalassets/idsa/practice-guidelines/clinical-practice-guidelines-for-clostridium-difficile.pdf,idsociety.org,,"1. Either vancomycin or fidaxomicin is recommended over  metronidazole for an initial episode of CDI. The dosage is vancomycin 125 mg orally 4 times per day or fidaxomicin 200 mg twice daily for 10 days (strong recommendation, high  quality of evidence) (Table 1). 2. In settings where access to vanc",,,
q002-obj,q002,"C. difficile Infection Episode: Receipt of SOC Antibacterial Therapy (Fidaxomicin, Vancomycin, Metronidazole) With Planned Duration 10–25 Days at Time of IMP Administration competing agents in the same mechanistic class as AZD5148, including Monoclonal Antibody targeting Clostridioides Difficile Toxin B TcdB","C. difficile Infection Episode: Receipt of SOC Antibacterial Therapy (Fidaxomicin, Vancomycin, Metronidazole) With Planned Duration 10–25 Days at Time of IMP Administration competing agents in the same mechanistic class as AZD5148, including Monoclonal Antibody targeting Clostridioides Difficile Toxin B TcdB",4,Diagnosis and Management of Clostridioides difficile ...,https://www.med.unc.edu/pediatrics/cccp/wp-content/uploads/sites/1156/2025/06/CASP-UNCMC-CDI-Guideline_FOCUSED-UPDATE_09.16.25.pdf,med.unc.edu,,"Fidaxomicin and enteral vancomycin are primary therapies for patients with an initial episode of CDI. Fidaxomicin has demonstrated non-inferiority to vancomycin in successful treatment of initial episodes of CDI. Additionally, pooled analyses have demonstrated a higher chance of sustained clinical r",,,
q002-obj,q002,"C. difficile Infection Episode: Receipt of SOC Antibacterial Therapy (Fidaxomicin, Vancomycin, Metronidazole) With Planned Duration 10–25 Days at Time of IMP Administration competing agents in the same mechanistic class as AZD5148, including Monoclonal Antibody targeting Clostridioides Difficile Toxin B TcdB","C. difficile Infection Episode: Receipt of SOC Antibacterial Therapy (Fidaxomicin, Vancomycin, Metronidazole) With Planned Duration 10–25 Days at Time of IMP Administration competing agents in the same mechanistic class as AZD5148, including Monoclonal Antibody targeting Clostridioides Difficile Toxin B TcdB",5,Guidelines for the Treatment of Clostridioides difficile ...,https://med.stanford.edu/content/dam/sm/bugsanddrugs/documents/clinicalpathways/SHC-CDI-Guideline.pdf,med.stanford.edu,,"First Episode Non- Severe  (WBC < 15,000 AND Creatinine < 1.5 mg/dL)  Fidaxomicin 200mg PO BID x 10 days   Vancomycin 125mg PO q6h x 14  days, then BID x 7 days, then daily x  7 days  ... First Episode Severe  (WBC ≥ 15,000 OR  Creatinine > 1.5 mg/dL)  Fidaxomicin 200mg PO BID x 10 days  Vancomycin ",,,
q003-obj,q003,Distal Ulcerative Colitis competing agents in the same mechanistic class as RpoB Small Molecule,Distal Ulcerative Colitis competing agents in the same mechanistic class as RpoB Small Molecule,1,Ulcerative Colitis (UC) — Global Competitive Landscape Report 2026,https://eureka.patsnap.com/blog/life-science/ulcerative-colitis-competitive-landscape-analysis/,eureka.patsnap.com,2026-05-11,"Ulcerative Colitis is one of the most commercially active inflammatory bowel disease (IBD) indications globally, with **480+ drugs in development** and **137 approved agents** across multiple drug classes. The landscape has undergone a structural transformation over the past five years, shifting fro",,,
q003-obj,q003,Distal Ulcerative Colitis competing agents in the same mechanistic class as RpoB Small Molecule,Distal Ulcerative Colitis competing agents in the same mechanistic class as RpoB Small Molecule,2,A Comprehensive Review of the Role of Biologics and Small ... - PMC,https://pmc.ncbi.nlm.nih.gov/articles/PMC12541542/,pmc.ncbi.nlm.nih.gov,2025-09-22,"This review examines the mechanisms of action, clinical efficacy, safety profiles, and treatment positioning of biologic agents, such as anti-TNF therapies, anti-integrins, and IL-12/23 inhibitors, as well as small-molecule therapies, including JAK inhibitors and S1P receptor modulators. ... On the ",,,
q003-obj,q003,Distal Ulcerative Colitis competing agents in the same mechanistic class as RpoB Small Molecule,Distal Ulcerative Colitis competing agents in the same mechanistic class as RpoB Small Molecule,3,Network Meta‐Analysis: Efficacy of Biological Therapies and ...,https://pmc.ncbi.nlm.nih.gov/articles/PMC12151545/,pmc.ncbi.nlm.nih.gov,2025-05-23,"In network meta‐analysis, upadacitinib and etrasimod were consistently efficacious as maintenance therapy in UC. ... This systematic review and network meta‐analysis compares biological therapies and small molecules as maintenance treatments for ulcerative colitis, assessing failure rates across cli",,,
q003-obj,q003,Distal Ulcerative Colitis competing agents in the same mechanistic class as RpoB Small Molecule,Distal Ulcerative Colitis competing agents in the same mechanistic class as RpoB Small Molecule,4,Selecting first-line advanced therapy for ulcerative colitis - PMC - NIH,https://pmc.ncbi.nlm.nih.gov/articles/PMC11198921/,pmc.ncbi.nlm.nih.gov,2024-04-10,"Non-biologics, known as small molecules, are the most recent addition to the drug armamentarium for UC and include Janus kinase (JAK) inhibitors and sphingosine-1 phosphate-1 (S1P1) inhibitors.[32] Small molecules are oral agents that target inflammation by acting intracellularly. JAK inhibitors tar",,,
q003-obj,q003,Distal Ulcerative Colitis competing agents in the same mechanistic class as RpoB Small Molecule,Distal Ulcerative Colitis competing agents in the same mechanistic class as RpoB Small Molecule,5,Medications for Inflammatory Bowel Disease - MSD Manuals,https://www.msdmanuals.com/professional/gastrointestinal-disorders/inflammatory-bowel-disease-ibd/medications-for-inflammatory-bowel-disease,msdmanuals.com,2026-03-06,|**Small Molecules**|Janus kinase (JAK) inhibitors|Tofacitinib Upadacitinib| | |Sphingosine 1-phosphate (S1P) receptor modulators|Ozanimod Etrasimod| ... 5-ASA blocks production of prostaglandins and leukotrienes and has other beneficial effects on the inflammatory cascade. ... ## Small Molecules Sm,,,
q004-obj,q004,"competing agents in the same mechanistic class for this indication MT501, Mirador Therapeutics, Crohn's Disease, Moderately to Severely Active by CDAI and SES-CD","competing agents in the same mechanistic class for this indication MT501, Mirador Therapeutics, Crohn's Disease, Moderately to Severely Active by CDAI and SES-CD",1,Targeting Remission in Moderate-to-Severe Crohn's Disease,https://pmc.ncbi.nlm.nih.gov/articles/PMC5969213/,pmc.ncbi.nlm.nih.gov,2018-03-16,This active pipeline contains a combination of both small-molecule entities and targeted monoclonal antibodies. ... Patients are generally categorized as having low- or moderate/high-risk disease based on symptoms and presentation.^5^ The treatment goal for every patient is to achieve disease remiss,,,
q004-obj,q004,"competing agents in the same mechanistic class for this indication MT501, Mirador Therapeutics, Crohn's Disease, Moderately to Severely Active by CDAI and SES-CD","competing agents in the same mechanistic class for this indication MT501, Mirador Therapeutics, Crohn's Disease, Moderately to Severely Active by CDAI and SES-CD",2,pmc.ncbi.nlm.nih.gov · articles · PMC9092374Positioning biologics in the treatment of IBD: A practical guide,https://pmc.ncbi.nlm.nih.gov/articles/PMC9092374/,pmc.ncbi.nlm.nih.gov,2022-04-28,"Monoclonal antibodies against tumor necrosis factor alpha (anti-TNF) have been the cornerstone of IBD therapy since the start of the century. ... More recently, two additional biologicals, with different mechanisms of action, have complemented the IBD armamentarium. The first is vedolizumab, a human",,,
q004-obj,q004,"competing agents in the same mechanistic class for this indication MT501, Mirador Therapeutics, Crohn's Disease, Moderately to Severely Active by CDAI and SES-CD","competing agents in the same mechanistic class for this indication MT501, Mirador Therapeutics, Crohn's Disease, Moderately to Severely Active by CDAI and SES-CD",3,Safety and efficacy of the anti-TL1A monoclonal antibody ...,https://pubmed.ncbi.nlm.nih.gov/40456235/,pubmed.ncbi.nlm.nih.gov,,# Safety and efficacy of the anti-TL1A monoclonal antibody tulisokibart for Crohn's disease: a phase 2a induction trial ... The efficacy and safety of the anti-TL1A monoclonal antibody tulisokibart as induction treatment was assessed in adults with moderately to severely active Crohn's disease with ,,,
q004-obj,q004,"competing agents in the same mechanistic class for this indication MT501, Mirador Therapeutics, Crohn's Disease, Moderately to Severely Active by CDAI and SES-CD","competing agents in the same mechanistic class for this indication MT501, Mirador Therapeutics, Crohn's Disease, Moderately to Severely Active by CDAI and SES-CD",4,The Expanding Therapeutic Armamentarium for Inflammatory Bowel Disease: How to Choose the Right Drug[s] for Our Patients?,https://academic.oup.com/ecco-jcc/article/12/1/105/4093864?login=false,academic.oup.com,,"For many years, the treatment of patients with moderate-to-severely active ulcerative colitis [UC] and Crohn’s disease [CD] has been dominated by the tumour necrosis factor [TNF] antagonists. However, two new classes of biologic drugs, the integrin-antagonists for both UC and CD, and the interleukin",,,
q004-obj,q004,"competing agents in the same mechanistic class for this indication MT501, Mirador Therapeutics, Crohn's Disease, Moderately to Severely Active by CDAI and SES-CD","competing agents in the same mechanistic class for this indication MT501, Mirador Therapeutics, Crohn's Disease, Moderately to Severely Active by CDAI and SES-CD",5,Comparative Effectiveness of Advanced Therapies in Inflammatory ...,https://link.springer.com/article/10.1007/s11938-026-00491-1?error=cookies_not_supported&code=ef770867-bd26-4f60-a38f-e7991721afcd,link.springer.com,,"Ustekinumab and adalimumab for the treatment of moderate to severe Crohn’s disease were compared in the SEAVUE study, with findings of similar rates of clinical remission at week 52, endoscopic improvement, and endoscopic remission between the two agents. ... GALAXI 2-3 and VIVID-1 demonstrated no c",,,
q005-obj,q005,SOR102 safety findings and adverse events in Crohn's Disease Ulcerative Colitis,SOR102 safety findings and adverse events in Crohn's Disease Ulcerative Colitis,1,Safely targeting combination TNF and IL-23 using a gut-restricted ...,https://pmc.ncbi.nlm.nih.gov/articles/PMC13263963/,pmc.ncbi.nlm.nih.gov,2026-05-28,"In a recent issue of *Lancet Gastroenterology & Hepatology*, Jairath* et al. ... To demonstrate this proof-of-concept, Jairath* et al. * performed a phase 1, randomized, double-blinded, placebo-controlled trial sponsored by Sorriso (6). *Figure 1* summarizes the design and key findings of the three-",,,
q005-obj,q005,SOR102 safety findings and adverse events in Crohn's Disease Ulcerative Colitis,SOR102 safety findings and adverse events in Crohn's Disease Ulcerative Colitis,2,"Safety and pharmacokinetics of SOR102, an oral bispecific ...",https://pubmed.ncbi.nlm.nih.gov/41242336/,pubmed.ncbi.nlm.nih.gov,,"# Safety and pharmacokinetics of SOR102, an oral bispecific inhibitor of TNF and interleukin-23 in healthy participants and patients with ulcerative colitis: a first-in-human, double-blind, randomised, placebo-controlled, phase 1 trial ... ** SOR102 is an oral bispecific antibody comprised of single",,,
q005-obj,q005,SOR102 safety findings and adverse events in Crohn's Disease Ulcerative Colitis,SOR102 safety findings and adverse events in Crohn's Disease Ulcerative Colitis,3,Oral Administration of SOR102 Delivers Anti-TNF/IL-23 ...,https://sorrisopharma.com/app/uploads/UEG-Week-2025-Poster-v4.pdf,sorrisopharma.com,,"22 patients were randomized (ITT; Table  1), 17 patients completed the study Per  Protocol (QD n=6, BID n=5, Placebo n=6). Reasons for discontinuation: worsening of  UC (n=2), study schedule non-compliance  (n=2) and consent withdrawal (n=1). ... No clinically significant changes in safety laborator",,,
q005-obj,q005,SOR102 safety findings and adverse events in Crohn's Disease Ulcerative Colitis,SOR102 safety findings and adverse events in Crohn's Disease Ulcerative Colitis,4,"PHASE 1B STUDY OF SOR102, A NOVEL, ORALLY ...",https://eposters.ddw.org/ddw/2025/ddw-2025/4155984/vipul.jairath.phase.1b.study.of.sor102.a.novel.orally.delivered.bispecific.html?f=menu=6*browseby=8*sortby=2*ce_id=2855*ot_id=31400*marker=5698,eposters.ddw.org,2025-03-31,"Parts 1 and 2 enrolled healthy subjects. Here, we present results for Part 3, a Phase 1b randomized, double-blind, placebo-controlled study in patients with mild to severe UC. ... TEAEs were reported in 57%, 29%, and 50% of patients receiving SOR102 810mg BID, SOR102 810mg QD, or placebo, respective",,,
q005-obj,q005,SOR102 safety findings and adverse events in Crohn's Disease Ulcerative Colitis,SOR102 safety findings and adverse events in Crohn's Disease Ulcerative Colitis,5,Journal Scan_Jan 2026,https://www.ibdenc.org/journalscan-jan2026,ibdenc.org,,"A novel oral bispecific antibody (SOR102) targeting TNF and IL-23 shows a favourable safety profile with encouraging early efficacy in ulcerative colitis. ... SOR102 is an oral bispecific antibody targeting TNF and IL-23p19 developed for ulcer ative colitis. This phase 1, double blind, placebo-contr",,,
q006-obj,q006,"Moderately to Severely Active Crohn's Disease Moderately to Severely Active Crohn’s Disease Refractory to Systemic Therapies Moderately to Severely Active Ulcerative Colitis Refractory to Systemic Therapies Moderately to Severely Active Ulcerative Colitis with inadequate response, loss of response, or intolerance to ≥1 biologic or novel oral with biologic-like activity competing agents in the same mechanistic class as JNJ-4804 Co Antibody Therapy, including Antibody Cocktail Monoclonal Antibody and IL-23 IL23A TNF-α Tumor Necrosis Factor Alpha therapies","Moderately to Severely Active Crohn's Disease Moderately to Severely Active Crohn’s Disease Refractory to Systemic Therapies Moderately to Severely Active Ulcerative Colitis Refractory to Systemic Therapies Moderately to Severely Active Ulcerative Colitis with inadequate response, loss of response, or intolerance to ≥1 biologic or novel oral with biologic-like activity competing agents in the same mechanistic class as JNJ-4804 Co Antibody Therapy, including Antibody Cocktail Monoclonal Antibody and IL-23 IL23A TNF-α Tumor Necrosis Factor Alpha therapies",1,Crohn Disease - Gastroenterology,https://www.merckmanuals.com/professional/gastrointestinal-disorders/inflammatory-bowel-disease-ibd/crohn-disease,merckmanuals.com,2026-03-06,"Mild disease may be treated with budesonide. Moderate to severe disease treatment may include glucocorticoids, immunomodulators, biologics, small molecules, and often surgery. ... Active Crohn disease activity is commonly described as mild, moderate, or severe based on an integrated assessment of cl",,,
q006-obj,q006,"Moderately to Severely Active Crohn's Disease Moderately to Severely Active Crohn’s Disease Refractory to Systemic Therapies Moderately to Severely Active Ulcerative Colitis Refractory to Systemic Therapies Moderately to Severely Active Ulcerative Colitis with inadequate response, loss of response, or intolerance to ≥1 biologic or novel oral with biologic-like activity competing agents in the same mechanistic class as JNJ-4804 Co Antibody Therapy, including Antibody Cocktail Monoclonal Antibody and IL-23 IL23A TNF-α Tumor Necrosis Factor Alpha therapies","Moderately to Severely Active Crohn's Disease Moderately to Severely Active Crohn’s Disease Refractory to Systemic Therapies Moderately to Severely Active Ulcerative Colitis Refractory to Systemic Therapies Moderately to Severely Active Ulcerative Colitis with inadequate response, loss of response, or intolerance to ≥1 biologic or novel oral with biologic-like activity competing agents in the same mechanistic class as JNJ-4804 Co Antibody Therapy, including Antibody Cocktail Monoclonal Antibody and IL-23 IL23A TNF-α Tumor Necrosis Factor Alpha therapies",2,Inflammatory%20bowel%20disease Treatment,https://www.mims.com/specialty/inflammatory%20bowel%20disease/treatment,mims.com,,"- Patients with refractory proctitis may be treated with systemic corticosteroids, immunosuppressants, and/or biologicals ... **Patients Not Responding to Initial Therapy** - In patients with moderate to severe UC, TNF inhibitors, Ustekinumab or Vedolizumab may be combined with thiopurines or Methot",,,
q006-obj,q006,"Moderately to Severely Active Crohn's Disease Moderately to Severely Active Crohn’s Disease Refractory to Systemic Therapies Moderately to Severely Active Ulcerative Colitis Refractory to Systemic Therapies Moderately to Severely Active Ulcerative Colitis with inadequate response, loss of response, or intolerance to ≥1 biologic or novel oral with biologic-like activity competing agents in the same mechanistic class as JNJ-4804 Co Antibody Therapy, including Antibody Cocktail Monoclonal Antibody and IL-23 IL23A TNF-α Tumor Necrosis Factor Alpha therapies","Moderately to Severely Active Crohn's Disease Moderately to Severely Active Crohn’s Disease Refractory to Systemic Therapies Moderately to Severely Active Ulcerative Colitis Refractory to Systemic Therapies Moderately to Severely Active Ulcerative Colitis with inadequate response, loss of response, or intolerance to ≥1 biologic or novel oral with biologic-like activity competing agents in the same mechanistic class as JNJ-4804 Co Antibody Therapy, including Antibody Cocktail Monoclonal Antibody and IL-23 IL23A TNF-α Tumor Necrosis Factor Alpha therapies",3,ECCO Guidelines on Therapeutics in Crohn's Disease: Medical ...,https://academic.oup.com/ecco-jcc/article/14/1/4/5620479,academic.oup.com,2020-01-01,"**In patients with active, moderate-to-severe Crohn’s disease, we suggest the use of systemic corticosteroids for the induction of clinical response and remission [weak recommendation, moderate-quality evidence].** ... **We recommend the use of TNF inhibitors [infliximab, adalimumab, and certolizuma",,,
q006-obj,q006,"Moderately to Severely Active Crohn's Disease Moderately to Severely Active Crohn’s Disease Refractory to Systemic Therapies Moderately to Severely Active Ulcerative Colitis Refractory to Systemic Therapies Moderately to Severely Active Ulcerative Colitis with inadequate response, loss of response, or intolerance to ≥1 biologic or novel oral with biologic-like activity competing agents in the same mechanistic class as JNJ-4804 Co Antibody Therapy, including Antibody Cocktail Monoclonal Antibody and IL-23 IL23A TNF-α Tumor Necrosis Factor Alpha therapies","Moderately to Severely Active Crohn's Disease Moderately to Severely Active Crohn’s Disease Refractory to Systemic Therapies Moderately to Severely Active Ulcerative Colitis Refractory to Systemic Therapies Moderately to Severely Active Ulcerative Colitis with inadequate response, loss of response, or intolerance to ≥1 biologic or novel oral with biologic-like activity competing agents in the same mechanistic class as JNJ-4804 Co Antibody Therapy, including Antibody Cocktail Monoclonal Antibody and IL-23 IL23A TNF-α Tumor Necrosis Factor Alpha therapies",4,Clinical profiles of moderate and severe Crohn's disease ...,https://pmc.ncbi.nlm.nih.gov/articles/PMC4585386/,pmc.ncbi.nlm.nih.gov,,"In these patients, effective medical therapy should aim beyond control of clinical symptoms to include induction and maintenance of steroid-free clinical and serological remission and mucosal healing, as this has shown to reduce complications, hospitalizations and surgeries, and to decrease the risk",,,
q006-obj,q006,"Moderately to Severely Active Crohn's Disease Moderately to Severely Active Crohn’s Disease Refractory to Systemic Therapies Moderately to Severely Active Ulcerative Colitis Refractory to Systemic Therapies Moderately to Severely Active Ulcerative Colitis with inadequate response, loss of response, or intolerance to ≥1 biologic or novel oral with biologic-like activity competing agents in the same mechanistic class as JNJ-4804 Co Antibody Therapy, including Antibody Cocktail Monoclonal Antibody and IL-23 IL23A TNF-α Tumor Necrosis Factor Alpha therapies","Moderately to Severely Active Crohn's Disease Moderately to Severely Active Crohn’s Disease Refractory to Systemic Therapies Moderately to Severely Active Ulcerative Colitis Refractory to Systemic Therapies Moderately to Severely Active Ulcerative Colitis with inadequate response, loss of response, or intolerance to ≥1 biologic or novel oral with biologic-like activity competing agents in the same mechanistic class as JNJ-4804 Co Antibody Therapy, including Antibody Cocktail Monoclonal Antibody and IL-23 IL23A TNF-α Tumor Necrosis Factor Alpha therapies",5,academic.oup.com › ecco-jcc › article3rd European Evidence-based Consensus on the Diagnosis and ...,https://academic.oup.com/ecco-jcc/article/11/1/3/2456546,academic.oup.com,2017-01-01,"For the purposes of this Consensus, clinical disease activity is grouped into mild, moderate and severe. These are no precisely defined entities. ... The term ‘chronic active disease’ has been used in the past to define a patient who is dependent on, refractory to or intolerant of steroids, or who h",,,
q007-obj,q007,Ulcerative Colitis competing agents in the same mechanistic class as FN1 IL-10RB IL10RA Interleukin-10 Antibody-Cytokine Conjugate Fusion Protein Biologic,Ulcerative Colitis competing agents in the same mechanistic class as FN1 IL-10RB IL10RA Interleukin-10 Antibody-Cytokine Conjugate Fusion Protein Biologic,1,Emerging Therapies for Ulcerative Colitis: Updates from Recent ...,https://pmc.ncbi.nlm.nih.gov/articles/PMC10441644/,pmc.ncbi.nlm.nih.gov,2023-08-17,"The first class of advanced therapies approved in UC was tumor necrosis factor alpha inhibitor (TNFi) with infliximab in 2005.5 The use of TNFi in UC, however, is limited by the risk of opportunistic infections, immunogenicity, and high rates of primary and secondary loss of response.6 Therefore, th",,,
q007-obj,q007,Ulcerative Colitis competing agents in the same mechanistic class as FN1 IL-10RB IL10RA Interleukin-10 Antibody-Cytokine Conjugate Fusion Protein Biologic,Ulcerative Colitis competing agents in the same mechanistic class as FN1 IL-10RB IL10RA Interleukin-10 Antibody-Cytokine Conjugate Fusion Protein Biologic,2,Efficacy and safety of the interleukin-10–fragment F8 fusion ...,https://pmc.ncbi.nlm.nih.gov/articles/PMC12891412/,pmc.ncbi.nlm.nih.gov,2026-02-10,"# Efficacy and safety of the interleukin-10–fragment F8 fusion protein PF-06687234 as add-on therapy to infliximab in patients with active ulcerative colitis: a randomized, phase IIa clinical trial ... PF-06687234 is a novel, human, single-chain variable fragment cytokine fusion protein comprising t",,,
q007-obj,q007,Ulcerative Colitis competing agents in the same mechanistic class as FN1 IL-10RB IL10RA Interleukin-10 Antibody-Cytokine Conjugate Fusion Protein Biologic,Ulcerative Colitis competing agents in the same mechanistic class as FN1 IL-10RB IL10RA Interleukin-10 Antibody-Cytokine Conjugate Fusion Protein Biologic,3,Ulcerative Colitis (UC) — Global Competitive Landscape Report 2026,https://eureka.patsnap.com/blog/life-science/ulcerative-colitis-competitive-landscape-analysis/,eureka.patsnap.com,2026-05-11,"Ulcerative Colitis is one of the most commercially active inflammatory bowel disease (IBD) indications globally, with **480+ drugs in development** and **137 approved agents** across multiple drug classes. The landscape has undergone a structural transformation over the past five years, shifting fro",,,
q007-obj,q007,Ulcerative Colitis competing agents in the same mechanistic class as FN1 IL-10RB IL10RA Interleukin-10 Antibody-Cytokine Conjugate Fusion Protein Biologic,Ulcerative Colitis competing agents in the same mechanistic class as FN1 IL-10RB IL10RA Interleukin-10 Antibody-Cytokine Conjugate Fusion Protein Biologic,4,Current and Emerging Biologics for Ulcerative Colitis - PMC,https://pmc.ncbi.nlm.nih.gov/articles/PMC4282853/,pmc.ncbi.nlm.nih.gov,2015-01-15,"Hence, different biological agents that target specific immunological pathways are being investigated for treating ulcerative colitis. Anti-tumor necrosis factor (TNF) agents were the first biologics to be used for treating inflammatory bowel disease. For example, infliximab and adalimumab, which ar",,,
q007-obj,q007,Ulcerative Colitis competing agents in the same mechanistic class as FN1 IL-10RB IL10RA Interleukin-10 Antibody-Cytokine Conjugate Fusion Protein Biologic,Ulcerative Colitis competing agents in the same mechanistic class as FN1 IL-10RB IL10RA Interleukin-10 Antibody-Cytokine Conjugate Fusion Protein Biologic,5,Ulcerative Colitis Drug Market Share & Opportunities 2026- ...,https://www.coherentmarketinsights.com/industry-reports/ulcerative-colitis-drug-market,coherentmarketinsights.com,2026-03-17,"### Key Takeaways of the Global Ulcerative Colitis Drug Market - Biologics accounts for the largest share of the ulcerative colitis market by molecule type, capturing an estimated **71.1 %** of the market share in 2026 due to their targeted mechanism and strong efficacy in regulating immune response",,,
q008-obj,q008,"Clostridioides Difficile Colitis competing agents in the same mechanistic class as LMN-201, including Antibody Fragment Enzyme Biological Biologic Cocktail and Clostridioides Difficile Toxin B TcdB therapies","Clostridioides Difficile Colitis competing agents in the same mechanistic class as LMN-201, including Antibody Fragment Enzyme Biological Biologic Cocktail and Clostridioides Difficile Toxin B TcdB therapies",1,New treatment approaches for Clostridioides difficile infections: alternatives to antibiotics and fecal microbiota transplantation,https://www.tandfonline.com/doi/full/10.1080/19490976.2024.2337312,tandfonline.com,2024-12-31,"Neutralization of *C. difficile* toxins (iii) which are crucial virulence factors is achieved with antibodies/antibody fragments or alternative binding proteins. Of these, the monoclonal antibody bezlotoxumab is already in clinical use. ... To date, bezlotoxumab is the only add-on anti-toxin therape",,,
q008-obj,q008,"Clostridioides Difficile Colitis competing agents in the same mechanistic class as LMN-201, including Antibody Fragment Enzyme Biological Biologic Cocktail and Clostridioides Difficile Toxin B TcdB therapies","Clostridioides Difficile Colitis competing agents in the same mechanistic class as LMN-201, including Antibody Fragment Enzyme Biological Biologic Cocktail and Clostridioides Difficile Toxin B TcdB therapies",2,The Urgent Threat of Clostridioides difficile Infection - PMC - NIH,https://pmc.ncbi.nlm.nih.gov/articles/PMC9953237/,pmc.ncbi.nlm.nih.gov,2023-02-01,"Many possible drugs of the future for CDI, with diverse mechanisms of action, are in development in the form of microbiota-modulating agents (e.g., ADS024, CP101, RBX2660, RBX7455, SYN-004, SER-109, VE303, DAV132, MET-2 , and BB128), small molecules (e.g., ridinilazole, ibezapolstat, CRS3123, DNV383",,,
q008-obj,q008,"Clostridioides Difficile Colitis competing agents in the same mechanistic class as LMN-201, including Antibody Fragment Enzyme Biological Biologic Cocktail and Clostridioides Difficile Toxin B TcdB therapies","Clostridioides Difficile Colitis competing agents in the same mechanistic class as LMN-201, including Antibody Fragment Enzyme Biological Biologic Cocktail and Clostridioides Difficile Toxin B TcdB therapies",3,Clostridioides difficile toxins: mechanisms of action and ... - PMC,https://pmc.ncbi.nlm.nih.gov/articles/PMC9018519/,pmc.ncbi.nlm.nih.gov,2021-11-26,"Toxin A (TcdA) and toxin B (TcdB) are glucosyltransferases, which belong to the large clostridial toxin (LCT) family. ... When expressed and secreted within the colon, TcdA and TcdB bind host cell receptors, are endocytosed by host cells and inactivate Rho-family GTPases via glucosylation. ... TcdA ",,,
q008-obj,q008,"Clostridioides Difficile Colitis competing agents in the same mechanistic class as LMN-201, including Antibody Fragment Enzyme Biological Biologic Cocktail and Clostridioides Difficile Toxin B TcdB therapies","Clostridioides Difficile Colitis competing agents in the same mechanistic class as LMN-201, including Antibody Fragment Enzyme Biological Biologic Cocktail and Clostridioides Difficile Toxin B TcdB therapies",4,Application of recombinant antibodies for treatment of Clostridioides ...,https://pmc.ncbi.nlm.nih.gov/articles/PMC9445313/,pmc.ncbi.nlm.nih.gov,2022-08-23,"One of the alternative approaches to antibiotic treatment is antibody-mediated therapy, including bezlotoxumab (the first and only FDA-approved human monoclonal antibody (mAb) to prevent rCDI) (17), mAb cocktails (18, 19), polyclonal antibodies (IGIV: immune globulin intravenous) (1, 20, 21), and ac",,,
q008-obj,q008,"Clostridioides Difficile Colitis competing agents in the same mechanistic class as LMN-201, including Antibody Fragment Enzyme Biological Biologic Cocktail and Clostridioides Difficile Toxin B TcdB therapies","Clostridioides Difficile Colitis competing agents in the same mechanistic class as LMN-201, including Antibody Fragment Enzyme Biological Biologic Cocktail and Clostridioides Difficile Toxin B TcdB therapies",5,New treatment approaches for Clostridioides difficile infections,https://pmc.ncbi.nlm.nih.gov/articles/PMC11005816/,pmc.ncbi.nlm.nih.gov,2024-04-09,"Neutralization of *C. difficile* toxins (iii) which are crucial virulence factors is achieved with antibodies/antibody fragments or alternative binding proteins. Of these, the monoclonal antibody bezlotoxumab is already in clinical use. Immunomodulation (iv) can help eliminate or prevent *C. diffici",,,
q009-obj,q009,Inflammatory Bowel Disease competing agents in the same mechanistic class as CHRM1 CHRM3 CHRM4 CHRM5 Small Molecule,Inflammatory Bowel Disease competing agents in the same mechanistic class as CHRM1 CHRM3 CHRM4 CHRM5 Small Molecule,1,www.frontiersin.org › journals › pharmacologyFrontiers | Biologic and small-molecule therapies for ...,https://www.frontiersin.org/journals/pharmacology/articles/10.3389/fphar.2026.1948258/full,frontiersin.org,2026-07-25,Three selective interleukin (IL)-23p19 antagonists have been approved for both UC and CD; two sphingosine-1-phosphate receptor modulators and a second-generation Janus kinase (JAK) inhibitor have entered routine practice; subcutaneous formulations have altered delivery; and the first formal head-to-,,,
q009-obj,q009,Inflammatory Bowel Disease competing agents in the same mechanistic class as CHRM1 CHRM3 CHRM4 CHRM5 Small Molecule,Inflammatory Bowel Disease competing agents in the same mechanistic class as CHRM1 CHRM3 CHRM4 CHRM5 Small Molecule,2,Inflammatory Bowel Competitive Landscape Analysis 2026 | Eureka,https://eureka.patsnap.com/blog/life-science/inflammatory-bowel-diseases-global-competitive-landscape-report-2026/,eureka.patsnap.com,2026-05-14,"Specifically, the late-stage IBD landscape is bifurcated between injectable biologics — AbbVie’s Skyrizi (Risankizumab) and Rinvoq (Upadacitinib), Janssen’s Stelara (Ustekinumab) and Tremfya (Guselkumab), Takeda’s Entyvio (Vedolizumab), Pfizer’s Etrasimod (Velsipity), and BMS’s Zeposia (Ozanimod) — ",,,
q009-obj,q009,Inflammatory Bowel Disease competing agents in the same mechanistic class as CHRM1 CHRM3 CHRM4 CHRM5 Small Molecule,Inflammatory Bowel Disease competing agents in the same mechanistic class as CHRM1 CHRM3 CHRM4 CHRM5 Small Molecule,3,Medications for Inflammatory Bowel Disease,https://www.merckmanuals.com/professional/gastrointestinal-disorders/inflammatory-bowel-disease-ibd/medications-for-inflammatory-bowel-disease,merckmanuals.com,2026-03-06,|Category|Mechanism|Medication| ... |**Glucocorticoids**|Regulation of gene expression|Hydrocortisone (IV) Methylprednisolone (IV) Prednisone (oral) Prednisolone (oral) Budesonide (oral) Budesonide MMX (enteric coated slow release) Hydrocortisone (enema or foam)| |** Immunomodulators (antimetabolite,,,
q009-obj,q009,Inflammatory Bowel Disease competing agents in the same mechanistic class as CHRM1 CHRM3 CHRM4 CHRM5 Small Molecule,Inflammatory Bowel Disease competing agents in the same mechanistic class as CHRM1 CHRM3 CHRM4 CHRM5 Small Molecule,4,Management of inflammatory bowel disease beyond tumor ...,https://pmc.ncbi.nlm.nih.gov/articles/PMC9449214/,pmc.ncbi.nlm.nih.gov,2022-08-10,"Novel biologics and small-molecule drugs have been developed for IBD, and the medical treatment options have improved. These drugs include sphingosine-1-phosphate receptor modulators and anti-integrins to block immune cell migration, and cytokine and Janus kinase inhibitors to block immune cell comm",,,
q009-obj,q009,Inflammatory Bowel Disease competing agents in the same mechanistic class as CHRM1 CHRM3 CHRM4 CHRM5 Small Molecule,Inflammatory Bowel Disease competing agents in the same mechanistic class as CHRM1 CHRM3 CHRM4 CHRM5 Small Molecule,5,A Gastroenterologist's guide to drug interactions of small molecules for inflammatory bowel disease,https://onlinelibrary.wiley.com/doi/full/10.1002/ueg2.12559,onlinelibrary.wiley.com,2024-06-01,Currently approved small molecule drugs exert their effects by either of two main mechanisms– Janus kinase inhibition or Sphingosine-1-phosphate (S1P) receptor modulation. ... Tofacitinib is an inhibitor of the JAK family and is approved for use in moderately to severely active UC.^21^ Tofacitinib i,,,
q010-obj,q010,"competing agents in the same mechanistic class for this indication LY4395089, Eli Lilly & Company, Crohn''s Disease","competing agents in the same mechanistic class for this indication LY4395089, Eli Lilly & Company, Crohn''s Disease",1,Crohn's Disease | Pipeline & Competitive Landscape,https://formulatesearch.com/indications/crohn-s-disease,formulatesearch.com,,|1|MOUNJARO (TIRZEPATIDE)|Eli Lilly and Company|$2.4B|16%|PEAK|Growing|15.3yr| ... Janus Kinase Inhibitors $3.0B(20%) dominant class with patent cliff risk ... HUMIRAApproved adalimumab AbbVie 2002 ... SKYRIZIApproved risankizumab-rzaa AbbVie Interleukin-23 Antagonist [EPC]injection2019,,,
q010-obj,q010,"competing agents in the same mechanistic class for this indication LY4395089, Eli Lilly & Company, Crohn''s Disease","competing agents in the same mechanistic class for this indication LY4395089, Eli Lilly & Company, Crohn''s Disease",2,The rise and market race of anti-IL23p19 therapies in IBD,https://pharmaphorum.com/rd/rise-and-market-race-anti-il23p19-therapies-ibd-how-ecco-2025-readouts-will-shape-anti,pharmaphorum.com,2026-10-02,"This therapy, initially thought to owe its efficacy to the inhibition of both IL-12 and IL-23, has since been recognised for its predominant effect on IL-23 blockade in reducing intestinal inflammation. This has given rise to a new generation of selective IL-23p19 inhibitors, a class that is rapidly",,,
q010-obj,q010,"competing agents in the same mechanistic class for this indication LY4395089, Eli Lilly & Company, Crohn''s Disease","competing agents in the same mechanistic class for this indication LY4395089, Eli Lilly & Company, Crohn''s Disease",3,LY4395089 - Crohn Disease | Phase 2 | Eli Lilly and ...,https://www.biopharmawatch.com/company/LLY/drug/LY4395089,biopharmawatch.com,2026-09-22,IndicationAll indications (2)Crohn DiseaseHealthy ... NCT07483099A Study of LY4395089 and Mirikizumab (LY3074828) Given Together and Mirikizumab (Alone) in Adults With Crohn's DiseaseCrohn Disease ... |Itraconazole|DRUG|Administered orally| ... ## Competitive Landscape -Crohn's Disease 77 trials (ma,,,
q010-obj,q010,"competing agents in the same mechanistic class for this indication LY4395089, Eli Lilly & Company, Crohn''s Disease","competing agents in the same mechanistic class for this indication LY4395089, Eli Lilly & Company, Crohn''s Disease",4,Top 7 Breakthrough Drugs for Ulcerative Colitis Treatment,https://www.delveinsight.com/blog/emerging-drugs-for-ulcerative-colitis-treatment,delveinsight.com,2026-06-25,"**Vedolizumab** is a humanized monoclonal antibody that targets and blocks the alpha 4 beta 7 integrin, preventing it from binding to the intestinal mucosal addressin cell adhesion molecule 1 (MAdCAM-1). This integrin is present in a specific group of circulating white blood cells involved in the in",,,
q010-obj,q010,"competing agents in the same mechanistic class for this indication LY4395089, Eli Lilly & Company, Crohn''s Disease","competing agents in the same mechanistic class for this indication LY4395089, Eli Lilly & Company, Crohn''s Disease",5,pmc.ncbi.nlm.nih.gov · articles · PMC9092374Positioning biologics in the treatment of IBD: A practical guide,https://pmc.ncbi.nlm.nih.gov/articles/PMC9092374/,pmc.ncbi.nlm.nih.gov,2022-04-28,"Monoclonal antibodies against tumor necrosis factor alpha (anti-TNF) have been the cornerstone of IBD therapy since the start of the century. In 1998, infliximab was the first biological medication approved for the use of Crohn's disease (CD), followed by adalimumab. ... Golimumab for UC (Sandborn e",,,
q011-obj,q011,Inflammatory Bowel Disease competing agents in the same mechanistic class as Small Molecule targeting ITGA4 ITGB7 Integrin Alpha-4 Beta-7,Inflammatory Bowel Disease competing agents in the same mechanistic class as Small Molecule targeting ITGA4 ITGB7 Integrin Alpha-4 Beta-7,1,"Targeted Therapies in Inflammatory Bowel Disease: Mechanisms, Comparative Evidence, and Clinical Translation",https://pmc.ncbi.nlm.nih.gov/articles/PMC13566816/,pmc.ncbi.nlm.nih.gov,2026-08-31,"Integrin blockade with vedolizumab, IL-12/IL-23 inhibition with ustekinumab, selective IL-23 inhibition with risankizumab and mirikizumab, JAK inhibition with upadacitinib and filgotinib, and S1P receptor modulation with ozanimod and etrasimod now constitute a substantially expanded therapeutic arse",,,
q011-obj,q011,Inflammatory Bowel Disease competing agents in the same mechanistic class as Small Molecule targeting ITGA4 ITGB7 Integrin Alpha-4 Beta-7,Inflammatory Bowel Disease competing agents in the same mechanistic class as Small Molecule targeting ITGA4 ITGB7 Integrin Alpha-4 Beta-7,2,pmc.ncbi.nlm.nih.gov › articles › PMC6537282New biologics and small molecules in inflammatory bowel ...,https://pmc.ncbi.nlm.nih.gov/articles/PMC6537282/,pmc.ncbi.nlm.nih.gov,2019-05-26,"Currently, there are three classes of biologicals available to treat IBD. ... antagonists to tumor necrosis factor (TNF), anti-integrins and inhibitors of ... |JAK inhibitor|Filgotinib|Oral|Small molecule that blocks JAK1|Phase II|–| ... |Anti-integrin|Abrilumab|s.c.|Fully human mAb targeting α4β7|P",,,
q011-obj,q011,Inflammatory Bowel Disease competing agents in the same mechanistic class as Small Molecule targeting ITGA4 ITGB7 Integrin Alpha-4 Beta-7,Inflammatory Bowel Disease competing agents in the same mechanistic class as Small Molecule targeting ITGA4 ITGB7 Integrin Alpha-4 Beta-7,3,Old and New Biologics and Small Molecules in Inflammatory ...,https://pmc.ncbi.nlm.nih.gov/articles/PMC12285414/,pmc.ncbi.nlm.nih.gov,2024-08-25,"Among these novel drugs, anti integrin agents block leukocyte trafficking to the intestine by blocking the interaction between integrin and cell adhesion molecules. Vedolizumab (anti-α4β7) is most widely used anti-integrin approved in both ulcerative colitis and Crohn’s disease .It has been shown to",,,
q011-obj,q011,Inflammatory Bowel Disease competing agents in the same mechanistic class as Small Molecule targeting ITGA4 ITGB7 Integrin Alpha-4 Beta-7,Inflammatory Bowel Disease competing agents in the same mechanistic class as Small Molecule targeting ITGA4 ITGB7 Integrin Alpha-4 Beta-7,4,Integrin antagonists as potential therapeutic options for ... - PMC,https://pmc.ncbi.nlm.nih.gov/articles/PMC4926164/,pmc.ncbi.nlm.nih.gov,,"Two agents, natalizumab and vedolizumab, are approved by the United States Food and Drug Administration for the treatment of Crohn’s disease, with vedolizumab the primary anti-integrin used due to a more favorable safety profile. ... Anti-integrin agents, like tumor necrosis factor (TNF)-α inhibitor",,,
q011-obj,q011,Inflammatory Bowel Disease competing agents in the same mechanistic class as Small Molecule targeting ITGA4 ITGB7 Integrin Alpha-4 Beta-7,Inflammatory Bowel Disease competing agents in the same mechanistic class as Small Molecule targeting ITGA4 ITGB7 Integrin Alpha-4 Beta-7,5,Anti-Integrins for the Treatment of Inflammatory Bowel Disease,https://pmc.ncbi.nlm.nih.gov/articles/PMC8402953/,pmc.ncbi.nlm.nih.gov,2021-08-24,"Blockade of the gut-tropic integrin α4β7 and its subunits has been exploited as a therapeutic target in IBD. Natalizumab (anti-α4) is approved for moderate to severe Crohn’s disease (CD), but its use is limited due to potential risk of progressive multifocal leukoencephalopathy. Vedolizumab (anti-α4",,,
q012-obj,q012,"Lenvatinib + Nofazinlimab pivotal, registrational, or Phase 3 trial in Unresectable or Metastatic Hepatocellular Carcinoma: planned or initiated status and expected start date","Lenvatinib + Nofazinlimab pivotal, registrational, or Phase 3 trial in Unresectable or Metastatic Hepatocellular Carcinoma: planned or initiated status and expected start date",1,"nofazinlimab (CS1003) / CStone Pharma, 3SBio",https://delta.larvol.com/Products/?ProductId=c91b4ce1-8477-4585-a165-a27aec21d52c,delta.larvol.com,2025-08-01,"/ CStone Pharma, 3SBio ... Nofazinlimab combined with lenvatinib versus placebo plus lenvatinib as first-line therapy for unresectable or metastatic hepatocellular carcinoma: A phase III, randomized, double-blind, multiregional study (CS1003-305) (ESMO 2025) - P3 | ""Clinical meaningful improvements ",,,
q012-obj,q012,"Lenvatinib + Nofazinlimab pivotal, registrational, or Phase 3 trial in Unresectable or Metastatic Hepatocellular Carcinoma: planned or initiated status and expected start date","Lenvatinib + Nofazinlimab pivotal, registrational, or Phase 3 trial in Unresectable or Metastatic Hepatocellular Carcinoma: planned or initiated status and expected start date",2,CStone Pharmaceuticals Announces the Update on Global Multicenter Phase III Study of Nofazinlimab in Hepatocellular Carcinoma,https://www.marketscreener.com/quote/stock/CSTONE-PHARMACEUTICALS-57946082/news/CStone-Pharmaceuticals-Announces-the-Update-on-Global-Multicenter-Phase-III-Study-of-Nofazinlimab-in-50466678/,marketscreener.com,2025-07-06,"# CStone Pharmaceuticals Announces the Update on Global Multicenter Phase III Study of Nofazinlimab in Hepatocellular Carcinoma ... CStone Pharmaceuticals announced the update on the CS1003-305 study. CS1003-305 study is a global, multicenter, randomized, double-blind Phase III registrational trial ",,,
q012-obj,q012,"Lenvatinib + Nofazinlimab pivotal, registrational, or Phase 3 trial in Unresectable or Metastatic Hepatocellular Carcinoma: planned or initiated status and expected start date","Lenvatinib + Nofazinlimab pivotal, registrational, or Phase 3 trial in Unresectable or Metastatic Hepatocellular Carcinoma: planned or initiated status and expected start date",3,State of the art and ongoing trials,https://www.wjgnet.com/1007-9327/tables/v32/i3/111528.htm,wjgnet.com,2026-01-21,"|NCT04770896 (imbrave 251)|Active, not recruiting|A study of atezolizumab with lenvatinib or sorafenib *vs* lenvatinib or sorafenib alone in hepatocellular carcinoma previously treated with atezolizumab and bevacizumab|Phase 3|RCT|Atezolizumab + lenvatinib or sorafenib; lenvatinib or Sorafenib|554|P",,,
q012-obj,q012,"Lenvatinib + Nofazinlimab pivotal, registrational, or Phase 3 trial in Unresectable or Metastatic Hepatocellular Carcinoma: planned or initiated status and expected start date","Lenvatinib + Nofazinlimab pivotal, registrational, or Phase 3 trial in Unresectable or Metastatic Hepatocellular Carcinoma: planned or initiated status and expected start date",4,Emerging Therapies for Hepatocellular Carcinoma - PMC,https://pmc.ncbi.nlm.nih.gov/articles/PMC12100529/,pmc.ncbi.nlm.nih.gov,,"A search of ClinicalTrials.gov found 179 clinical trials for HCC from January 1, 2022 until September 1, 2024, of which 97 are ongoing. Owing to the limited scope of this review, the following section highlights select phase 3 trials investigating novel agents that have not yet received approval. Se",,,
q012-obj,q012,"Lenvatinib + Nofazinlimab pivotal, registrational, or Phase 3 trial in Unresectable or Metastatic Hepatocellular Carcinoma: planned or initiated status and expected start date","Lenvatinib + Nofazinlimab pivotal, registrational, or Phase 3 trial in Unresectable or Metastatic Hepatocellular Carcinoma: planned or initiated status and expected start date",5,Top Liver and Pancreatic Cancer Trials to Watch at ESMO 2025,https://oncodaily.com/oncolibrary/liver-and-pancreatic-cancer-trials-esmo25,oncodaily.com,2025-10-04,"### CS1003-305 Trial: Nofazinlimab + Lenvatinib in First-Line Unresectable HCC Abstract: LBA52 Presenter: Jia Fan (Shanghai, China) Trial Type: Phase III, randomized, double-blind Session: Mini Oral This phase 3 trial evaluates nofazinlimab, an anti–PD-1 antibody, in combination with lenvatinib vers",,,
q013-obj,q013,SD-133 in vivo single-agent monotherapy tumour growth inhibition TGI tumour regression or shrinkage in Pancreatic ductal adenocarcinoma animal models,SD-133 in vivo single-agent monotherapy tumour growth inhibition TGI tumour regression or shrinkage in Pancreatic ductal adenocarcinoma animal models,1,Targeting KRAS for the potential treatment of pancreatic ductal ...,https://pmc.ncbi.nlm.nih.gov/articles/PMC10570661/,pmc.ncbi.nlm.nih.gov,2023-10-04,"|MRTX1133|KRAS^G12D^|*KRAS* ^G12D^-mutant PDAC: tumor regression (≥30%) in CDX and PDX models; antitumor activity in immunocompetent models|N/A|(127,128)|",,,
q013-obj,q013,SD-133 in vivo single-agent monotherapy tumour growth inhibition TGI tumour regression or shrinkage in Pancreatic ductal adenocarcinoma animal models,SD-133 in vivo single-agent monotherapy tumour growth inhibition TGI tumour regression or shrinkage in Pancreatic ductal adenocarcinoma animal models,2,In vivo Mouse Models of Pancreatic Ductal Adenocarcinoma,https://pancreapedia.org/node/9843,pancreapedia.org,2021-09-30,This was recapitulated in PDX models of PDAC which also exhibited reduced angiogenic potential via dramatically reduced VEGF and a concomitant reduction in tumor volume compared to untreated and GEM-HCl-treated mice (47).,,,
q013-obj,q013,SD-133 in vivo single-agent monotherapy tumour growth inhibition TGI tumour regression or shrinkage in Pancreatic ductal adenocarcinoma animal models,SD-133 in vivo single-agent monotherapy tumour growth inhibition TGI tumour regression or shrinkage in Pancreatic ductal adenocarcinoma animal models,3,Current evidence for histone deacetylase inhibitors in pancreatic cancer,https://www.wjgnet.com/1007-9327/full/v19/i6/813.htm,wjgnet.com,2013-02-14,"**TSA:** *In vivo* studies on xenografts of pancreatic cancer line T3M4 in nude mice, showed that the combination of TSA (0.25 mg/kg) and gemcitabine (2.5 mg/kg), given biweekly for 4 wk, led to a reduction in the mean tumor weight by about 50% compared to control or single drug treatments. ... None",,,
q013-obj,q013,SD-133 in vivo single-agent monotherapy tumour growth inhibition TGI tumour regression or shrinkage in Pancreatic ductal adenocarcinoma animal models,SD-133 in vivo single-agent monotherapy tumour growth inhibition TGI tumour regression or shrinkage in Pancreatic ductal adenocarcinoma animal models,4,Radioimmunotherapy of Pancreatic Ductal Adenocarcinoma,https://pmc.ncbi.nlm.nih.gov/articles/PMC7072553/,pmc.ncbi.nlm.nih.gov,2020-02-19,"Many of the in vivo studies demonstrated a significant improvement in survival in the mice who received α or β RIT compared to the control treatments (untreated or unlabelled antibody). Typically, survival improved with higher RIT doses, multiple treatment cycles and the use of a combination therapy",,,
q013-obj,q013,SD-133 in vivo single-agent monotherapy tumour growth inhibition TGI tumour regression or shrinkage in Pancreatic ductal adenocarcinoma animal models,SD-133 in vivo single-agent monotherapy tumour growth inhibition TGI tumour regression or shrinkage in Pancreatic ductal adenocarcinoma animal models,5,Management of pancreatic ductal adenocarcinoma (PDAC) - OAText,https://www.oatext.com/management-of-pancreatic-ductal-adenocarcinoma-pdac-progress-in-the-past-decade-and-challenges-for-the-future.php,oatext.com,,"When oral nutrition remains inadequate despite nutritional interventions, enteral nutrition should be preferred to parenteral nutrition, unless there is a contra-indication (occlusion).",,,
q014-obj,q014,Sirpiglenastat in vivo single-agent monotherapy tumour growth inhibition TGI tumour regression or shrinkage in Pancreatic ductal adenocarcinoma animal models,Sirpiglenastat in vivo single-agent monotherapy tumour growth inhibition TGI tumour regression or shrinkage in Pancreatic ductal adenocarcinoma animal models,1,Targeting pancreatic cancer metabolic dependencies through ...,https://pmc.ncbi.nlm.nih.gov/articles/PMC10824664/,pmc.ncbi.nlm.nih.gov,2023-10-09,"In addition, we observed a profound decrease in tumor growth in several in vivo models using sirpiglenastat (DRP-104), a pro-drug version of DON that was designed to circumvent DON-associated toxicity. ... Kimmelman and colleagues show that inhibition of glutamine (Gln) metabolism using a Gln antago",,,
q014-obj,q014,Sirpiglenastat in vivo single-agent monotherapy tumour growth inhibition TGI tumour regression or shrinkage in Pancreatic ductal adenocarcinoma animal models,Sirpiglenastat in vivo single-agent monotherapy tumour growth inhibition TGI tumour regression or shrinkage in Pancreatic ductal adenocarcinoma animal models,2,Sirpiglenastat (DRP-104) | Glutamine Antagonist,https://www.targetmol.com/compound/sirpiglenastat,targetmol.com,,"Sirpiglenastat was administered by subcutaneous injection at a dose of 3 mg/kg on a 5 days on/2 days off schedule for 4 weeks, with vehicle diluent as the solvent control.Result: Sirpiglenastat significantly inhibited tumor growth, reduced tumor weight, and improved survival rates in the model mice.",,,
q014-obj,q014,Sirpiglenastat in vivo single-agent monotherapy tumour growth inhibition TGI tumour regression or shrinkage in Pancreatic ductal adenocarcinoma animal models,Sirpiglenastat in vivo single-agent monotherapy tumour growth inhibition TGI tumour regression or shrinkage in Pancreatic ductal adenocarcinoma animal models,3,[PDF] November 2022,https://www.datocms-assets.com/92605/1675224915-dh-slide-deck-november-2022.pdf,datocms-assets.com,,"Sirpiglenastat (DRP-104) (Johns Hopkins/Dracen Pharmaceuticals) is a dual prodrug of 6-diazo-5-oxo-L-norleucine (DON), a diazoketone-based glutamine irreversible antagonist used to suppress cancer cell metabolism. ... As a dual prodrug that is selectively activated in tumor cells and deactivated in ",,,
q014-obj,q014,Sirpiglenastat in vivo single-agent monotherapy tumour growth inhibition TGI tumour regression or shrinkage in Pancreatic ductal adenocarcinoma animal models,Sirpiglenastat in vivo single-agent monotherapy tumour growth inhibition TGI tumour regression or shrinkage in Pancreatic ductal adenocarcinoma animal models,4,Metabolic plasticity in pancreatic ductal adenocarcinoma ... - PMC,https://pmc.ncbi.nlm.nih.gov/articles/PMC13085771/,pmc.ncbi.nlm.nih.gov,2026-03-28,"To overcome these limitations, a tumor-targeted prodrug, DRP-104 (sirpiglenastat), was developed. DRP-104 shows strong antitumor and anti-metastatic effects in syngeneic and immunocompromised PDAC mouse models by blocking multiple Gln-dependent pathways involved in central carbon, nucleotide, and li",,,
q014-obj,q014,Sirpiglenastat in vivo single-agent monotherapy tumour growth inhibition TGI tumour regression or shrinkage in Pancreatic ductal adenocarcinoma animal models,Sirpiglenastat in vivo single-agent monotherapy tumour growth inhibition TGI tumour regression or shrinkage in Pancreatic ductal adenocarcinoma animal models,5,Oncometabolites in pancreatic cancer: Strategies and its ...,https://www.wjgnet.com/2220-315x/full/v14/i4/96005.htm,wjgnet.com,2024-12-20,"|Sirpiglenastat|Gln|-|[25]| |Sirpiglenastat|Gln|Trametinib|[25]| ... Sirpiglenastat, a pro-drug of DON singly or in combination with trametinib, blocked PanCa tumor growth in *in vivo* models with prolonged survival[88].",,,
q015-obj,q015,GFH375/VS-7375 in vivo monotherapy tumour growth inhibition TGI tumour regression tumour shrinkage in KRAS G12D-Mutated/MTAP-Deleted Pancreatic Ductal Adenocarcinoma animal models,GFH375/VS-7375 in vivo monotherapy tumour growth inhibition TGI tumour regression tumour shrinkage in KRAS G12D-Mutated/MTAP-Deleted Pancreatic Ductal Adenocarcinoma animal models,1,"Qiang Lu (City of Hope): Papers, h-index, Citations & Profile | Bohrium",https://www.bohrium.com/scholar/m1414517/Qiang_Lu,bohrium.com,,"The in vitro potency, selectivity, and in vivo efficacy of monotherapy and combination therapy with avutometinib, a unique RAF/MEK clamp, were evaluated in preclinical studies. ... Several KRAS G12D CDX tumor models were employed to study the in vivo pharmacodynamic and anti-tumor effects. ... GFH37",,,
q015-obj,q015,GFH375/VS-7375 in vivo monotherapy tumour growth inhibition TGI tumour regression tumour shrinkage in KRAS G12D-Mutated/MTAP-Deleted Pancreatic Ductal Adenocarcinoma animal models,GFH375/VS-7375 in vivo monotherapy tumour growth inhibition TGI tumour regression tumour shrinkage in KRAS G12D-Mutated/MTAP-Deleted Pancreatic Ductal Adenocarcinoma animal models,2,"[PDF] VS-7375: An oral, selective KRAS G12D dual ON/OFF inhibitor with ...",http://www.verastem.com/wp-content/uploads/2026/04/AACR-2025-VS-7375-poster-E-poster-4.8.26-printed.pdf,verastem.com,,"VS-7375 (GFH375) is an oral KRAS G12D-selective small molecule inhibitor that binds KRAS G12D in both the ON and OFF states. By blocking the activities of the ON and OFF states of KRAS G12D, VS-7375 has the potential to inhibit KRAS G12D signaling and tumor growth more completely than compounds that",,,
q015-obj,q015,GFH375/VS-7375 in vivo monotherapy tumour growth inhibition TGI tumour regression tumour shrinkage in KRAS G12D-Mutated/MTAP-Deleted Pancreatic Ductal Adenocarcinoma animal models,GFH375/VS-7375 in vivo monotherapy tumour growth inhibition TGI tumour regression tumour shrinkage in KRAS G12D-Mutated/MTAP-Deleted Pancreatic Ductal Adenocarcinoma animal models,3,AACR 2026: GenFleet Therapeutics Announces Data of VS-7375 ...,http://www.genfleet.com/en/press_release-110,genfleet.com,2026-04-23,"The studies highlighted the potent and differentiated profile of GFH375, an oral KRAS G12D (ON/OFF) inhibitor, demonstrating superior anti-tumor activity, enhanced potency and selectivity, and more durable pathway suppression compared with other KRAS/RAS inhibitors across animal models and cellular ",,,
q015-obj,q015,GFH375/VS-7375 in vivo monotherapy tumour growth inhibition TGI tumour regression tumour shrinkage in KRAS G12D-Mutated/MTAP-Deleted Pancreatic Ductal Adenocarcinoma animal models,GFH375/VS-7375 in vivo monotherapy tumour growth inhibition TGI tumour regression tumour shrinkage in KRAS G12D-Mutated/MTAP-Deleted Pancreatic Ductal Adenocarcinoma animal models,4,"VS-7375 (GFH375): An oral, selective KRAS G12D (ON/ ...",https://www.verastem.com/pdf/AACR-VS7375-Poster-Presentation.pdf,verastem.com,,"VS-7375 (GFH375) is an oral KRAS G12D-selective small molecule inhibitor (G12Di) that binds KRAS G12D in both the active (ON; GTP-bound) and inactive (OFF; GDP-bound) states (Figure  1) (2). By blocking the activities of the ON and OFF states of KRAS G12D, VS-7375 has the  ... Furthermore, we have s",,,
q015-obj,q015,GFH375/VS-7375 in vivo monotherapy tumour growth inhibition TGI tumour regression tumour shrinkage in KRAS G12D-Mutated/MTAP-Deleted Pancreatic Ductal Adenocarcinoma animal models,GFH375/VS-7375 in vivo monotherapy tumour growth inhibition TGI tumour regression tumour shrinkage in KRAS G12D-Mutated/MTAP-Deleted Pancreatic Ductal Adenocarcinoma animal models,5,Selectivity over HUVEC (P value not updated) - verastem.com,https://www.verastem.com/wp-content/uploads/2025/01/GFH375-poster-for-2024-AACR-Final-20240329.pdf,verastem.com,,GFH375 targets both active and inactive KRAS G12D GFH375 potently and selectively inhibits p-ERK signaling and proliferation in KRAS G12D mutant tumor cells GFH375 accumulates in tumor tissue and elicits sustained inhibition of p-ERK signaling following a single oral administration GFH375 induces tu,,,
q016-obj,q016,PLM-103 in vivo single-agent monotherapy tumour growth inhibition TGI tumour regression tumour shrinkage in Pancreatic ductal adenocarcinoma (PDAC) animal models,PLM-103 in vivo single-agent monotherapy tumour growth inhibition TGI tumour regression tumour shrinkage in Pancreatic ductal adenocarcinoma (PDAC) animal models,1,PDC000198 - Proteomic Data Commons - National Cancer Institute,https://proteomic.datacommons.cancer.gov/pdc/study/PDC000198,proteomic.datacommons.cancer.gov,,This system is provided for Government-authorized use only. Unauthorized or improper use of this system is prohibited and may result in disciplinary action and/or civil and criminal penalties.,,,
q016-obj,q016,PLM-103 in vivo single-agent monotherapy tumour growth inhibition TGI tumour regression tumour shrinkage in Pancreatic ductal adenocarcinoma (PDAC) animal models,PLM-103 in vivo single-agent monotherapy tumour growth inhibition TGI tumour regression tumour shrinkage in Pancreatic ductal adenocarcinoma (PDAC) animal models,2,In vivo Mouse Models of Pancreatic Ductal Adenocarcinoma,https://pancreapedia.org/node/9843,pancreapedia.org,2021-09-30,"This was recapitulated in PDX models of PDAC which also exhibited reduced angiogenic potential via dramatically reduced VEGF and a concomitant reduction in tumor volume compared to untreated and GEM-HCl-treated mice (47). ... Finally, using three unique PC PDX mouse lines, a unique PGAM1 inhibitor (",,,
q016-obj,q016,PLM-103 in vivo single-agent monotherapy tumour growth inhibition TGI tumour regression tumour shrinkage in Pancreatic ductal adenocarcinoma (PDAC) animal models,PLM-103 in vivo single-agent monotherapy tumour growth inhibition TGI tumour regression tumour shrinkage in Pancreatic ductal adenocarcinoma (PDAC) animal models,3,Preclinical Models of Pancreatic Ductal Adenocarcinoma and Their Utility in Immunotherapy Studies,https://www.mdpi.com/2072-6694/13/3/440,mdpi.com,2021-01-25,"In the KPC GEMM model, the combination of a CD40 agonist and gemcitabine induced tumor regression in 30% of tumor-bearing mice [74,75], similar to the objective response rate in patients [75].",,,
q016-obj,q016,PLM-103 in vivo single-agent monotherapy tumour growth inhibition TGI tumour regression tumour shrinkage in Pancreatic ductal adenocarcinoma (PDAC) animal models,PLM-103 in vivo single-agent monotherapy tumour growth inhibition TGI tumour regression tumour shrinkage in Pancreatic ductal adenocarcinoma (PDAC) animal models,4,Models of pancreatic ductal adenocarcinoma,https://link.springer.com/article/10.1007/s10555-021-09989-9,link.springer.com,,This notion is supported by recent work from Shi et al. who demonstrated that the pharmacologic inhibition of LIF or the deletion of its receptor significantly slowed the progression of mutant KRAS-associated PDAC [72].,,,
q016-obj,q016,PLM-103 in vivo single-agent monotherapy tumour growth inhibition TGI tumour regression tumour shrinkage in Pancreatic ductal adenocarcinoma (PDAC) animal models,PLM-103 in vivo single-agent monotherapy tumour growth inhibition TGI tumour regression tumour shrinkage in Pancreatic ductal adenocarcinoma (PDAC) animal models,5,Unbiased in vivo preclinical evaluation of anticancer drugs identifies effective therapy for the treatment of pancreatic adenocarcinoma | PNAS,https://www.pnas.org/doi/abs/10.1073/pnas.1920240117,pnas.org,2020-12-01,"To identify effective PDAC therapies, we leveraged a syngeneic orthotopic PDAC transplant mouse model to perform a large-scale, in vivo screen of 16 single-agent and 41 two-drug targeted therapy combinations in mice.",,,
q017-obj,q017,SW-682 in vivo single-agent monotherapy tumour growth inhibition TGI tumour regression or shrinkage in Head and Neck Squamous Cell Carcinoma animal models,SW-682 in vivo single-agent monotherapy tumour growth inhibition TGI tumour regression or shrinkage in Head and Neck Squamous Cell Carcinoma animal models,1,Targeting YAP/TAZ-TEAD signaling as a therapeutic approach in ...,https://pmc.ncbi.nlm.nih.gov/articles/PMC12044704/,pmc.ncbi.nlm.nih.gov,2025-01-16,"Here, we provide the pre-clinical evidence for the antitumor activity of novel smTEADi, SW-682 in HPV-negative HNSCC. By the use of multiple complementary experimental approaches, including siRNA knockdown, expression of a genetically encoded TEAD inhibitor peptide (pTEADi), and SW-682, we revealed ",,,
q017-obj,q017,SW-682 in vivo single-agent monotherapy tumour growth inhibition TGI tumour regression or shrinkage in Head and Neck Squamous Cell Carcinoma animal models,SW-682 in vivo single-agent monotherapy tumour growth inhibition TGI tumour regression or shrinkage in Head and Neck Squamous Cell Carcinoma animal models,2,Genigraphics Research Poster Template 42x72,https://springworkstx.com/wp-content/uploads/2024/10/Schirmer_TEAD_Head-Neck-SCC_ENA-2024.pdf,springworkstx.com,,Rational combination of pan-TEAD inhibitor SW-682 and MEK inhibitor mirdametinib in head and neck squamous cell carcinomas leads to synergistic response ... ▪The pan-TEAD inhibitor SW-682 modulates tumor growth in  HNSCC models harboring aberrant Hippo pathway signaling both in vitro and in vivo. ▪A,,,
q017-obj,q017,SW-682 in vivo single-agent monotherapy tumour growth inhibition TGI tumour regression or shrinkage in Head and Neck Squamous Cell Carcinoma animal models,SW-682 in vivo single-agent monotherapy tumour growth inhibition TGI tumour regression or shrinkage in Head and Neck Squamous Cell Carcinoma animal models,3,Targeting TEAD in cancer - PMC - NIH,https://pmc.ncbi.nlm.nih.gov/articles/PMC12672301/,pmc.ncbi.nlm.nih.gov,2025-11-19,"In head and neck squamous cell carcinoma (HNSCC), use of SW-682 to block YAP/TAZ-TEAD binding led to an antitumor response in FAT1-mutant HNSCC xenograft models (85). ... SW-682 (NCT06251310) is a pan-TEAD small molecule inhibitor which blocks palmitoylation of TEAD to inhibit all TEAD-dependent tra",,,
q017-obj,q017,SW-682 in vivo single-agent monotherapy tumour growth inhibition TGI tumour regression or shrinkage in Head and Neck Squamous Cell Carcinoma animal models,SW-682 in vivo single-agent monotherapy tumour growth inhibition TGI tumour regression or shrinkage in Head and Neck Squamous Cell Carcinoma animal models,4,SW-682 / EMD Serono,https://delta.larvol.com/Products/?ProductId=d78df0cf-33d8-4282-974c-3719ae487f81,delta.larvol.com,,"## Targeting YAP/TAZ-TEAD signaling as a therapeutic approach in head and neck squamous cell carcinoma. (PubMed, Cancer Lett) - ""Here, we provide the pre-clinical evidence for the antitumor activity of novel smTEADi, SW-682 in HPV-negative HNSCC. A HNSCC-specific TEADi target gene set was defined fr",,,
q017-obj,q017,SW-682 in vivo single-agent monotherapy tumour growth inhibition TGI tumour regression or shrinkage in Head and Neck Squamous Cell Carcinoma animal models,SW-682 in vivo single-agent monotherapy tumour growth inhibition TGI tumour regression or shrinkage in Head and Neck Squamous Cell Carcinoma animal models,5,Targeting YAP/TAZ-TEAD signaling as a therapeutic approach in ...,https://www.sciencedirect.com/science/article/abs/pii/S030438352500031X,sciencedirect.com,,"Finally, we provide pre-clinical evidence for the efficacy of novel smTEADi, SW-682, in HNSCC.",,,
q018-obj,q018,"SPR2015 in vivo animal models and results: cell-line xenograft CDX, patient-derived xenograft PDX, syngeneic, orthotopic, or genetically engineered models","SPR2015 in vivo animal models and results: cell-line xenograft CDX, patient-derived xenograft PDX, syngeneic, orthotopic, or genetically engineered models",1,Choosing The Right Animal Model for Renal Cancer Research,https://pmc.ncbi.nlm.nih.gov/articles/PMC7036425/,pmc.ncbi.nlm.nih.gov,2020-02-22,"Four types of animal models are widely accepted in cancer research: syngeneic models, genetically engineered mouse models (GEM), chemically-induced models and xenograft models. Xenografts can be further divided based on the source of the tumor – xenografts with conventional cell lines (cell line-der",,,
q018-obj,q018,"SPR2015 in vivo animal models and results: cell-line xenograft CDX, patient-derived xenograft PDX, syngeneic, orthotopic, or genetically engineered models","SPR2015 in vivo animal models and results: cell-line xenograft CDX, patient-derived xenograft PDX, syngeneic, orthotopic, or genetically engineered models",2,In vivo models in breast cancer research - PMC,https://pmc.ncbi.nlm.nih.gov/articles/PMC5399571/,pmc.ncbi.nlm.nih.gov,2017-04-01,"Based on presentations and discussions from leading experts who attended a recent workshop focused on *in vivo* models of breast cancer, this article provides a perspective on the many varied uses of these models in breast cancer research, their strengths, associated challenges and future directions",,,
q018-obj,q018,"SPR2015 in vivo animal models and results: cell-line xenograft CDX, patient-derived xenograft PDX, syngeneic, orthotopic, or genetically engineered models","SPR2015 in vivo animal models and results: cell-line xenograft CDX, patient-derived xenograft PDX, syngeneic, orthotopic, or genetically engineered models",3,Preclinical mouse models for immunotherapeutic and non ...,https://pmc.ncbi.nlm.nih.gov/articles/PMC7440242/,pmc.ncbi.nlm.nih.gov,2020-07-22,|Patient derived xenograft models—orthotopic|No|Yes|Yes|Limited|No| ... Commonly used xenograft models include cell line-derived xenograft (CDX) or xenograft (PDX) model by introducing human PDAC cell lines or PDAC tumor tissues into immunocompromised mice respectively (29-31). ... Compared to subcu,,,
q018-obj,q018,"SPR2015 in vivo animal models and results: cell-line xenograft CDX, patient-derived xenograft PDX, syngeneic, orthotopic, or genetically engineered models","SPR2015 in vivo animal models and results: cell-line xenograft CDX, patient-derived xenograft PDX, syngeneic, orthotopic, or genetically engineered models",4,Translation Potential and Challenges of In Vitro and Murine Models ...,https://pmc.ncbi.nlm.nih.gov/articles/PMC9741314/,pmc.ncbi.nlm.nih.gov,2022-11-30,"Herein we review and compare several widely used in vitro and in vivo murine cancer models, including syngeneic tumor models, genetically engineered mouse models (GEMM), cell line-derived xenografts (CDX), patient-derived xenografts (PDX), conditionally reprogrammed (CR) cells, organoids, and MiniPD",,,
q018-obj,q018,"SPR2015 in vivo animal models and results: cell-line xenograft CDX, patient-derived xenograft PDX, syngeneic, orthotopic, or genetically engineered models","SPR2015 in vivo animal models and results: cell-line xenograft CDX, patient-derived xenograft PDX, syngeneic, orthotopic, or genetically engineered models",5,Challenges and Prospects of Patient-Derived Xenografts for Cancer ...,https://pmc.ncbi.nlm.nih.gov/articles/PMC10486659/,pmc.ncbi.nlm.nih.gov,2023-08-31,"The patient-derived xenograft (PDX) model is the in vivo standard for cancer research as a preclinical platform. ... We discuss the importance of the in vivo models in elucidating cancer biology, focusing on the patient-derived xenograft (PDX) models, which are classic and standard functional in viv",,,
q019-obj,q019,"Innovent Biologics Inc. descriptions of IBI-3001's advantage over existing treatments for Head and Neck Squamous Cell Carcinoma in investor materials, earnings calls, investor day presentations, and press releases","Innovent Biologics Inc. descriptions of IBI-3001's advantage over existing treatments for Head and Neck Squamous Cell Carcinoma in investor materials, earnings calls, investor day presentations, and press releases",1,Innovent to Present New Clinical Data of Next-gen IO and ...,https://www.prnewswire.com/news-releases/innovent-to-present-new-clinical-data-of-next-gen-io-and-adc-pipeline-at-the-2026-esmo-annual-meeting-302887455.html,prnewswire.com,2026-09-23,"We will also present additional data from IBI363 studies in NSCLC and preliminary data in first-line gastric cancer, further validating its broad potential as a next-generation immuno-oncology therapy. In addition, we will unveil global multicenter Phase 1 data for the first-in-class IBI3001 (EGFR/B",,,
q019-obj,q019,"Innovent Biologics Inc. descriptions of IBI-3001's advantage over existing treatments for Head and Neck Squamous Cell Carcinoma in investor materials, earnings calls, investor day presentations, and press releases","Innovent Biologics Inc. descriptions of IBI-3001's advantage over existing treatments for Head and Neck Squamous Cell Carcinoma in investor materials, earnings calls, investor day presentations, and press releases",2,Innovent Biologics Announces Global Strategic Partnership ...,https://www.prnewswire.com/news-releases/innovent-biologics-announces-global-strategic-partnership-with-takeda-to-bring-innovents-next-gen-io-backbone-therapy-and-adc-molecules-to-the-global-market-302590770.html,prnewswire.com,2025-10-21,"Oct 21, 2025, 20:25 ET - The collaboration combines Innovent's proven immuno-oncology (""IO"") and antibody-drug conjugate (""ADC"") R&D capability and Takeda's experience in global oncology drug development to accelerate Innovent's two late-stage investigational medicines worldwide, and Takeda receives",,,
q019-obj,q019,"Innovent Biologics Inc. descriptions of IBI-3001's advantage over existing treatments for Head and Neck Squamous Cell Carcinoma in investor materials, earnings calls, investor day presentations, and press releases","Innovent Biologics Inc. descriptions of IBI-3001's advantage over existing treatments for Head and Neck Squamous Cell Carcinoma in investor materials, earnings calls, investor day presentations, and press releases",3,"Innovent Biologics, Inc. - Investors & Media",https://en.innoventbio.com/InvestorsAndMedia,en.innoventbio.com,,"With our rich experience producing and taking to market high-quality biological drugs, combined with the strategic partnerships we form with top rate international companies, Innovent is advancing China’s biopharmaceutical industry and improving the availability of high-quality drugs for all.",,,
q019-obj,q019,"Innovent Biologics Inc. descriptions of IBI-3001's advantage over existing treatments for Head and Neck Squamous Cell Carcinoma in investor materials, earnings calls, investor day presentations, and press releases","Innovent Biologics Inc. descriptions of IBI-3001's advantage over existing treatments for Head and Neck Squamous Cell Carcinoma in investor materials, earnings calls, investor day presentations, and press releases",4,"IBI3001 / Innovent Biologics, Takeda, Fortvita ...",https://delta.larvol.com/Products/?ProductId=9b437310-e3ab-4b3f-93e2-3f9bb486584c,delta.larvol.com,,"## Innovent Biologics’ new dual-antibody ADC cancer drug approved for clinical trials in China [Google translation] (vbdata.cn) - ""Innovent Biologics' new bispecific ADC drug IBI3001 has been approved for clinical trials in China. It targets B7-H3 and EGFR, has multiple anti-tumor mechanisms, shows ",,,
q019-obj,q019,"Innovent Biologics Inc. descriptions of IBI-3001's advantage over existing treatments for Head and Neck Squamous Cell Carcinoma in investor materials, earnings calls, investor day presentations, and press releases","Innovent Biologics Inc. descriptions of IBI-3001's advantage over existing treatments for Head and Neck Squamous Cell Carcinoma in investor materials, earnings calls, investor day presentations, and press releases",5,"Innovent Biologics, Inc. Financial Disclosures & Filings",https://www.tradingview.com/symbols/HKEX-1801/documents/,tradingview.com,2026-08-25,"H1 2025 Aug 27, 2025SlidesEarnings release ... Jun 25, 2024Slides",,,
q020-obj,q020,"Inflammatory Bowel Disease competing agents in the same mechanistic class as JTO2, including Monoclonal Antibody and CXCL10 therapies","Inflammatory Bowel Disease competing agents in the same mechanistic class as JTO2, including Monoclonal Antibody and CXCL10 therapies",1,Advancing therapeutic frontiers: a pipeline of novel drugs ...,https://www.frontiersin.org/journals/gastroenterology/articles/10.3389/fgstr.2026.1747118/full,frontiersin.org,2026-01-30,"This pipeline encompasses novel mechanisms of action targeting diverse inflammatory pathways, including advanced TNF-α inhibition strategies, next-generation JAK and Tyrosine Kinase 2 (TYK2) inhibitors, cell trafficking modulators, IL-23 pathway antagonists, and innovative approaches targeting costi",,,
q020-obj,q020,"Inflammatory Bowel Disease competing agents in the same mechanistic class as JTO2, including Monoclonal Antibody and CXCL10 therapies","Inflammatory Bowel Disease competing agents in the same mechanistic class as JTO2, including Monoclonal Antibody and CXCL10 therapies",2,Emerging biologics in inflammatory bowel disease,https://link.springer.com/article/10.1007/s00535-016-1283-0,link.springer.com,,"A number of new therapeutic targets, including novel small molecules, and cellular therapy are available or under investigation. These novel molecules include oral Janus kinase (JAK) inhibitor (tofacitinib), interleukin inhibitor (ustekinumab), oral SMAD7 antisense oligonucleotide (mongersen), and a",,,
q020-obj,q020,"Inflammatory Bowel Disease competing agents in the same mechanistic class as JTO2, including Monoclonal Antibody and CXCL10 therapies","Inflammatory Bowel Disease competing agents in the same mechanistic class as JTO2, including Monoclonal Antibody and CXCL10 therapies",3,pmc.ncbi.nlm.nih.gov › articles › PMC6537282New biologics and small molecules in inflammatory bowel ...,https://pmc.ncbi.nlm.nih.gov/articles/PMC6537282/,pmc.ncbi.nlm.nih.gov,2019-05-26,"Currently, there are three classes of biologicals available to treat IBD. These are antagonists to tumor necrosis factor (TNF), anti-integrins and inhibitors of interleukin (IL) 12/IL-23. ... |JAK inhibitor|Filgotinib|Oral|Small molecule that blocks JAK1|Phase II|–| | |Peficitinib|Oral|Small molecul",,,
q020-obj,q020,"Inflammatory Bowel Disease competing agents in the same mechanistic class as JTO2, including Monoclonal Antibody and CXCL10 therapies","Inflammatory Bowel Disease competing agents in the same mechanistic class as JTO2, including Monoclonal Antibody and CXCL10 therapies",4,Inflammatory Bowel Competitive Landscape Analysis 2026 | Eureka,https://eureka.patsnap.com/blog/life-science/inflammatory-bowel-diseases-global-competitive-landscape-report-2026/,eureka.patsnap.com,2026-05-14,"Notably, 2025-2026 has produced an exceptional wave of approvals including Janssen’s oral peptide IL-23 antagonist Icotrokinra (March 2026), Lilly’s Mirikizumab (Omvoh) for Crohn’s expansion, and multiple Chinese-developed JAK and IL-23 mAb approvals. Specifically, the late-stage IBD landscape is bi",,,
q020-obj,q020,"Inflammatory Bowel Disease competing agents in the same mechanistic class as JTO2, including Monoclonal Antibody and CXCL10 therapies","Inflammatory Bowel Disease competing agents in the same mechanistic class as JTO2, including Monoclonal Antibody and CXCL10 therapies",5,A Practical Guide to the Safety and Monitoring of New IBD ...,https://pmc.ncbi.nlm.nih.gov/articles/PMC6458527/,pmc.ncbi.nlm.nih.gov,2018-10-12,"The advent of the antitumor necrosis factor (TNF) agent infliximab in 1998 launched the “biologic era” of IBD therapeutics. The 2000s were the anti-TNF decade, with several agents following suit including adalimumab, certolizumab pegol, and golilumab. With broadened mechanistic understanding of IBD,",,,
q021-obj,q021,"Crohn's Disease Ulcerative Colitis competing agents with the same mechanistic class as S1PR S1PR1 Sphingosine-1-phosphate receptor, including Small Molecule","Crohn's Disease Ulcerative Colitis competing agents with the same mechanistic class as S1PR S1PR1 Sphingosine-1-phosphate receptor, including Small Molecule",1,Targeting the Sphingosine-1-Phosphate Pathway - PMC - NIH,https://pmc.ncbi.nlm.nih.gov/articles/PMC12057646/,pmc.ncbi.nlm.nih.gov,2024-09-26,"Sphingosine-1-phosphate (S1P) is a bioactive metabolite of ceramide, which exerts its functions after binding to five G-protein-coupled receptors (S1PR1-S1PR5). Concerning IBD, S1P participates in the egress of lymphocytes from the secondary lymphoid tissue and their re-circulation to sites of infla",,,
q021-obj,q021,"Crohn's Disease Ulcerative Colitis competing agents with the same mechanistic class as S1PR S1PR1 Sphingosine-1-phosphate receptor, including Small Molecule","Crohn's Disease Ulcerative Colitis competing agents with the same mechanistic class as S1PR S1PR1 Sphingosine-1-phosphate receptor, including Small Molecule",2,Medications for Inflammatory Bowel Disease,https://www.merckmanuals.com/professional/gastrointestinal-disorders/inflammatory-bowel-disease-ibd/medications-for-inflammatory-bowel-disease,merckmanuals.com,2026-03-06,|Category|Mechanism|Medication| |--|--|--| ... |**Small Molecules**|Janus kinase (JAK) inhibitors|Tofacitinib Upadacitinib| | |Sphingosine 1-phosphate (S1P) receptor modulators|Ozanimod Etrasimod| ... Small molecules are sometimes used in the management of moderate to severe IBD. They are given oral,,,
q021-obj,q021,"Crohn's Disease Ulcerative Colitis competing agents with the same mechanistic class as S1PR S1PR1 Sphingosine-1-phosphate receptor, including Small Molecule","Crohn's Disease Ulcerative Colitis competing agents with the same mechanistic class as S1PR S1PR1 Sphingosine-1-phosphate receptor, including Small Molecule",3,Small Molecule Drugs in Inflammatory Bowel Diseases - PMC - NIH,https://pmc.ncbi.nlm.nih.gov/articles/PMC8308576/,pmc.ncbi.nlm.nih.gov,2021-06-30,"To address these issues, orally administered Small Molecules Drugs (SMDs) that use a broad range of novel pharmacological pathways, such as JAK inhibitors, sphingosine-1-phosphate receptor modulators, and phosphodiesterase 4 inhibitors, have been developed for CD and UC. ... Small molecules drugs (S",,,
q021-obj,q021,"Crohn's Disease Ulcerative Colitis competing agents with the same mechanistic class as S1PR S1PR1 Sphingosine-1-phosphate receptor, including Small Molecule","Crohn's Disease Ulcerative Colitis competing agents with the same mechanistic class as S1PR S1PR1 Sphingosine-1-phosphate receptor, including Small Molecule",4,Small Molecule Therapy for Inflammatory Bowel Disease: JAK Inhibitors and S1PR Modulators,https://www.koreamed.org/SearchBasic.php?RID=2558901,koreamed.org,2024-09-05,"Small molecules, including Janus kinase (JAK) inhibitors and sphingosine-1-phosphate receptor modulators (S1PRMs), are promising new treatments for inflammatory bowel disease (IBD). ... JAK inhibitors function by blocking the activity of JAK enzymes, which prevents the subsequent phosphorylation and",,,
q021-obj,q021,"Crohn's Disease Ulcerative Colitis competing agents with the same mechanistic class as S1PR S1PR1 Sphingosine-1-phosphate receptor, including Small Molecule","Crohn's Disease Ulcerative Colitis competing agents with the same mechanistic class as S1PR S1PR1 Sphingosine-1-phosphate receptor, including Small Molecule",5,Advancing therapeutic frontiers: a pipeline of novel drugs ...,https://www.frontiersin.org/journals/gastroenterology/articles/10.3389/fgstr.2026.1747118/full,frontiersin.org,2026-01-30,"More recently, oral small molecule therapies including Janus kinase (JAK) inhibitors (tofacitinib, upadacitinib, filgotinib) and sphingosine-1-phosphate receptor (S1PR) modulators (ozanimod, etrasimod) have expanded therapeutic options (22–26). ... |S1P1 modulator|Icanbelimod (CBP-307)|Selective sma",,,
q022-obj,q022,"competing agents in the same mechanistic class for this indication Novel UC Treatment, Cosmo Health, Distal Ulcerative Colitis","competing agents in the same mechanistic class for this indication Novel UC Treatment, Cosmo Health, Distal Ulcerative Colitis",1,Emerging Therapies for Ulcerative Colitis: Updates from Recent ...,https://pmc.ncbi.nlm.nih.gov/articles/PMC10441644/,pmc.ncbi.nlm.nih.gov,2023-08-17,There are currently multiple emerging agents in the pipeline for the management of UC. This includes agents with alternative routes of administration such as oral or subcutaneous tumor necrosis factor inhibitors or novel mechanisms of action such as toll-like receptor 9 (TLR9) agonist cobitolimod an,,,
q022-obj,q022,"competing agents in the same mechanistic class for this indication Novel UC Treatment, Cosmo Health, Distal Ulcerative Colitis","competing agents in the same mechanistic class for this indication Novel UC Treatment, Cosmo Health, Distal Ulcerative Colitis",2,Comparative efficacy of pharmacologic interventions in ...,https://pmc.ncbi.nlm.nih.gov/articles/PMC12176966/,pmc.ncbi.nlm.nih.gov,2025-03-29,"Across 22 studies (7,683 patients), upadacitinib had the highest likelihood of inducing clinical remission (99.08%), clinical response (97.44%) and endoscopic improvement (99.32%), followed by Infliximab and guselkumab following close by for specific outcomes. ... The latest class of medication avai",,,
q022-obj,q022,"competing agents in the same mechanistic class for this indication Novel UC Treatment, Cosmo Health, Distal Ulcerative Colitis","competing agents in the same mechanistic class for this indication Novel UC Treatment, Cosmo Health, Distal Ulcerative Colitis",3,Cosmo Announces Completion of Phase II Enrolment in Distal ...,https://www.nasdaq.com/press-release/cosmo-announces-completion-phase-ii-enrolment-distal-ulcerative-colitis-program-2026,nasdaq.com,2026-05-18,"(SIX: COPN) (XETRA: C43) (“Cosmo” or “the Company”) today announced the completion of patient enrolment in its Phase II clinical trial (EUCT number: 2023-506917-23-00) evaluating its novel investigational therapy, Rifamycin enema, for the treatment of distal ulcerative colitis (UC) and ulcerative pr",,,
q022-obj,q022,"competing agents in the same mechanistic class for this indication Novel UC Treatment, Cosmo Health, Distal Ulcerative Colitis","competing agents in the same mechanistic class for this indication Novel UC Treatment, Cosmo Health, Distal Ulcerative Colitis",4,Ulcerative Colitis (UC) — Global Competitive Landscape Report 2026,https://eureka.patsnap.com/blog/life-science/ulcerative-colitis-competitive-landscape-analysis/,eureka.patsnap.com,2026-05-11,"Ulcerative Colitis is one of the most commercially active inflammatory bowel disease (IBD) indications globally, with **480+ drugs in development** and **137 approved agents** across multiple drug classes. The landscape has undergone a structural transformation over the past five years, shifting fro",,,
q022-obj,q022,"competing agents in the same mechanistic class for this indication Novel UC Treatment, Cosmo Health, Distal Ulcerative Colitis","competing agents in the same mechanistic class for this indication Novel UC Treatment, Cosmo Health, Distal Ulcerative Colitis",5,a pipeline of novel drugs for UC management,https://pdfs.semanticscholar.org/efc2/a31ee078832397a8583aedd937aa7a780012.pdf,pdfs.semanticscholar.org,,"This pipeline encompasses novel mechanisms of action targeting diverse inflammatory pathways, including advanced TNF-a inhibition strategies, next-generation JAK and Tyrosine Kinase 2 (TYK2) inhibitors, cell trafficking modulators, IL-23 pathway antagonists, and innovative ... Ivarmacitinib (SHR0302",,,
q023-obj,q023,"Inflammatory Bowel Diseases Mild-to-moderate ulcerative colitis Ulcerative Colitis competing agents with the same mechanistic class as Gut Microbiome Dysbiosis, including Live Biotherapeutic Product","Inflammatory Bowel Diseases Mild-to-moderate ulcerative colitis Ulcerative Colitis competing agents with the same mechanistic class as Gut Microbiome Dysbiosis, including Live Biotherapeutic Product",1,Microbiome-Based Therapies in Ulcerative Colitis - PMC - NIH,https://pmc.ncbi.nlm.nih.gov/articles/PMC13203738/,pmc.ncbi.nlm.nih.gov,2026-04-23,"Microbiome-based therapies are reshaping the therapeutic landscape for ulcerative colitis (UC), offering new avenues for disease management beyond conventional immunomodulatory and biologic treatments. ... The gut microbiome has emerged as a central contributor to UC pathogenesis, influencing epithe",,,
q023-obj,q023,"Inflammatory Bowel Diseases Mild-to-moderate ulcerative colitis Ulcerative Colitis competing agents with the same mechanistic class as Gut Microbiome Dysbiosis, including Live Biotherapeutic Product","Inflammatory Bowel Diseases Mild-to-moderate ulcerative colitis Ulcerative Colitis competing agents with the same mechanistic class as Gut Microbiome Dysbiosis, including Live Biotherapeutic Product",2,"Probiotics for ulcerative colitis: mechanisms, therapeutic ...",https://pmc.ncbi.nlm.nih.gov/articles/PMC13036112/,pmc.ncbi.nlm.nih.gov,2026-03-17,"Gut microbiota dysbiosis is central to UC pathogenesis, providing a rationale for probiotic-based, microbiota-targeted interventions. This review synthesizes evidence that probiotics mitigate UC through multiple synergistic mechanisms: competitive exclusion to rebalance the microbiota, upregulation ",,,
q023-obj,q023,"Inflammatory Bowel Diseases Mild-to-moderate ulcerative colitis Ulcerative Colitis competing agents with the same mechanistic class as Gut Microbiome Dysbiosis, including Live Biotherapeutic Product","Inflammatory Bowel Diseases Mild-to-moderate ulcerative colitis Ulcerative Colitis competing agents with the same mechanistic class as Gut Microbiome Dysbiosis, including Live Biotherapeutic Product",3,Emerging concepts and shifting paradigms for ...,https://www.jci.org/articles/view/193969,jci.org,2025-09-02,"Abstract Inflammatory bowel diseases (IBDs) are complex immune disorders that arise at the intersection of genetic susceptibility, environmental exposures, and dysbiosis of the gut microbiota. ... IBDs, comprising ulcerative colitis (UC) and Crohn’s disease (CD), are complex immune disorders that ar",,,
q023-obj,q023,"Inflammatory Bowel Diseases Mild-to-moderate ulcerative colitis Ulcerative Colitis competing agents with the same mechanistic class as Gut Microbiome Dysbiosis, including Live Biotherapeutic Product","Inflammatory Bowel Diseases Mild-to-moderate ulcerative colitis Ulcerative Colitis competing agents with the same mechanistic class as Gut Microbiome Dysbiosis, including Live Biotherapeutic Product",4,Gut microbiome therapy: fecal microbiota transplantation vs ...,https://www.tandfonline.com/doi/full/10.1080/19490976.2024.2412376,tandfonline.com,2024-12-31,"Fecal microbiota transplantation (FMT) and live biotherapeutic products (LBPs) are modalities that may be used to modulate and/or replace endogenous microbiota. Their mechanisms of action, however, differ markedly. ^Citation12^ FMT involves transferring not only fecal-associated microbial communitie",,,
q023-obj,q023,"Inflammatory Bowel Diseases Mild-to-moderate ulcerative colitis Ulcerative Colitis competing agents with the same mechanistic class as Gut Microbiome Dysbiosis, including Live Biotherapeutic Product","Inflammatory Bowel Diseases Mild-to-moderate ulcerative colitis Ulcerative Colitis competing agents with the same mechanistic class as Gut Microbiome Dysbiosis, including Live Biotherapeutic Product",5,From pathogenic mechanisms to therapeutic perspectives: a ...,https://pmc.ncbi.nlm.nih.gov/articles/PMC12643992/,pmc.ncbi.nlm.nih.gov,2025-11-11,"Notably, dysbiosis of the gut microbiota—characterized by a reduction in the abundance and diversity of specific bacterial genera—has been suggested as a potential trigger for the onset of IBD, accompanying with dysregulated intestinal mucosal immunity involving in immune cells and nonimmune cells. ",,,
q024-obj,q024,Ulcerative Colitis competing agents in the same mechanistic class as ITGA4 ITGB7 Integrin Alpha-4 Beta-7 Integrin α4β7 Small Molecule therapies,Ulcerative Colitis competing agents in the same mechanistic class as ITGA4 ITGB7 Integrin Alpha-4 Beta-7 Integrin α4β7 Small Molecule therapies,1,pmc.ncbi.nlm.nih.gov › articles › PMC6537282New biologics and small molecules in inflammatory bowel ...,https://pmc.ncbi.nlm.nih.gov/articles/PMC6537282/,pmc.ncbi.nlm.nih.gov,2019-05-26,|Anti-integrin|Abrilumab|s.c.|Fully human mAb targeting α4β7|Phase II|Phase II| | |AJM-300|Oral|Small molecule that blocks the α4 integrin subunit|–|Phase II| ... | |PTG-100|Oral|Small molecule that targets the α4β7 integrin|–|Phase II| ... The small molecule tofacitinib is an oral pan-JAK inhibitor,,,
q024-obj,q024,Ulcerative Colitis competing agents in the same mechanistic class as ITGA4 ITGB7 Integrin Alpha-4 Beta-7 Integrin α4β7 Small Molecule therapies,Ulcerative Colitis competing agents in the same mechanistic class as ITGA4 ITGB7 Integrin Alpha-4 Beta-7 Integrin α4β7 Small Molecule therapies,2,Anti-Integrins for Treatment of Inflammatory Bowel Disease,https://www.dovepress.com/anti-integrins-for-the-treatment-of-inflammatory-bowel-disease-current-peer-reviewed-fulltext-article-CEG,dovepress.com,2021-08-24,"Natalizumab (anti-α 4) is approved for moderate to severe Crohn’s disease (CD), but its use is limited due to potential risk of progressive multifocal leukoencephalopathy. Vedolizumab (anti-α 4β 7) is approved for the treatment of ulcerative colitis (UC) and CD. ... Etrolizumab (anti-β 7) blocks leu",,,
q024-obj,q024,Ulcerative Colitis competing agents in the same mechanistic class as ITGA4 ITGB7 Integrin Alpha-4 Beta-7 Integrin α4β7 Small Molecule therapies,Ulcerative Colitis competing agents in the same mechanistic class as ITGA4 ITGB7 Integrin Alpha-4 Beta-7 Integrin α4β7 Small Molecule therapies,3,Current status of novel biologics and small molecule drugs ...,https://www.wjgnet.com/1007-9327/full/v28/i48/6888.htm,wjgnet.com,2022-12-28,"In addition, combining different biologics or SMDs has been proposed as a novel strategy to enhance treatment efficacy in IBD, which theoretically has multidimensional anti-inflammatory potential. ... To date, the approved biological and small molecule therapies for IBD consist of the following anti",,,
q024-obj,q024,Ulcerative Colitis competing agents in the same mechanistic class as ITGA4 ITGB7 Integrin Alpha-4 Beta-7 Integrin α4β7 Small Molecule therapies,Ulcerative Colitis competing agents in the same mechanistic class as ITGA4 ITGB7 Integrin Alpha-4 Beta-7 Integrin α4β7 Small Molecule therapies,4,Old and New Biologics and Small Molecules in Inflammatory Bowel Disease: Anti Integrins,https://www.kci.go.kr/kciportal/ci/sereArticleSearch/ciSereArtiView.kci?sereArticleSearchBean.artiId=ART003107722,kci.go.kr,2024-06-12,"Recently, novel biologics or small molecular drugs have been introduced for overcoming the unmet needs associated with anti-tumor necrosis factor α agents for inflammtory bowel disease (IBD) treatment. Among these novel drugs, anti integrin agents block leukocyte trafficking to the intestine by bloc",,,
q024-obj,q024,Ulcerative Colitis competing agents in the same mechanistic class as ITGA4 ITGB7 Integrin Alpha-4 Beta-7 Integrin α4β7 Small Molecule therapies,Ulcerative Colitis competing agents in the same mechanistic class as ITGA4 ITGB7 Integrin Alpha-4 Beta-7 Integrin α4β7 Small Molecule therapies,5,Small Molecule Drugs in Inflammatory Bowel Diseases - PMC - NIH,https://pmc.ncbi.nlm.nih.gov/articles/PMC8308576/,pmc.ncbi.nlm.nih.gov,2021-06-30,"To address these issues, orally administered Small Molecules Drugs (SMDs) that use a broad range of novel pharmacological pathways, such as JAK inhibitors, sphingosine-1-phosphate receptor modulators, and phosphodiesterase 4 inhibitors, have been developed for CD and UC. ... Small molecules drugs (S",,,
q025-obj,q025,"Ulcerative Colitis competing agents with the same mechanism of action as HEMAY007, targeting TNF-α Tumor Necrosis Factor Alpha","Ulcerative Colitis competing agents with the same mechanism of action as HEMAY007, targeting TNF-α Tumor Necrosis Factor Alpha",1,Biologics in the management of ulcerative colitis - PMC - NIH,https://pmc.ncbi.nlm.nih.gov/articles/PMC4293927/,pmc.ncbi.nlm.nih.gov,2015-01-05,"In this review, we will provide a detailed discussion of the three tumor necrosis factor-alpha (TNF-α) inhibitors currently approved for treatment of ulcerative colitis: infliximab, adalimumab, and golimumab. All three agents are effective for inducing and maintaining clinical response and remission",,,
q025-obj,q025,"Ulcerative Colitis competing agents with the same mechanism of action as HEMAY007, targeting TNF-α Tumor Necrosis Factor Alpha","Ulcerative Colitis competing agents with the same mechanism of action as HEMAY007, targeting TNF-α Tumor Necrosis Factor Alpha",2,Emerging Therapies in Inflammatory Bowel Disease - PMC - NIH,https://pmc.ncbi.nlm.nih.gov/articles/PMC12428888/,pmc.ncbi.nlm.nih.gov,2025-08-29,"These agents include monoclonal antibodies directed against tumor necrosis factor-alpha (TNF-α), integrins, and interleukins involved in the inflammatory cascade, each providing distinct therapeutic approaches based on their unique mechanisms of action and patient-specific considerations [37]. Anti-",,,
q025-obj,q025,"Ulcerative Colitis competing agents with the same mechanism of action as HEMAY007, targeting TNF-α Tumor Necrosis Factor Alpha","Ulcerative Colitis competing agents with the same mechanism of action as HEMAY007, targeting TNF-α Tumor Necrosis Factor Alpha",3,Tumor Necrosis Factor Antagonists - LiverTox - NCBI Bookshelf,https://www.ncbi.nlm.nih.gov/books/NBK548852/,ncbi.nlm.nih.gov,2026-02-21,"Five anti-TNF antagonists have been developed and approved for use in the United States: a mouse-human chimeric monoclonal antibody to TNFα (infliximab), two human monoclonal antibodies to TNFα (adalimumab and golimumab), a humanized Fab fragment of anti-TNFα linked to polyethylene glycol (certolizu",,,
q025-obj,q025,"Ulcerative Colitis competing agents with the same mechanism of action as HEMAY007, targeting TNF-α Tumor Necrosis Factor Alpha","Ulcerative Colitis competing agents with the same mechanism of action as HEMAY007, targeting TNF-α Tumor Necrosis Factor Alpha",4,Is there an optimal sequence of biologic therapies for inflammatory bowel disease?,https://journals.sagepub.com/doi/pdf/10.1177/17562848231159452,journals.sagepub.com,,"The tumor necrosis factor (TNF)-α antagonists infliximab1,2 and adalimumab3,4 (and their equiva- lent biosimilars) are used in both ulcerative colitis (UC) and Crohn’s disease (CD), as are the anti- α4β7-integrin vedolizumab5,6 and the anti-inter- leukin (IL)12/23 ustekinumab.7 The anti-TNF golimuma",,,
q025-obj,q025,"Ulcerative Colitis competing agents with the same mechanism of action as HEMAY007, targeting TNF-α Tumor Necrosis Factor Alpha","Ulcerative Colitis competing agents with the same mechanism of action as HEMAY007, targeting TNF-α Tumor Necrosis Factor Alpha",5,Current and Emerging Biologics for Ulcerative Colitis - PMC,https://pmc.ncbi.nlm.nih.gov/articles/PMC4282853/,pmc.ncbi.nlm.nih.gov,2015-01-15,"Anti-tumor necrosis factor (TNF) agents were the first biologics to be used for treating inflammatory bowel disease. For example, infliximab and adalimumab, which are anti-TNF agents, are being used for treating ulcerative colitis. Recently, golimumab, another anti-TNF agent, and vedolizumab, an ant",,,
q026-obj,q026,BM-013 first regulatory approval or market launch year in acute myeloid leukemia,BM-013 first regulatory approval or market launch year in acute myeloid leukemia,1,FDA-Approved Drugs for Hematological Malignancies—The Last ...,https://pmc.ncbi.nlm.nih.gov/articles/PMC8750348/,pmc.ncbi.nlm.nih.gov,2021-12-24,"Finally, in October 2020, the FDA was granted full approval of **venetoclax** in combination with **azacitidine**, **decitabine**, or **cytarabine** for acute myeloid leukemia (AML) patients [134].",,,
q026-obj,q026,BM-013 first regulatory approval or market launch year in acute myeloid leukemia,BM-013 first regulatory approval or market launch year in acute myeloid leukemia,2,Acute Myeloid Leukemia Market Summary,https://www.delveinsight.com/report-store/acute-myeloid-leukemia-aml-market,delveinsight.com,2026-06-01,"Considering that the PDUFA action date for the Revumenib is December 26, 2024, regulatory clearance is expected soon.",,,
q026-obj,q026,BM-013 first regulatory approval or market launch year in acute myeloid leukemia,BM-013 first regulatory approval or market launch year in acute myeloid leukemia,3,[PDF] Translating recent advances in the pathogenesis of acute myeloid ...,https://pdfs.semanticscholar.org/d577/2a0070107916fb80c08760d4ee2fc768e9cf.pdf,pdfs.semanticscholar.org,,"MBG453 (sabatolimab) is an anti-TIM-3 monoclonal antibody currently being explored in clinical trials in combination with hypomethylating agents and/or vene- toclax in AML, MDS, and CMML (NCT04150029 and",,,
q026-obj,q026,BM-013 first regulatory approval or market launch year in acute myeloid leukemia,BM-013 first regulatory approval or market launch year in acute myeloid leukemia,4,Frontiers | From monoclonals to bispecific T cell engagers: the evolving antibody-based therapy landscape in acute myeloid leukemia,https://www.frontiersin.org/journals/immunology/articles/10.3389/fimmu.2026.1803185/full,frontiersin.org,2026-06-01,"Initially, GO received accelerated approval in 2000 for treatment of AML (44). However, it was subsequently withdrawn from the market in 2010 due to limited clinical benefit and increased early mortality (45).",,,
q026-obj,q026,BM-013 first regulatory approval or market launch year in acute myeloid leukemia,BM-013 first regulatory approval or market launch year in acute myeloid leukemia,5,FDA approves ribociclib with an aromatase inhibitor and ...,https://www.fda.gov/drugs/resources-information-approved-drugs/oncology-cancerhematologic-malignancies-approval-notifications,fda.gov,2026-09-24,"venetoclax for newly diagnosed acute myeloid leukemia|On May 13, 2026, the Food and Drug Administration approved an oral combination of decitabine and cedazuridine tablets (Inqovi, Taiho Oncology, Inc.) with venetoclax for the treatment of newly diagnosed acute myeloid leukemia (AML) in adults 75 ye",,,
q027-obj,q027,HQL-79 in vivo single-agent monotherapy tumour growth inhibition TGI tumour regression tumour shrinkage in Pancreatic ductal adenocarcinoma animal models,HQL-79 in vivo single-agent monotherapy tumour growth inhibition TGI tumour regression tumour shrinkage in Pancreatic ductal adenocarcinoma animal models,1,An efficient drug delivery system to block pancreatic cancer,https://pubmed.ncbi.nlm.nih.gov/40127723/,pubmed.ncbi.nlm.nih.gov,2025-06-10,"Hence, we developed an efficient drug delivery system by encapsulation of Que. into liposomes and conjugation with hyaluronidase (HAase) at liposome surface, termed as HQL. In the presence of HAase, HQL were predominantly accumulated at tumor with enhanced permeability and retention effect. Treatmen",,,
q027-obj,q027,HQL-79 in vivo single-agent monotherapy tumour growth inhibition TGI tumour regression tumour shrinkage in Pancreatic ductal adenocarcinoma animal models,HQL-79 in vivo single-agent monotherapy tumour growth inhibition TGI tumour regression tumour shrinkage in Pancreatic ductal adenocarcinoma animal models,2,Unbiased in vivo preclinical evaluation of anticancer drugs identifies effective therapy for the treatment of pancreatic adenocarcinoma - PubMed,https://pubmed.ncbi.nlm.nih.gov/33199632/,pubmed.ncbi.nlm.nih.gov,2020-12-01,"To identify effective PDAC therapies, we leveraged a syngeneic orthotopic PDAC transplant mouse model to perform a large-scale, in vivo screen of 16 single-agent and 41 two-drug targeted therapy combinations in mice. Among 57 drug conditions screened, combined inhibition of heat shock protein (Hsp)-",,,
q027-obj,q027,HQL-79 in vivo single-agent monotherapy tumour growth inhibition TGI tumour regression tumour shrinkage in Pancreatic ductal adenocarcinoma animal models,HQL-79 in vivo single-agent monotherapy tumour growth inhibition TGI tumour regression tumour shrinkage in Pancreatic ductal adenocarcinoma animal models,3,Preclinical Models of Pancreatic Ductal Adenocarcinoma and Their Utility in Immunotherapy Studies,https://www.mdpi.com/2072-6694/13/3/440,mdpi.com,2021-01-25,"In the KPC GEMM model, the combination of a CD40 agonist and gemcitabine induced tumor regression in 30% of tumor-bearing mice [74,75], similar to the objective response rate in patients [75].",,,
q027-obj,q027,HQL-79 in vivo single-agent monotherapy tumour growth inhibition TGI tumour regression tumour shrinkage in Pancreatic ductal adenocarcinoma animal models,HQL-79 in vivo single-agent monotherapy tumour growth inhibition TGI tumour regression tumour shrinkage in Pancreatic ductal adenocarcinoma animal models,4,In vivo Mouse Models of Pancreatic Ductal Adenocarcinoma,https://pancreapedia.org/node/9843,pancreapedia.org,2021-09-30,"Finally, using three unique PC PDX mouse lines, a unique PGAM1 inhibitor (KH3) was evaluated in these mice and proven to downregulate glycolysis, mitochondrial respiration and glutathione metabolism leading to cell cycle arrest, increased apoptosis and reduced tumor volume (125).",,,
q027-obj,q027,HQL-79 in vivo single-agent monotherapy tumour growth inhibition TGI tumour regression tumour shrinkage in Pancreatic ductal adenocarcinoma animal models,HQL-79 in vivo single-agent monotherapy tumour growth inhibition TGI tumour regression tumour shrinkage in Pancreatic ductal adenocarcinoma animal models,5,Molecular Mechanism of Autophagy and Its Regulation by ...,https://www.ncbi.nlm.nih.gov/pmc/articles/PMC7999886/,ncbi.nlm.nih.gov,2021-03-10,Evidence has revealed the efficacy of CQ and HCQ in hindering cancer cell proliferation through autophagy inhibition in pancreatic ductal adenocarcinoma and bladder cancers [109]. HQL is not effective as a monotherapy but shows improvement when used in combination with gemcitabine with nab-paclitaxe,,,
q028-obj,q028,HEC234055 in vivo monotherapy tumour growth inhibition TGI tumour regression tumour shrinkage in Pancreatic Ductal Adenocarcinoma animal models,HEC234055 in vivo monotherapy tumour growth inhibition TGI tumour regression tumour shrinkage in Pancreatic Ductal Adenocarcinoma animal models,1,[PDF] E262019A_Sunshine Pharma 1..4 - HKEXnews,https://www1.hkexnews.hk/listedco/listconews/sehk/2026/0423/2026042301899.pdf,www1.hkexnews.hk,,"Significant in vivo efficacy: In multiple KRAS-mutated xenograft tumor models (including pancreatic, lung and colorectal cancers), oral administration can produce dose-dependent tumor growth inhibition and even induce tumor regression. ... The preclinical research data disclosed in this announcement",,,
q028-obj,q028,HEC234055 in vivo monotherapy tumour growth inhibition TGI tumour regression tumour shrinkage in Pancreatic Ductal Adenocarcinoma animal models,HEC234055 in vivo monotherapy tumour growth inhibition TGI tumour regression tumour shrinkage in Pancreatic Ductal Adenocarcinoma animal models,2,Current and Future Therapies for Pancreatic Ductal Adenocarcinoma,https://www.mdpi.com/2072-6694/14/10/2417,mdpi.com,2022-05-13,"The combination of both anti-CCL5 and anti-PD-L1 inhibited tumour growth, in both a cFOXP3 Pan02 xenograft model and an orthotopic murine model, via the stimulation of cytotoxic T cells.",,,
q028-obj,q028,HEC234055 in vivo monotherapy tumour growth inhibition TGI tumour regression tumour shrinkage in Pancreatic Ductal Adenocarcinoma animal models,HEC234055 in vivo monotherapy tumour growth inhibition TGI tumour regression tumour shrinkage in Pancreatic Ductal Adenocarcinoma animal models,3,Unbiased in vivo preclinical evaluation of anticancer drugs identifies effective therapy for the treatment of pancreatic adenocarcinoma - PubMed,https://pubmed.ncbi.nlm.nih.gov/33199632/,pubmed.ncbi.nlm.nih.gov,2020-12-01,"To identify effective PDAC therapies, we leveraged a syngeneic orthotopic PDAC transplant mouse model to perform a large-scale, in vivo screen of 16 single-agent and 41 two-drug targeted therapy combinations in mice. Among 57 drug conditions screened, combined inhibition of heat shock protein (Hsp)-",,,
q028-obj,q028,HEC234055 in vivo monotherapy tumour growth inhibition TGI tumour regression tumour shrinkage in Pancreatic Ductal Adenocarcinoma animal models,HEC234055 in vivo monotherapy tumour growth inhibition TGI tumour regression tumour shrinkage in Pancreatic Ductal Adenocarcinoma animal models,4,In vivo Mouse Models of Pancreatic Ductal Adenocarcinoma,https://pancreapedia.org/node/9843,pancreapedia.org,2021-09-30,This was recapitulated in PDX models of PDAC which also exhibited reduced angiogenic potential via dramatically reduced VEGF and a concomitant reduction in tumor volume compared to untreated and GEM-HCl-treated mice (47).,,,
q028-obj,q028,HEC234055 in vivo monotherapy tumour growth inhibition TGI tumour regression tumour shrinkage in Pancreatic Ductal Adenocarcinoma animal models,HEC234055 in vivo monotherapy tumour growth inhibition TGI tumour regression tumour shrinkage in Pancreatic Ductal Adenocarcinoma animal models,5,untitled,https://gut.bmj.com/content/gutjnl/early/2014/04/09/gutjnl-2013-306202.full.pdf,gut.bmj.com,,"Results We found that tumours in KRAS PTEN mice exhibit a remarkable dependence on mTOR signalling. In these tumours, mTOR inhibition leads to proliferative arrest and even tumour regression. ... Importantly, pancreatic tumours driven by activated KRAS and mutant p53 did not respond to treatment. ..",,,
q029-obj,q029,TP-317 in vivo monotherapy tumour growth inhibition TGI tumour regression tumour shrinkage in Pancreatic ductal adenocarcinoma animal models,TP-317 in vivo monotherapy tumour growth inhibition TGI tumour regression tumour shrinkage in Pancreatic ductal adenocarcinoma animal models,1,Award | SBIR,https://www.sbir.gov/awards/203006,sbir.gov,,"Preliminary research conducted in collaboration with Dr. Dipak Panigrahy’s Lab (Harvard Medical School) has shown that TP-317 can suppress tumor growth in multiple animal models as a single agent and has an additive effect with chemotherapy. ... Phase I, Specific Aim 1: To investigate TP-317 in Muri",,,
q029-obj,q029,TP-317 in vivo monotherapy tumour growth inhibition TGI tumour regression tumour shrinkage in Pancreatic ductal adenocarcinoma animal models,TP-317 in vivo monotherapy tumour growth inhibition TGI tumour regression tumour shrinkage in Pancreatic ductal adenocarcinoma animal models,2,Pancreatic Cancer (PDAC): Introduction of Evidence-Based ...,https://pmc.ncbi.nlm.nih.gov/articles/PMC7690843/,pmc.ncbi.nlm.nih.gov,2020-10-23,10%) shorter for the mice treated with the combination compared with gemcitabine monotherapy (Figure 18B).,,,
q029-obj,q029,TP-317 in vivo monotherapy tumour growth inhibition TGI tumour regression tumour shrinkage in Pancreatic ductal adenocarcinoma animal models,TP-317 in vivo monotherapy tumour growth inhibition TGI tumour regression tumour shrinkage in Pancreatic ductal adenocarcinoma animal models,3,In vivo Mouse Models of Pancreatic Ductal Adenocarcinoma,https://pancreapedia.org/node/9843,pancreapedia.org,2021-09-30,"The end result was that TPN-21 strongly and progressively slowed tumor growth, resulting in a greater than 50% suppression of tumor growth (25).",,,
q029-obj,q029,TP-317 in vivo monotherapy tumour growth inhibition TGI tumour regression tumour shrinkage in Pancreatic ductal adenocarcinoma animal models,TP-317 in vivo monotherapy tumour growth inhibition TGI tumour regression tumour shrinkage in Pancreatic ductal adenocarcinoma animal models,4,Animal Models of Gastrointestinal and Liver Diseases. The difficulty of animal modeling of pancreatic cancer for preclinical evaluation of therapeutics,https://pmc.ncbi.nlm.nih.gov/articles/PMC4556944/,pmc.ncbi.nlm.nih.gov,2015-07-09,"Many new models have been developed in the past few years, providing useful tools for investigating mechanisms, origins, and specific properties of PDAC. Unfortunately, no models have so far accurately predicted clinical outcomes.",,,
q029-obj,q029,TP-317 in vivo monotherapy tumour growth inhibition TGI tumour regression tumour shrinkage in Pancreatic ductal adenocarcinoma animal models,TP-317 in vivo monotherapy tumour growth inhibition TGI tumour regression tumour shrinkage in Pancreatic ductal adenocarcinoma animal models,5,Targeted Therapy in Pancreatic Ductal Adenocarcinoma: Current Advances and Challenges,https://www.mdpi.com/1718-7729/33/8/452,mdpi.com,2026-07-28,"|RMC-9805-001 (ESMO GI 2026; 341O) [77]|I|Previously treated KRAS G12D-mutant metastatic PDAC (2 L and ≥3 L)|Zoldonrasib plus daraxonrasib|ORR 50%, DCR 97%, median PFS 9.6 months in 2 L;",,,
q030-obj,q030,SGR-4174 in vivo single-agent monotherapy tumour growth inhibition TGI tumour regression or shrinkage in Pancreatic ductal adenocarcinoma animal models,SGR-4174 in vivo single-agent monotherapy tumour growth inhibition TGI tumour regression or shrinkage in Pancreatic ductal adenocarcinoma animal models,1,Something went wrong,https://www.tandfonline.com/doi/epub/10.2147/DDDT.S278975?needAccess=true,tandfonline.com,2004-01-01,"You can view available primary and supplemental materials related to the document from the menu on the left including images, tables, etc.",,,
q030-obj,q030,SGR-4174 in vivo single-agent monotherapy tumour growth inhibition TGI tumour regression or shrinkage in Pancreatic ductal adenocarcinoma animal models,SGR-4174 in vivo single-agent monotherapy tumour growth inhibition TGI tumour regression or shrinkage in Pancreatic ductal adenocarcinoma animal models,2,Detail - OpenURL Connection,https://openurl.ebsco.com/contentitem/doi:10.7150/thno.56737?id=ebsco:doi:10.7150/thno.56737,openurl.ebsco.com,2025-05-30,"We were unable to find your item with the information provided. ""Access through your institution"" to search for it on your institution's EBSCOhost experience.",,,
q030-obj,q030,SGR-4174 in vivo single-agent monotherapy tumour growth inhibition TGI tumour regression or shrinkage in Pancreatic ductal adenocarcinoma animal models,SGR-4174 in vivo single-agent monotherapy tumour growth inhibition TGI tumour regression or shrinkage in Pancreatic ductal adenocarcinoma animal models,3,Proprietary Information of MD Anderson,https://cdn.clinicaltrials.gov/large-docs/27/NCT02684227/Prot_SAP_000.pdf,cdn.clinicaltrials.gov,,Proprietary Information of MD Anderson ... Proprietary Information of MD Anderson,,,
q030-obj,q030,SGR-4174 in vivo single-agent monotherapy tumour growth inhibition TGI tumour regression or shrinkage in Pancreatic ductal adenocarcinoma animal models,SGR-4174 in vivo single-agent monotherapy tumour growth inhibition TGI tumour regression or shrinkage in Pancreatic ductal adenocarcinoma animal models,4,"BI-3406 / Boehringer Ingelheim, Novo Nordisk",https://delta.larvol.com/Products/?ProductId=84a5b22a-f2c8-4c2e-a238-a5dc4a21c610,delta.larvol.com,,"March 26, 2025 Preclinical characterization of SGR-4174, a potent and selective SOS1 inhibitor for the treatment of pan KRAS mutant cancers in combination with KRAS pathway inhibitors ... - ""Compared to other published SOS1 inhibitors (BI-3406, MRTX0902), SGR-4174 is more potent, and demonstrated si",,,
q030-obj,q030,SGR-4174 in vivo single-agent monotherapy tumour growth inhibition TGI tumour regression or shrinkage in Pancreatic ductal adenocarcinoma animal models,SGR-4174 in vivo single-agent monotherapy tumour growth inhibition TGI tumour regression or shrinkage in Pancreatic ductal adenocarcinoma animal models,5,"߄w����I*�|b�r˕٘�}>�g��_��"":^)Љ��P�}�꼖���(e��㡱Y;�~�]���E�����/�IbU�̓����-Ʊ�{�{t{LA=�Tm)P,�*u����Q:ʾ�,����F�Ѕ��g�cA]�L����A�����LA��´�~�!C;��������X���֟K�|��Xz*�Rp�h�Z-�6�n�*�������.��G9A+��ƴϵXLMfs�^���˝ِ�j�����g?~ܳn�����v.U�-,��ڸ�ٯ_�cw���eo���S�v��k?Ys��'v*�0J�{ �������}����] �Iz�OKU5�������q�\xy�Z]z#�;Gӧ�-/x�C�)y�&.w��f#�� Z�{�d!� ,�1��Ł�Nt��zm͜+q+����,��Հ�uO��Ž�h�����5��TPGY|���&ws(��""�����߬���_l`��������S�ߕ�����`wmP����u�ݮ����̣����Ss��&������`�7\�%�u��1�)U�c�� �V�7J%R����mۦ�S����h>]_(-{����s�yܛ�r$Ŭ��������>v�v�G���.F��@G'�t��1)�����r��3�+�ߝ�˼����K$�ŏ�h3��+)����\]g��%������j̦Q28>���K��#%��j�Sm|�i:��l1,+�>�1��T���k�&ZV�Oe*��<��6�3���] ��������ǎ���}h�^�N�P_f ?@X�jG܃��ɺ�.�|�7K�K��)���LS�%�����d��C+{��_S��]�S���9�a��v���K;>�^�h��PܕqP��se�]%��ô������J�}�E7��AH:>[h�'�8��r(t�{�����=�C�mg���v���N��""�>#����,�D��ǒ���lcЉ����8����`�q�U���/8隃�����2o�y.{���z��兑0��IP��U���@�b�ܷ� �����s���'���� �Û7��b�c`@pf��o��K��V�>�ظ� �4q5��h<�M9�o!<�.����7�t�#��bk���7�|����t{�����{W�Ί�&ɤ�o�t}������*��3�#���&>_;��U���}��t�&�����Me��u�kwϱ�N.���mj�E�:k3�]!5�P �$�kWf}M`q�˷\�B*&�P5�r8(�mY҉Q&�@0��R}���I4�%U��:8w��w�3��8����q�_#!�Rt���/�W�1��$���p}MBe��ν�~e3��uG��֪m���S�)���Ϡ�s��.�)��1� ���o���9�ވ@! �v冠k�|�2����p���t����������6�*�~�:��}�33(�P@��Ȩ�ר�Б>�|�PCW띲�N'��ﮠ�͞e*���[�{K�HoO�A���[of8���R+A:�pj���o�����5�������W�ðſ��V��d�7�:���������?���%'U�_�Lw}���z;lL�b*�V����Ph��m.$�Ztj�X���MG��%�' �����l����Ա���Bɋ0�� �g8�ՙ��� �8g�YZ�x�\����PDZ_,F�;u̦�r��ļ�lnb���W����_�_/uP�v ����ݑ��G�۔�-,t�q�թ��q���?AQ��p��;6�ت��{���A�:uu~ݯ�J���_�|�7�u쉪��8֠��\@�r,<��-��/��� y_{�B�C�'�0 ��$s�Da�����;}���rB���e�h�~^%�ٌq�����/<�+���W�O��r��5�Odj�N�����L���!$|�9/�Ie""�Z;�V���� ������t����g:�����7���œ�z#���Ν.�ۜ�����х����1����;��������Cq���čI�8�Ė�{�to��;6;����™�&%���� 6�H���=� ""GxV�ok����X�G�E%eo�f����WC�z��|Jk}�$_~�������vO�L�W�� -!Q[~�w��P�J�sSZ���#��7���Av�$lˁ� �N�m��� *nq3!ƱOH�I��5\U�����k����lw�$J""\~B\����V��T�r�Ȯ%J�fI;9�`^�D������ȵ���*6��,���/s�4�'��6\�������\���w�^�I�|�jW �7�VQu�:�.��c!������ GT�S�uS��jX�O�K�Ϭ��ݿ����Ro(Aв�dndT��B��%8�pm�#�+:���Ff��) Oa�#_a�\-J�A�G@�1FCT��{O�Ӹ������K;�m�J��i-�:���Wb�/��L�o���� �I]V�v~θY7��C`-��n����6u�u��ٹF��U���MXoȎ��~َr�rS[����V��>��16Gc��Qjb/�O:E���7D��K�>���U Bbc��u8����)?v9�v���Lj'�{��G�_K!���4E��t ������b�t���c��-�$�φ�<��%��vC��|G���b;�d���v¿����y-�JU2q� W���� �d��oQ����(uW|����{lM�i�$?'��$=N���>x�J�f<��<�MHF3�0���٨����4���4&�'�Z���&R�A���f��s�7���#���m�8��W��5Lv�;QL������k�M~�����!�v����Gn��Ȟ���Ž�$X��Z�o>���hi �2�α�Y�ʱܧ���Q��Ύ�M-f��1#�lax���\���-Eo:�a ��K""}{�q{u&g.����A������8M-�;�k�pd�gjԬ�EU��Qp��T�5�El��0""1�W��PU����†y�o�P�ppR��BH�����m���·32XN�ݠ�� �=G�59��̬:�S��4kk�L����?\��������ҁ�C�����mw-���6�E��̓qw1lD�2�q���&�d�XYDZ1 �����T��lX��e8�pyRR��;�Q��+��T2KS��GwWW��X��q������#.����J��t�M�bүp E�:��ρ��s��靚�:EE��mIT�c>��Z� %�����8gOx��c�1Q6m��ݱG�g$�_�i�(i�M��D�MZ9���ѹ��L%�R�������U(h %�}G�ܺ&&Kћڋ&)0�����b�:l�%}��My�;�6�S<|Q�j��m-.w��!,�����_PHW/�^���-���,�����j�3��>��ƶ� n|����d�r�]�#F���w��S�Ji��V��N����ʭ���+\��(HR�OR|p�qF=1��V�=)���c��S������O �N N7++�֭��C��<� (���6���j�""#��$lk6�-�J`���B���{k8��@�p)d�L��!Y2�_ ﲗ�;��6qz[�XZj*�ԃ��Ţ¾�?�@t0q���\���""g��Z�g��@yP?��u^��H8fqkX��A6""��b)��_2�M��d�Gq�0ڃ�|s���QG���� (�Gk�?��7c�L���<�� �E�3�7Ԓ@~�c/�+���v��`��{������!zzLN}=!ċ�1�X���!?�6m_��3�v�[rg��A�sx��%�����-}yA�O�o ةAX3��d,�݃���A�?zD��5����GE������_ �@���pw���������n,�b� bn����>ܾ>�B�{����r؊""��8)i��^y, �ϩ��Ԏ��V'�Ru��O���^�����w��a�B|�L0�T9��u�o�āAj��WTί�fB�b�v�3�/�3���H�u[j��D��e��*ѻ�}$�#�""���M� �ΐUm��I-^�P���ӂGk��%�$�� ����1��}=q)e2 ��}:&2�<""� ���ٓK��\S�)+AG�D�R`a �BW7�n�~�8:8�{8z���f�IbA�K�6fl�1�ؑ�=��������v !�Gh9�q�.�kf��#�㶴D��2��y�F��,\n�e��!y��C�IH��娫S._}�IN���0}@{��Cŀ�}��?��O�@ d���x���m�Lخ�R���Ɨ�o�0�ŮRLx��k����0��*�X��m~^�P�}���r�p���d��%��M�A���'4�����E��mBkcJ�M�^P�~.q4�n�p�^��+��,%Q������V�~B���E���ԫA��W~T������j���������!��#��-^``�f-1?���W�s��&�۞#�α����U����oH$�W���L��zF(�o��Oȍ!������c�f�7�H�H�%e�Q��k�;:�nP��B/�`K��P[Y�J)�zdF���l��;��R�u];���^������= 7���~!q�������5j���7<~|a�%�T��;�!�&�S�}5��/*c�}�YT}���d�t��˸c��t���*!��J�'�xk�_07��}�uI�""~>�uq#�N�Y�h����8?�o�MlnW��@����#����)!pK�u���,Ꮰ*$������,v)Ar�r����ǒ5�R��i���Ɂ�`��,�g�Op���FA���@� $��v%��������m�CM�������f��m�ͱ��k&U#�m� ŭҪ��Ȧ���V�������p��A�=uL�FW�$l�{�����LNN�̞���$� +��y�H�:�>�� 6�r�o���T�t�ɞ�h����݁&Bˊ:�يd5]ꚦ58ʄ��i�2΄��Q�c?��HUa�sI�O�MQPXF���:�m|�����m�F�v���m���1��Cn؛�K���=�8( ��L<8� h���\��D,���(�FZ+vk��R_͔��/�ַD��|���&ȓ����(/�+�oTS��ɥ<;�!�oD?�c�Gʉ�����""���v;�r;�����$��2�ب.����,h��Y||�CN��!��jN��zW��3���.?��(]�k#�cl���!~��������2i��ܰ�G�P���6�V ;�L+�X�!fKׅ�nR.���~��0���b�μ�����.��'��_@�N̬>�m�n�s3I�el�:�sS�����XL������3�.�1�T�1��,���Nfˡ��7la�V����vn��)g�n!�*R3��b�mV���*�?6""���Edd,�jt?c,6���L�x��W�È� JTZ�H""�D�0�@���(&ޮ�=�B���F=E_ۺ�/H����,��w�$�K�?�D����[�]��Vd���I�ufQ��hx8�m�F�� %/ϥ�H���`}B �QDl�%��`������� ���� q(��椵��2��F9��D���N��;�䰿X�o���ĉ����¹�g�B��f�pXHF�}�����5��GD� ��^�3?�>�M����M�@?�0�p��t/� ��e�6�N���3%����3��)�8k1���j]}ZPɺ�R�A%cUI��Gu �+�ĸ���uT��ޏ�""����?f�����(���J����)�n��N�f��:�^�]=d70#ͯj���Ç[��GC�܊5�u���Xx{�efr�4*�_�^0\�%��%��~7������8�鋢�+�F!�&��tJx��S���]w�W\2�YqA}��8�O�Hm�BF���8�Ff���_�xЏ�����.�n��%�� #�� �zR���Q,����C�a���]���Ž�GF��X�'�7b�q����Z{�s�9��h)�iq��� �D�H[�{����|�R�fݬ���Ԓ�F�S^P笌G�>��� ��s""�:uK���E�r>���Ԥ=��1J�� ���?��,$nu��T�F�%~�T���]9��@�~�`��]�{�9��|*����(��O� 0=�}W���o(ʀq5?~cW�j�""�Gm�?|[u�K�z{kDIlF�AF^�@#�\�EmBC�-�H��=!��?�Y�^#nr���/�O;R\v�����j���^�J}�J�������},�B�7�_�0��=Y=9?e3MB�Ӝ�Q�N�~}Wg��V�Y����:f��+=#����� yƙ��`I�$�$W+o�Er�O٣�: f�Ċ|�B}��E��g�+�^�L���b���CP�����ܶ�Wْv�j����ggds�o|��xc�8��{p��X�[���|����LK۹Uu~�(�o������@~Fm�@��3p ~z�Ӿ9��[�2ߕ�_��*M�Oz���0��wP�\��=�f=�(E@�⊡vݫ���hK<㱁��BOO=9������By����'�W�s[6m¥��Z��գ�9MWm�M� d��`a ��w9`��/ �zf����uZE̟���""������""A� �7�@�f�ۯic�(1��(f�7�s�';!��%0x��c�.u��a]oBZfs��Km�J\m�l�]������Dֲ�Ĕ��W��|�@�����V&Ϝ����>̴Hk�y� ��݀&�����( �A�?s� �'�|�� ���W]n)�u&����?E�Kh�A�J��Ϛ4C�P؉˫���hS��ݹ�/�]j8�h�@A��0����H4�2F�F���}��)cG�)%Y�Aڐ���d���5_U�*��o�Cz���}�9�\N'���;+k��K�4�����7w=D��� V�i�6�rQ�Si�� �� �(���b:�Kf�t{H��p��&�仌����74e�4³>�Ğ�6y[�����=�˅c8����(��LS��}w��x(�lx�18G{�o Z�?7AA���r*v��Y_�@r!}(�ޮ�V��ۖh�|g������̎�I�nQp��Ge�L[��X�wZ��y�y@*oAQ�S�V�����Ӫ�l$ n���|�����,xŒE���Z���""�P��B��T}�0��j������g==��(HT���k�5��Gu��o�j�₪X]]��+ڨ�dQ%�j"",�>z�m@�x��W�:x������Ĉ��F�+Х`���t�&ȃc��Rw��NQVY�I��$M��%�Q����9�K�O�""#��N���q���� �,�h,���rߔ�鼎틚�v��1����B�x�����pmQp��b|��J�H��H��d�ȭB���ͻSt� =�_�:G�ݻݝ���Q���wNT�@��<���������@�ed´(A9�aoE� �t�{�%��)��($턊�����SK]�~v��%4h�^74̨��C�S� ���TW6� y�POa�g�(s��ӒX��gG-�Vn���Sm�)G�d���0�Y� !>��H~q����dgc#��q�0?��e�w���!���21��I��� �5h���䛸[��i�^�A~>���r=m6��*Ccc�k�>g��[oA����<��3�E�n @L�,�V�4���<a2r�x�{&Ujr�X�A��Z�o|;�l�db�?q�'yedf�b6����G�V��""+3-Mb���v�^��;Z��ء�!�!���4|""�et%%B���HZqE�>�H�o�xj��7@+bW�-�}@:��hb3洧�=l�99C�s(P0<�N�����v�?~���mi�m�;�����Jh�9o��~$�| Pq��\��û���oDž�N0)Ƨ�J���ntޚz�z�rs�_]%��� �ɴ�GF�/;�`Ǡ�IضP�<�G�e���ΪE�ܱO���c�$&��$.���|X���4�ϟ8@���]'%�2|ݵ#os�[p�z��V`�+�X;88^]�w* ��9���B�$�<���㊠���ٮY�&���hI�i�2���A�7��������V�/�rE��J���T��� �w�<�vSR��`��vС��$)�H�r�R�� ��pQp� �}��VC���W����M[>-X��rD��,PyUY`6���2���>N�$�?.��=BsG˥�*��e""���qpWHGjEciI����1<���Ο����^V�T|�Ħ�(>3���1�E�Z���/�����#�80=A�sϺ ��~��ੈ��8��,�w��w�٧�v�'G� L��� ��?u�m/s�㺟-,���u�t�c��vFk�&S>|7�u��T����e9H�V|S�l7!#�E�� �c""�n��8�!d�N�s���%(j f���c�4��E]��_q��Z:���돧g�����z*��hp��0�P@~W��td��h""�0�E�3(zz⨰_=�--���%��]@�# z�@IY��;�l��q��:�gѤ�$t��,46�X�7A""�""L�BBȥ]����& �7F�F�t'���x�!T��e90Cƪd��Q}���_5j��5������~�����Ea#e�V""ޟ:�ߐT ѐ��ggc�������m�'f�<�ý�tj������֢J������W�͍m*�SG� �6��Ox*@7�H��? 0 #xl3)f/�r�+qv����Ə+<�>v�1��,�T;ooV�Π��j�#)Ϩe�W%')�e�+kg�|92p���Ž�-��{T�*�qZ1hz��7�[ ��F|�'��o �k�Ҋ騑(�B� �� �A�����,�)Q���ck,�-�2����-�^��z�""��).����)��2\�%,[���}q�faӿ����˫���ox�DW���j/��ݑ�o�L( �ݛh3����EGD���1��H���z���ZɅ��T��'$��Hj@U�*:�s�/�M튴3���}4����Z���h�\�=LZ56��8ovY���T�K;{P�|r��+T'�Β�T�1��zb`:�:PЁ@��ȅ�`�J ƞ��IR~?E��?�Ì8����.�������}x+dy�*:*��#��H�a�m�NNC�$j¡��+/�''��ۉ���dv�5���� ��Ѯ<~|���a~!v R*�a���|)H���1e���7�V�ݻ�V/�hB����Q�֯d�����ի�.���iŭ鰴}����&nO:|*h���=\�""|��yRVv���|T[%I��js��jyЉ&Fr�w鯍��*5����Wl���d`��FY�[�H[S��&+kk����t��)�w�9��TQ�gHB���I�� �u���!�`L��,�˓��w�Z�W��0�@:'Dġ��� �KB$s�Kw�?�B���+�>0疫@jϞ�69v�]�Z��[���<���n�F���_$�6�&ǎ�_~>d����>���ފ:l+�܍���J��q""���,�""��>�ߡ��%���i5�*��ZuM�����iĢŦБ=�Ƭ�b��@dV�T)��l��Ԡ`�P !LX���dNT��Ů�6��C�B���ׇn���ܷcH@��z��:�e���q8>}Bs�B�؍�����yv\pk�����lq�QX��Q��Ym��iş3�.X������B�x��1Z_�|�B����v�� ~iהLF�`{��!��W�c��E&�'�i�>�ܱ��)�Ue����-�o�>��p%�UR�߄j � J0��(t�R�_0jl���!rx��Z㔗���gu,���.la}ʽ!����RIEY�:}.<��[p����""�E-m~�ӧ��L~d��0���}�4���� ��s�r��)T�ӂib���b�A*��y���N���K�Y��Q������H����^[�F""�vf;�y,N�mJf֠9-BGqa&�����[D""�i,���gէ�_Bi�2d�S�d߉L�v��H�����=,�.���.�å�/Ŷ��z;x��H}�i��(��e�P%l��_k�ԭ����^��!3*��t;���l���;��yGr�����W�g��G炆����A3��KH�� �7$'�#ԗ �ʲ_�������Rs����<:����.��+l��Sf߇ť�^3Net��)�[.Hh��?��=�z��s��ŸՅ�}�LW�]]�B�e;+kx��p��h""�����)��P>��Scf� 71�m��j�I_ahC�����H@� ���j�cK85�� r�SC�����E��27#�/|�=��K��8���P�s���TU%S�(��o��,���[�@]�{�&.��$�%�~�5K���8���Y�e��@�}cQO�r3W-mA��e�6�3k�D�X�{���A ���_�SY��=��Q�Rs�!c�@>g���dn��E\D�G_}��7��$����G1��N'�el��Q��p�.;k���b��*�85�6�y[���ƪ�Ow���w�:������ �?9�2.6%_�3������(��}� �9p}�d��$��ٰ�0��P��,��MV��<\Ԁq���^k7f���R�j����2��ͨߥa�!��Bc@uz��VU�Xm�""sw��h�Ǫ����0��hq���!�5�[]���pU{C_�:;��v�9f�i�w�Y�m����[ڐK#��k����la�J%M�/3�q�&��F��8/ww��f��-�R�e""�U����~}��5���^���,=�j|u|I��B� ��p+{��1Q5��|�p��9 ��X��+�(33v��H����22�`��zu�Qʦw��)&�� R��酅}i��1%�f�UvO3���Dxj�����'� cP� zP�{ �)K�����a�4��D�ℙ/��ٷ4Mo�6�����f�(�й����^��:��;�s ��^�\�$4�@܁���k?��������jp�M�k���m�_W����̅�r��Ӥ���)/����њٺ�+UY/����у���.���wbN��J�z0����@��B���S�,��� �x&��#b�V�y��6""���#G�A�f���ޔ��� q4�ov{8�.��K�pw�eQZ�OI�pA�{�ۥ6���@���&�;@��eW��tX�'��%����-���Kg!!?���%��u�뒀���C�:N�1��i~��i:G��D�CB4��\��Y2V ���-= @�CAB��A&�j��翶U}��,���C���х���Sy�P�lu\�9�K�#�Q��]b�""��X�B���҃���`��c>�|�적T��c�u =�� ЈeT�8�o�ʥz+�ʶ��|+$_��! ��_˗'?�Q�{ed �f��گ��H�����}Af�$�d��y�i@����\u#��֒옃�LM&AqPY%�@ل*&��,�Ȇ�sKQ�awG�{�9f|pB�nN����^&I�I����� O��˳�����!����9筈��xIoo�|��\���L ����O5#�|����xh���@��IH3���`.�7��===�ŀf�����i��^�#��� GghH��7�����ήƱQo\M��t(9Xٞ�<����� ���g@�:���c���s�/5tCtlM��>W��'�>��M�R�H+ӗv,?�=|�(����9��M�C���3R�����ž=��…",https://www.techscience.com/files/or/2024/TSP_OR-32-3/OncolRes-32-03-43026/TSP_OR_43026.epub,techscience.com,,"��g0}�""�#�X�Lذ,SثW������aC� �������E' �IJ������""c�ˉ������͇.�zܹ�8B1���/\��`��t�_ax���1i� �~�I��&�w�)�C�� ����`x��n ]�ɽv�T���۴B�����/��9IwS=�������u^S,8��&T��jG""EGȽD ;���t��H<�R=� J�%�A��}�Y�yl>�6�}����������l:�*���\�{w�� ��9�!ն2E'�1��#z1YY[�q�$�t*@&��DZNml�'��͔�\c��}����e���G_x=KR����kI�����h�EN_^��3",,,
q031-obj,q031,SPR2015 in vivo single-agent monotherapy tumour growth inhibition TGI tumour regression or shrinkage in Pancreatic ductal adenocarcinoma (PDAC) animal models,SPR2015 in vivo single-agent monotherapy tumour growth inhibition TGI tumour regression or shrinkage in Pancreatic ductal adenocarcinoma (PDAC) animal models,1,SPR2015是一种高效且选择性的KRAS G12D（ON）抑制剂，在临床前模型中...,https://www.posterkeep.com/c/aacr-2026/p/5660,posterkeep.com,2026-04-17,SPR2015通过增强CypA竞争性结合，实现快速而持续的靶点结合，优于另一种G12D（ON）抑制剂。在小鼠PDAC/NSCLC异种移植模型中，SPR2015在10 mg/kg（口服，q.d.） 时有效抑制肿瘤生长，并在30 mg/kg（口服，q.d.）时实现肿瘤消退。这些模型中的伴随PK/PD研究建立了肿瘤生长抑制疗效、下游对DUSP6 mRNA的PD抑制，以及血液、肿瘤和其他组织中药物暴露之间的相关性。 ... SPR2015在这些体内CRC异种移植模型中显示出显著优越的疗效，作为单药实现了64.7%的客观缓解率（ORR）和94.1%的疾病控制率（DCR）。在安全性方面，SPR2015表现,,,
q031-obj,q031,SPR2015 in vivo single-agent monotherapy tumour growth inhibition TGI tumour regression or shrinkage in Pancreatic ductal adenocarcinoma (PDAC) animal models,SPR2015 in vivo single-agent monotherapy tumour growth inhibition TGI tumour regression or shrinkage in Pancreatic ductal adenocarcinoma (PDAC) animal models,2,SPR2015 / SciBrunch Therapeutics,https://delta.larvol.com/Products/?ProductId=a79f9c66-70d3-404a-a2f7-48a63c49e2fd,delta.larvol.com,,"## SPR2015, a highly potent and selective KRAS G12D (on) inhibitor, exhibits favorable pharmacokinetic behavior and significant anti-tumor efficacy against colorectal cancer as monotherapy in preclinical models (AACR 2026) - ""On the safety part, SPR2015 demonstrated favorable in vitro safety profile",,,
q031-obj,q031,SPR2015 in vivo single-agent monotherapy tumour growth inhibition TGI tumour regression or shrinkage in Pancreatic ductal adenocarcinoma (PDAC) animal models,SPR2015 in vivo single-agent monotherapy tumour growth inhibition TGI tumour regression or shrinkage in Pancreatic ductal adenocarcinoma (PDAC) animal models,3,Unbiased in vivo preclinical evaluation of anticancer drugs identifies ...,https://pmc.ncbi.nlm.nih.gov/articles/PMC7720119/,pmc.ncbi.nlm.nih.gov,2020-11-16,"We performed a large-scale, unbiased in vivo screen of 57 different single agent and combination targeted therapies in an in vivo orthotopic mouse model. ... To identify effective PDAC therapies, we leveraged a syngeneic orthotopic PDAC transplant mouse model to perform a large-scale, in vivo screen",,,
q031-obj,q031,SPR2015 in vivo single-agent monotherapy tumour growth inhibition TGI tumour regression or shrinkage in Pancreatic ductal adenocarcinoma (PDAC) animal models,SPR2015 in vivo single-agent monotherapy tumour growth inhibition TGI tumour regression or shrinkage in Pancreatic ductal adenocarcinoma (PDAC) animal models,4,"Merck, SciBrunch Launch Up-to-$2.13B Collaboration ...",https://www.genengnews.com/topics/cancer/merck-scibrunch-launch-up-to-2-13b-collaboration-to-develop-preclinical-kras-inhibiting-molecular-glue/,genengnews.com,2026-09-29,"At the 2026 American Association for Cancer Research (AACR) Annual Meeting, a team of SciBrunch researchers that included founder, chairman, and CEO Tao Hu, PhD, presented preclinical data showing SPR2015 to have demonstrated what it termed compelling antitumor efficacy as a monotherapy across multi",,,
q031-obj,q031,SPR2015 in vivo single-agent monotherapy tumour growth inhibition TGI tumour regression or shrinkage in Pancreatic ductal adenocarcinoma (PDAC) animal models,SPR2015 in vivo single-agent monotherapy tumour growth inhibition TGI tumour regression or shrinkage in Pancreatic ductal adenocarcinoma (PDAC) animal models,5,In vivo Mouse Models of Pancreatic Ductal Adenocarcinoma,https://pancreapedia.org/node/9843,pancreapedia.org,2021-09-30,"This was recapitulated in PDX models of PDAC which also exhibited reduced angiogenic potential via dramatically reduced VEGF and a concomitant reduction in tumor volume compared to untreated and GEM-HCl-treated mice (47). ... Finally, using three unique PC PDX mouse lines, a unique PGAM1 inhibitor (",,,
q032-obj,q032,PHY-003 in vivo single-agent monotherapy tumour growth inhibition TGI tumour regression tumour shrinkage in Head and Neck Squamous Cell Carcinoma animal models,PHY-003 in vivo single-agent monotherapy tumour growth inhibition TGI tumour regression tumour shrinkage in Head and Neck Squamous Cell Carcinoma animal models,1,[PDF] This electronic thesis or dissertation has been downloaded from the ...,https://kclpure.kcl.ac.uk/ws/portalfiles/portal/336822127/2025_Langdon_Sophie_19071106_ethesis.pdf,kclpure.kcl.ac.uk,,"In vivo, MTCQ1 was shown to grow and metastasize when transplanted into syngeneic mice and exhibit molecular and pathological changes that resemble those that occur in their human OSCC counterparts. ... 4.4.1 An 8 Gy dose of radiation slows tumour growth compared to untreated  tumours in MTCQ1 HNSCC",,,
q032-obj,q032,PHY-003 in vivo single-agent monotherapy tumour growth inhibition TGI tumour regression tumour shrinkage in Head and Neck Squamous Cell Carcinoma animal models,PHY-003 in vivo single-agent monotherapy tumour growth inhibition TGI tumour regression tumour shrinkage in Head and Neck Squamous Cell Carcinoma animal models,2,pmc.ncbi.nlm.nih.gov › articles › PMC7944998Head and neck squamous cell carcinoma - PMC,https://pmc.ncbi.nlm.nih.gov/articles/PMC7944998/,pmc.ncbi.nlm.nih.gov,2020-11-26,"For patients who benefit from these agents, responses seem to be durable^7–9^.",,,
q032-obj,q032,PHY-003 in vivo single-agent monotherapy tumour growth inhibition TGI tumour regression tumour shrinkage in Head and Neck Squamous Cell Carcinoma animal models,PHY-003 in vivo single-agent monotherapy tumour growth inhibition TGI tumour regression tumour shrinkage in Head and Neck Squamous Cell Carcinoma animal models,3,Current and Emerging Molecular Therapies for Head and Neck ...,https://pmc.ncbi.nlm.nih.gov/articles/PMC8582411/,pmc.ncbi.nlm.nih.gov,2021-10-30,"Currently, only cetuximab, pembrolizumab and nivolumab are approved by the FDA as molecular therapies for HNSCC.",,,
q032-obj,q032,PHY-003 in vivo single-agent monotherapy tumour growth inhibition TGI tumour regression tumour shrinkage in Head and Neck Squamous Cell Carcinoma animal models,PHY-003 in vivo single-agent monotherapy tumour growth inhibition TGI tumour regression tumour shrinkage in Head and Neck Squamous Cell Carcinoma animal models,4,Emerging tyrosine kinase inhibitors for head and neck cancer,https://pmc.ncbi.nlm.nih.gov/articles/PMC9987561/,pmc.ncbi.nlm.nih.gov,2022-09-21,"Treatment of three HNSCC PDX models with anlotinib reduced tumor cell growth *in vivo* (31). ... To date, clinical investigations of TKIs in HNSCC have not yielded substantial improvements in patient outcomes. This has been particularly true when TKIs have been evaluated as monotherapy.",,,
q032-obj,q032,PHY-003 in vivo single-agent monotherapy tumour growth inhibition TGI tumour regression tumour shrinkage in Head and Neck Squamous Cell Carcinoma animal models,PHY-003 in vivo single-agent monotherapy tumour growth inhibition TGI tumour regression tumour shrinkage in Head and Neck Squamous Cell Carcinoma animal models,5,pmc.ncbi.nlm.nih.gov › articles › PMC12732836Current and Emerging Protein Biomarkers for the Diagnosis and ...,https://pmc.ncbi.nlm.nih.gov/articles/PMC12732836/,pmc.ncbi.nlm.nih.gov,2025-12-15,"In a clinical trial, patients with recurrent or metastatic HNSCC and mutant HRAS, Tipifarnib treatment resulted in an objective response rate of 55% and a median overall survival of 15.4 months [108].",,,
q033-obj,q033,DXP-007 sponsor development stage indication public source,DXP-007 sponsor development stage indication public source,1,Drug Approvals and Databases | FDA,https://www.fda.gov/drugs/development-approval-process-drugs/drug-approvals-and-databases,fda.gov,2026-05-08,## Resources ... - Novel Drugs at FDA: CDER’s New Molecular Entities and New Therapeutic Biological Products,,,
q033-obj,q033,DXP-007 sponsor development stage indication public source,DXP-007 sponsor development stage indication public source,2,"DXP Enterprises, Inc.",https://www.sec.gov/Archives/edgar/data/1020710/000102071020000015/dxpe12311910k.htm,sec.gov,,Please declare your traffic by updating your user agent to include company specific information.,,,
q033-obj,q033,DXP-007 sponsor development stage indication public source,DXP-007 sponsor development stage indication public source,3,News,https://ir.dxpe.com/news/default.aspx,ir.dxpe.com,,"Houston, TX 77040 (713) 996-4700",,,
q033-obj,q033,DXP-007 sponsor development stage indication public source,DXP-007 sponsor development stage indication public source,4,"DXP Enterprises, Inc. - Investor Relations",https://ir.dxpe.com/overview/default.aspx,ir.dxpe.com,,"DXP Enterprises, Inc. - Investor Relations ... 5301 Hollister St. Houston, TX 77040",,,
q033-obj,q033,DXP-007 sponsor development stage indication public source,DXP-007 sponsor development stage indication public source,5,Article details,https://www.matchsdg.com/articles/The-DxPx-Conference:-Up-Close!/10491,matchsdg.com,2022-03-31,"Mar 31, 2022 ... Please select at least one qualified/retail country",,,
q034-obj,q034,Compound 18l first regulatory approval or market launch year for acute myeloid leukemia,Compound 18l first regulatory approval or market launch year for acute myeloid leukemia,1,Oncology (Cancer)/Hematologic Malignancies Approval ...,https://www.fda.gov/drugs/resources-information-approved-drugs/oncology-cancerhematologic-malignancies-approval-notifications,fda.gov,2026-09-24,"venetoclax for newly diagnosed acute myeloid leukemia|On May 13, 2026, the Food and Drug Administration approved an oral combination of decitabine and cedazuridine tablets (Inqovi, Taiho Oncology, Inc.) with venetoclax for the treatment of newly diagnosed acute myeloid leukemia (AML) in adults 75 ye",,,
q034-obj,q034,Compound 18l first regulatory approval or market launch year for acute myeloid leukemia,Compound 18l first regulatory approval or market launch year for acute myeloid leukemia,2,New drugs in acute myeloid leukemia - ScienceDirect.com,https://www.sciencedirect.com/science/article/pii/S0923753419374071,sciencedirect.com,,## Content ... They help us to know which pages are the most and least popular and see how visitors move around the site.,,,
q034-obj,q034,Compound 18l first regulatory approval or market launch year for acute myeloid leukemia,Compound 18l first regulatory approval or market launch year for acute myeloid leukemia,3,Recent drug approvals for acute myeloid leukemia - PMC,https://pmc.ncbi.nlm.nih.gov/articles/PMC6749668/,pmc.ncbi.nlm.nih.gov,2019-09-18,"However, aside from anthracycline approvals in the 1970s to 1990s and tretinoin’s approval for acute promyelocytic leukemia in 1995, no novel agents were approved for AML until 2000, when the FDA granted accelerated approval to gemtuzumab ozogamicin (GO) for older patients with relapsed CD33-positiv",,,
q034-obj,q034,Compound 18l first regulatory approval or market launch year for acute myeloid leukemia,Compound 18l first regulatory approval or market launch year for acute myeloid leukemia,4,OCE Publications,https://www.fda.gov/about-fda/oncology-center-excellence/oce-publications,fda.gov,2026-04-13,"21. FDA Approval Summary: Ivosidenib in Combination with Azacitidine for Treatment of Patients with Newly Diagnosed Acute Myeloid Leukemia with an IDH1 Mutation. Woods A, Norsworthy KJ, Wang X, Vallejo J, Chow ECY, Li RJ, Sun J, Charlab R, Jiang X, Pazdur R, Theoret MR, de Claro RA. ... 2023 Nov 27.",,,
q034-obj,q034,Compound 18l first regulatory approval or market launch year for acute myeloid leukemia,Compound 18l first regulatory approval or market launch year for acute myeloid leukemia,5,Acute Myeloid Leukemia Competitive Landscape | EHA 2026,https://eureka.patsnap.com/blog/life-science/eha-2026-acute-myeloid-leukemia-competitive-landscape-analysis/,eureka.patsnap.com,2026-06-26,"Approved backbones include hypomethylating agents (azacitidine, decitabine, oral decitabine/cedazuridine), venetoclax + azacitidine (AbbVie), FLT3 inhibitors midostaurin, gilteritinib, quizartinib, and crenolanib, IDH1 inhibitor ivosidenib + olutasidenib, IDH2 enasidenib, plus newly approved menin i",,,
q035-obj,q035,BS-HH-002 first regulatory approval or market launch year in acute myeloid leukemia,BS-HH-002 first regulatory approval or market launch year in acute myeloid leukemia,1,Delving into the Latest Updates on BS-HH-002 with Synapse,https://synapse.patsnap.com/drug/e8d3b9c25ec941369c758ac88507fd6c,synapse.patsnap.com,2025-05-22,"Drug Highest Phase Phase 1 First Approval Date ... China Shanghai Bensen Pharmaceutical Co., Ltd. ... Shanghai Bensen Pharmaceutical Co., Ltd. 01 Feb 2021",,,
q035-obj,q035,BS-HH-002 first regulatory approval or market launch year in acute myeloid leukemia,BS-HH-002 first regulatory approval or market launch year in acute myeloid leukemia,2,Therapeutic effects of an innovative BS-HH-002 drug on ...,https://pmc.ncbi.nlm.nih.gov/articles/PMC8633684/,pmc.ncbi.nlm.nih.gov,2021-11-27,It is particularly efficient in treatment for acute myeloid leukemia and myelodysplastic syndromes. ... BS-HH-002 has been well validated for treatment of AML and MDS. The drug has been approved by the FDA to enter a phase 1 clinical study in 2018.,,,
q035-obj,q035,BS-HH-002 first regulatory approval or market launch year in acute myeloid leukemia,BS-HH-002 first regulatory approval or market launch year in acute myeloid leukemia,3,Oncology (Cancer)/Hematologic Malignancies Approval ...,https://www.fda.gov/drugs/resources-information-approved-drugs/oncology-cancerhematologic-malignancies-approval-notifications,fda.gov,2026-09-24,"venetoclax for newly diagnosed acute myeloid leukemia|On May 13, 2026, the Food and Drug Administration approved an oral combination of decitabine and cedazuridine tablets (Inqovi, Taiho Oncology, Inc.) with venetoclax for the treatment of newly diagnosed acute myeloid leukemia (AML) in adults 75 ye",,,
q035-obj,q035,BS-HH-002 first regulatory approval or market launch year in acute myeloid leukemia,BS-HH-002 first regulatory approval or market launch year in acute myeloid leukemia,4,Evaluating Recent Drug Approvals for Hematologic Malignancies ...,https://www.sciencedirect.com/science/article/pii/S0006497124104636,sciencedirect.com,,"You can set your browser to block or alert you about these cookies, but some parts of the site will not then work.",,,
q035-obj,q035,BS-HH-002 first regulatory approval or market launch year in acute myeloid leukemia,BS-HH-002 first regulatory approval or market launch year in acute myeloid leukemia,5,Recent drug approvals for acute myeloid leukemia - PMC,https://pmc.ncbi.nlm.nih.gov/articles/PMC6749668/,pmc.ncbi.nlm.nih.gov,2019-09-18,"However, aside from anthracycline approvals in the 1970s to 1990s and tretinoin’s approval for acute promyelocytic leukemia in 1995, no novel agents were approved for AML until 2000, when the FDA granted accelerated approval to gemtuzumab ozogamicin (GO) for older patients with relapsed CD33-positiv",,,
q036-obj,q036,VAR-101 in vivo monotherapy tumour growth inhibition TGI tumour regression tumour shrinkage in Pancreatic Ductal Carcinoma animal models,VAR-101 in vivo monotherapy tumour growth inhibition TGI tumour regression tumour shrinkage in Pancreatic Ductal Carcinoma animal models,1,PDC000116 - Proteomic Data Commons - National Cancer Institute,https://proteomic.datacommons.cancer.gov/pdc/study/PDC000116,proteomic.datacommons.cancer.gov,,This system is provided for Government-authorized use only. Unauthorized or improper use of this system is prohibited and may result in disciplinary action and/or civil and criminal penalties.,,,
q036-obj,q036,VAR-101 in vivo monotherapy tumour growth inhibition TGI tumour regression tumour shrinkage in Pancreatic Ductal Carcinoma animal models,VAR-101 in vivo monotherapy tumour growth inhibition TGI tumour regression tumour shrinkage in Pancreatic Ductal Carcinoma animal models,2,Detail - OpenURL Connection,https://openurl.ebsco.com/contentitem/doi:10.7150/thno.56737?id=ebsco:doi:10.7150/thno.56737,openurl.ebsco.com,2025-05-30,"We were unable to find your item with the information provided. ""Access through your institution"" to search for it on your institution's EBSCOhost experience.",,,
q036-obj,q036,VAR-101 in vivo monotherapy tumour growth inhibition TGI tumour regression tumour shrinkage in Pancreatic Ductal Carcinoma animal models,VAR-101 in vivo monotherapy tumour growth inhibition TGI tumour regression tumour shrinkage in Pancreatic Ductal Carcinoma animal models,3,[PDF] VP-VSJ-110-2101 - ClinicalTrials.gov,https://cdn.clinicaltrials.gov/large-docs/45/NCT04622345/Prot_SAP_000.pdf,cdn.clinicaltrials.gov,,������������������������������������������������������������������������������������������������������������������������,,,
q036-obj,q036,VAR-101 in vivo monotherapy tumour growth inhibition TGI tumour regression tumour shrinkage in Pancreatic Ductal Carcinoma animal models,VAR-101 in vivo monotherapy tumour growth inhibition TGI tumour regression tumour shrinkage in Pancreatic Ductal Carcinoma animal models,4,Proprietary Information of MD Anderson,https://cdn.clinicaltrials.gov/large-docs/27/NCT02684227/Prot_SAP_000.pdf,cdn.clinicaltrials.gov,,Proprietary Information of MD Anderson ... Proprietary Information of MD Anderson,,,
q036-obj,q036,VAR-101 in vivo monotherapy tumour growth inhibition TGI tumour regression tumour shrinkage in Pancreatic Ductal Carcinoma animal models,VAR-101 in vivo monotherapy tumour growth inhibition TGI tumour regression tumour shrinkage in Pancreatic Ductal Carcinoma animal models,5,Home,https://clinicaltrials.gov/ct2/show/NCT03253302%20NLM%20identifier:%20NCT03253302,clinicaltrials.gov,2012-02-16,### ClinicalTrials.gov is a place to learn about clinical studies from around the world.,,,
q037-obj,q037,IPS-06061 in vivo single-agent monotherapy tumour growth inhibition TGI tumour regression tumour shrinkage in KRAS G12D Mutant Pancreatic Ductal Adenocarcinoma animal models,IPS-06061 in vivo single-agent monotherapy tumour growth inhibition TGI tumour regression tumour shrinkage in KRAS G12D Mutant Pancreatic Ductal Adenocarcinoma animal models,1,IPS-06061 / InnoPharmaScreen - LARVOL DELTA,https://delta.larvol.com/Products/?ProductId=ccb564ce-8520-4931-b4f5-b18b425ae464,delta.larvol.com,2025-03-26,"/ InnoPharmaScreen ... - ""One such degrader, namely IPS-06061, was successfully synthesized and confirmed a strong anti-tumor efficacy using a xenograft animal model. These data demonstrate that KRAS MG will be a promising new therapeutic modality for the treatment of PDA, CRC, and NSCLC.""",,,
q037-obj,q037,IPS-06061 in vivo single-agent monotherapy tumour growth inhibition TGI tumour regression tumour shrinkage in KRAS G12D Mutant Pancreatic Ductal Adenocarcinoma animal models,IPS-06061 in vivo single-agent monotherapy tumour growth inhibition TGI tumour regression tumour shrinkage in KRAS G12D Mutant Pancreatic Ductal Adenocarcinoma animal models,2,"IPS-06061, a novel TPD molecular glue degrader targeting ...","https://www.semanticscholar.org/paper/Abstract-384:-IPS-06061,-a-novel-TPD-molecular-glue-Kang-Seo/4f2bcf78c924979bc6307109217d45ba8c3f04e4",semanticscholar.org,2025-04-21,"This work has discovered a novel KRAS G12D-degrading Molecular Glue using IPS's cutting-edge ProGlu AI-based drug discovery platform and PPIExplorer, an IPS-Chip based Proteomics technology and confirmed a strong anti-tumor efficacy using a xenograft animal model.",,,
q037-obj,q037,IPS-06061 in vivo single-agent monotherapy tumour growth inhibition TGI tumour regression tumour shrinkage in KRAS G12D Mutant Pancreatic Ductal Adenocarcinoma animal models,IPS-06061 in vivo single-agent monotherapy tumour growth inhibition TGI tumour regression tumour shrinkage in KRAS G12D Mutant Pancreatic Ductal Adenocarcinoma animal models,3,Treatment of KRAS-Mutated Pancreatic Cancer: New Hope for the ...,https://pmc.ncbi.nlm.nih.gov/articles/PMC12346701/,pmc.ncbi.nlm.nih.gov,2025-07-24,"Another miRNA downregulated in PDAC is miR-96, whose overexpression resulted in smaller tumor growth in vivo.",,,
q037-obj,q037,IPS-06061 in vivo single-agent monotherapy tumour growth inhibition TGI tumour regression tumour shrinkage in KRAS G12D Mutant Pancreatic Ductal Adenocarcinoma animal models,IPS-06061 in vivo single-agent monotherapy tumour growth inhibition TGI tumour regression tumour shrinkage in KRAS G12D Mutant Pancreatic Ductal Adenocarcinoma animal models,4,IPS-06061 | MedChemExpress,https://file.medchemexpress.com/batch_PDF/HY-170428/IPS-06061-DataSheet-MedChemExpress.pdf,file.medchemexpress.com,,"IPS-06061 is an orally active molecule glue, that forms a ternary complex of CRBN-KRASG12D-IPS06061, and degrades KRAS  G12D with a DC50 <500 nM[1]. ... Caution: Product has not been fully validated for medical applications. For research use only.",,,
q037-obj,q037,IPS-06061 in vivo single-agent monotherapy tumour growth inhibition TGI tumour regression tumour shrinkage in KRAS G12D Mutant Pancreatic Ductal Adenocarcinoma animal models,IPS-06061 in vivo single-agent monotherapy tumour growth inhibition TGI tumour regression tumour shrinkage in KRAS G12D Mutant Pancreatic Ductal Adenocarcinoma animal models,5,Cancer interception with KRAS inhibitors in preclinical models of ...,https://pubmed.ncbi.nlm.nih.gov/41818359/,pubmed.ncbi.nlm.nih.gov,,"Transformation of pancreatic epithelial cells to malignant pancreatic ductal adenocarcinoma (PDAC) typically involves the progression of precancerous pancreatic intraepithelial neoplasia (PanINs) bearing oncogenic *KRAS* mutations. Here, we tested the impact of PDAC interception using either RAS(ON)",,,
q038-obj,q038,KRAS G12D drugs approved against the target and their regulatory approval status,KRAS G12D drugs approved against the target and their regulatory approval status,1,KRAS-targeted therapies in colorectal cancer,https://www.nature.com/articles/s41698-025-01166-3,nature.com,2025-11-26,"The KRAS G12C inhibitors sotorasib and adagrasib, which covalently bind to the cysteine-12 residue of mutant KRAS, were the first to gain regulatory approval following advanced clinical development 19, 20. ... KRAS G12C inhibitors have shown remarkable success in cancers harboring the G12C mutation,",,,
q038-obj,q038,KRAS G12D drugs approved against the target and their regulatory approval status,KRAS G12D drugs approved against the target and their regulatory approval status,2,KRAS-targeted therapies in colorectal cancer - PMC - NIH,https://pmc.ncbi.nlm.nih.gov/articles/PMC12658183/,pmc.ncbi.nlm.nih.gov,2025-11-26,"The *KRAS* G12C inhibitors sotorasib and adagrasib, which covalently bind to the cysteine-12 residue of mutant KRAS, were the first to gain regulatory approval following advanced clinical development^19,20^. ... In 2021, Wang et al.^21^ reported the first KRAS G12D-targeting inhibitor, MRTX1133, whi",,,
q038-obj,q038,KRAS G12D drugs approved against the target and their regulatory approval status,KRAS G12D drugs approved against the target and their regulatory approval status,3,Targeting KRAS mutations: orchestrating cancer evolution ... - PMC,https://pmc.ncbi.nlm.nih.gov/articles/PMC12660860/,pmc.ncbi.nlm.nih.gov,2025-11-28,"^8,9^ The FDA has since approved AMG510 (sotorasib) and MTRX849 (adagrasib) for the treatment of lung adenocarcinoma.^10^ These developments have led to increased vigor in the development of inhibitors specifically targeting KRAS. ... Sotorasib is the first clinically available direct KRAS G12C inhi",,,
q038-obj,q038,KRAS G12D drugs approved against the target and their regulatory approval status,KRAS G12D drugs approved against the target and their regulatory approval status,4,Oral Investigational Agent Zoldonrasib Elicits Objective Responses ...,https://www.aacr.org/about-the-aacr/newsroom/news-releases/oral-investigational-agent-zoldonrasib-elicits-objective-responses-in-patients-with-kras-g12d-mutated-lung-cancer/,aacr.org,2025-04-27,"CHICAGO – Patients with previously treated non-small cell lung cancer (NSCLC) whose tumors harbored a KRAS G12D mutation experienced clinical benefit from the oral KRAS G12D inhibitor zoldonrasib, according to results presented at the American Association for Cancer Research (AACR) Annual Meeting 20",,,
q038-obj,q038,KRAS G12D drugs approved against the target and their regulatory approval status,KRAS G12D drugs approved against the target and their regulatory approval status,5,An Update on Drugs for KRAS Mutations,https://letswinpc.org/research/kras-drugs-update/,letswinpc.org,2026-02-13,"Currently, there are no KRAS inhibitors approved for pancreatic cancer, but that could soon change. ... The drug has received multiple FDA fast-track designations for treating pancreatic cancer with RAS mutations, including Breakthrough Therapy Designation and a Commissioner’s National Priority Vouc",,,
q039-obj,q039,"Inflammatory Bowel Disease competing agents in the same mechanistic class as KPG-818, including Small Molecule and Aiolos CRBN Ikaros therapies","Inflammatory Bowel Disease competing agents in the same mechanistic class as KPG-818, including Small Molecule and Aiolos CRBN Ikaros therapies",1,Emerging Therapies in Inflammatory Bowel Disease - PMC - NIH,https://pmc.ncbi.nlm.nih.gov/articles/PMC12428888/,pmc.ncbi.nlm.nih.gov,2025-08-29,"This review explores emerging therapies in IBD, including novel biologics, small molecules, microbiome-based therapies, and gene and stem cell therapies. ... Anti-TNF agents, including infliximab, adalimumab, and certolizumab pegol, represent the most extensively studied biologic class in IBD, targe",,,
q039-obj,q039,"Inflammatory Bowel Disease competing agents in the same mechanistic class as KPG-818, including Small Molecule and Aiolos CRBN Ikaros therapies","Inflammatory Bowel Disease competing agents in the same mechanistic class as KPG-818, including Small Molecule and Aiolos CRBN Ikaros therapies",2,Medications for Inflammatory Bowel Disease - MSD Manuals,https://www.msdmanuals.com/professional/gastrointestinal-disorders/inflammatory-bowel-disease-ibd/medications-for-inflammatory-bowel-disease,msdmanuals.com,2026-03-06,Several classes of medications are used to treat inflammatory bowel disease (IBD). ... |Category|Mechanism|Medication| ... |**Glucocorticoids**|Regulation of gene expression|Hydrocortisone (IV) Methylprednisolone (IV) Prednisone (oral) Prednisolone (oral) Budesonide (oral) Budesonide MMX (enteric co,,,
q039-obj,q039,"Inflammatory Bowel Disease competing agents in the same mechanistic class as KPG-818, including Small Molecule and Aiolos CRBN Ikaros therapies","Inflammatory Bowel Disease competing agents in the same mechanistic class as KPG-818, including Small Molecule and Aiolos CRBN Ikaros therapies",3,Novel Small Molecules in IBD: Current State and Future ... - PMC,https://pmc.ncbi.nlm.nih.gov/articles/PMC10341073/,pmc.ncbi.nlm.nih.gov,2023-06-27,"Biologicals have dominated the therapeutic scenery in inflammatory bowel diseases (IBDs), namely ulcerative colitis (UC) and Crohn’s disease (CD), for the past 20 years. The development of tofacitinib was the starting point for an era of small molecules after the era of biologicals. These new agents",,,
q039-obj,q039,"Inflammatory Bowel Disease competing agents in the same mechanistic class as KPG-818, including Small Molecule and Aiolos CRBN Ikaros therapies","Inflammatory Bowel Disease competing agents in the same mechanistic class as KPG-818, including Small Molecule and Aiolos CRBN Ikaros therapies",4,Inflammatory Bowel Competitive Landscape Analysis 2026 | Eureka,https://eureka.patsnap.com/blog/life-science/inflammatory-bowel-diseases-global-competitive-landscape-report-2026/,eureka.patsnap.com,2026-05-14,"Moreover, inflammatory Bowel Diseases (IBD) — covering ulcerative colitis (UC) and Crohn’s disease (CD) — anchor 1,837 active drug programs, 7,198 patent filings since January 2023, and 1,244 ongoing Phase 2 and Phase 3 trials. Notably, 2025-2026 has produced an exceptional wave of approvals includi",,,
q039-obj,q039,"Inflammatory Bowel Disease competing agents in the same mechanistic class as KPG-818, including Small Molecule and Aiolos CRBN Ikaros therapies","Inflammatory Bowel Disease competing agents in the same mechanistic class as KPG-818, including Small Molecule and Aiolos CRBN Ikaros therapies",5,Emerging biologics in inflammatory bowel disease,https://link.springer.com/article/10.1007/s00535-016-1283-0,link.springer.com,,"Anti-tumor necrosis factor (anti-TNF) agents are the most commonly used biologic agents. ... A number of new therapeutic targets, including novel small molecules, and cellular therapy are available or under investigation. These novel molecules include oral Janus kinase (JAK) inhibitor (tofacitinib),",,,
q040-obj,q040,Active Ulcerative Colitis Moderate to Severe Ulcerative Colitis competing agents in the same mechanistic class as CHST15 Oligonucleotide Small Interfering RNA therapies,Active Ulcerative Colitis Moderate to Severe Ulcerative Colitis competing agents in the same mechanistic class as CHST15 Oligonucleotide Small Interfering RNA therapies,1,academic.oup.com · ecco-jcc · articleECCO Guidelines on Therapeutics in Ulcerative Colitis ...,https://academic.oup.com/ecco-jcc/article/20/7/jjag066/8726617,academic.oup.com,2026-07-07,"**We recommend treatment with anti-tumor necrosis factor agents [infliximab, adalimumab, and golimumab] for the induction of remission in moderate-to-severe ulcerative colitis** [strong recommendation, moderate certainty of evidence] [Agreement: 98%] ... **We suggest adalimumab monotherapy for induc",,,
q040-obj,q040,Active Ulcerative Colitis Moderate to Severe Ulcerative Colitis competing agents in the same mechanistic class as CHST15 Oligonucleotide Small Interfering RNA therapies,Active Ulcerative Colitis Moderate to Severe Ulcerative Colitis competing agents in the same mechanistic class as CHST15 Oligonucleotide Small Interfering RNA therapies,2,MicroRNAs as multifaceted regulators and therapeutic ...,https://www.frontiersin.org/journals/immunology/articles/10.3389/fimmu.2025.1697059/full,frontiersin.org,2025-12-18,"Therapeutically, miRNA mimics and inhibitors have shown efficacy in early-phase clinical trials, offering a novel strategy beyond current biologics. ... To date, apart from ABX464, which is currently undergoing phase II clinical evaluation, some other miRNA-targeted therapeutics (miR-29 mimics) have",,,
q040-obj,q040,Active Ulcerative Colitis Moderate to Severe Ulcerative Colitis competing agents in the same mechanistic class as CHST15 Oligonucleotide Small Interfering RNA therapies,Active Ulcerative Colitis Moderate to Severe Ulcerative Colitis competing agents in the same mechanistic class as CHST15 Oligonucleotide Small Interfering RNA therapies,3,The updated 2025 ACG guidelines to manage adult ...,https://gi.org/journals-publications/ebgi/alkazzi_aug2025/,gi.org,2025-08-20,"etrasimod), IL-12/23p40 antibody (ustekinumab), IL23p19 inhibitor (guselkumab, mirikizumab, or risankizumab), anti-integrin (vedolizumab), anti-TNF (infliximab, adalimumab, golimumab ... Induction and maintenance of remission in mildly to moderately active UC 6. In patients with mildly to moderately",,,
q040-obj,q040,Active Ulcerative Colitis Moderate to Severe Ulcerative Colitis competing agents in the same mechanistic class as CHST15 Oligonucleotide Small Interfering RNA therapies,Active Ulcerative Colitis Moderate to Severe Ulcerative Colitis competing agents in the same mechanistic class as CHST15 Oligonucleotide Small Interfering RNA therapies,4,[PDF] Current and emerging therapeutic targets for IBD - SciSpace,https://scispace.com/pdf/current-and-emerging-therapeutic-targets-for-ibd-191591vd96.pdf,scispace.com,,"Furthermore, the α4β7 integrin blocker vedolizumab has been introduced for clinical IBD therapy. ... In this context, anti-TNF agents, including infliximab, adalimumab, golimumab and certo­ lizumab pegol, were introduced into clin­ical therapy for ... • Cytokine blockers (such as ustekinumab and JAK",,,
q040-obj,q040,Active Ulcerative Colitis Moderate to Severe Ulcerative Colitis competing agents in the same mechanistic class as CHST15 Oligonucleotide Small Interfering RNA therapies,Active Ulcerative Colitis Moderate to Severe Ulcerative Colitis competing agents in the same mechanistic class as CHST15 Oligonucleotide Small Interfering RNA therapies,5,Choosing Therapies in Ulcerative Colitis,https://academic.oup.com/jcag/advance-article/doi/10.1093/jcag/gwad025/7259616,academic.oup.com,,"There are several types of advanced therapies. These are the anti-TNF, anti-integrin and anti-IL12/23 agents as well as the JAK inhibitors and sphingosine1-phosphate receptor modulators. ... There are currently 3 classes of biologic therapies from which to choose in patients who do not respond to or",,,
q041-obj,q041,"competing agents in the same mechanistic class for this indication DB-3Q, Direct Biologics LLC, Medically Refractory Crohn's Disease","competing agents in the same mechanistic class for this indication DB-3Q, Direct Biologics LLC, Medically Refractory Crohn's Disease",1,Study Details | NCT07625293 | ClinicalTrials.gov - ClinicalTrials.gov,https://clinicaltrials.gov/study/NCT07625293,clinicaltrials.gov,2026-06-12,"This research study is studying DB-3Q as a possible treatment for medically refractory Crohn's disease. The purpose of this study is to research and evaluate safety and effectiveness of the administration of bone marrow mesenchymal stem cell (bmMSC) derived extracellular vesicles product, DB-3Q, the",,,
q041-obj,q041,"competing agents in the same mechanistic class for this indication DB-3Q, Direct Biologics LLC, Medically Refractory Crohn's Disease","competing agents in the same mechanistic class for this indication DB-3Q, Direct Biologics LLC, Medically Refractory Crohn's Disease",2,Inflammatory Bowel Disease Market to Experience Strong ...,https://www.prnewswire.com/news-releases/inflammatory-bowel-disease-market-to-experience-strong-uptake-during-the-forecast-period-20262036-driven-by-development-of-next-generation-therapies-targeting-il-23-tl1a-and-s1p-pathways--delveinsight-302838594.html,prnewswire.com,2026-07-30,"- Leading inflammatory bowel disease companies, such as **Abivax, Merck, RedHill Biopharma, Teva Pharmaceuticals, Sanofi, Agomab, Ferring Pharmaceuticals, Johnson & Johnson, Eli Lilly, Athos Therapeutics, Spyre Therapeutics, Inc., Direct Biologics, LLC, Takeda, AbbVie, Tr1X, Inc., Xencor, Inc.,** an",,,
q041-obj,q041,"competing agents in the same mechanistic class for this indication DB-3Q, Direct Biologics LLC, Medically Refractory Crohn's Disease","competing agents in the same mechanistic class for this indication DB-3Q, Direct Biologics LLC, Medically Refractory Crohn's Disease",3,Positioning biologics in the treatment of IBD: A practical guide - Which mechanism of action for whom?,https://boris.unibe.ch/170079/1/1-s2.0-S2590257122000244-main.pdf,boris.unibe.ch,,"and Certolizumab pegol for CD (Schreiber et al., 2010; Yamazaki et al., ... The first is vedolizumab, a humanized monoclonal antibody to the homing receptor α4β7 integrin complex, blocking the interaction of the surface homing molecules of activated immune cells with the endothelium to reduce ... Th",,,
q041-obj,q041,"competing agents in the same mechanistic class for this indication DB-3Q, Direct Biologics LLC, Medically Refractory Crohn's Disease","competing agents in the same mechanistic class for this indication DB-3Q, Direct Biologics LLC, Medically Refractory Crohn's Disease",4,Direct Biologics | MTEC,https://mtec-sc.org/life-sciences/direct-biologics,mtec-sc.org,2025-02-13,Developer of investigational secretome-based biologics derived from adult bone marrow mesenchymal stem cells (MSC). ... ### DB-3Q — Perianal Fistulizing Crohn's Disease Investigational secretome-based product candidate being evaluated in clinical trials for perianal fistula due to Crohn's disease (P,,,
q041-obj,q041,"competing agents in the same mechanistic class for this indication DB-3Q, Direct Biologics LLC, Medically Refractory Crohn's Disease","competing agents in the same mechanistic class for this indication DB-3Q, Direct Biologics LLC, Medically Refractory Crohn's Disease",5,Allogeneic Bone Marrow Mesenchymal Stem Cell Derived ...,https://synapse.patsnap.com/drug/76f5bfcac1da44b8ac9629daf1034a48,synapse.patsnap.com,,"Allogeneic Bone Marrow Mesenchymal Stem Cell Derived Extracellular Vesicle Isolate Product(Direct Biologics) ... Drug Type Exosomes, Mesenchymal stem cell therapy Synonyms ... Active Indication Perianal fistula due to Crohn's disease",,,
q042-obj,q042,"Moderately to Severely Active Ulcerative Colitis, Duration 3 Months, Modified Mayo Score 5 to 9, With Inadequate Response, Loss of Response, or Intolerance to Prior Standard-of-Care Medications competing agents in the same mechanistic class as TYK2 Small Molecule","Moderately to Severely Active Ulcerative Colitis, Duration 3 Months, Modified Mayo Score 5 to 9, With Inadequate Response, Loss of Response, or Intolerance to Prior Standard-of-Care Medications competing agents in the same mechanistic class as TYK2 Small Molecule",1,cme.bu.edu · sites · defaultAJG-24-2529 ACG Clinical Guideline Update: Ulcerative Colitis ...,https://cme.bu.edu/sites/default/files/media/2026-08/ACG%20Clinical%20Guideline%20Update%20Ulcerative%20Colitis%202025.pdf,cme.bu.edu,,"recommendation, moderate quality of evidence) 30. In patients with moderately to severely active UC, we recommend the JAK inhibitor tofacitinib for induction of remission (Strong recommendation, moderate  quality of evidence) ... 4. We recommend treating patients with UC to achieve endoscopic  impro",,,
q042-obj,q042,"Moderately to Severely Active Ulcerative Colitis, Duration 3 Months, Modified Mayo Score 5 to 9, With Inadequate Response, Loss of Response, or Intolerance to Prior Standard-of-Care Medications competing agents in the same mechanistic class as TYK2 Small Molecule","Moderately to Severely Active Ulcerative Colitis, Duration 3 Months, Modified Mayo Score 5 to 9, With Inadequate Response, Loss of Response, or Intolerance to Prior Standard-of-Care Medications competing agents in the same mechanistic class as TYK2 Small Molecule",2,Deucravacitinib in patients with inflammatory bowel disease ...,https://academic.oup.com/ecco-jcc/article/19/6/jjaf080/8129055,academic.oup.com,2025-06-04,"Here we describe 3 randomized, double-blind, placebo-controlled phase 2 studies of deucravacitinib in patients with moderately to severely active Crohn’s disease (LATTICE-CD [NCT03599622]) or ulcerative colitis (LATTICE-UC [NCT03934216] and IM011-127 [NCT04613518]). ... The primary endpoints were no",,,
q042-obj,q042,"Moderately to Severely Active Ulcerative Colitis, Duration 3 Months, Modified Mayo Score 5 to 9, With Inadequate Response, Loss of Response, or Intolerance to Prior Standard-of-Care Medications competing agents in the same mechanistic class as TYK2 Small Molecule","Moderately to Severely Active Ulcerative Colitis, Duration 3 Months, Modified Mayo Score 5 to 9, With Inadequate Response, Loss of Response, or Intolerance to Prior Standard-of-Care Medications competing agents in the same mechanistic class as TYK2 Small Molecule",3,ECCO Guidelines on Therapeutics in Ulcerative Colitis ...,https://academic.oup.com/ecco-jcc/article/16/1/2/6390052,academic.oup.com,2022-01-28,"We recommend oral prednisolone for induction of remission in non-hospitalised patients with moderately-to-severely active UC [strong recommendation; very low quality of evidence] ... Overall, we believe that the ample experience with systemic steroids in clinical practice and the favourable balance ",,,
q042-obj,q042,"Moderately to Severely Active Ulcerative Colitis, Duration 3 Months, Modified Mayo Score 5 to 9, With Inadequate Response, Loss of Response, or Intolerance to Prior Standard-of-Care Medications competing agents in the same mechanistic class as TYK2 Small Molecule","Moderately to Severely Active Ulcerative Colitis, Duration 3 Months, Modified Mayo Score 5 to 9, With Inadequate Response, Loss of Response, or Intolerance to Prior Standard-of-Care Medications competing agents in the same mechanistic class as TYK2 Small Molecule",4,Clinical Review - Upadacitinib (Rinvoq) - NCBI Bookshelf,https://www.ncbi.nlm.nih.gov/books/NBK602908/,ncbi.nlm.nih.gov,2024-03-10,"Upadacitinib is a selective and reversible Janus kinase (JAK) inhibitor engineered to have greater inhibitory potency against JAK1 proteins versus JAK2, JAK3, and TYK2 in human cellular assays. ... The indication for upadacitinib is for the treatment of adult patients with moderately to severely act",,,
q042-obj,q042,"Moderately to Severely Active Ulcerative Colitis, Duration 3 Months, Modified Mayo Score 5 to 9, With Inadequate Response, Loss of Response, or Intolerance to Prior Standard-of-Care Medications competing agents in the same mechanistic class as TYK2 Small Molecule","Moderately to Severely Active Ulcerative Colitis, Duration 3 Months, Modified Mayo Score 5 to 9, With Inadequate Response, Loss of Response, or Intolerance to Prior Standard-of-Care Medications competing agents in the same mechanistic class as TYK2 Small Molecule",5,Executive Summary,https://www.ncbi.nlm.nih.gov/books/NBK600005/,ncbi.nlm.nih.gov,2023-11-20,"5 While different drug classes are available for the long-term management of moderately to severely active UC, biologic therapies are the mainstay of treatment for patients with moderate to severe UC and are used for induction and maintenance when other treatments have been unsuccessful, or in those",,,
q043-obj,q043,"Inflammatory Bowel Disease competing agents in the same mechanistic class as VNN1, including Small Molecule therapies","Inflammatory Bowel Disease competing agents in the same mechanistic class as VNN1, including Small Molecule therapies",1,Inflammatory bowel disease treatment: Mechanisms to clinical ...,https://www.spandidos-publications.com/10.3892/ijmm.2026.5961?text=fulltext,spandidos-publications.com,2026-08-18,"tegrin, anti‑IL‑12/23 and anti‑tumor necrosis factor‑like ligand 1A), small‑molecule inhibitors (JAK inhibitors, tyrosine kinase 2 inhibitors, sphingosine‑1‑phosphate receptor modulators and NLRP3 inhibitors), microbiome‑based interventions (fecal microbiota transplantation, probiotics and engineere",,,
q043-obj,q043,"Inflammatory Bowel Disease competing agents in the same mechanistic class as VNN1, including Small Molecule therapies","Inflammatory Bowel Disease competing agents in the same mechanistic class as VNN1, including Small Molecule therapies",2,Medications for Inflammatory Bowel Disease,https://www.merckmanuals.com/professional/gastrointestinal-disorders/inflammatory-bowel-disease-ibd/medications-for-inflammatory-bowel-disease,merckmanuals.com,2026-03-06,|**Small Molecules**|Janus kinase (JAK) inhibitors|Tofacitinib Upadacitinib| | |Sphingosine 1-phosphate (S1P) receptor modulators|Ozanimod Etrasimod| ... 5-ASA blocks production of prostaglandins and leukotrienes and has other beneficial effects on the inflammatory cascade. ... Small molecules are s,,,
q043-obj,q043,"Inflammatory Bowel Disease competing agents in the same mechanistic class as VNN1, including Small Molecule therapies","Inflammatory Bowel Disease competing agents in the same mechanistic class as VNN1, including Small Molecule therapies",3,www.frontiersin.org › journals › pharmacologyFrontiers | Biologic and small-molecule therapies for ...,https://www.frontiersin.org/journals/pharmacology/articles/10.3389/fphar.2026.1948258/full,frontiersin.org,2026-07-25,Three selective interleukin (IL)-23p19 antagonists have been approved for both UC and CD; two sphingosine-1-phosphate receptor modulators and a second-generation Janus kinase (JAK) inhibitor have entered routine practice; subcutaneous formulations have altered delivery; and the first formal head-to-,,,
q043-obj,q043,"Inflammatory Bowel Disease competing agents in the same mechanistic class as VNN1, including Small Molecule therapies","Inflammatory Bowel Disease competing agents in the same mechanistic class as VNN1, including Small Molecule therapies",4,Management of inflammatory bowel disease beyond tumor ...,https://pmc.ncbi.nlm.nih.gov/articles/PMC9449214/,pmc.ncbi.nlm.nih.gov,2022-08-10,"Novel biologics and small-molecule drugs have been developed for IBD, and the medical treatment options have improved. These drugs include sphingosine-1-phosphate receptor modulators and anti-integrins to block immune cell migration, and cytokine and Janus kinase inhibitors to block immune cell comm",,,
q043-obj,q043,"Inflammatory Bowel Disease competing agents in the same mechanistic class as VNN1, including Small Molecule therapies","Inflammatory Bowel Disease competing agents in the same mechanistic class as VNN1, including Small Molecule therapies",5,Next-Generation Therapeutics for IBD - Springer Nature,https://link.springer.com/article/10.1007/s11894-015-0444-2?error=cookies_not_supported&code=ed10ad96-7e20-4547-8375-78040611fbcb,link.springer.com,,"Here, we summarize the recent literature in the area of emerging therapies in the field of IBD, with specific focus on anti-integrin antibodies, such as vedolizumab (anti-α4β7) and etrolizumab (anti-rhuMAb β7), and the Janus kinase (JAK) inhibitor tofacitinib. ... Other therapeuticals that might fin",,,
q044-obj,q044,"Inflammatory Bowel Disease competing agents in the same mechanistic class as GPR52 Prostaglandin E2 Receptor EP4, including Small Molecule therapies","Inflammatory Bowel Disease competing agents in the same mechanistic class as GPR52 Prostaglandin E2 Receptor EP4, including Small Molecule therapies",1,www.frontiersin.org › journals › pharmacologyFrontiers | Biologic and small-molecule therapies for ...,https://www.frontiersin.org/journals/pharmacology/articles/10.3389/fphar.2026.1948258/full,frontiersin.org,2026-07-25,Three selective interleukin (IL)-23p19 antagonists have been approved for both UC and CD; two sphingosine-1-phosphate receptor modulators and a second-generation Janus kinase (JAK) inhibitor have entered routine practice; subcutaneous formulations have altered delivery; and the first formal head-to-,,,
q044-obj,q044,"Inflammatory Bowel Disease competing agents in the same mechanistic class as GPR52 Prostaglandin E2 Receptor EP4, including Small Molecule therapies","Inflammatory Bowel Disease competing agents in the same mechanistic class as GPR52 Prostaglandin E2 Receptor EP4, including Small Molecule therapies",2,Management of inflammatory bowel disease beyond tumor ...,https://pmc.ncbi.nlm.nih.gov/articles/PMC9449214/,pmc.ncbi.nlm.nih.gov,2022-08-10,"Novel biologics and small-molecule drugs have been developed for IBD, and the medical treatment options have improved. These drugs include sphingosine-1-phosphate receptor modulators and anti-integrins to block immune cell migration, and cytokine and Janus kinase inhibitors to block immune cell comm",,,
q044-obj,q044,"Inflammatory Bowel Disease competing agents in the same mechanistic class as GPR52 Prostaglandin E2 Receptor EP4, including Small Molecule therapies","Inflammatory Bowel Disease competing agents in the same mechanistic class as GPR52 Prostaglandin E2 Receptor EP4, including Small Molecule therapies",3,Pharmacological Therapy in Inflammatory Bowel Diseases,https://pmc.ncbi.nlm.nih.gov/articles/PMC10537095/,pmc.ncbi.nlm.nih.gov,2023-09-08,"Despite the different mechanisms of action, there are similarities between the general rates of effectiveness. These similar results were also evidenced in JAK inhibitors and S1p modulators, the last therapeutic classes approved for the treatment of IBD. ... In the 2010s, there was the development o",,,
q044-obj,q044,"Inflammatory Bowel Disease competing agents in the same mechanistic class as GPR52 Prostaglandin E2 Receptor EP4, including Small Molecule therapies","Inflammatory Bowel Disease competing agents in the same mechanistic class as GPR52 Prostaglandin E2 Receptor EP4, including Small Molecule therapies",4,pmc.ncbi.nlm.nih.gov › articles › PMC6537282New biologics and small molecules in inflammatory bowel ...,https://pmc.ncbi.nlm.nih.gov/articles/PMC6537282/,pmc.ncbi.nlm.nih.gov,2019-05-26,"Currently, there are three classes of biologicals available to treat IBD. These are antagonists to tumor necrosis factor (TNF), anti-integrins and inhibitors of interleukin (IL) 12/IL-23. ... |JAK inhibitor|Filgotinib|Oral|Small molecule that blocks JAK1|Phase II|–| | |Peficitinib|Oral|Small molecul",,,
q044-obj,q044,"Inflammatory Bowel Disease competing agents in the same mechanistic class as GPR52 Prostaglandin E2 Receptor EP4, including Small Molecule therapies","Inflammatory Bowel Disease competing agents in the same mechanistic class as GPR52 Prostaglandin E2 Receptor EP4, including Small Molecule therapies",5,Medications for Inflammatory Bowel Disease,https://www.merckmanuals.com/professional/gastrointestinal-disorders/inflammatory-bowel-disease-ibd/medications-for-inflammatory-bowel-disease,merckmanuals.com,2026-03-06,|**Glucocorticoids**|Regulation of gene expression|Hydrocortisone (IV) Methylprednisolone (IV) Prednisone (oral) Prednisolone (oral) Budesonide (oral) Budesonide MMX (enteric coated slow release) Hydrocortisone (enema or foam)| |** Immunomodulators (antimetabolites)**|Thiopurines|Azathioprine 6-Merc,,,
q045-obj,q045,BMF-500 first regulatory approval or market launch year in acute myeloid leukemia,BMF-500 first regulatory approval or market launch year in acute myeloid leukemia,1,BMF-500(BMF-500) - 药物靶点：FLT3_在研适应症：急性髓性白血病 ...,https://synapse.zhihuiya.com/drug/0e8fac2d50284b9fac3c91177d16d79c,synapse.zhihuiya.com,,"|首次获批日期-| ... A Phase 1 first-in-human dose-escalation and dose-expansion study of BMF-500, an oral FLT3 inhibitor, in adult patients with acute leukemia. |开始日期2023-07-26| ... 其共价FLT3抑制剂BMF-500治疗复发/难治性急性白血病的初步临床数据。BMF-500是一种新型、口服可利用的、高效、具选择性的FLT3共价小分子抑制剂。此前的研究表明，BMF-500潜在的脱靶风险较小，对活化的FLT3突变（包括FLT3-IT",,,
q045-obj,q045,BMF-500 first regulatory approval or market launch year in acute myeloid leukemia,BMF-500 first regulatory approval or market launch year in acute myeloid leukemia,2,Management of Acute Myeloid Leukemia: A Review - PMC,https://pmc.ncbi.nlm.nih.gov/articles/PMC12939490/,pmc.ncbi.nlm.nih.gov,2026-02-18,"Currently Approved Treatments: In 2017, midostaurin was the first *FLT3* inhibitor agent FDA approved for use in ITD- or TKD-mutated AML. ... The most recent FDA-approved type II inhibitor, as of 2023, is quizartinib. ... - 32.Law B., Rughwani T., Archer T.C., Kumar L., Lu D., Somanath P., Ma Y., Wa",,,
q045-obj,q045,BMF-500 first regulatory approval or market launch year in acute myeloid leukemia,BMF-500 first regulatory approval or market launch year in acute myeloid leukemia,3,"BMF-500 - Drug Targets, Indications, Patents",https://synapse-patsnap-com.libproxy1.nus.edu.sg/drug/0e8fac2d50284b9fac3c91177d16d79c,synapse-patsnap-com.libproxy1.nus.edu.sg,,"|Active Indication Acute Myeloid Leukemia| ... |Drug Highest PhasePhase 1| |First Approval Date-| ... |--|--|--|--|--| |Acute Myeloid Leukemia|Phase 1|United States|Biomea Fusion, Inc.|26 Jul 2023|",,,
q045-obj,q045,BMF-500 first regulatory approval or market launch year in acute myeloid leukemia,BMF-500 first regulatory approval or market launch year in acute myeloid leukemia,4,Biomea Fusion | Oncology | Drug Developments,https://www.pharmacompass.com/pipeline-prospector-drugs-in-development/biomea-fusion/oncology,pharmacompass.com,2024-12-09,"Biomea Fusion Shares Preliminary Data for FLT3 Inhibitor BMF-500 in Acute Leukemia ** ... BMF-500, is an investigational covalent FLT3 inhibitor, small molecule drug candidate, which is being evaluated for the treatment of FLT3-gene mutated acute myeloid leukemia. ... **December 09, 2024** ** Biomea",,,
q045-obj,q045,BMF-500 first regulatory approval or market launch year in acute myeloid leukemia,BMF-500 first regulatory approval or market launch year in acute myeloid leukemia,5,"Biomea Fusion, Inc.",https://synapse.patsnap.com/organization/26bae87fc714320a3f21ce8509ae5e58,synapse.patsnap.com,,"|Inactive Indication Acute Myeloid Leukemia [+12]| |Drug Highest PhasePhase 2| |First Approval Ctry. / Loc.-| |First Approval Date-| BMF-500 |Target FLT3| |--| |Mechanism FLT3 inhibitors| |Active Org. Biomea Fusion, Inc.| |Originator Org. Biomea Fusion, Inc.| |Active Indication Acute Myeloid Leukemi",,,
q046-obj,q046,BW-101 first regulatory approval or market launch year in acute myeloid leukemia,BW-101 first regulatory approval or market launch year in acute myeloid leukemia,1,Oncology (Cancer)/Hematologic Malignancies Approval ...,https://www.fda.gov/drugs/resources-information-approved-drugs/oncology-cancerhematologic-malignancies-approval-notifications,fda.gov,2026-09-24,"venetoclax for newly diagnosed acute myeloid leukemia|On May 13, 2026, the Food and Drug Administration approved an oral combination of decitabine and cedazuridine tablets (Inqovi, Taiho Oncology, Inc.) with venetoclax for the treatment of newly diagnosed acute myeloid leukemia (AML) in adults 75 ye",,,
q046-obj,q046,BW-101 first regulatory approval or market launch year in acute myeloid leukemia,BW-101 first regulatory approval or market launch year in acute myeloid leukemia,2,[PDF] Translating recent advances in the pathogenesis of acute myeloid ...,https://pdfs.semanticscholar.org/d577/2a0070107916fb80c08760d4ee2fc768e9cf.pdf,pdfs.semanticscholar.org,,oral inhibitors of mutant FLT3 and IDH1/2 have also been approved for patients with R/R AML (Fig. 1; Stein et al. 2017; DiNardo et al. 2018; Perl et al. 2019).,,,
q046-obj,q046,BW-101 first regulatory approval or market launch year in acute myeloid leukemia,BW-101 first regulatory approval or market launch year in acute myeloid leukemia,3,Acute Myeloid Leukemia Market Summary,https://www.delveinsight.com/report-store/acute-myeloid-leukemia-aml-market,delveinsight.com,2026-06-01,"|**BP1001**|Interim safety and efficacy of BP1001 in a Phase II acute myeloid leukemia (AML) study.|6511|- Total evaluable- Number of partial remission: 1 (5%), number of stable disease: 3 (15%) - Total enrolled- Number of partial remission: 1 (4%), number of stable disease: 3 (11%) - In relapsed/re",,,
q046-obj,q046,BW-101 first regulatory approval or market launch year in acute myeloid leukemia,BW-101 first regulatory approval or market launch year in acute myeloid leukemia,4,Recent drug approvals for acute myeloid leukemia - PMC,https://pmc.ncbi.nlm.nih.gov/articles/PMC6749668/,pmc.ncbi.nlm.nih.gov,2019-09-18,"However, aside from anthracycline approvals in the 1970s to 1990s and tretinoin’s approval for acute promyelocytic leukemia in 1995, no novel agents were approved for AML until 2000, when the FDA granted accelerated approval to gemtuzumab ozogamicin (GO) for older patients with relapsed CD33-positiv",,,
q046-obj,q046,BW-101 first regulatory approval or market launch year in acute myeloid leukemia,BW-101 first regulatory approval or market launch year in acute myeloid leukemia,5,Current Status and Research Directions in Acute Myeloid Leukemia,https://digitalcommons.library.tmc.edu/cgi/viewcontent.cgi?article=3884&context=uthgsbs_docs,digitalcommons.library.tmc.edu,,"CPX-351 (August 2017) Liposomal cytarabine and daunorubicin at a fixed 5:1 molar ratio Newly diagnosed therapy-related AML, secondary AML or AML with myelodysplasia-related changes",,,
q047-obj,q047,Dual CDK12/13 Inhibitor first regulatory approval or market launch year for acute myeloid leukemia,Dual CDK12/13 Inhibitor first regulatory approval or market launch year for acute myeloid leukemia,1,CDK12/13 dual inhibitors are potential therapeutics for Acute Myeloid L…,https://pmc.ncbi.nlm.nih.gov/articles/PMC10330638/,pmc.ncbi.nlm.nih.gov,2023-05-14,"2023 May 14;202(1):195–198. ... Since 2017, an increasing number of targeted agents or drug combinations have been approved by the US Food and Drug Administration (FDA) and added to clinical practice, including the BCL2 inhibitor venetoclax1. ... In summary, our study has demonstrated the efficacy o",,,
q047-obj,q047,Dual CDK12/13 Inhibitor first regulatory approval or market launch year for acute myeloid leukemia,Dual CDK12/13 Inhibitor first regulatory approval or market launch year for acute myeloid leukemia,2,CDK12/13 dual inhibitors are potential therapeutics for acute myeloid leukemia,https://onlinelibrary.wiley.com/doi/10.1111/bjh.18843,onlinelibrary.wiley.com,,CDK12/13 dual inhibitors are potential therapeutics for acute myeloid leukemia ... 05/14/2023,,,
q047-obj,q047,Dual CDK12/13 Inhibitor first regulatory approval or market launch year for acute myeloid leukemia,Dual CDK12/13 Inhibitor first regulatory approval or market launch year for acute myeloid leukemia,3,"Design, Synthesis, and Biological Evaluation of Novel ...",https://pubmed.ncbi.nlm.nih.gov/39948720/,pubmed.ncbi.nlm.nih.gov,2025-02-27,"Here, we report the discovery of compound **12b** as a novel, potent, orally available covalent CDK12/13 dual inhibitor with a promising safety profile and robust *in vivo* antitumor properties.",,,
q047-obj,q047,Dual CDK12/13 Inhibitor first regulatory approval or market launch year for acute myeloid leukemia,Dual CDK12/13 Inhibitor first regulatory approval or market launch year for acute myeloid leukemia,4,link.springer.com · content · pdfCDK12 and CDK13 in oncology: from RNA regulation to ... -...,https://link.springer.com/content/pdf/10.1007/s13402-025-01131-z.pdf?error=cookies_not_supported&code=2c0b3951-b81f-46d3-ad8f-71a4c6d62a62,link.springer.com,,"Consistently, CDK12/13 knockout or knockdown impairs the growth of diverse myeloid leukemia cell lines. ... Publisher’s Note Springer Nature remains neutral with regard to juris­ dictional claims in published maps and institutional affiliations. ... 85. L. Savoy, N. Long, H. Lee et al., CDK12/13 dua",,,
q047-obj,q047,Dual CDK12/13 Inhibitor first regulatory approval or market launch year for acute myeloid leukemia,Dual CDK12/13 Inhibitor first regulatory approval or market launch year for acute myeloid leukemia,5,Cyclins and Cyclin‐Dependent Kinases: Structure ...,https://onlinelibrary.wiley.com/doi/10.1002/mco2.70898,onlinelibrary.wiley.com,2026-09-01,|Romaciclib|CDK8/19|Inhibitor|Acute myeloid leukemia|NCT06191263|2|Completed|,,,
q048-obj,q048,dCASP1-55 first regulatory approval or market launch year in acute myeloid leukemia,dCASP1-55 first regulatory approval or market launch year in acute myeloid leukemia,1,Oncology (Cancer)/Hematologic Malignancies Approval ...,https://www.fda.gov/drugs/resources-information-approved-drugs/oncology-cancerhematologic-malignancies-approval-notifications,fda.gov,2026-09-24,"venetoclax for newly diagnosed acute myeloid leukemia|On May 13, 2026, the Food and Drug Administration approved an oral combination of decitabine and cedazuridine tablets (Inqovi, Taiho Oncology, Inc.) with venetoclax for the treatment of newly diagnosed acute myeloid leukemia (AML) in adults 75 ye",,,
q048-obj,q048,dCASP1-55 first regulatory approval or market launch year in acute myeloid leukemia,dCASP1-55 first regulatory approval or market launch year in acute myeloid leukemia,2,New drugs in acute myeloid leukemia - ScienceDirect.com,https://www.sciencedirect.com/science/article/pii/S0923753419374071,sciencedirect.com,,"You can set your browser to block or alert you about these cookies, but some parts of the site will not then work.",,,
q048-obj,q048,dCASP1-55 first regulatory approval or market launch year in acute myeloid leukemia,dCASP1-55 first regulatory approval or market launch year in acute myeloid leukemia,3,Acute myeloid leukemia management and research in 2025,https://mdanderson.elsevierpure.com/en/publications/acute-myeloid-leukemia-management-and-research-in-2025,mdanderson.elsevierpure.com,2025-01-01,"Since 2017, a turning point in AML research, 12 agents have received regulatory approval for AML in the United States: venetoclax (BCL2 inhibitor); gemtuzumab ozogamicin (CD33 antibody–drug conjugate); midostaurin, gilteritinib, and quizartinib (fms-like tyrosine kinase 3 inhibitors);",,,
q048-obj,q048,dCASP1-55 first regulatory approval or market launch year in acute myeloid leukemia,dCASP1-55 first regulatory approval or market launch year in acute myeloid leukemia,4,"Acute Myeloid Leukemia: 2025 Update on Diagnosis, Risk-Stratification, and Management",https://onlinelibrary.wiley.com/doi/full/10.1002/ajh.27625,onlinelibrary.wiley.com,2025-05-01,"|GO [13, 120, 217]|CD33-directed antibody drug conjugate|ND CD33-positive AML|09/01/2017|ND – combination ^a^ with intensive chemotherapy|- AMLSG 0909: ICE+ATRA+/-GO [257] - NCRI AML 18 trial: 7 + 3+ GO (1 vs. 2 doses) [126] - NCRI AML 19 trial: GO+ FLAG-IDA versus GO+ DA; second randomization for s",,,
q048-obj,q048,dCASP1-55 first regulatory approval or market launch year in acute myeloid leukemia,dCASP1-55 first regulatory approval or market launch year in acute myeloid leukemia,5,"��%@�.0�A�gi��H��}�ڟ���V�TG}3e|�))���N��'e$ow�9�����WLk���x��4J�S�ӛ��3N���l��cȩ>�amWΥ!g�� ��pg˜��n��GD,�m����%/�����E$;��%�oj(�������.�Y�b�.u=�����[<��QW�A����V]�U�<;� ��q�����2���v3�����ܣ��Ct���w|VO��\�i���y�B����r-���<��W���:6Jt8�g?�� ���z���ҫ� ��qx�EU4�m3ý�1��^4r+-*���߿A���a��� �h0sUK���ѐ|���=�� ���[��������N�/� �A/&;�>@�h�mkG��ѝ��IK6θVo'���*��$l���*hcҟ��""��|�,��:�2o=�)<�hT6����Pr9u""G�B��S�[�;11!z+#�x��&bu4 �UzRLY����бg ��Sc�8�㲰'I���?��u���7w�P��4 Ҹ���4&:�@��@.ʘ���y^)�[�{�N�+� �',�n�'3��~�m��� �_3L�-k��� �\�Y����n� �mᤗ^~]h�]�}L��j�@���$Pj���h�k��+#��@H�@B� 4_���O����7��*����V��#M���9�,��5��h��s}\�/�%��,���Y�B�7O N�3F�^�rG�3I�Ic���K���ޕ|�hi�����/y}�^�}5���л훓$��ߠ�w٠0��y0R���fؓM2�D""n_Q(�}� �ג�_IP/@�SP؟��ݍ���U%h��1�rn�S,ʸ�m�Ϋp�p�+���|���:���e6��#g��J�kC��B�j�1&5����=]j��/��P�%\RɌ �-��>5��x��Tx*��Bv��Yp�}���=F.�B��.�RS��O��ҩ\��9*`p�ď �-*��=��,���t����T@V62I��SA����[_R�ѷ�O�?r�~DPl6O>""�q,��T�6@.߇��>�C���8���l� h~M,_m��d*@g��x��B��xI���hĞz`�E�����K�.����M6�@�Epv���Ɵ5��6�2�Wv�G���)��v H� x W^/��o���N��x����*L�D�B��7��*7�]�.��9��H��7W�Zx!I�S}�]�cʨ}ʳ�Ga�]`���j�����T\s���Z�8G���uJ�n.~]�:��Ćs�S����G~A���G ��!�dR�P=#��Q^d����ȌU����R�\ l@�w-�,�ߪ�![Լ�3 �YP�!���q�o��cW���5~�&I�s�Ο}7;�Z�FMQU+q��%�4Qj�^��_Yru�w�S����-�ջq�g9ů7���r��(�3���9�3�!f��->^1���LR�d��~Rn�pU�e���x�?Tܕ �B�CPM`lM���a�dM�~�8r�2�U}@�����ֿ���~��#��-�w#����9ӄ�2��7��M��l�?�U�3�Df��r�B�p�������>�Pl����vA���y���s�p��W㵕�[@��O7�x�=��T��F�k ��k)[�͟���7E�%= x䒴��Mj��""7�0�[G�l��_?��� ��$?��L��s�0S�n���x%��ڔm�@�d8�����?]/�j�L�,ʿ����l7�l���$!{s2��9f�+�:-g�~2V&/��& ��Z��oh�}0�?��÷V�iOA��3�VU��-�&K��zC!{]IQ�}��`B?��އ?�]Dߢ��ՌK�6�] t��~�w��K%�lw��o9�m��ԔwY�O�M��""]�\�}����|^�w�h����?[q���,����Ht�r����a�b5rQ�SL+�N�-v:Lp~Q�sn����@*�Ÿ�& ��H(-k���D �ݠ��3Y�G>A�; v=`ç2|���y+�Jg�Ⱦ4j�����Q�w^���R�v���7Y0�>�FK�a���R�>�d�d�.���T�����0)��i����k1�q����,Z/n22� ��+��K��HH����[��@% ^B\[i����P=Y���#��NC�%_�D���+�C��5^i��(�3�o?�.Yl�UŻW���(�r���H�B�� R�+�'��0�dd{���y�P����_?� �E5�� x�x)�8�,j5$��.l���YY�x����j�xg�,�J�9�8pJ����К�EH�}-��S[�� &)4`l����A���B��x[�_��|o�����NO�=�/vǣQ�Ą���gP�>�A*�����c@XC*���]""F\����+�hw �^�v��@;t�q�C�E��g���6s�=b���7��} �A�y�,a���""? qZ7vZ��֡ɐ3�t��m�~���觹���dQP�bZy���ei)��,�m���vv�^�`�c��[β��?.�{��&�ͮ��K����аIL�""��ߴL��ݵ7�t4������ۙVxc��c � �T�� ܂�@RΫ��\����y���N�Y[� ��Ӥ�������$V����*G��,��e�x��)���c�����n���01-�-x�D�B+C��Izo���v�~FR ���r�nݻ&�ǯ^��0��z&˞C��Q������ڄI�Ɠ��(��766���.@������r:9�����'����0�7;11=��ENV�/���_�I��~G� �����p7l�m�9�/�Q�R/��""TX�xԭ�+�i4��@��Q�@�H�E�Z��h9_���ܬ'�1��1r>g�z""y��13�VNI�6Rg�� a��VĽ�Cc#�c*�]t�{�=y���A~��v����K:uDxFDQ�$OZv��� �{�,��J�:)�7�����ə_1���4p�ܸ�Gq�����5�&�5��;� �KG�B�wWi��A�7�ѯ��rP���rf�H���]Ee�x��Nßg��n��s��U���Y��T� ��gӚ�H*}L��8���X�O�)�sݹQ!|z������G����[fJ#J�:�l���F'�*��z�K�������yo�)�����?�v "",����6Z����Y.���l*���F�'�ޟsL[B�z$�J��\^�^�]uŋ�C���""�f8\��������w�ևF~�Q���=����?""���5��/���!4""7�-�lm�����)K3��f�P�W�bBO����xj���m>'��?&D����9��Btmq�P.n�kF�&>�em2�g��O��e�۰I��0Qak[�}�T���ߠ u�h�*�=��E�~�_�I�z}��qҮqH1I!����[�\PS��Q��칪�(76��5�p�1'�ɞ��i�i�A2ǃ�hЬ}�`��葆�P�K陯�s������ʜtxA���7�)b����$�>j%�K}�%:��|���I5�ޚQ�1���B>��|���T�� ��0Ia��2����o/�_�)�o�����K?��G�є�)MT��-�䆭n�E���7K1��N�>���+�S�W�� |^J��b ���m�4}�t�I���9�!�j�����C��9��z��� ��Q$i o�L� �u�^�Y�^r�܉����`N�E��D�n�i�>B~H']����*X�a�a4}'��5��a^)ͷ]wYl 瀧\��M���h��I� ���bfSg ����{��ށ#ĺي;�n |�U�n�cVY{P��}-U�B�.{��l�����ėjEկ��V� W��Yێ��'r0�P�B�y�n��I�̈́�Z��c�ѭ��� w�!�7l����m ��U�.H���W�~�t��^��q+���KRXH��AhgKn2>h�n=�<��SE�ڭuw/�b�p�2C�8��gQm�V��ك�Ƚ��>�P����zGq�6����*��W�P�b�����x��L�8����5Jc��E�q�=�2]���ọ25�����X���G�@�R��( �^�ed��4���9o�zc��*���kE�����Գ�/l�ϕ�;� u�7 �J\;Q������?2�r���f���+29�����>����;J�0""g�\��r�|O�Pa�B�J��:��x�w��۲�T�9����08�����Z)��h�c���<��jS��J+/)�v�4 �]��&��!n��'2gk4��R�tT�n�m���SJ����~<��!�a\�LwAg�����,��!�S����ۋ��P)�f���~{1w� ����<.+P���^ۣ.�߿����{�!%����H4�D=9m�q�.�?�}hr�r����""�8��]Rs�{�J�;�JkЗ���ҥa��e8��Z��7LJ҇�.h7�g`��LF�9m�&@B�j*pq�h!^*�!�UZ�v��ܷ�b|��f��#Q� ��MC""����9n��n@o��u��� ����]Q �w�b���P�*�y#�Q4���� ��?~��f[���0�亡�ۥˏ����i�2؋v�ɞ���8��O{�o����G�I���$@F���n�`�T@ܱ���<6>Bء%����lo��*���֤�hx��:��5=9%��!��~�>l` .�K�A;��V�����{w�� ~25`¹���NB\p��,��:^ 1�2gv�Nf}X""��ͧ��m�r�L��c��p�MW@�L�ʵZ�W?���)Y {�B:i�i�}>������i�|��W�NH@��l�ƖKc.W���l(����ct����+��x;�ʀ�*�IC�rx��O���8/o1d��<^�Z����S,8��L����u;�0\������,�>~��K���[q���qр��&��%Q�x�K1Ђ�'���X�������n%-JOrw�=�لN��Xl�9TӼ�Y�д�gv*E@����Q�]���| ��:�Z4h""ik4���3�� S��_ѽ���Q��y�܍G9LN[��e7(ǹ�'����&�W�u�|]��Q_o����o�h�Z��8�""/��2�8�ـΒ�w>eו� ��X�SL�#�@An&m�#id��{27�[$3bS�t�ȷ�мN0h��᭱����Pn�w��ӓOuj�*�t��=}9u��T�A&��hIz2@⦧0>ǀ� c*H�=9�#>*^�/�<��X�њ������л��/�Ci�G;� �j ϒT��R��9�7쁮�`۪?��yG�bVz(��;����� ��J(��s����:NU�%yW͗���k��p+RgZw(;g�e��!I��˺bӣ�{;��� �o�|Yl�`d̂��&R��e:W�}}�V�S5���q1T &�yP�/y���� @���C�)l�+�/h8���аgN㐹dr.�h9C��Ky��|��A��oĞ� 0�F��Z�u�PbƆ!X� .�}�z���3�/\�W�����K�9��]M�}�����)��W�غQ*R�5L1�ƃh4�6�`'�~��uޮ~P��C�M�6�Ə5�[ӫ�/���~���Q�څvv��H���<�g��)����{�z��/(&���}7��Cx�)p]��g�V�h��ӗ���'2p��_�-�""���n�]�Nk��ɂ7nzz���W�h,ti[�oυ�Fam<�(����Ћ�j�-=m L�?����>��}�̙3vϻ!�4Z�c;`��a�'�پʚ�� ���Y��[���M���hg���-�5T;������s➓O���0�w4�y��t��5hf�[�������$;Hp���Y�.a�����Ӛ�Tz����:v��YN1�;yo���(e�ڑc����h��s����&�}� ��g� ���2�q������'���s�j�1����`���K���D2g�h��� ���w��O��Xe�.G?^�%�� 5'^�Z��S�fG��y'lAq�O�_���m��/\��n� zS��Z(��� ��GzXPkS� ��i��6i��C��9��k�k϶}y߶|WM�n�o3��,a��,t�����P�_ݰ��g�������dH��*���xG=w�+��M�`-�ΝiXi��Y�VɛuI�80���݇h�U箑�0Z�����05��03�d\Q���>Zm��I[����v�t���5�b�MS��ݝ�+��� �? �PF��O�1��hA'� �A�X��@<�1ϣ��c�K���2̝sh�1�5��U1}�m5Y�ߜ��-'���8�=�b�@ ��Y9N�1��' �l�Z�M%��\���&�`��C����HS���^+^�*�-&3n?����U���́-sl��hl��E�oF�~o��p?:����qN�7�%������Q�ɻ �X�^��)���7��(J`Z4�Hx��=6a<5�+��s���a9_&���Vг��_�g�T�G����`(���lJkl�0ԇ��лoY$��'���,�ƻ���9���!&��z�*ο��ϸj)n��9[��C�v�r\�Qy*�d_MҷT`O5H��71��*ߪyqRЯc?�#��l�E�ÿ'�݀�=�]�8�n�B�O>�]lѬa�ۖѨq�L���������;)j�˴��:p~���/���ꐪ�e�/_��?�п�5��92dNh����n�å�F���6*�Y ��ig�Mnu�C3l��~���O.��2`&(�k��ߚ�}��*�$��lu7 �dt�L���K����AQ�W��bd��:����]�z,y9�0%a|���P�χ~����N�뤺h��;���j����I�='�M�t�ܞ�9N��������s�����OZ`��v�����'8ʧ�����:7y��#��x��w_�ӷ��<��>�Z��%���_��úpP)���-�a9�~���*��� G��C�Yz��������4��ڔ�95\NF��Mഌ�E�_��V��ia�kQ�;�1о��궇�|��}9ICm�=Q��͍4�Z����q�?;Z� ��L�K��w�A@ѣf�m��GSw��?��Xs �Uy�0���>���Y�����#��Ud�'��g/V�x%�{F0�2��Po֭<��7���gu ���j�~���b��Pŵs��z�5HCq*����K��:�S^�p��x�S��|�����=��|l�6A�^۰�v#xgդ�<|{k��b������BW��?v���""���Jl;�f��IZ��B��7p�!�a�B�R-�M�E '��͐�ݷr82����X����?%Rx%ZL�X�������9c4����� ��t����LQ��I֮�v�E�w�˵H|�p�p��$IÃ��J%�k�W_������䗪As�9�꽰;� �ܾ5��b�����{�p���kl�5��}�S��̼K9_CT�����E+CP��+�ň���'&[f��h���ib?�S�8;a�Bf�f�_�I���&&szVGn�e��k�s�1""�&�~���Q8���ї���%��LL�����8���`$��Ⱥ�*���IH���j:�����3h]<�V%~IX8_�����^�ӣ� ��I�4��@��>~���.�5tp�J'Q�z�y,���ܶ���+��Qe�|̺l��Dg"" ����T@��R �ƞ�[�w�I��ֳQ��WA�������m� I�/��3G=���t�,�,i��zQ0?1�xr� �>j�*�Rϖ493tr�b�S�T�pu?�6W�@��5rW!P�iY��ަ�6��\��Y�q�h0{O������YZ��ڎ��#=-��+'P��$�:*�=�:�D�eS,X�H��h�c���h��_o��2ֱ�־5���*�a�ș�嵊�ŝ�v[����\�4֤�ή�bfO��799��L[���m3j��7�RvJ~%D�_�s�`SRX��h���n����d���2}�a놳�]6��8O#�������}�)��r5P��'���$xK��(ay�q���\r��\����D��zf9D�����|�TM�""�����x���`��Җ��ߊ-� ��� �~���,�x��Q�t���&%�`�1�nL3�������ǎ�S��1`�:C:�Ճ�5�1ypQfZ/�C�S[I� �¾��� ��J��q ��5�0'�I%��z�/�>�9�S�*=���?^�kr���X�U`xJ}����e��qd ec�k��AP�j���Q]���zQ���n��A�������E��Ip�X���g��V�a����ʤڱtrߘkG �3n�zM�9(���*-6��%��~������y?��œ\�M�?��E��>�}�����0�4��Z����""B�V��,7CR DBb�ˠ� �#*�a[�cF�㌤�u�)����I�\�ɿB��v�Ŝ������ �35Qz$s*�]���L�����7��9h�h6�*,���Qod�%��Ǟh�˯�G� ]���W�[!W���J�T��W߮8.�V�_�sxo9��ߒo����|�JD�4̢]ש���N]���[��8ȣ�x��As��{v�Z�?�uk�k/PT���1ogZLJ���xt3�a��G����K��Xz-������sa��H���&�;��y3���7Y�^S��`��]��k���o�͚E {m -�겡pvHl���x\�˪H0���W�KY����bW����B��ޕI�J������>Hv j0_��4�I�c��ێ��c|�J��D���ebZ�bw�����I�Y��1z� ""��u̝'�B�жa�U����S6����K^��e����_�1՟��R�%ԡ;�$�GTY6�������ᇋ�� ����_Xxߡk�h&�c�#����q$�уmvtFV��Q��b~m���,�w%��!�é�x/Z�U��Q������o�`�u����$��Bel�kN% �{3��?�TU G^�~.5��n�sKY.� �^���f�l�S��ˋ���Bf�S�� �R��""���7�28q��mS���d��'�Ve8��/���s���_<�v霿�P JcE��\l���U���P�F�y�kN�qJ�2�\��PK,��F��a�R��4w}ܣz2�<��Z�����0*�c��]_�T��<���,P|2^[0�ɴ� �5�^���m���D� ��77T�8��V_Ի�{0x�r.B�� �%ڰT����?���DF�;j��i�4�k{��h����^4�Wg�wR�~��/N�r�/-�-�1q�l�/�~W����ĝ(�.��N�Ŗ���ٞŹ�y��X���K��rey���ߧXn}����7y�*yP��P\H܀�CQڽG!^�_""X���eK�åe���3=k������L�hB4��m�'�;g��~6�8sC�z��\�,�y7��ގ�_/�\F`�л��8d[e眭��F8���:j� ���WM5""]��+��\wG�p5m���Y��$[�v� ^� 0�� Z�C�km���Ut� �ӳ0�����ݜR�WIK�K�ؾn4X^�0���F���f��1�2�ol�g[��?�{�ӌ�����(�ڧs'�ho5��^�K��ȭ���$�� P�>җ �h�_ûͬ>y{�i��X۩��|`;N�0jc����fy�}ᰃma�iiwyv�27��`�$D���|���%��g�l���˯]7_g\n��C�,�U���i�kJ��B�tE͛��F���W�a��J���'��b����Y1qzB���8�*?F�,Do�@��_|�Xx��""idzY��+���3�.��?6:�ҙO�jT�""��䥎�$YU�����U�ǝ���u���.ܡ����~��H]7�!Q�r8dV1.cug�H���� �[{#+�r���'7���{;}X�c��nC�)Y������`R ��I>��k�=A�m �'n�_� ��r�T@�5'�?]���}MZA)���yS0�P��nP�|��V��~��˚i����.F��!Nm+�eH�I��� cM�Oh^��Dȝn;��� XL�i�:�W� �����#��oT��� .��/�\��Sz��å{K�\���C�955�����n4��Um�j}���>�'A���j�1����9�9�l�U��K��[�!��zd��6U��^���o��[���A�9��m� J��3D-�<-��8����h):�Zh-n��X�""l�����x��vq�uL��ߋO�z���v]�΅V�vu�όπ� ��{ћt�~d6���6U Ym�*��t-Hr�v���A͟8ogd��� �8vL�6r�O���Bҵ�D:\]�� :h�ՑsgQh��˘ �ڹ�3���痂��j�eD&���'+�D���S'��&]I����d���j*� ��N���f�?��݊���Ž,@�!XU���ɝzc��`*�1�W�*�Ft?O�?o�qܘ��Ro��'�=�(1n�^䝧��������`YL���͍�r5����;�+y�Rp'Z��ۤi7V��N��J�3�q{��F/i�� )8�s'i�Ь[(�z�1�b���(Q��ò H�B�<�5��Ŋs�K��n��fg2��>���W�s�S�S Xv��-���2|��r���j�p���!lbWÜ1��si_N�ޮ[�z�;�����Ay�cq��[o7 �=z�9w'Q4������i����$v���4->���\$�?�� �R/��&j�6�Ο)�^�����V���g����C���E����r��lKHIs7Uxg\[�@�Xe�e�,-�Yy�S�����ы��ʹ�H�[7""M�]����–����<�l]�2�4��_����NQ�28g�'ް|�����H�����r$�Y�\�D`��ڈ6��+���70Q�b�)���-""��qEu� m�d%U����d���U�bK���ތ�ށ�4�^?���Q�*��M��1�����ʢ�[yr�R �f�UƏf��P��- �ݨ+���tXB����F\�π7��"" �V7�E�����%�N�C�-��Z�/�o5ݹ�u������ׁb� .|P�����^ws�`D��� ��/�n�d�Ϥ`{{ ���V�J���;�^��3��I~�0������3f��k/���6���^խ��̭~I[���k���tjk�n��h���{>��鹬3g�F�_E��;��8W�{I8�&B8���Wv@R��~c�3t{�����_p�#d��i���4Ʊe�1���|�g�r�,�Ug�ݬ/��_�$d:ؽ3���y�F�R�A��G�w�� T�y1� ~�9g�����W��g�μ^a�K���2�t���rk�f�e�)%���ʝ�~3z��F�ܜ݄bګg'�1���W?�8n�3B�.�kxk�RT����#g@�0�w�?�/�)(G��o�jH���xg�^FԖ����E2Q��|��i:�kI�v��|���2��m I|���-Uo�kӨ��|��X �����d�;�P��f��H��Yn+�v���x��gJɍ'""�g p�~lk:0�}�W G�`�U���%���~�f������6鈀�쀐� y�f�ƌ����@��L�-� u� ��q0o�u� �Sm�� h…",https://dailymed.nlm.nih.gov/dailymed/getArchivalFile.cfm?archive_id=105041,dailymed.nlm.nih.gov,,�2�O���@3�����v�K��CE�5b'�V6J<�-���Y��9�����.RS���������r�5����:�M�p��$�͍HPe��pR&X�B�n�d���Ր{�v?,,,
q049-obj,q049,ABSK131 in vivo single-agent monotherapy tumour growth inhibition TGI tumour regression or shrinkage in MTAP-Deleted KRAS G12D-Mutated Pancreatic Ductal Adenocarcinoma animal models,ABSK131 in vivo single-agent monotherapy tumour growth inhibition TGI tumour regression or shrinkage in MTAP-Deleted KRAS G12D-Mutated Pancreatic Ductal Adenocarcinoma animal models,1,[PDF] Abbisko Cayman Limited 和譽開曼有限責任公司 - HKEXnews,https://www.hkexnews.hk/listedco/listconews/sehk/2025/0428/2025042800217.pdf,hkexnews.hk,,ADCs for the treatment of HER2+ cancers with brain metastases. ... Title 3: The MTA-Cooperative PRMT5 Inhibitor ABSK131 Exhibits Potent Activity and  Broad Synergistic Potential in MTAP-Deleted Cancer Models ... Conclusion: ABSK131 exhibits strong anti-tumor activity in MTAP-deleted lung and pancrea,,,
q049-obj,q049,ABSK131 in vivo single-agent monotherapy tumour growth inhibition TGI tumour regression or shrinkage in MTAP-Deleted KRAS G12D-Mutated Pancreatic Ductal Adenocarcinoma animal models,ABSK131 in vivo single-agent monotherapy tumour growth inhibition TGI tumour regression or shrinkage in MTAP-Deleted KRAS G12D-Mutated Pancreatic Ductal Adenocarcinoma animal models,2,ABSK131 / Abbisko - LARVOL DELTA,https://delta.larvol.com/Products/?ProductId=77f15c4a-7852-4271-a722-b1143fb00c80,delta.larvol.com,,"/ Abbisko ... - ""In KRAS-mutant and MTAP-deleted models, ABSK131 led to robust tumor growth inhibition when combined with KRAS G12C inhibitor AMG510 or KRAS G12D inhibitor ABSK141. ... (AACR 2026) ... - ""ABSK131 exhibits strong anti-tumor activity in MTAP-deleted lung and pancreatic cancer models an",,,
q049-obj,q049,ABSK131 in vivo single-agent monotherapy tumour growth inhibition TGI tumour regression or shrinkage in MTAP-Deleted KRAS G12D-Mutated Pancreatic Ductal Adenocarcinoma animal models,ABSK131 in vivo single-agent monotherapy tumour growth inhibition TGI tumour regression or shrinkage in MTAP-Deleted KRAS G12D-Mutated Pancreatic Ductal Adenocarcinoma animal models,3,"AACR 2026 | Abbisko Therapeutics Showcases Six Research Advances Highlighting pan-KRAS, 4th Generation EGFR, and Synthetic Lethality Approaches",https://www.biospace.com/press-releases/aacr-2026-abbisko-therapeutics-showcases-six-research-advances-highlighting-pan-kras-4th-generation-egfr-and-synthetic-lethality-approaches,biospace.com,2026-04-23,"In preclinical studies, ABSK211 demonstrated: ... - **Strong ** ***in vivo* ** ** efficacy:** Oral administration induced deep tumor regression in multiple KRAS G12V xenograft models, with robust target engagement. - **Broad mutation coverage:** Consistent and significant antitumor activity was obse",,,
q049-obj,q049,ABSK131 in vivo single-agent monotherapy tumour growth inhibition TGI tumour regression or shrinkage in MTAP-Deleted KRAS G12D-Mutated Pancreatic Ductal Adenocarcinoma animal models,ABSK131 in vivo single-agent monotherapy tumour growth inhibition TGI tumour regression or shrinkage in MTAP-Deleted KRAS G12D-Mutated Pancreatic Ductal Adenocarcinoma animal models,4,Abbisko Cayman Limited 和譽開曼有限責任公司,https://www.hkexnews.hk/listedco/listconews/sehk/2024/1023/2024102300933.pdf,hkexnews.hk,,"PRMT5*MTA inhibition has been shown to be synthetic lethal with MTAP deletion. ... Utilizing structural and computation-aided medicinal chemistry design, we have discovered a potential best-in-class MTA-cooperative PRMT5 inhibitor ABSK131 with improved potency, selectivity, and brain-penetrant abili",,,
q049-obj,q049,ABSK131 in vivo single-agent monotherapy tumour growth inhibition TGI tumour regression or shrinkage in MTAP-Deleted KRAS G12D-Mutated Pancreatic Ductal Adenocarcinoma animal models,ABSK131 in vivo single-agent monotherapy tumour growth inhibition TGI tumour regression or shrinkage in MTAP-Deleted KRAS G12D-Mutated Pancreatic Ductal Adenocarcinoma animal models,5,"MTA-PRMT5 - Drugs, Indications, Patents",https://synapse.patsnap.com/target/7a68e99130134dbc9048af6318b6a4c9,synapse.patsnap.com,,"Treatment with PRMT5-targeting drugs significantly restrained the growth of experimental CCA without adverse effects and concomitantly induced the recruitment of CD4 and CD8 T cells to shrinking tumourous lesions.ConclusionPRMT5 and MEP50 are frequently upregulated in human CCA, and PRMT5-targeting ",,,
q050-obj,q050,ONC201/dordaviprone in vivo monotherapy tumour growth inhibition TGI tumour regression tumour shrinkage in Pancreatic ductal adenocarcinoma animal models,ONC201/dordaviprone in vivo monotherapy tumour growth inhibition TGI tumour regression tumour shrinkage in Pancreatic ductal adenocarcinoma animal models,1,[PDF] Reference ID: 5638483 - accessdata.fda.gov,https://www.accessdata.fda.gov/drugsatfda_docs/label/2025/219876s000lbl.pdf,accessdata.fda.gov,,Dordaviprone is a protease activator of the mitochondrial caseinolytic protease P (ClpP).,,,
q050-obj,q050,ONC201/dordaviprone in vivo monotherapy tumour growth inhibition TGI tumour regression tumour shrinkage in Pancreatic ductal adenocarcinoma animal models,ONC201/dordaviprone in vivo monotherapy tumour growth inhibition TGI tumour regression tumour shrinkage in Pancreatic ductal adenocarcinoma animal models,2,ONC201 and imipridones: Anti-cancer compounds with clinical ...,https://pmc.ncbi.nlm.nih.gov/articles/PMC7588802/,pmc.ncbi.nlm.nih.gov,2020-10-23,"ONC201 inhibits cell adhesion, migration and invasion in a TRAIL-dependent manner, consistent with the literature on TRAIL and inhibition of metastasis [40], [50], [51]. The inhibition of metastasis was confirmed in xenograft and syngeneic models, including tail vein injection, as well as orthotopic",,,
q050-obj,q050,ONC201/dordaviprone in vivo monotherapy tumour growth inhibition TGI tumour regression tumour shrinkage in Pancreatic ductal adenocarcinoma animal models,ONC201/dordaviprone in vivo monotherapy tumour growth inhibition TGI tumour regression tumour shrinkage in Pancreatic ductal adenocarcinoma animal models,3,Mechanisms of imipridones in targeting mitochondrial metabolism in cancer cells,https://academic.oup.com/neuro-oncology/article/23/4/542/6041425,academic.oup.com,2021-04-12,"^1^ In vivo, ONC201 upregulates TRAIL and induces tumor regression in colon and triple-negative breast cancer (TNBC) models, and crosses the intact blood-brain barrier (BBB) of CNS tumor-bearing mice to significantly prolong survival.^1^ In support of TRAIL signaling as ONC201’s target, Foxo3a knock",,,
q050-obj,q050,ONC201/dordaviprone in vivo monotherapy tumour growth inhibition TGI tumour regression tumour shrinkage in Pancreatic ductal adenocarcinoma animal models,ONC201/dordaviprone in vivo monotherapy tumour growth inhibition TGI tumour regression tumour shrinkage in Pancreatic ductal adenocarcinoma animal models,4,29,https://touchoncology.com/wp-content/uploads/sites/2/2026/04/6.-touchONCOLOGY-D-26-00002_Review_Ozer_29-34.pdf,touchoncology.com,,"Imipridone derivatives ONC206 and ONC212 were synthesized in 2017 to improve upon dordaviprone.23 ONC206 is a structural analogue of dordaviprone with ten-­fold greater potency and stronger inhibition of cellular migration, while showing similar mechanistic effects, such as increasing ClpP and decre",,,
q050-obj,q050,ONC201/dordaviprone in vivo monotherapy tumour growth inhibition TGI tumour regression tumour shrinkage in Pancreatic ductal adenocarcinoma animal models,ONC201/dordaviprone in vivo monotherapy tumour growth inhibition TGI tumour regression tumour shrinkage in Pancreatic ductal adenocarcinoma animal models,5,New Hope for Pancreatic Ductal Adenocarcinoma Treatment Targeting Endoplasmic Reticulum Stress Response: A Systematic Review,https://www.mdpi.com/1422-0067/19/9/2468,mdpi.com,2018-08-21,"Mouse models (xenografts via subcutaneous injection)|ONC212 (cell lines: 20 μm; mice: 50 mg/kg)|GRP78/IGF1-R|<0.05|ONC212 shows an anti-proliferative effect and induces apoptosis, reducing tumour growth by inducing UPR|[105]|",,,
q051-obj,q051,DWP216 in vivo monotherapy tumour growth inhibition TGI tumour regression tumour shrinkage in KRAS G12C Pancreatic Ductal Adenocarcinoma animal models,DWP216 in vivo monotherapy tumour growth inhibition TGI tumour regression tumour shrinkage in KRAS G12C Pancreatic Ductal Adenocarcinoma animal models,1,[PDF] KRAS Inhibition in Pancreatic Ductal Adenocarcinoma,https://pdfs.semanticscholar.org/5c3b/16c0197fb54220e7d03fda8ae7cffc7828b4.pdf,pdfs.semanticscholar.org,,"Despite the initial clinical efficacy of KRAS G12C covalent inhibitors as monotherapy, responses are often not durable.",,,
q051-obj,q051,DWP216 in vivo monotherapy tumour growth inhibition TGI tumour regression tumour shrinkage in KRAS G12C Pancreatic Ductal Adenocarcinoma animal models,DWP216 in vivo monotherapy tumour growth inhibition TGI tumour regression tumour shrinkage in KRAS G12C Pancreatic Ductal Adenocarcinoma animal models,2,Evaluation of KRAS inhibitor-directed therapies for pancreatic cancer,https://pmc.ncbi.nlm.nih.gov/articles/PMC11116577/,pmc.ncbi.nlm.nih.gov,2024-05-10,"Several studies have shown that in mouse models, ablation of mutant KRAS in established tumors promotes PDAC regression (27, 28, 45), emphasizing the promising therapeutic potential for KRAS-directed inhibitors.",,,
q051-obj,q051,DWP216 in vivo monotherapy tumour growth inhibition TGI tumour regression tumour shrinkage in KRAS G12C Pancreatic Ductal Adenocarcinoma animal models,DWP216 in vivo monotherapy tumour growth inhibition TGI tumour regression tumour shrinkage in KRAS G12C Pancreatic Ductal Adenocarcinoma animal models,3,Genetically engineered mouse models of pancreatic ... - PMC,https://pmc.ncbi.nlm.nih.gov/articles/PMC5528418/,pmc.ncbi.nlm.nih.gov,2013-02-11,"Induction of KRasG12V oncogene expression in acinar cells during postnatal development results in the progressive reduction in the number of ADM and PanIN lesions, leading to complete disappearance when mice reach adulthood at 8–10 weeks of age (Guerra et al., 2007, 2011).",,,
q051-obj,q051,DWP216 in vivo monotherapy tumour growth inhibition TGI tumour regression tumour shrinkage in KRAS G12C Pancreatic Ductal Adenocarcinoma animal models,DWP216 in vivo monotherapy tumour growth inhibition TGI tumour regression tumour shrinkage in KRAS G12C Pancreatic Ductal Adenocarcinoma animal models,4,The Selective WEE1 Inhibitor Azenosertib Shows Synergistic Antitumor Activity with KRASG12C Inhibitors in Preclinical Models,https://aacrjournals.org/cancerrescommun/article/5/2/240/751397,aacrjournals.org,2025-02-01,"*In vivo* studies demonstrated that azenosertib exhibited significant monotherapy activity as well as synergistic tumor growth inhibition (TGI) when combined with *KRAS* G12C inhibitors, including tumor regression in cell-derived xenograft models of non–small cell lung cancer, colorectal cancer, and",,,
q051-obj,q051,DWP216 in vivo monotherapy tumour growth inhibition TGI tumour regression tumour shrinkage in KRAS G12C Pancreatic Ductal Adenocarcinoma animal models,DWP216 in vivo monotherapy tumour growth inhibition TGI tumour regression tumour shrinkage in KRAS G12C Pancreatic Ductal Adenocarcinoma animal models,5,Kras G12d,https://www.tandfonline.com/doi/full/10.2147/DDDT.S559325,tandfonline.com,2026-03-27,"In the Phase 1/2 CodeBreaK 100 study, which primarily enrolled heavily pretreated patients, sotorasib demonstrated a median PFS of 4.0 months and median OS of 6.9 months in *KRAS* G12C–mutant PDAC, with an objective response rate (ORR) of approximately 21%. ... Early dose-escalation cohorts have dem",,,
q052-obj,q052,"HM100714 in vivo efficacy in combination with another agent in Head and Neck Squamous Cell Carcinoma, including the combination partner","HM100714 in vivo efficacy in combination with another agent in Head and Neck Squamous Cell Carcinoma, including the combination partner",1,Targeted therapy for head and neck cancer: signaling pathways and clinical studies,https://www.nature.com/articles/s41392-022-01297-0,nature.com,2023-01-16,"CP-358,774 is a novel potential and selective inhibitor of EGFR and inhibits EGF-mediated mitogenesis in cancer cells. CP-358,774 in combination with cisplatin demonstrated a better response than cisplatin monotherapy with no detectable decrease in body weight or adverse effects. ... BKM120, a PI3K ",,,
q052-obj,q052,"HM100714 in vivo efficacy in combination with another agent in Head and Neck Squamous Cell Carcinoma, including the combination partner","HM100714 in vivo efficacy in combination with another agent in Head and Neck Squamous Cell Carcinoma, including the combination partner",2,Therapeutic approaches for the treatment of head and neck ... - PMC,https://pmc.ncbi.nlm.nih.gov/articles/PMC9046875/,pmc.ncbi.nlm.nih.gov,2022-04-20,"During clinical trials, Sunitinib showed poor activity alone, but in combination with cetuximab, it showed significant synergic effects, and addition of radiotherapy completely abolished tumor growth [36].",,,
q052-obj,q052,"HM100714 in vivo efficacy in combination with another agent in Head and Neck Squamous Cell Carcinoma, including the combination partner","HM100714 in vivo efficacy in combination with another agent in Head and Neck Squamous Cell Carcinoma, including the combination partner",3,Small molecule profiling to define synergistic <scp>EGFR</scp> inhibitor combinations in head and neck squamous cell carcinoma,https://onlinelibrary.wiley.com/doi/full/10.1002/hed.27018,onlinelibrary.wiley.com,,"From our screen, we re‐discovered known synergistic EGFR inhibitor combinations with FGFR or IGF‐1R inhibitors that were broadly effective and also discovered novel synergistic combinations with XIAP inhibitor and DNMT inhibitors that were effective in only a subset of models. ... Conceptually, our ",,,
q052-obj,q052,"HM100714 in vivo efficacy in combination with another agent in Head and Neck Squamous Cell Carcinoma, including the combination partner","HM100714 in vivo efficacy in combination with another agent in Head and Neck Squamous Cell Carcinoma, including the combination partner",4,Clinical value of monoclonal antibodies and tyrosine kinase inhibitors in the treatment of head and neck squamous cell carcinoma,https://link.springer.com/article/10.1007/s12032-017-0918-1,link.springer.com,,"Afatinib, through covalent bond formation, irreversibly blocks EGFR, HER2, and HER4 kinases. One trial showed that co-administration of afatinib with cetuximab in HNSCC significantly reduced cell viability, suggesting an additive or synergistic effect [65].",,,
q052-obj,q052,"HM100714 in vivo efficacy in combination with another agent in Head and Neck Squamous Cell Carcinoma, including the combination partner","HM100714 in vivo efficacy in combination with another agent in Head and Neck Squamous Cell Carcinoma, including the combination partner",5,Current and Emerging Molecular Therapies for Head and Neck Squamous Cell Carcinoma,https://www.mdpi.com/2072-6694/13/21/5471,mdpi.com,2021-10-30,BKM120 is in Phase II trials as a single or combination therapy for many cancers including head and neck cancers. BKM120 monotherapy is being evaluated for advanced HNSCC (NCT01527877) and metastatic and recurrent or progressive HNC (NCT01737450). Trials assessing BKM120 in combination with cetuxima,,,
q053-obj,q053,ADT-1004 in vivo single-agent monotherapy tumour growth inhibition TGI tumour regression or shrinkage in Pancreatic ductal adenocarcinoma animal models,ADT-1004 in vivo single-agent monotherapy tumour growth inhibition TGI tumour regression or shrinkage in Pancreatic ductal adenocarcinoma animal models,1,"ADT-1004: A First-in-Class, Orally Bioavailable Selective pan-RAS Inhibitor for",https://www.biorxiv.org/content/10.1101/2024.10.04.616725v1.full.pdf,biorxiv.org,,"ADT-1004 strongly blocked tumor growth and RAS 38  activation in mouse PDAC models without discernable toxicity. ... In addition, ADT-1004 blocked tumor growth and ERK phosphorylation in PDX  43  PDAC models with KRASG12D, KRASG12V, KRASG12C, or KRASG13Q mutations. ... ADT-1004 demonstrated superior",,,
q053-obj,q053,ADT-1004 in vivo single-agent monotherapy tumour growth inhibition TGI tumour regression or shrinkage in Pancreatic ductal adenocarcinoma animal models,ADT-1004 in vivo single-agent monotherapy tumour growth inhibition TGI tumour regression or shrinkage in Pancreatic ductal adenocarcinoma animal models,2,"ADT-007 / ADT Pharma, ChemomAb",https://delta.larvol.com/Products/?ProductId=6ac1f0ab-2853-4944-b164-e472fe11819b,delta.larvol.com,,"Consistent with resistance experiments, ADT-1004 displayed superior efficacy than sotorasib or adagrasib in a xenograft model using a resistant MIA-PaCa-2. These findings support further development of ADT-1004 that holds promise for broad and durable efficacy against RAS-driven cancers."" ... These ",,,
q053-obj,q053,ADT-1004 in vivo single-agent monotherapy tumour growth inhibition TGI tumour regression or shrinkage in Pancreatic ductal adenocarcinoma animal models,ADT-1004 in vivo single-agent monotherapy tumour growth inhibition TGI tumour regression or shrinkage in Pancreatic ductal adenocarcinoma animal models,3,"ADT-1004 / Auburn University, ADT Pharma - LARVOL DELTA",https://delta.larvol.com/Products/?ProductId=6ff25253-89b9-4c9d-9da5-c4334486e2e5,delta.larvol.com,2025-12-31,"ADT-1004: a ﬁrst-in-class, oral pan-RAS inhibitor with robust antitumor activity in preclinical models of pancreatic ductal adenocarcinoma. (PubMed, Mol Cancer) - ""ADT-1004 has strong antitumor activity in aggressive and clinically relevant PDAC models with unique selectivity to block RAS-mediated s",,,
q053-obj,q053,ADT-1004 in vivo single-agent monotherapy tumour growth inhibition TGI tumour regression or shrinkage in Pancreatic ductal adenocarcinoma animal models,ADT-1004 in vivo single-agent monotherapy tumour growth inhibition TGI tumour regression or shrinkage in Pancreatic ductal adenocarcinoma animal models,4,Recent Anti-KRASG12D Therapies: A “Possible Impossibility” for Pancreatic Ductal Adenocarcinoma,https://www.mdpi.com/2072-6694/17/4/704,mdpi.com,2025-02-19,"In a recent study, ADT-1004, a novel pan-RAS inhibitor, showed inhibition of PDAC growth, an excellent safety profile with profound tumor regression, and no impact on body weight in animal models [109]. ... |ADT-1004|This is pan-RAS inhibitor compound against G12D, G12V, G12C, or G13Q.|Covalent|Bind",,,
q053-obj,q053,ADT-1004 in vivo single-agent monotherapy tumour growth inhibition TGI tumour regression or shrinkage in Pancreatic ductal adenocarcinoma animal models,ADT-1004 in vivo single-agent monotherapy tumour growth inhibition TGI tumour regression or shrinkage in Pancreatic ductal adenocarcinoma animal models,5,Abstract 5915: ADT-1004: A promising pan-RAS inhibitor for targeting KRAS mutations in pancreatic ductal adenocarcinoma,https://aacrjournals.org/cancerres/article/84/6_Supplement/5915/740542/Abstract-5915-ADT-1004-A-promising-pan-RAS,aacrjournals.org,2024-03-15,"Methods: KPC-Luc (1 × 10 5) and 2838C3-Luc (1.5 × 10 5) PDAC cells carrying the KRAS-G12D mutation were injected into the pancreas of C57BL/6J mice. After one week, the mice were randomly divided into treatment groups (n = 7 per group) and received oral ADT-1004 at a dose of 40mg/kg body weight five",,,
q054-obj,q054,"DWP216 in vivo animal models and results: cell-line xenograft (CDX), patient-derived xenograft (PDX), syngeneic, orthotopic, or genetically engineered models","DWP216 in vivo animal models and results: cell-line xenograft (CDX), patient-derived xenograft (PDX), syngeneic, orthotopic, or genetically engineered models",1,The Power and Promise of Patient-Derived Xenografts ... - PMC,https://pmc.ncbi.nlm.nih.gov/articles/PMC10982691/,pmc.ncbi.nlm.nih.gov,,"PDX models have proven to be remarkably stable with respect to histological phenotype, growth characteristics, biomarker expression, genomics, transcriptomics, and proteomics over time (passage in host mice). They have also proven themselves to recapitulate, to a large extent, the biology of the tum",,,
q054-obj,q054,"DWP216 in vivo animal models and results: cell-line xenograft (CDX), patient-derived xenograft (PDX), syngeneic, orthotopic, or genetically engineered models","DWP216 in vivo animal models and results: cell-line xenograft (CDX), patient-derived xenograft (PDX), syngeneic, orthotopic, or genetically engineered models",2,Translation Potential and Challenges of In Vitro and Murine Models ...,https://pmc.ncbi.nlm.nih.gov/articles/PMC9741314/,pmc.ncbi.nlm.nih.gov,2022-11-30,"Syngeneic tumor models are established by subcutaneously or orthotopically injecting mouse tumor cell lines expanded in vitro into immunocompetent mice. ... Like syngeneic tumor models, cell line-derived xenograft (CDX) is also established by injecting mouse tumor cell lines expanded in vitro into m",,,
q054-obj,q054,"DWP216 in vivo animal models and results: cell-line xenograft (CDX), patient-derived xenograft (PDX), syngeneic, orthotopic, or genetically engineered models","DWP216 in vivo animal models and results: cell-line xenograft (CDX), patient-derived xenograft (PDX), syngeneic, orthotopic, or genetically engineered models",3,pmc.ncbi.nlm.nih.gov · articles · PMC11256726Patient-derived organoids (PDOs) and PDO-derived xenografts ...,https://pmc.ncbi.nlm.nih.gov/articles/PMC11256726/,pmc.ncbi.nlm.nih.gov,2022-10-22,"PDX is an *in vivo* model by implanting human patient tumor materials into immunodeficient mice,^7^^,^^8^ where they develop into xenografts in the recipient animals. The patient tumor materials can be either minced tissues or single-cell suspensions. The most common form of implantation is via subc",,,
q054-obj,q054,"DWP216 in vivo animal models and results: cell-line xenograft (CDX), patient-derived xenograft (PDX), syngeneic, orthotopic, or genetically engineered models","DWP216 in vivo animal models and results: cell-line xenograft (CDX), patient-derived xenograft (PDX), syngeneic, orthotopic, or genetically engineered models",4,Application of Animal Models in Cancer Research: Recent ...,https://pmc.ncbi.nlm.nih.gov/articles/PMC7979343/,pmc.ncbi.nlm.nih.gov,2021-03-15,"Firstly, the immune system of severe immunodeficiency mice (NOG or NSG, etc.) was rebuilt into a state consistent with that of normal people or clinical patients, and then human tumor tissue blocks were orthotopically transplanted into immune system humanized mice. ... Most of the transplantation si",,,
q054-obj,q054,"DWP216 in vivo animal models and results: cell-line xenograft (CDX), patient-derived xenograft (PDX), syngeneic, orthotopic, or genetically engineered models","DWP216 in vivo animal models and results: cell-line xenograft (CDX), patient-derived xenograft (PDX), syngeneic, orthotopic, or genetically engineered models",5,In vivo models in breast cancer research - PMC,https://pmc.ncbi.nlm.nih.gov/articles/PMC5399571/,pmc.ncbi.nlm.nih.gov,2017-04-01,"One of the simplest and therefore most commonly used model systems is based on engraftment of human cell lines (Neve et al., 2006) to immunocompromised animals [cell-derived xenografts (CDX)]. These have proven to be extremely useful for assessment of breast cancer genetics, biological processes, an",,,
q055-obj,q055,"DB-1305/Anti-PD-L1/VEGF Bispecific Antibody patients studied in Recurrent or Disseminated HNSCC (Oral Cavity/Oropharynx/Hypopharynx/Larynx), Incurable by Local Therapies trials: biomarker selection, disease severity, line of therapy, and required prior treatment","DB-1305/Anti-PD-L1/VEGF Bispecific Antibody patients studied in Recurrent or Disseminated HNSCC (Oral Cavity/Oropharynx/Hypopharynx/Larynx), Incurable by Local Therapies trials: biomarker selection, disease severity, line of therapy, and required prior treatment",1,Study Details | NCT03526835 | A Study of Bispecific Antibody ...,https://clinicaltrials.gov/study/NCT03526835,clinicaltrials.gov,2026-07-29,Inclusion Criteria: - Histologically or cytologically confirmed solid tumors with evidence of metastatic or locally advanced disease not amenable to standard therapy with curative intent. ... - Amenable for biopsy (if safe/feasible). - Measurable disease as defined by RECIST version 1.1 by radiologi,,,
q055-obj,q055,"DB-1305/Anti-PD-L1/VEGF Bispecific Antibody patients studied in Recurrent or Disseminated HNSCC (Oral Cavity/Oropharynx/Hypopharynx/Larynx), Incurable by Local Therapies trials: biomarker selection, disease severity, line of therapy, and required prior treatment","DB-1305/Anti-PD-L1/VEGF Bispecific Antibody patients studied in Recurrent or Disseminated HNSCC (Oral Cavity/Oropharynx/Hypopharynx/Larynx), Incurable by Local Therapies trials: biomarker selection, disease severity, line of therapy, and required prior treatment",2,Immunotherapy and Biomarker Testing in Recurrent and Metastatic Head and Neck Cancers: ASCO Guideline,https://ascopubs.org/doi/pdfdirect/10.1200/JCO.22.02328,ascopubs.org,,"Recommendation 1.1. PD-L1 immunohistochemistry testing should be performed in patients with recurrent or metastatic HNSCC (Type: Evidence based, benefits outweigh harms; Evidence quality: High; Strength of recommendation: Strong). Recommendation 1.2. PD-L1 combined positive score (CPS) $ 1 should be",,,
q055-obj,q055,"DB-1305/Anti-PD-L1/VEGF Bispecific Antibody patients studied in Recurrent or Disseminated HNSCC (Oral Cavity/Oropharynx/Hypopharynx/Larynx), Incurable by Local Therapies trials: biomarker selection, disease severity, line of therapy, and required prior treatment","DB-1305/Anti-PD-L1/VEGF Bispecific Antibody patients studied in Recurrent or Disseminated HNSCC (Oral Cavity/Oropharynx/Hypopharynx/Larynx), Incurable by Local Therapies trials: biomarker selection, disease severity, line of therapy, and required prior treatment",3,DB-1311 in Combination With BNT327 or DB-1305 ...,https://www.uclahealth.org/clinical-trials/db-1311-combination-with-bnt327-or-db-1305,uclahealth.org,,"Patients must have platinum-resistant disease. - For HNSCC patients: Histologically or cytologically confirmed recurrent (recurrent disease that is not amendable to curative treatment with local/ or systemic therapies)/ (disseminated) HNSCC of the oral cavity, oropharynx, hypopharynx, and larynx tha",,,
q055-obj,q055,"DB-1305/Anti-PD-L1/VEGF Bispecific Antibody patients studied in Recurrent or Disseminated HNSCC (Oral Cavity/Oropharynx/Hypopharynx/Larynx), Incurable by Local Therapies trials: biomarker selection, disease severity, line of therapy, and required prior treatment","DB-1305/Anti-PD-L1/VEGF Bispecific Antibody patients studied in Recurrent or Disseminated HNSCC (Oral Cavity/Oropharynx/Hypopharynx/Larynx), Incurable by Local Therapies trials: biomarker selection, disease severity, line of therapy, and required prior treatment",4,Decitabine and Nivolumab in Participants With Recurrent ...,https://clinicaltrials.gov/study/NCT07216833,clinicaltrials.gov,2025-10-08,This research study is for people who have recurrent or metastatic head and neck squamous cell carcinoma (HNSCC) that has been confirmed by tissue or cell analysis and is considered incurable with local treatments. People who are eligible to receive anti-PD-L1 therapy as a first line treatment and w,,,
q055-obj,q055,"DB-1305/Anti-PD-L1/VEGF Bispecific Antibody patients studied in Recurrent or Disseminated HNSCC (Oral Cavity/Oropharynx/Hypopharynx/Larynx), Incurable by Local Therapies trials: biomarker selection, disease severity, line of therapy, and required prior treatment","DB-1305/Anti-PD-L1/VEGF Bispecific Antibody patients studied in Recurrent or Disseminated HNSCC (Oral Cavity/Oropharynx/Hypopharynx/Larynx), Incurable by Local Therapies trials: biomarker selection, disease severity, line of therapy, and required prior treatment",5,Checkpoint immunotherapy in head and neck cancers - PMC,https://pmc.ncbi.nlm.nih.gov/articles/PMC7694874/,pmc.ncbi.nlm.nih.gov,,"Already, two clinical trials have demonstrated that checkpoint blockade with anti-PD-1 antibodies, nivolumab or pembrolizumab, are efficacious in recurrent/metastatic HNSCC and these results led to Food and Drug Administration (FDA) approval in the United States [3,4]. ... Two PD-1 inhibitors, pembr",,,
q056-obj,q056,"MNPS Asset planned or expected data readouts, regulatory submissions, regulatory decisions, and expected timing in Head and Neck Cancer","MNPS Asset planned or expected data readouts, regulatory submissions, regulatory decisions, and expected timing in Head and Neck Cancer",1,Page Not Found,https://www.mayo.edu/research/clinical-trials/cls-20306560,mayo.edu,,The page you are trying to reach is not available on our site. ... Here are some alternatives for finding the information you seek: - Our site search is located at the top of this page.,,,
q056-obj,q056,"MNPS Asset planned or expected data readouts, regulatory submissions, regulatory decisions, and expected timing in Head and Neck Cancer","MNPS Asset planned or expected data readouts, regulatory submissions, regulatory decisions, and expected timing in Head and Neck Cancer",2,Head & Neck Cancer | Clinical - CancerNetwork,https://www.cancernetwork.com/clinical/head-neck-cancer,cancernetwork.com,2017-09-15,The regulatory decision for subcutaneous amivantamab in recurrent/metastatic head and neck squamous cell carcinoma was based on phase 1b/2 OrigAMI-4 data.,,,
q056-obj,q056,"MNPS Asset planned or expected data readouts, regulatory submissions, regulatory decisions, and expected timing in Head and Neck Cancer","MNPS Asset planned or expected data readouts, regulatory submissions, regulatory decisions, and expected timing in Head and Neck Cancer",3,Head and Neck Cancer Pipeline Insights 2025 - DataM Intelligence,https://www.datamintelligence.com/research-report/head-and-neck-cancer-pipeline-insights,datamintelligence.com,2025-07-07,"For instance, in January 2025, GORTEC, known as Head and Neck Radiation Oncology Group, announced that the randomized Phase 3 NIVOPOSTOP GORTEC 2018-01 trial evaluating nivolumab, Bristol Myers Squibb’s anti-PD-1 therapy, as a post-operative treatment component for resected patients with locally adv",,,
q056-obj,q056,"MNPS Asset planned or expected data readouts, regulatory submissions, regulatory decisions, and expected timing in Head and Neck Cancer","MNPS Asset planned or expected data readouts, regulatory submissions, regulatory decisions, and expected timing in Head and Neck Cancer",4,$20M Milestone Reached in Phase 3 Head and Neck Cancer Study,https://synapse.patsnap.com/article/20m-milestone-reached-in-phase-3-head-and-neck-cancer-study,synapse.patsnap.com,2024-06-03,"In the Synapse database, you can keep abreast of the latest research and development advances in drugs, targets, indications, organizations, etc., anywhere and anytime, on a daily or weekly basis.",,,
q056-obj,q056,"MNPS Asset planned or expected data readouts, regulatory submissions, regulatory decisions, and expected timing in Head and Neck Cancer","MNPS Asset planned or expected data readouts, regulatory submissions, regulatory decisions, and expected timing in Head and Neck Cancer",5,Head and Neck cancer (HNC) Pipeline Insight,https://www.delveinsight.com/report-store/head-and-neck-cancer-hnc-pipeline-insight,delveinsight.com,2026-02-16,"DelveInsight’s, “**Head and Neck cancer (HNC) - Pipeline Insight, 2026**” report provides comprehensive insights about **80+ companies** and **100+ pipeline drugs** in Head and Neck cancer (HNC) pipeline landscape.",,,
q057-obj,q057,CNP200137 first regulatory approval or market launch year for acute myeloid leukemia,CNP200137 first regulatory approval or market launch year for acute myeloid leukemia,1,"Menin Inhibitor Drug Development Pipeline: AML, Diabetes ...",https://www.inflectionlabs.bio/reports/menin-inhibitor-pipeline,inflectionlabs.bio,,"Revumenib and ziftomenib became the first approved menin inhibitors, treating KMT2A-rearranged and NPM1-mutant acute myeloid leukemias. ... **3. CNP200137 (CoBX Bio, Pharos iBio)** This is a pre-clinical stage, next-generation menin inhibitor that is designed to address menin resistance challenges.^",,,
q057-obj,q057,CNP200137 first regulatory approval or market launch year for acute myeloid leukemia,CNP200137 first regulatory approval or market launch year for acute myeloid leukemia,2,Oncology (Cancer)/Hematologic Malignancies Approval ...,https://www.fda.gov/drugs/resources-information-approved-drugs/oncology-cancerhematologic-malignancies-approval-notifications,fda.gov,2026-09-24,"venetoclax for newly diagnosed acute myeloid leukemia|On May 13, 2026, the Food and Drug Administration approved an oral combination of decitabine and cedazuridine tablets (Inqovi, Taiho Oncology, Inc.) with venetoclax for the treatment of newly diagnosed acute myeloid leukemia (AML) in adults 75 ye",,,
q057-obj,q057,CNP200137 first regulatory approval or market launch year for acute myeloid leukemia,CNP200137 first regulatory approval or market launch year for acute myeloid leukemia,3,"Acute Myeloid Leukemia: 2025 Update on Diagnosis, Risk-Stratification, and Management",https://onlinelibrary.wiley.com/doi/full/10.1002/ajh.27625,onlinelibrary.wiley.com,2025-05-01,|CD123|Tagraxofusp|Tagraxofusp + HMA + venetoclax [242]|ND AML not fit for intensive therapy|ORR—69%CR/CRi—59%|Phase II in ND AMLTagraxofusp + HMA + venetoclax(NCT06456463)|,,,
q057-obj,q057,CNP200137 first regulatory approval or market launch year for acute myeloid leukemia,CNP200137 first regulatory approval or market launch year for acute myeloid leukemia,4,Approvals by jurisdiction,https://www.cancerindex.io/cancer/acute-myeloid-leukemia/drugs,cancerindex.io,,"enance therapy in adult patients with acute myeloid leukaemia (AML) who achieved complete remission (CR) or complete remission with incomplete blood count recovery (CRi) following induction therapy with or without consolidation treatment and who are not candidates for, including those who choose not",,,
q057-obj,q057,CNP200137 first regulatory approval or market launch year for acute myeloid leukemia,CNP200137 first regulatory approval or market launch year for acute myeloid leukemia,5,"Acute Myeloid Leukemia: 2025 Update on Diagnosis, Risk ...",https://pmc.ncbi.nlm.nih.gov/articles/PMC11966364/,pmc.ncbi.nlm.nih.gov,2025-02-12,"CPX‐351, a liposomal formulation of daunorubicin and cytarabine, was approved in 2017 for t‐AML, or AML‐MRC.",,,
q058-obj,q058,"HEC234055 in vivo efficacy in combination with another agent in Pancreatic Ductal Adenocarcinoma, including the combination partner","HEC234055 in vivo efficacy in combination with another agent in Pancreatic Ductal Adenocarcinoma, including the combination partner",1,Experimental drugs and drug combinations in pancreatic cancer,https://www.sciencedirect.com/science/article/pii/S0923753420311522,sciencedirect.com,,"You can set your browser to block or alert you about these cookies, but some parts of the site will not then work.",,,
q058-obj,q058,"HEC234055 in vivo efficacy in combination with another agent in Pancreatic Ductal Adenocarcinoma, including the combination partner","HEC234055 in vivo efficacy in combination with another agent in Pancreatic Ductal Adenocarcinoma, including the combination partner",2,[PDF] E262019A_Sunshine Pharma 1..4 - HKEXnews,https://www1.hkexnews.hk/listedco/listconews/sehk/2026/0423/2026042301899.pdf,www1.hkexnews.hk,,"Significant in vivo efficacy: In multiple KRAS-mutated xenograft tumor models (including pancreatic, lung and colorectal cancers), oral administration can produce dose-dependent tumor growth inhibition and even induce tumor regression. ... Broad potential for combination therapy: Co-administration w",,,
q058-obj,q058,"HEC234055 in vivo efficacy in combination with another agent in Pancreatic Ductal Adenocarcinoma, including the combination partner","HEC234055 in vivo efficacy in combination with another agent in Pancreatic Ductal Adenocarcinoma, including the combination partner",3,Novel agents for pancreatic ductal adenocarcinoma,https://pubmed.ncbi.nlm.nih.gov/29386069/,pubmed.ncbi.nlm.nih.gov,2018-01-31,"A poor prognosis of pancreatic ductal adenocarcinoma (PDAC) associated with chemoresistance has not changed for the past three decades. A multidisciplinary diagnosis followed by surgery and chemo(radiation)therapy is the main treatment approach. However, gemcitabine- and 5-fluorouracil-based therapi",,,
q058-obj,q058,"HEC234055 in vivo efficacy in combination with another agent in Pancreatic Ductal Adenocarcinoma, including the combination partner","HEC234055 in vivo efficacy in combination with another agent in Pancreatic Ductal Adenocarcinoma, including the combination partner",4,'MIRACLE' PANCREATIC CANCER DRUG PROMISING RESULTS,https://www.ktbs.com/news/business/miracle-pancreatic-cancer-drug-promising-results/video_ef0830ba-be5c-5cc5-bf2c-07a944d7a6df.html,ktbs.com,2026-09-30,An email has been sent to with a link to confirm list signup.,,,
q058-obj,q058,"HEC234055 in vivo efficacy in combination with another agent in Pancreatic Ductal Adenocarcinoma, including the combination partner","HEC234055 in vivo efficacy in combination with another agent in Pancreatic Ductal Adenocarcinoma, including the combination partner",5,Emerging precision therapeutics for pancreatic ductal ... - PMC,https://pmc.ncbi.nlm.nih.gov/articles/PMC13129282/,pmc.ncbi.nlm.nih.gov,2026-04-26,"Indeed, adding the proteasome inhibitor, carfilzomib, improved the antitumor efficacy of HRS-4642.",,,
q059-obj,q059,"HEC234055 in vivo animal models and results: cell-line xenograft (CDX), patient-derived xenograft (PDX), syngeneic, orthotopic, genetically engineered models","HEC234055 in vivo animal models and results: cell-line xenograft (CDX), patient-derived xenograft (PDX), syngeneic, orthotopic, genetically engineered models",1,Xenograft and organoid models in developing precision ...,https://pmc.ncbi.nlm.nih.gov/articles/PMC10919760/,pmc.ncbi.nlm.nih.gov,2024-02-22,"A main advantage of PDXs in cancer research is that the tumor's histopathological architecture, cancer cells and surrounding stromal cells are largely preserved. Evidence suggests that the characteristics of PDX models are highly similar to those of parental tumors and their response to anti-cancer ",,,
q059-obj,q059,"HEC234055 in vivo animal models and results: cell-line xenograft (CDX), patient-derived xenograft (PDX), syngeneic, orthotopic, genetically engineered models","HEC234055 in vivo animal models and results: cell-line xenograft (CDX), patient-derived xenograft (PDX), syngeneic, orthotopic, genetically engineered models",2,Translation Potential and Challenges of In Vitro and Murine Models ...,https://pmc.ncbi.nlm.nih.gov/articles/PMC9741314/,pmc.ncbi.nlm.nih.gov,2022-11-30,"Like syngeneic tumor models, cell line-derived xenograft (CDX) is also established by injecting mouse tumor cell lines expanded in vitro into mice. With the advantages of good reproducibility, rapid turn-around time, common availability, and cost-efficient generation, it is clear why CDX models are ",,,
q059-obj,q059,"HEC234055 in vivo animal models and results: cell-line xenograft (CDX), patient-derived xenograft (PDX), syngeneic, orthotopic, genetically engineered models","HEC234055 in vivo animal models and results: cell-line xenograft (CDX), patient-derived xenograft (PDX), syngeneic, orthotopic, genetically engineered models",3,List of Abbreviations Used,https://www.excli.de/vol24/2024-7973/EXCLI-24-267.xml,excli.de,,"The 3D models such as patient-derived xenografts, cell-derived xenografts and genetically engineered models offer better insights by maintaining tumor microenvironments and cellular heterogeneity. ... in vivo models provide a dynamic environment involving the immune system, vasculature, and other na",,,
q059-obj,q059,"HEC234055 in vivo animal models and results: cell-line xenograft (CDX), patient-derived xenograft (PDX), syngeneic, orthotopic, genetically engineered models","HEC234055 in vivo animal models and results: cell-line xenograft (CDX), patient-derived xenograft (PDX), syngeneic, orthotopic, genetically engineered models",4,Preclinical Mouse Cancer Models: A Maze of Opportunities ...,https://pmc.ncbi.nlm.nih.gov/articles/PMC4583714/,pmc.ncbi.nlm.nih.gov,2015-09-24,"Thus far, results indicate promise in understanding cancer pathobiology and in the enhancement of clinical efficacy prediction, but also underscore the need for further development to achieve consistent reliability. ... |**Cancer Cell Line-Derived Xenografts (CDX)**|Deficient|Xenogeneic|Situational^",,,
q059-obj,q059,"HEC234055 in vivo animal models and results: cell-line xenograft (CDX), patient-derived xenograft (PDX), syngeneic, orthotopic, genetically engineered models","HEC234055 in vivo animal models and results: cell-line xenograft (CDX), patient-derived xenograft (PDX), syngeneic, orthotopic, genetically engineered models",5,Challenges and Prospects of Patient-Derived Xenografts for Cancer ...,https://pmc.ncbi.nlm.nih.gov/articles/PMC10486659/,pmc.ncbi.nlm.nih.gov,2023-08-31,"The patient-derived xenograft (PDX) model is the in vivo standard for cancer research as a preclinical platform. ... The PDX models are commonly established through the subcutaneous injection of tumor cells, regardless of their origin (heterotopic) or engraftment in the corresponding organs (orthoto",,,
q060-obj,q060,EOM613 sponsor development stage indication public source,EOM613 sponsor development stage indication public source,1,EOM Pharmaceuticals | Drug Developments | Pipeline Prospector,https://www.pharmacompass.com/pipeline-prospector-drugs-in-development/eom-pharmaceuticals,pharmacompass.com,2023-06-09,"**Lead Product(s) : ** EOM613 **Therapeutic Area : ** Infections and Infectious Diseases **Study Phase : ** Phase I **Sponsor : ** Inapplicable ... EOM Pharmaceutical Holdings Announces Topline Results of its COVID-19 Clinical Trial of EOM613 in Brazil ** ... EOM613 subcutaneous (SC) injection, is a",,,
q060-obj,q060,EOM613 sponsor development stage indication public source,EOM613 sponsor development stage indication public source,2,"[PDF] EOM PHARMACEUTICAL HOLDINGS, INC. - OTC Markets",https://www.otcmarkets.com/filing/conv_pdf?id=16268613&guid=Bhj-k6XpGGX4V3h,otcmarkets.com,,"Our development pipeline consists of multiple programs and clinical indications at various stages of development. Our portfolio currently consists of two product candidates: EOM613 and EOM147. ... EOM613 is an investigational, dynamically dual-acting immunomodulator. ... EOM is designed to counterac",,,
q060-obj,q060,EOM613 sponsor development stage indication public source,EOM613 sponsor development stage indication public source,3,"ImmunoCellular Therapeutics, Ltd. (Form: S-1, Received: 06/24 ...",https://www.otcmarkets.com/filing/html?id=15911222&guid=Bhj-k6XpGGX4V3h,otcmarkets.com,,"Holdings, Inc., Inc., a Delaware corporation, and its wholly owned subsidiary, EOM Pharmaceuticals, Inc.* ... We are a clinical-stage pharmaceutical company focused on the development of novel therapeutics and delivery technologies for the treatment of inflammatory conditions and ocular diseases. Ou",,,
q060-obj,q060,EOM613 sponsor development stage indication public source,EOM613 sponsor development stage indication public source,4,"AVR-118 - Drug Targets, Indications, Patents",https://synapse.patsnap.com/drug/9eaf1a39a29c416eb6067ec010000bf4,synapse.patsnap.com,,"|Active Indication Acquired Immunodeficiency SyndromeCachexiaRheumatoid Arthritis+ [2]| |Inactive Indication Advanced cancerAnorexia NervosaCOVID-19+ [4]| |Originator Organization Advanced Viral Research Corp.| |--| |Active Organization EOM Pharmaceuticals Holdings, Inc.EOM Pharmaceuticals, Inc.Adva",,,
q060-obj,q060,EOM613 sponsor development stage indication public source,EOM613 sponsor development stage indication public source,5,EOM Pharmaceutical Holdings Reports FDA Clearance of ...,https://www.globenewswire.com/news-release/2026/05/27/3301943/0/en/eom-pharmaceutical-holdings-reports-fda-clearance-of-an-ind-for-a-clinical-trial-in-cachectic-cancer-patients.html,globenewswire.com,2026-05-27,"MONTVALE, N.J., May 27, 2026 (GLOBE NEWSWIRE) -- **EOM Pharmaceutical Holdings, Inc. **(OTC: IMUC) (“EOM”, the “Company”) an innovative clinical-stage biotechnology company focused on developing transformative treatments for chronic inflammatory conditions and retinal diseases, is pleased to announc",,,
q061-obj,q061,FG-3149 sponsor development stage indication public source,FG-3149 sponsor development stage indication public source,1,Regulatory Analysis,https://obsidianri.com/news/life-sciences/fda_drugs_c07a7061,obsidianri.com,,Reach out to our team and join market leaders using our regulatory intelligence platform.,,,
q061-obj,q061,FG-3149 sponsor development stage indication public source,FG-3149 sponsor development stage indication public source,2,Publications-CStone Pharmaceuticals,https://www.cstonepharma.com/en/develop/patent/index12.html,cstonepharma.com,2025-01-01,Select “Accept all” for giving your consent to all cookies or select “Reject all” for using only strictly necessary cookies.,,,
q061-obj,q061,FG-3149 sponsor development stage indication public source,FG-3149 sponsor development stage indication public source,3,JavaScript is required...,https://pubchem.ncbi.nlm.nih.gov/patent/US-12409139-B2,pubchem.ncbi.nlm.nih.gov,,Please enable Javascript in order to use PubChem website. An official website of the United States government,,,
q061-obj,q061,FG-3149 sponsor development stage indication public source,FG-3149 sponsor development stage indication public source,4,ac93704f-8e33-43ba-8b56-3d61092ff1d9.xml,https://www.accessdata.fda.gov/spl/data/ac93704f-8e33-43ba-8b56-3d61092ff1d9/ac93704f-8e33-43ba-8b56-3d61092ff1d9.xml,accessdata.fda.gov,2023-01-31,|point|||||| |line||C|C|||C||,,,
q061-obj,q061,FG-3149 sponsor development stage indication public source,FG-3149 sponsor development stage indication public source,5,[XML] e6bcd207-0a10-4a55-b148-1c73d8da2acb.xml - accessdata.fda.gov,https://www.accessdata.fda.gov/spl/data/e6bcd207-0a10-4a55-b148-1c73d8da2acb/e6bcd207-0a10-4a55-b148-1c73d8da2acb.xml,accessdata.fda.gov,2020-12-16,||| ||| ||| ||| ||| ||| ||| |||,,,
q062-obj,q062,"HDM-3018 sponsor Huadong Medicine Co. Ltd., development stage Preclinical, and indication Inflammatory Bowel Disease","HDM-3018 sponsor Huadong Medicine Co. Ltd., development stage Preclinical, and indication Inflammatory Bowel Disease",1,"HDM3018 - Drug Targets, Indications, Patents - Synapse",https://synapse.patsnap.com/drug/ec96b3573d7243f68cb87561b892a60f,synapse.patsnap.com,,"Drug Type Bispecific antibody ... + [1] Active Indication Arthritis, Psoriatic Inflammatory Bowel Diseases Psoriasis of scalp Inactive Indication Originator Organization Huadong Medicine Co., Ltd. Active Organization Huadong Medicine Co., Ltd. ... Drug Highest Phase Preclinical ... Indication Highes",,,
q062-obj,q062,"HDM-3018 sponsor Huadong Medicine Co. Ltd., development stage Preclinical, and indication Inflammatory Bowel Disease","HDM-3018 sponsor Huadong Medicine Co. Ltd., development stage Preclinical, and indication Inflammatory Bowel Disease",2,"HuadongMedicineCo.,Ltd. Hu - file.finance.sina.com.cn",http://file.finance.sina.com.cn/211.154.219.97:9494/MRGG/CNSESZ_STOCK/2026/2026-9/2026-09-30/12626066.PDF,file.finance.sina.com.cn,,"For HDM3001 (QX001S), the Ustekinumab biosimilar co-developed with Qyuns Therapeutics, the supplementary application for the subcutaneous injection and the marketing authorization application for the intravenous injection for the indication of Crohn's disease were approved in April and May 2026 resp",,,
q062-obj,q062,"HDM-3018 sponsor Huadong Medicine Co. Ltd., development stage Preclinical, and indication Inflammatory Bowel Disease","HDM-3018 sponsor Huadong Medicine Co. Ltd., development stage Preclinical, and indication Inflammatory Bowel Disease",3,"[PDF] Huadong Medicine Co., Ltd. Third Quarterly Report 2025",http://static.cninfo.com.cn/finalpage/2025-12-04/1224846198.PDF,static.cninfo.com.cn,,"The Company's independently developed first-in-class bispecific antibody candidates, HDM3018 Injection and HDM4002 Injection, are currently under IND-enabling development, with IND applications in China and the U.S. targeted for 2026.",,,
q062-obj,q062,"HDM-3018 sponsor Huadong Medicine Co. Ltd., development stage Preclinical, and indication Inflammatory Bowel Disease","HDM-3018 sponsor Huadong Medicine Co. Ltd., development stage Preclinical, and indication Inflammatory Bowel Disease",4,Company News,https://en.huadongmedicine.com/companynews/,en.huadongmedicine.com,2026-09-07,- Huadong Medicine's Novel BCMA-targeted ADC HDP-101/HDM2027 Receives IND Approval from NMPA for New Indication,,,
q062-obj,q062,"HDM-3018 sponsor Huadong Medicine Co. Ltd., development stage Preclinical, and indication Inflammatory Bowel Disease","HDM-3018 sponsor Huadong Medicine Co. Ltd., development stage Preclinical, and indication Inflammatory Bowel Disease",5,Scientific Research Innovation - Huadong Medicine,https://www.eastchinapharm.com/en/innovate.html,eastchinapharm.com,,"Huadong Medicine Co.,Ltd All Rights Reserved @2018 浙ICP备05051429号-1",,,
q063-obj,q063,"Granisetron in Head and Neck Cancer: clinical trial population, biomarker or severity selection, line of therapy, and required prior treatment","Granisetron in Head and Neck Cancer: clinical trial population, biomarker or severity selection, line of therapy, and required prior treatment",1,Granisetron hydrocholoride Tablets USP - accessdata.fda.gov,https://www.accessdata.fda.gov/drugsatfda_docs/label/2012/078080s004lbl.pdf,accessdata.fda.gov,,"Granisetron hydrochloride tablets prevent nausea and vomiting associated with initial and repeat courses of emetogenic cancer therapy, as shown by 24 hour efficacy data from studies using both moderately- and highly-emetogenic chemotherapy. ... The first trial compared granisetron hydrochloride tabl",,,
q063-obj,q063,"Granisetron in Head and Neck Cancer: clinical trial population, biomarker or severity selection, line of therapy, and required prior treatment","Granisetron in Head and Neck Cancer: clinical trial population, biomarker or severity selection, line of therapy, and required prior treatment",2,"Comparison of Granisetron, Ondansetron, and Tropisetron ...",https://pubmed.ncbi.nlm.nih.gov/8608488/,pubmed.ncbi.nlm.nih.gov,1996-03-01,"# Comparison of granisetron, ondansetron, and tropisetron in the prophylaxis of acute nausea and vomiting induced by cisplatin for the treatment of head and neck cancer: a randomized controlled trial ... ** A single-institution, prospective, randomized, open controlled trial was carried out on head ",,,
q063-obj,q063,"Granisetron in Head and Neck Cancer: clinical trial population, biomarker or severity selection, line of therapy, and required prior treatment","Granisetron in Head and Neck Cancer: clinical trial population, biomarker or severity selection, line of therapy, and required prior treatment",3,Pooled analysis of phase III clinical studies of palonosetron ...,https://pmc.ncbi.nlm.nih.gov/articles/PMC3889920/,pmc.ncbi.nlm.nih.gov,2013-10-19,"Two of the trials were conducted in patients scheduled to receive MEC [14, 15] and two in patients scheduled to receive HEC [16, 17]. ... Briefly, patients enrolled in the four studies were required to be at least 18 years of age, have a histologically or cytologically confirmed malignancy, and have",,,
q063-obj,q063,"Granisetron in Head and Neck Cancer: clinical trial population, biomarker or severity selection, line of therapy, and required prior treatment","Granisetron in Head and Neck Cancer: clinical trial population, biomarker or severity selection, line of therapy, and required prior treatment",4,Granisetron Extended Release Injection (GERSC) for the Prevention of Chemotherapy-induced Nausea and Vomiting,https://clinicaltrials.gov/study/NCT04085393,clinicaltrials.gov,2019-08-29,"GERSC is a new, subcutaneously (SC) administered polymeric formulation of Granisetron that was developed to provide slow, controlled, and sustained release of Granisetron to prevent both acute and delayed CINV associated with moderately emetic chemotherapy (MEC) and highly emetic chemotherapy (HEC) ",,,
q063-obj,q063,"Granisetron in Head and Neck Cancer: clinical trial population, biomarker or severity selection, line of therapy, and required prior treatment","Granisetron in Head and Neck Cancer: clinical trial population, biomarker or severity selection, line of therapy, and required prior treatment",5,Abstracts From the First Annual JADPRO Live ...,https://pmc.ncbi.nlm.nih.gov/articles/PMC4530120/,pmc.ncbi.nlm.nih.gov,2014-11-01,## JL204. Efficacy of a Transdermal Granisetron Patch in Controlling Chemotherapy-Induced Nausea and Vomiting (CINV) in Head and Neck Cancer Patients ... *Objective*: To examine the efficacy of a transdermal granisetron patch for controlling CINV in head and neck cancer patients. ... A granisetron t,,,
q064-obj,q064,"HPV Vaccine (HAd5 Vector) in Head and Neck Cancer: clinical trial population, biomarker or severity selection, line of therapy, and required prior treatment","HPV Vaccine (HAd5 Vector) in Head and Neck Cancer: clinical trial population, biomarker or severity selection, line of therapy, and required prior treatment",1,Personalized and HPV cancer vaccines in head and neck ...,https://pmc.ncbi.nlm.nih.gov/articles/PMC12996194/,pmc.ncbi.nlm.nih.gov,2026-03-13,"HPV-targeted vaccines, including PDS0101, BNT113, and CUE-101, are being explored in HPV-positive HNSCC, mainly in combination with ICIs. ... |TG4050|30|I/II|- •Resectable oral, oropharyngeal, hypopharyngeal or laryngeal squamous cell carcinoma - •HPV negative - •Stage III or IV|-|17 (Arm A) 16 (Arm",,,
q064-obj,q064,"HPV Vaccine (HAd5 Vector) in Head and Neck Cancer: clinical trial population, biomarker or severity selection, line of therapy, and required prior treatment","HPV Vaccine (HAd5 Vector) in Head and Neck Cancer: clinical trial population, biomarker or severity selection, line of therapy, and required prior treatment",2,Head and Neck Cancer Immunotherapy - PubMed Central - NIH,https://pmc.ncbi.nlm.nih.gov/articles/PMC12580882/,pmc.ncbi.nlm.nih.gov,2025-08-23,"Based on these findings, treatment selection now depends on the PD‐L1 CPS, where either pembrolizumab monotherapy or pembrolizumab combined with chemotherapy is recommended as the first‐line option [16]. ... |NCT03260023|I/II|Viral Ag|TG4001 (HPV 16‐E6/E7 coded vector)|Viral Ag/Avelumab|",,,
q064-obj,q064,"HPV Vaccine (HAd5 Vector) in Head and Neck Cancer: clinical trial population, biomarker or severity selection, line of therapy, and required prior treatment","HPV Vaccine (HAd5 Vector) in Head and Neck Cancer: clinical trial population, biomarker or severity selection, line of therapy, and required prior treatment",3,Head and neck cancer therapeutic vaccines: a review - Frontiers,https://www.frontiersin.org/journals/oncology/articles/10.3389/fonc.2026.1773594/full,frontiersin.org,2026-05-08,"Treatment of HNSCC involves surgery, radiation therapy and systemic therapy, with the latter typically recommended for those with locally advanced or metastatic disease. ... Most commonly, both tumor-associated antigens (TAAs) such as EGFR, Melanoma antigen encoding gene (MAGE), p53, p16, and Mucin ",,,
q064-obj,q064,"HPV Vaccine (HAd5 Vector) in Head and Neck Cancer: clinical trial population, biomarker or severity selection, line of therapy, and required prior treatment","HPV Vaccine (HAd5 Vector) in Head and Neck Cancer: clinical trial population, biomarker or severity selection, line of therapy, and required prior treatment",4,Molecular Insights into HPV-Driven Head and Neck Cancers - PMC,https://pmc.ncbi.nlm.nih.gov/articles/PMC12474466/,pmc.ncbi.nlm.nih.gov,2025-09-20,"**Chemoradiotherapy (CRT):** For locally advanced disease, concurrent CRT with cisplatin remains the standard. ... To date, three prophylactic vaccines have been approved. Gardasil (quadrivalent) targets HPV types 6, 11, 16, and 18, while Cervarix (bivalent) protects against HPV16 and HPV18. ... The",,,
q064-obj,q064,"HPV Vaccine (HAd5 Vector) in Head and Neck Cancer: clinical trial population, biomarker or severity selection, line of therapy, and required prior treatment","HPV Vaccine (HAd5 Vector) in Head and Neck Cancer: clinical trial population, biomarker or severity selection, line of therapy, and required prior treatment",5,Therapeutic Vaccination for HPV-Mediated Cancers - PMC - NIH,https://pmc.ncbi.nlm.nih.gov/articles/PMC9890440/,pmc.ncbi.nlm.nih.gov,2023-02-01,"A handful of trials for primary cancer patients have applied traditional, first-line therapy with therapeutic vaccination as neoadjuvant, concurrent, and/or adjuvant treatment. ... However, there is also a strong biological rationale for therapeutic HPV vaccination, with or without ICIs, in the prim",,,
